,Date,CO2_ppm
0,2024-02-23 23:42:16.825277,494.02
1,2024-02-24 23:42:16.803759,508.78
2,2024-02-25 23:42:16.810797,534.65
3,2024-02-26 10:42:16.695987,547.2099999999999
4,2024-02-26 23:42:17.073421,531.63
5,2024-02-27 23:42:17.210703,523.6
6,2024-02-28 23:42:17.138826,492.14
7,2024-02-29 23:42:16.917147,485.6
8,2024-03-01 23:42:16.907202,521.46
9,2024-03-02 23:42:16.866273,515.5000000000001
10,2024-03-03 23:42:17.139441,538.8900000000001
11,2024-03-04 23:42:17.114091,535.64
12,2024-03-05 23:42:17.071459,559.75
13,2024-03-06 23:42:16.807540,545.3000000000001
14,2024-03-07 23:42:17.129604,581.7600000000001
15,2024-03-08 23:42:17.149984,571.8399999999999
16,2024-03-09 23:42:17.133210,484.12
17,2024-03-10 23:42:17.147697,500.88
18,2024-03-11 23:42:17.141574,512.7
19,2024-03-12 23:42:17.136017,488.5
20,2024-03-13 23:42:17.133600,487.84
21,2024-03-14 23:42:17.131034,486.58
22,2024-03-15 23:42:17.137754,473.92
23,2024-03-16 23:42:17.133900,466.62
24,2024-03-17 23:42:16.625037,465.88
25,2024-03-18 23:42:17.130595,463.16
26,2024-03-19 23:42:17.134449,439.35
27,2024-03-20 23:42:17.134467,487.62
28,2024-03-21 23:42:17.136984,504.81
29,2024-03-22 23:42:17.138697,518.74
30,2024-03-23 23:42:17.133643,529.78
31,2024-03-24 23:42:17.134846,477.1
32,2024-03-25 23:42:17.131749,536.3
33,2024-03-26 23:42:17.123547,556.9300000000001
34,2024-03-27 23:42:17.131472,579.46
35,2024-03-28 23:42:17.129930,515.02
36,2024-03-29 01:22:16.816850,533.3
37,2024-03-29 23:42:17.064694,554.74
38,2024-03-30 20:02:17.059076,565.6600000000001
39,2024-03-30 23:42:16.687625,562.4000000000001
40,2024-03-31 17:18:09.147423,527.9100000000001
41,2024-03-31 17:22:17.160327,526.7
42,2024-03-31 17:42:17.150572,521.6600000000001
43,2024-03-31 18:02:17.159721,522.03
44,2024-03-31 18:22:17.154755,520.72
45,2024-03-31 18:42:17.161650,520.26
46,2024-03-31 19:02:17.165263,523.98
47,2024-03-31 19:22:17.157611,527.02
48,2024-03-31 19:42:17.164554,529.6600000000001
49,2024-03-31 20:02:17.162911,531.3500000000001
50,2024-03-31 20:22:17.157356,532.85
51,2024-03-31 20:42:17.157431,533.29
52,2024-03-31 21:02:17.151794,533.66
53,2024-03-31 21:22:17.158884,535.6800000000001
54,2024-03-31 21:42:17.152919,538.65
55,2024-03-31 22:02:17.159221,541.19
56,2024-03-31 22:22:17.163340,543.29
57,2024-03-31 22:42:17.168688,545.8399999999999
58,2024-03-31 23:02:17.160614,548.64
59,2024-03-31 23:22:17.158965,550.36
60,2024-03-31 23:42:17.163423,552.45
61,2024-04-01 00:02:17.166006,551.0999999999999
62,2024-04-01 00:22:16.766673,550.4400000000002
63,2024-04-01 00:42:17.166172,552.3
64,2024-04-01 01:02:17.150446,549.24
65,2024-04-01 01:22:17.156363,548.9100000000001
66,2024-04-01 01:42:17.164861,550.1000000000001
67,2024-04-01 02:02:17.163903,549.5000000000001
68,2024-04-01 02:22:17.158753,549.5200000000001
69,2024-04-01 02:42:17.159212,548.6600000000001
70,2024-04-01 03:02:17.166441,550.28
71,2024-04-01 03:22:17.164782,552.56
72,2024-04-01 04:02:17.160642,552.89
73,2024-04-01 04:42:17.160055,557.1
74,2024-04-01 05:02:16.891470,561.4599999999999
75,2024-04-01 05:22:17.157623,559.6800000000001
76,2024-04-01 05:42:17.158378,561.15
77,2024-04-01 06:02:17.165591,558.4399999999998
78,2024-04-01 06:42:17.167421,561.4799999999999
79,2024-04-01 07:02:17.153525,562.23
80,2024-04-01 07:22:17.151826,561.1700000000001
81,2024-04-01 07:42:17.158290,558.94
82,2024-04-01 08:02:17.155087,558.54
83,2024-04-01 08:22:17.157372,562.5600000000001
84,2024-04-01 08:42:17.170327,560.12
85,2024-04-01 09:02:17.156439,562.5600000000001
86,2024-04-01 09:22:17.162139,564.05
87,2024-04-01 09:42:17.163641,560.5
88,2024-04-01 10:22:17.151300,560.8199999999999
89,2024-04-01 11:02:17.159482,563.26
90,2024-04-01 11:22:17.163073,563.74
91,2024-04-01 11:42:17.162346,560.5000000000001
92,2024-04-01 12:02:17.157313,553.4199999999998
93,2024-04-01 12:42:17.158622,547.14
94,2024-04-01 13:02:17.154526,544.1999999999999
95,2024-04-01 13:22:17.162472,538.73
96,2024-04-01 14:22:16.643813,544.23
97,2024-04-01 14:42:17.163284,544.24
98,2024-04-01 17:02:17.161139,530.8299999999999
99,2024-04-01 17:22:17.156761,525.4200000000001
100,2024-04-01 17:42:17.160556,525.1899999999999
101,2024-04-01 18:02:17.155115,523.1800000000001
102,2024-04-01 18:22:17.164593,523.3799999999999
103,2024-04-01 18:42:17.163993,522.8900000000001
104,2024-04-01 19:02:16.995814,521.76
105,2024-04-01 19:22:17.176622,517.76
106,2024-04-01 19:42:17.177291,511.04
107,2024-04-01 20:02:17.158708,508.98
108,2024-04-01 20:22:17.160880,506.72
109,2024-04-01 20:42:17.163805,509.16
110,2024-04-01 21:02:17.175696,512.23
111,2024-04-01 21:22:17.153497,518.55
112,2024-04-01 21:42:17.163094,521.24
113,2024-04-01 22:02:17.167288,527.84
114,2024-04-01 22:22:17.154726,529.76
115,2024-04-01 22:42:17.169086,527.51
116,2024-04-01 23:02:17.167160,525.33
117,2024-04-01 23:22:17.181595,527.84
118,2024-04-01 23:42:17.153841,530.58
119,2024-04-02 00:02:17.162104,531.62
120,2024-04-02 00:22:17.158683,530.57
121,2024-04-02 00:42:17.156149,531.17
122,2024-04-02 01:02:17.162953,532.38
123,2024-04-02 01:22:17.165573,533.5
124,2024-04-02 01:42:17.163020,536.52
125,2024-04-02 02:02:17.153163,538.97
126,2024-04-02 02:22:17.164039,538.59
127,2024-04-02 02:42:17.165490,540.46
128,2024-04-02 03:02:17.169979,537.42
129,2024-04-02 03:22:17.178482,537.4
130,2024-04-02 04:22:17.165299,529.35
131,2024-04-02 04:42:17.156448,528.55
132,2024-04-02 05:22:17.165758,529.92
133,2024-04-02 05:42:17.153931,531.29
134,2024-04-02 06:02:17.153271,531.45
135,2024-04-02 06:22:17.157816,532.02
136,2024-04-02 06:42:17.159698,535.24
137,2024-04-02 07:02:17.169573,538.42
138,2024-04-02 07:22:17.153193,538.02
139,2024-04-02 07:42:17.177626,537.95
140,2024-04-02 08:02:17.165971,535.07
141,2024-04-02 08:22:17.164226,529.64
142,2024-04-02 08:42:17.165824,525.44
143,2024-04-02 09:02:17.166958,525.24
144,2024-04-02 09:22:17.170404,523.42
145,2024-04-02 09:42:17.159003,519.15
146,2024-04-02 10:02:17.159621,515.35
147,2024-04-02 10:22:17.160910,515.8
148,2024-04-02 10:42:17.168317,516.7
149,2024-04-02 11:02:17.150215,519.8
150,2024-04-02 11:22:17.159979,526.0
151,2024-04-02 11:42:17.165338,529.64
152,2024-04-02 12:02:17.158944,535.49
153,2024-04-02 12:22:17.158754,538.64
154,2024-04-02 12:42:17.161206,539.48
155,2024-04-02 13:02:17.165175,541.68
156,2024-04-02 13:22:17.160246,542.8
157,2024-04-02 13:42:17.180635,543.91
158,2024-04-02 14:02:17.154104,545.44
159,2024-04-02 14:22:17.159359,543.34
160,2024-04-02 14:42:17.155695,543.02
161,2024-04-02 15:02:17.163572,541.12
162,2024-04-02 15:22:17.162261,539.22
163,2024-04-02 15:42:17.165512,537.5
164,2024-04-02 16:02:17.157462,534.86
165,2024-04-02 16:22:17.160707,533.94
166,2024-04-02 16:42:17.165637,534.5
167,2024-04-02 17:02:17.160149,532.91
168,2024-04-02 17:22:17.172710,534.46
169,2024-04-02 17:42:17.153125,535.78
170,2024-04-02 18:02:17.150948,539.42
171,2024-04-02 18:22:17.180843,540.34
172,2024-04-02 18:42:17.168029,547.35
173,2024-04-02 19:02:17.160599,549.01
174,2024-04-02 19:22:17.162479,551.28
175,2024-04-02 19:42:17.171539,553.32
176,2024-04-02 20:02:17.167266,552.82
177,2024-04-02 20:22:17.174419,554.24
178,2024-04-02 20:42:17.173816,556.07
179,2024-04-02 21:02:17.151813,556.69
180,2024-04-02 21:22:17.162912,554.4
181,2024-04-02 21:42:17.151623,557.72
182,2024-04-02 22:02:17.181080,557.91
183,2024-04-02 22:22:17.149586,560.66
184,2024-04-02 22:42:17.164403,558.88
185,2024-04-02 23:02:17.167157,562.34
186,2024-04-02 23:22:17.238485,562.16
187,2024-04-02 23:42:17.163885,563.22
188,2024-04-03 00:02:16.819925,564.88
189,2024-04-03 00:22:17.161491,565.39
190,2024-04-03 00:42:17.166758,568.46
191,2024-04-03 01:02:17.160065,566.8
192,2024-04-03 01:22:17.170301,567.5
193,2024-04-03 01:42:17.155837,569.89
194,2024-04-03 02:02:17.165675,568.28
195,2024-04-03 02:22:17.160875,567.69
196,2024-04-03 02:42:17.160017,566.48
197,2024-04-03 03:02:17.200955,568.52
198,2024-04-03 03:22:17.168834,566.14
199,2024-04-03 03:42:17.178174,569.41
200,2024-04-03 04:02:17.146485,567.97
201,2024-04-03 04:22:17.156085,569.04
202,2024-04-03 04:42:17.161767,570.4
203,2024-04-03 05:02:17.171316,569.02
204,2024-04-03 05:22:17.174942,571.83
205,2024-04-03 05:42:17.167848,572.07
206,2024-04-03 06:02:17.174368,573.81
207,2024-04-03 06:22:17.169332,573.16
208,2024-04-03 06:42:17.170663,572.0
209,2024-04-03 07:02:17.185106,574.22
210,2024-04-03 07:22:17.166073,574.84
211,2024-04-03 07:42:17.161082,574.76
212,2024-04-03 08:22:17.164671,578.7
213,2024-04-03 08:42:17.154178,578.38
214,2024-04-03 09:02:17.158268,580.31
215,2024-04-03 09:22:17.155691,578.3
216,2024-04-03 09:42:17.163250,579.56
217,2024-04-03 10:02:17.162717,579.24
218,2024-04-03 10:22:17.170874,580.96
219,2024-04-03 10:42:17.161134,581.1
220,2024-04-03 11:02:17.150914,579.47
221,2024-04-03 11:22:17.200538,580.36
222,2024-04-03 11:42:17.159019,582.94
223,2024-04-03 12:02:17.160255,584.12
224,2024-04-03 12:22:17.143040,584.86
225,2024-04-03 12:42:17.035293,584.18
226,2024-04-03 13:02:17.168864,584.1
227,2024-04-03 13:22:17.158821,587.04
228,2024-04-03 13:42:17.158173,586.82
229,2024-04-03 14:02:17.156133,587.24
230,2024-04-03 14:22:17.159344,587.72
231,2024-04-03 14:42:17.167576,588.4
232,2024-04-03 15:02:17.151557,588.69
233,2024-04-03 15:22:17.154353,590.26
234,2024-04-03 15:42:17.158515,588.18
235,2024-04-03 16:02:17.235295,589.94
236,2024-04-03 16:22:17.183308,589.34
237,2024-04-03 16:42:17.158959,589.74
238,2024-04-03 17:02:17.213927,590.26
239,2024-04-03 17:22:17.160534,591.52
240,2024-04-03 17:42:17.185013,588.28
241,2024-04-03 18:02:17.178817,592.8
242,2024-04-03 18:22:17.165060,591.18
243,2024-04-03 18:42:17.176810,593.42
244,2024-04-03 19:02:17.163338,591.42
245,2024-04-03 19:22:17.155785,593.82
246,2024-04-03 19:42:17.165002,593.08
247,2024-04-03 20:02:17.162990,594.98
248,2024-04-03 20:22:17.160423,596.49
249,2024-04-03 21:02:17.159577,599.7
250,2024-04-03 21:22:17.160004,597.98
251,2024-04-03 21:42:17.160803,599.9
252,2024-04-03 22:02:17.168182,597.54
253,2024-04-03 22:22:17.159698,602.7
254,2024-04-03 22:42:17.159318,603.26
255,2024-04-03 23:02:17.160929,603.92
256,2024-04-03 23:22:17.159393,603.82
257,2024-04-03 23:42:17.162832,604.84
258,2024-04-04 00:02:17.153016,605.37
259,2024-04-04 00:22:17.167243,608.98
260,2024-04-04 00:42:17.165687,610.4
261,2024-04-04 01:02:17.157340,612.14
262,2024-04-04 01:22:17.153914,611.58
263,2024-04-04 01:42:17.158818,613.02
264,2024-04-04 02:02:17.153386,612.47
265,2024-04-04 02:22:17.161894,612.46
266,2024-04-04 02:42:17.164705,615.76
267,2024-04-04 03:02:17.160654,612.36
268,2024-04-04 03:22:17.163933,612.9
269,2024-04-04 03:42:17.157639,612.77
270,2024-04-04 04:02:17.147688,613.12
271,2024-04-04 04:22:17.155128,612.54
272,2024-04-04 04:42:17.165423,609.9
273,2024-04-04 05:02:17.161041,614.1
274,2024-04-04 05:22:17.162955,614.35
275,2024-04-04 05:42:17.160238,612.13
276,2024-04-04 06:02:17.166796,615.72
277,2024-04-04 06:22:17.153763,615.84
278,2024-04-04 06:42:17.159948,617.02
279,2024-04-04 07:02:16.919503,618.42
280,2024-04-04 07:22:17.167108,616.69
281,2024-04-04 07:42:17.156265,616.02
282,2024-04-04 08:02:17.160992,618.9
283,2024-04-04 17:22:17.157732,591.02
284,2024-04-04 17:42:17.158460,588.15
285,2024-04-04 18:02:17.156780,583.44
286,2024-04-04 18:22:17.181490,577.02
287,2024-04-04 18:42:17.159869,574.34
288,2024-04-04 19:02:17.158267,571.66
289,2024-04-04 19:22:17.155739,571.2
290,2024-04-04 19:42:17.161548,568.83
291,2024-04-04 20:02:17.162793,568.56
292,2024-04-04 20:22:17.148326,571.0
293,2024-04-04 20:42:16.758134,570.48
294,2024-04-04 21:02:17.163511,571.78
295,2024-04-04 21:22:17.155205,574.52
296,2024-04-04 21:42:17.164205,573.43
297,2024-04-04 22:02:17.165654,576.07
298,2024-04-04 22:22:17.164039,578.24
299,2024-04-04 22:42:17.158181,579.24
300,2024-04-04 23:02:17.154424,582.09
301,2024-04-04 23:22:17.168212,586.25
302,2024-04-04 23:42:17.156496,589.23
303,2024-04-05 00:02:17.157384,589.88
304,2024-04-05 00:22:17.172429,593.92
305,2024-04-05 00:42:17.160808,594.6
306,2024-04-05 01:02:17.166477,595.9
307,2024-04-05 01:22:16.952718,597.54
308,2024-04-05 01:42:17.163953,599.51
309,2024-04-05 02:02:17.156110,599.62
310,2024-04-05 02:22:17.253864,598.94
311,2024-04-05 02:42:17.183249,600.71
312,2024-04-05 03:02:17.163926,601.35
313,2024-04-05 03:22:17.160857,601.71
314,2024-04-05 03:42:17.170881,602.26
315,2024-04-05 04:02:17.163590,602.22
316,2024-04-05 04:22:17.160922,603.72
317,2024-04-05 04:42:17.152158,604.7
318,2024-04-05 05:02:17.160594,603.23
319,2024-04-05 05:22:17.154587,605.14
320,2024-04-05 05:42:17.158322,606.38
321,2024-04-05 06:02:17.158500,605.92
322,2024-04-05 06:22:17.153379,607.56
323,2024-04-05 06:42:17.149417,604.91
324,2024-04-05 07:02:17.158571,608.12
325,2024-04-05 07:22:17.162080,610.66
326,2024-04-05 07:42:17.155383,607.84
327,2024-04-05 08:02:17.160503,610.06
328,2024-04-05 08:22:17.167199,611.54
329,2024-04-05 08:42:17.159398,610.94
330,2024-04-05 09:02:17.154585,610.98
331,2024-04-05 09:22:17.160477,611.48
332,2024-04-05 09:42:17.163284,612.28
333,2024-04-05 10:02:17.161815,611.85
334,2024-04-05 10:22:17.156650,613.52
335,2024-04-05 10:42:17.161639,613.57
336,2024-04-05 11:02:17.153921,611.64
337,2024-04-05 11:22:17.156155,612.34
338,2024-04-05 11:42:17.160317,612.36
339,2024-04-05 12:02:17.159468,613.24
340,2024-04-05 12:22:17.157334,614.67
341,2024-04-05 12:42:17.159632,614.18
342,2024-04-05 13:02:17.161899,616.24
343,2024-04-05 13:22:17.154283,615.56
344,2024-04-05 13:42:17.164528,616.16
345,2024-04-05 14:02:17.152303,614.75
346,2024-04-05 14:22:17.162849,614.16
347,2024-04-05 14:42:17.164320,614.5
348,2024-04-05 15:02:17.160541,614.18
349,2024-04-05 15:22:17.158341,612.47
350,2024-04-05 15:42:17.160698,607.64
351,2024-04-05 16:02:17.159258,602.77
352,2024-04-05 16:22:17.163407,598.74
353,2024-04-05 16:42:17.162566,596.14
354,2024-04-05 17:02:17.165049,593.4
355,2024-04-05 17:22:17.154337,593.01
356,2024-04-05 17:42:17.172185,587.2
357,2024-04-05 18:02:17.163422,584.66
358,2024-04-05 18:22:17.162147,582.04
359,2024-04-05 18:42:17.159362,578.48
360,2024-04-05 19:02:17.159351,572.36
361,2024-04-05 19:22:17.155619,549.22
362,2024-04-05 19:42:16.694976,524.74
363,2024-04-05 20:02:17.178238,510.76
364,2024-04-05 20:22:17.160942,498.06
365,2024-04-05 20:42:17.162230,493.46
366,2024-04-05 21:02:17.173402,488.88
367,2024-04-05 21:22:17.156790,491.57
368,2024-04-05 21:42:17.151110,500.2
369,2024-04-05 22:02:17.161785,509.68
370,2024-04-05 22:22:17.154341,518.04
371,2024-04-05 22:42:17.154285,525.44
372,2024-04-05 23:02:17.165250,533.78
373,2024-04-05 23:22:17.150590,539.49
374,2024-04-05 23:42:17.154654,543.68
375,2024-04-06 00:02:17.160442,549.4
376,2024-04-06 00:22:16.825859,549.44
377,2024-04-06 00:42:17.159097,555.65
378,2024-04-06 01:02:17.161079,555.68
379,2024-04-06 01:22:17.150315,557.18
380,2024-04-06 01:42:17.166880,555.76
381,2024-04-06 02:02:17.151321,560.2
382,2024-04-06 02:22:17.160316,561.16
383,2024-04-06 02:42:17.165576,563.46
384,2024-04-06 03:22:17.164553,570.08
385,2024-04-06 03:42:17.157617,573.56
386,2024-04-06 04:02:17.154718,574.97
387,2024-04-06 04:22:17.158117,575.94
388,2024-04-06 04:42:17.155424,577.78
389,2024-04-06 05:02:16.918154,579.39
390,2024-04-06 05:22:17.159622,582.94
391,2024-04-06 05:42:17.162752,581.9
392,2024-04-06 06:02:17.179330,581.81
393,2024-04-06 06:22:17.160882,582.87
394,2024-04-06 06:42:17.162133,581.96
395,2024-04-06 07:02:17.158574,584.02
396,2024-04-06 07:22:17.095143,585.16
397,2024-04-06 07:42:17.181157,586.34
398,2024-04-06 08:02:17.155562,584.86
399,2024-04-06 08:22:17.169605,585.48
400,2024-04-06 08:42:17.162421,585.3
401,2024-04-06 09:02:17.155655,587.26
402,2024-04-06 09:22:17.163042,585.9
403,2024-04-06 09:42:17.163033,586.09
404,2024-04-06 10:02:17.152692,585.6
405,2024-04-06 10:22:17.158779,584.82
406,2024-04-06 10:42:17.161622,584.06
407,2024-04-06 11:02:17.157058,583.9
408,2024-04-06 11:22:17.163175,583.14
409,2024-04-06 11:42:17.167366,583.3
410,2024-04-06 12:02:17.155950,580.82
411,2024-04-06 12:22:17.158389,581.54
412,2024-04-06 12:42:17.158207,580.84
413,2024-04-06 13:02:17.156401,582.15
414,2024-04-06 13:22:17.164970,583.51
415,2024-04-06 13:42:17.165102,583.23
416,2024-04-06 14:02:17.163165,582.86
417,2024-04-06 14:22:17.161944,582.94
418,2024-04-06 14:42:17.158620,580.12
419,2024-04-06 15:02:17.153210,579.14
420,2024-04-06 15:22:17.158411,579.11
421,2024-04-06 15:42:17.164153,575.88
422,2024-04-06 16:02:17.155731,580.36
423,2024-04-06 16:22:17.159395,579.1
424,2024-04-06 16:42:17.173120,580.97
425,2024-04-06 17:02:17.161029,581.04
426,2024-04-06 17:22:17.164573,581.78
427,2024-04-06 17:42:17.160051,582.08
428,2024-04-06 18:02:17.155587,578.82
429,2024-04-06 18:22:17.164787,577.34
430,2024-04-06 18:42:17.157929,579.75
431,2024-04-06 19:02:17.164544,581.73
432,2024-04-06 19:22:17.159852,578.94
433,2024-04-06 19:42:17.165278,581.78
434,2024-04-06 20:02:17.154819,581.28
435,2024-04-06 20:22:17.158959,581.13
436,2024-04-06 20:42:17.165634,581.82
437,2024-04-06 21:02:17.160522,580.02
438,2024-04-06 21:22:17.162167,579.34
439,2024-04-06 21:42:17.166249,580.48
440,2024-04-06 22:02:17.153255,580.54
441,2024-04-06 22:22:17.155443,578.86
442,2024-04-06 22:42:17.162214,579.83
443,2024-04-06 23:02:17.157691,581.28
444,2024-04-06 23:22:17.154255,582.36
445,2024-04-06 23:42:17.159170,581.12
446,2024-04-07 00:02:17.156081,580.75
447,2024-04-07 00:22:17.165241,583.84
448,2024-04-07 00:42:16.970256,584.46
449,2024-04-07 01:02:17.161886,580.56
450,2024-04-07 01:22:17.156403,581.78
451,2024-04-07 01:42:17.160524,582.34
452,2024-04-07 02:02:17.163756,583.27
453,2024-04-07 02:22:17.159508,581.3
454,2024-04-07 02:42:17.150799,581.88
455,2024-04-07 03:02:17.149736,579.84
456,2024-04-07 03:22:17.159488,580.48
457,2024-04-07 03:42:17.157747,582.4
458,2024-04-07 04:02:17.158150,580.71
459,2024-04-07 04:22:17.162318,582.31
460,2024-04-07 04:42:17.156423,582.72
461,2024-04-07 05:02:17.147756,583.96
462,2024-04-07 05:22:17.140610,582.29
463,2024-04-07 05:42:17.158383,582.02
464,2024-04-07 06:02:17.160104,581.73
465,2024-04-07 06:22:17.162522,584.64
466,2024-04-07 06:42:17.156687,584.46
467,2024-04-07 07:02:17.160910,582.36
468,2024-04-07 07:22:17.151410,585.74
469,2024-04-07 07:42:17.164196,584.64
470,2024-04-07 08:02:17.157088,584.92
471,2024-04-07 08:22:17.163008,585.32
472,2024-04-07 08:42:17.159728,583.7
473,2024-04-07 09:02:17.157470,581.45
474,2024-04-07 09:22:17.166191,583.73
475,2024-04-07 10:02:17.156487,585.62
476,2024-04-07 10:22:17.154777,585.34
477,2024-04-07 10:42:17.157202,585.68
478,2024-04-07 11:02:17.164967,583.1
479,2024-04-07 11:22:17.156597,585.31
480,2024-04-07 11:42:17.161346,585.2
481,2024-04-07 12:02:17.182563,584.74
482,2024-04-07 12:22:17.151411,583.16
483,2024-04-07 12:42:17.153046,581.68
484,2024-04-07 13:02:17.162591,581.57
485,2024-04-07 13:22:16.899884,581.66
486,2024-04-07 13:42:17.157358,583.1
487,2024-04-07 14:02:17.159702,582.08
488,2024-04-07 14:22:17.161321,583.44
489,2024-04-07 14:42:17.160392,578.07
490,2024-04-07 15:02:17.165375,574.73
491,2024-04-07 15:22:17.162013,574.0
492,2024-04-07 15:42:17.157173,572.3
493,2024-04-07 16:02:17.158159,571.88
494,2024-04-07 16:22:17.160297,569.94
495,2024-04-07 17:02:17.167939,562.71
496,2024-04-07 17:22:17.161692,560.02
497,2024-04-07 17:42:17.151338,558.62
498,2024-04-07 18:02:17.163106,557.38
499,2024-04-07 19:22:17.153292,551.84
500,2024-04-07 19:42:17.154164,554.68
501,2024-04-07 20:02:17.154443,555.24
502,2024-04-07 20:42:17.154294,559.7
503,2024-04-07 21:02:17.172082,564.54
504,2024-04-07 21:22:17.153702,568.65
505,2024-04-07 21:42:17.157673,573.44
506,2024-04-07 22:02:17.163266,578.32
507,2024-04-07 22:22:17.175361,584.16
508,2024-04-07 22:42:17.162167,586.07
509,2024-04-07 23:02:17.167049,587.05
510,2024-04-07 23:22:17.162590,592.97
511,2024-04-07 23:42:17.148427,595.32
512,2024-04-08 00:02:17.157438,599.0
513,2024-04-08 00:22:17.162477,599.52
514,2024-04-08 00:42:17.158162,602.16
515,2024-04-08 01:02:17.158955,604.37
516,2024-04-08 01:22:17.163214,602.84
517,2024-04-08 01:42:17.161116,607.64
518,2024-04-08 02:02:17.157834,606.74
519,2024-04-08 02:22:17.158227,609.64
520,2024-04-08 02:42:17.169514,608.72
521,2024-04-08 03:02:17.179544,609.1
522,2024-04-08 03:22:17.175646,610.34
523,2024-04-08 03:42:17.185327,609.26
524,2024-04-08 04:02:17.161641,611.26
525,2024-04-08 04:22:17.155914,613.0
526,2024-04-08 04:42:17.153721,613.55
527,2024-04-08 05:02:17.162396,614.65
528,2024-04-08 05:22:17.155098,616.35
529,2024-04-08 05:42:17.162970,613.42
530,2024-04-08 06:02:17.155484,617.04
531,2024-04-08 06:22:17.152083,615.26
532,2024-04-08 06:42:17.163234,613.54
533,2024-04-08 07:02:17.161772,616.48
534,2024-04-08 07:22:17.157097,614.75
535,2024-04-08 07:42:16.902577,615.24
536,2024-04-08 08:02:17.166224,616.3
537,2024-04-08 08:22:17.150678,614.6
538,2024-04-08 08:42:17.163122,615.8
539,2024-04-08 09:02:17.160422,616.22
540,2024-04-08 09:22:17.163666,617.27
541,2024-04-08 09:42:17.162068,614.7
542,2024-04-08 10:02:17.163201,613.7
543,2024-04-08 10:22:17.153282,611.2
544,2024-04-08 10:42:17.171316,609.67
545,2024-04-08 11:02:17.160764,605.57
546,2024-04-08 11:22:17.163395,602.83
547,2024-04-08 11:42:17.151179,597.86
548,2024-04-08 12:02:17.164854,594.84
549,2024-04-08 12:22:17.043565,592.28
550,2024-04-08 12:42:17.159567,593.14
551,2024-04-08 13:02:17.162124,591.01
552,2024-04-08 13:22:17.160525,585.68
553,2024-04-08 13:42:17.171907,581.78
554,2024-04-08 14:02:17.157884,573.38
555,2024-04-08 14:22:17.152971,564.71
556,2024-04-08 14:42:17.152939,555.65
557,2024-04-08 15:02:17.164726,553.37
558,2024-04-08 15:22:17.163789,550.06
559,2024-04-08 15:42:17.165937,548.4
560,2024-04-08 16:02:17.172072,548.08
561,2024-04-08 16:22:17.157295,546.37
562,2024-04-08 16:42:17.181761,543.89
563,2024-04-08 17:02:17.165349,544.19
564,2024-04-08 17:22:17.160641,541.22
565,2024-04-08 17:42:17.165422,541.06
566,2024-04-08 18:02:17.157424,539.19
567,2024-04-08 18:22:17.163223,537.04
568,2024-04-08 18:42:17.152745,532.17
569,2024-04-08 19:02:17.153865,528.56
570,2024-04-08 19:22:17.159780,529.8
571,2024-04-08 19:42:17.161356,525.68
572,2024-04-08 20:02:17.159831,528.05
573,2024-04-08 20:22:17.164611,528.95
574,2024-04-08 20:42:17.156810,531.92
575,2024-04-08 21:02:17.165105,531.52
576,2024-04-08 21:22:17.160457,533.86
577,2024-04-08 21:42:17.159528,539.52
578,2024-04-08 22:02:17.163348,544.03
579,2024-04-08 22:22:17.157827,548.02
580,2024-04-08 22:42:17.162968,553.0
581,2024-04-08 23:02:17.157442,557.48
582,2024-04-08 23:22:17.156666,560.98
583,2024-04-08 23:42:17.156410,565.02
584,2024-04-09 00:02:17.171539,565.02
585,2024-04-09 00:22:17.158076,570.97
586,2024-04-09 00:42:17.154323,570.54
587,2024-04-09 01:02:17.155006,570.64
588,2024-04-09 01:22:17.166188,568.44
589,2024-04-09 01:42:17.163271,569.62
590,2024-04-09 02:02:17.152794,568.6
591,2024-04-09 02:22:17.154119,571.33
592,2024-04-09 02:42:17.165787,571.3
593,2024-04-09 03:02:17.152572,573.26
594,2024-04-09 03:22:17.161325,572.6
595,2024-04-09 03:42:17.162061,572.68
596,2024-04-09 04:02:17.154266,569.62
597,2024-04-09 04:22:17.155684,566.04
598,2024-04-09 23:42:17.157153,528.06
599,2024-04-10 13:22:17.158322,511.14
600,2024-04-10 13:42:17.162088,508.86
601,2024-04-10 14:02:17.165263,508.43
602,2024-04-10 14:22:17.150103,509.49
603,2024-04-10 14:42:17.152958,506.58
604,2024-04-10 15:02:16.774753,503.88
605,2024-04-10 15:22:17.164224,502.34
606,2024-04-10 15:42:17.158866,500.94
607,2024-04-10 16:02:17.158613,501.37
608,2024-04-10 16:22:17.168796,501.35
609,2024-04-10 17:02:17.163777,504.9
610,2024-04-10 17:22:17.154631,503.34
611,2024-04-10 17:42:17.158821,501.08
612,2024-04-10 18:02:17.161916,495.55
613,2024-04-10 18:22:17.157660,494.37
614,2024-04-10 18:42:17.151130,496.0
615,2024-04-10 19:02:17.156546,497.72
616,2024-04-10 19:22:17.171594,501.12
617,2024-04-10 19:42:16.984325,504.34
618,2024-04-10 20:02:17.166714,506.32
619,2024-04-10 20:22:17.167716,506.3
620,2024-04-10 20:42:17.168459,508.3
621,2024-04-10 21:02:17.165921,509.34
622,2024-04-10 21:22:17.151277,511.24
623,2024-04-10 21:42:17.152614,513.21
624,2024-04-10 22:02:17.159573,513.69
625,2024-04-10 22:22:17.159784,510.4
626,2024-04-10 22:42:17.161158,511.02
627,2024-04-10 23:02:17.159093,511.9
628,2024-04-10 23:42:17.158841,507.85
629,2024-04-11 00:02:17.161813,509.89
630,2024-04-11 00:22:17.165050,505.38
631,2024-04-11 00:42:17.201378,506.16
632,2024-04-11 01:02:17.168877,503.66
633,2024-04-11 01:22:17.161881,498.29
634,2024-04-11 01:42:17.184804,493.52
635,2024-04-11 02:02:17.162033,484.75
636,2024-04-11 02:22:17.158095,474.64
637,2024-04-11 02:42:17.166743,467.22
638,2024-04-11 03:02:17.165484,459.9
639,2024-04-11 03:22:17.154019,455.43
640,2024-04-11 03:42:17.168163,453.27
641,2024-04-11 04:02:17.157345,454.19
642,2024-04-11 04:22:17.167223,454.58
643,2024-04-11 04:42:17.159611,455.12
644,2024-04-11 05:02:17.169172,456.21
645,2024-04-11 05:22:17.176010,458.16
646,2024-04-11 05:42:17.156495,455.79
647,2024-04-11 06:02:17.158970,458.04
648,2024-04-11 06:22:17.296797,457.38
649,2024-04-11 06:42:17.176449,460.68
650,2024-04-11 07:02:17.170401,462.04
651,2024-04-11 07:22:17.179594,462.09
652,2024-04-11 07:42:17.155921,466.36
653,2024-04-11 08:02:17.158608,467.9
654,2024-04-11 08:22:17.167164,462.5
655,2024-04-11 08:42:17.175518,457.76
656,2024-04-11 09:02:17.160174,452.9
657,2024-04-11 09:22:17.157776,449.68
658,2024-04-11 09:42:17.162659,452.84
659,2024-04-11 10:02:17.159986,452.72
660,2024-04-11 10:22:17.162996,453.12
661,2024-04-11 10:42:17.162578,458.55
662,2024-04-11 11:02:17.153394,463.04
663,2024-04-11 11:22:17.172675,465.36
664,2024-04-11 11:42:17.174809,467.72
665,2024-04-11 12:02:17.158303,469.76
666,2024-04-11 12:22:17.164093,473.58
667,2024-04-11 12:42:17.180575,477.59
668,2024-04-11 13:02:17.163909,475.7
669,2024-04-11 13:22:17.179488,471.81
670,2024-04-11 13:42:17.156805,463.44
671,2024-04-11 14:02:17.163181,462.18
672,2024-04-11 14:22:17.166465,456.7
673,2024-04-11 14:42:17.161058,453.02
674,2024-04-11 15:02:17.164330,450.18
675,2024-04-11 15:22:17.161390,449.36
676,2024-04-11 15:42:17.158770,446.76
677,2024-04-11 16:02:17.157037,447.72
678,2024-04-11 16:22:17.160639,449.79
679,2024-04-11 16:42:17.164067,451.14
680,2024-04-11 17:02:17.176580,451.02
681,2024-04-11 17:22:17.160025,452.32
682,2024-04-11 17:42:17.157892,448.12
683,2024-04-11 18:02:17.158757,441.74
684,2024-04-11 18:22:17.176106,437.88
685,2024-04-11 18:42:17.166438,435.65
686,2024-04-11 19:02:17.157338,428.73
687,2024-04-11 19:22:17.176211,425.34
688,2024-04-11 19:42:17.164789,418.78
689,2024-04-11 20:02:17.160174,415.68
690,2024-04-11 20:22:17.166489,412.79
691,2024-04-11 20:42:17.157044,411.09
692,2024-04-11 21:02:17.162423,412.98
693,2024-04-11 21:22:17.161914,415.02
694,2024-04-11 21:42:17.157936,420.06
695,2024-04-11 22:02:17.164830,422.08
696,2024-04-11 22:22:17.161169,428.05
697,2024-04-11 22:42:17.162891,433.12
698,2024-04-11 23:02:17.157783,440.96
699,2024-04-11 23:22:16.851417,444.96
700,2024-04-11 23:42:17.185286,449.74
701,2024-04-12 00:02:17.166467,459.73
702,2024-04-12 00:22:17.150271,465.72
703,2024-04-12 00:42:17.161091,470.8
704,2024-04-12 01:02:17.152701,471.36
705,2024-04-12 01:22:17.161775,466.3
706,2024-04-12 01:42:17.164421,463.24
707,2024-04-12 02:02:17.170600,456.03
708,2024-04-12 02:22:17.153624,452.56
709,2024-04-12 02:42:17.158090,450.0
710,2024-04-12 03:02:17.169633,449.62
711,2024-04-12 03:22:17.161324,451.82
712,2024-04-12 03:42:17.164748,451.5
713,2024-04-12 04:02:16.913708,447.98
714,2024-04-12 04:22:17.153179,438.46
715,2024-04-12 04:42:17.168510,434.48
716,2024-04-12 05:02:17.163989,430.76
717,2024-04-12 05:22:17.163937,434.31
718,2024-04-12 05:42:17.153436,439.68
719,2024-04-12 06:02:17.163235,445.18
720,2024-04-12 06:22:17.156725,446.5
721,2024-04-12 06:42:17.163997,449.52
722,2024-04-12 07:02:17.171360,451.76
723,2024-04-12 07:22:17.153713,455.56
724,2024-04-12 07:42:17.182038,459.34
725,2024-04-12 08:02:17.161065,463.38
726,2024-04-12 08:22:17.161816,467.7
727,2024-04-12 08:42:17.177169,467.12
728,2024-04-12 09:02:17.164479,466.94
729,2024-04-12 09:22:17.171643,467.55
730,2024-04-12 09:42:17.158662,463.94
731,2024-04-12 10:02:17.164361,461.6
732,2024-04-12 10:22:17.164534,462.8
733,2024-04-12 10:42:17.161526,463.82
734,2024-04-12 11:02:17.165469,467.63
735,2024-04-12 11:22:17.164083,463.06
736,2024-04-12 11:42:17.160877,453.08
737,2024-04-12 12:02:16.743441,446.77
738,2024-04-12 12:22:17.177388,440.56
739,2024-04-12 12:42:17.168254,432.5
740,2024-04-12 13:02:17.150692,431.77
741,2024-04-12 13:22:17.169997,435.31
742,2024-04-12 13:42:17.156022,433.7
743,2024-04-12 14:02:17.161338,431.78
744,2024-04-12 14:22:17.155572,429.34
745,2024-04-12 15:02:17.160949,417.78
746,2024-04-12 15:22:17.173700,407.62
747,2024-04-12 15:42:17.163963,399.58
748,2024-04-12 16:02:17.161805,392.16
749,2024-04-12 16:22:17.162306,388.9
750,2024-04-12 16:42:17.164372,387.3
751,2024-04-12 17:02:17.163253,382.42
752,2024-04-12 17:22:17.162599,377.58
753,2024-04-12 17:42:17.159050,373.2
754,2024-04-12 18:02:17.166570,370.84
755,2024-04-12 18:22:17.162665,368.2
756,2024-04-12 19:02:17.164733,373.38
757,2024-04-12 19:22:17.160060,373.58
758,2024-04-12 19:42:17.180492,375.06
759,2024-04-12 20:02:17.161125,375.88
760,2024-04-12 20:22:17.176007,377.28
761,2024-04-12 20:42:17.159242,381.21
762,2024-04-12 21:02:17.163391,379.63
763,2024-04-12 21:22:17.165244,383.98
764,2024-04-12 21:42:17.159858,384.72
765,2024-04-12 22:02:17.181167,386.7
766,2024-04-12 22:22:16.960129,385.27
767,2024-04-12 22:42:17.187249,378.48
768,2024-04-12 23:02:17.168335,373.76
769,2024-04-12 23:22:17.161319,373.14
770,2024-04-12 23:42:17.162236,372.68
771,2024-04-13 00:02:17.163655,376.41
772,2024-04-13 00:22:17.159255,375.85
773,2024-04-13 00:42:17.160567,373.43
774,2024-04-13 01:02:17.163261,376.62
775,2024-04-13 01:22:17.155151,373.1
776,2024-04-13 01:42:17.157558,374.66
777,2024-04-13 02:02:17.155363,377.15
778,2024-04-13 02:22:17.169270,380.78
779,2024-04-13 18:42:17.156808,386.26
780,2024-04-13 19:02:17.157728,392.68
781,2024-04-13 19:22:17.160553,393.72
782,2024-04-13 19:42:17.157245,399.47
783,2024-04-13 20:02:17.159423,403.82
784,2024-04-13 20:22:17.158828,403.62
785,2024-04-13 20:42:17.180964,403.34
786,2024-04-13 21:02:17.161649,398.08
787,2024-04-13 21:22:16.683769,395.16
788,2024-04-13 21:42:17.183157,391.05
789,2024-04-13 22:02:17.167773,388.4
790,2024-04-13 22:22:17.152608,384.86
791,2024-04-13 22:42:17.160431,382.56
792,2024-04-13 23:02:17.155910,380.42
793,2024-04-13 23:22:17.160085,372.31
794,2024-04-13 23:42:17.154687,366.65
795,2024-04-14 00:02:17.165019,357.88
796,2024-04-14 00:22:17.146769,346.1
797,2024-04-14 00:42:17.185154,341.44
798,2024-04-14 01:02:17.176836,338.56
799,2024-04-14 01:22:17.162080,333.58
800,2024-04-14 01:42:17.165074,329.07
801,2024-04-14 02:02:16.801674,322.37
802,2024-04-14 02:22:17.159957,311.54
803,2024-04-14 02:42:17.163766,302.46
804,2024-04-14 03:02:17.164331,296.37
805,2024-04-14 03:22:17.162560,294.7
806,2024-04-14 03:42:17.162144,301.25
807,2024-04-14 04:02:17.162622,310.52
808,2024-04-14 04:22:17.165992,318.3
809,2024-04-14 04:42:17.159418,324.88
810,2024-04-14 05:02:17.157227,329.04
811,2024-04-14 05:22:17.161312,332.69
812,2024-04-14 05:42:17.160118,342.65
813,2024-04-14 06:02:17.163056,350.92
814,2024-04-14 06:22:17.158572,360.86
815,2024-04-14 06:42:17.139748,366.26
816,2024-04-14 07:02:17.162580,374.56
817,2024-04-14 07:22:17.151587,381.01
818,2024-04-14 07:42:17.153383,386.53
819,2024-04-14 08:02:17.162266,393.82
820,2024-04-14 08:22:17.173142,396.6
821,2024-04-14 08:42:17.153207,403.92
822,2024-04-14 09:02:17.157187,406.82
823,2024-04-14 09:22:17.159784,408.91
824,2024-04-14 09:42:17.160606,413.76
825,2024-04-14 10:02:17.158373,416.92
826,2024-04-14 10:22:17.162420,421.12
827,2024-04-14 10:42:17.167512,419.39
828,2024-04-14 11:02:17.153067,423.46
829,2024-04-14 11:22:17.161103,426.74
830,2024-04-14 11:42:17.149085,430.28
831,2024-04-14 12:02:17.158463,433.88
832,2024-04-14 12:22:16.651597,435.42
833,2024-04-14 12:42:17.161994,436.89
834,2024-04-14 13:02:17.152703,437.54
835,2024-04-14 13:22:17.159538,435.59
836,2024-04-14 13:42:17.164231,436.46
837,2024-04-14 14:02:17.152793,436.68
838,2024-04-14 14:22:17.166077,438.32
839,2024-04-14 14:42:17.155624,435.8
840,2024-04-14 15:02:17.163951,430.45
841,2024-04-14 15:42:17.156208,409.6
842,2024-04-14 16:02:17.157155,400.92
843,2024-04-14 16:22:17.165704,395.68
844,2024-04-14 16:42:17.167689,391.07
845,2024-04-14 17:02:17.158777,390.57
846,2024-04-14 17:22:17.162693,391.54
847,2024-04-14 17:42:17.156632,387.58
848,2024-04-14 18:02:17.156782,383.96
849,2024-04-14 18:22:17.163706,380.19
850,2024-04-14 18:42:17.163352,378.93
851,2024-04-14 19:02:17.170725,379.24
852,2024-04-14 19:22:17.168990,378.0
853,2024-04-14 19:42:17.155652,376.26
854,2024-04-14 20:02:17.154093,371.18
855,2024-04-14 20:22:17.156351,370.73
856,2024-04-14 20:42:17.160816,369.57
857,2024-04-14 21:22:17.162375,367.88
858,2024-04-14 21:42:17.153801,368.62
859,2024-04-14 22:02:17.159688,369.19
860,2024-04-14 22:22:17.161183,374.84
861,2024-04-14 22:42:17.174177,379.15
862,2024-04-14 23:02:17.156527,385.06
863,2024-04-14 23:22:17.171079,390.78
864,2024-04-14 23:42:17.159605,400.98
865,2024-04-15 00:02:17.152799,406.66
866,2024-04-15 00:22:17.155002,415.38
867,2024-04-15 00:42:17.163699,423.93
868,2024-04-15 01:02:17.159872,430.14
869,2024-04-15 01:22:17.167215,436.1
870,2024-04-15 01:42:17.158765,441.66
871,2024-04-15 02:02:17.151620,444.67
872,2024-04-15 02:22:17.157527,448.15
873,2024-04-15 03:02:17.183979,454.26
874,2024-04-15 03:22:17.153101,455.92
875,2024-04-15 03:42:17.158807,459.56
876,2024-04-15 04:02:17.172747,460.06
877,2024-04-15 04:22:17.164885,463.32
878,2024-04-15 04:42:17.154293,464.86
879,2024-04-15 05:02:17.169138,468.0
880,2024-04-15 05:22:17.170703,471.32
881,2024-04-15 05:42:17.163632,473.47
882,2024-04-15 06:02:17.153913,475.85
883,2024-04-15 06:22:17.155318,479.92
884,2024-04-15 06:42:17.159003,482.82
885,2024-04-15 07:02:17.164943,485.22
886,2024-04-15 07:22:17.158905,487.36
887,2024-04-15 07:42:17.160736,491.15
888,2024-04-15 08:02:17.164430,492.0
889,2024-04-15 08:22:17.166080,495.01
890,2024-04-15 08:42:17.162075,498.82
891,2024-04-15 09:02:17.159488,498.06
892,2024-04-15 09:22:17.000804,501.2
893,2024-04-15 09:42:17.165730,500.49
894,2024-04-15 10:02:17.155914,502.33
895,2024-04-15 10:22:17.153357,501.24
896,2024-04-15 10:42:17.156887,500.34
897,2024-04-15 11:02:17.159469,504.06
898,2024-04-15 11:22:17.163593,505.21
899,2024-04-15 11:42:17.164392,506.61
900,2024-04-15 12:02:17.155777,508.61
901,2024-04-15 12:22:17.156429,510.94
902,2024-04-15 12:42:17.152439,510.36
903,2024-04-15 13:02:17.161670,511.68
904,2024-04-15 13:22:17.162221,513.31
905,2024-04-15 13:42:17.162089,513.33
906,2024-04-15 14:02:17.146438,513.17
907,2024-04-15 14:22:17.166354,513.26
908,2024-04-15 14:42:17.163870,511.36
909,2024-04-15 15:02:17.160828,509.44
910,2024-04-15 15:22:17.160890,509.35
911,2024-04-15 15:42:17.158038,508.08
912,2024-04-15 16:02:17.159134,507.42
913,2024-04-15 16:22:17.156631,500.54
914,2024-04-15 16:42:17.161983,493.62
915,2024-04-15 17:02:17.158032,488.31
916,2024-04-15 17:22:17.160365,485.9
917,2024-04-15 17:42:17.164924,482.02
918,2024-04-15 18:02:17.164924,475.24
919,2024-04-15 18:22:17.157625,471.22
920,2024-04-15 18:42:17.166066,471.48
921,2024-04-15 19:02:17.160146,470.74
922,2024-04-15 19:22:17.155125,468.7
923,2024-04-15 19:42:16.841090,467.12
924,2024-04-15 20:02:17.168937,464.04
925,2024-04-15 20:22:17.159297,458.58
926,2024-04-15 20:42:17.159955,452.63
927,2024-04-15 21:02:17.164394,450.65
928,2024-04-15 21:22:17.163626,448.21
929,2024-04-15 21:42:17.153343,448.42
930,2024-04-15 22:02:17.163333,448.08
931,2024-04-15 22:22:17.159403,448.84
932,2024-04-15 22:42:17.156279,452.25
933,2024-04-15 23:02:17.165163,455.17
934,2024-04-15 23:22:17.157536,458.84
935,2024-04-15 23:42:17.161795,462.54
936,2024-04-16 00:02:17.166271,466.9
937,2024-04-16 00:22:17.088769,471.28
938,2024-04-16 00:42:17.157168,470.82
939,2024-04-16 01:02:17.158917,473.4
940,2024-04-16 01:22:17.157032,471.8
941,2024-04-16 01:42:17.169135,470.94
942,2024-04-16 02:02:17.165122,465.88
943,2024-04-16 02:22:17.167138,457.81
944,2024-04-16 02:42:17.076216,448.47
945,2024-04-16 03:02:17.165232,444.22
946,2024-04-16 03:22:17.154461,439.08
947,2024-04-16 03:42:17.160351,438.58
948,2024-04-16 04:02:17.167433,440.86
949,2024-04-16 04:22:17.160295,449.85
950,2024-04-16 04:42:17.153153,458.89
951,2024-04-16 05:02:17.080750,465.73
952,2024-04-16 05:22:17.164352,469.3
953,2024-04-16 05:42:17.165105,473.54
954,2024-04-16 06:02:17.168450,476.8
955,2024-04-16 06:22:17.163365,478.52
956,2024-04-16 06:42:17.156503,479.56
957,2024-04-16 07:02:17.153054,480.84
958,2024-04-16 07:22:17.165826,484.7
959,2024-04-16 07:42:17.175479,491.9
960,2024-04-16 08:02:17.163799,494.33
961,2024-04-16 08:22:17.153944,497.96
962,2024-04-16 08:42:17.161160,500.96
963,2024-04-16 09:02:17.155922,501.0
964,2024-04-16 09:22:17.161578,503.32
965,2024-04-16 09:42:17.161250,506.26
966,2024-04-16 10:02:17.162293,508.22
967,2024-04-16 10:22:17.164138,509.37
968,2024-04-16 10:42:17.155063,509.5
969,2024-04-16 11:02:17.159897,511.18
970,2024-04-16 11:22:17.157945,512.56
971,2024-04-16 11:42:17.157117,512.26
972,2024-04-16 12:02:17.165202,512.75
973,2024-04-16 12:22:17.160243,515.71
974,2024-04-16 12:42:17.153383,512.94
975,2024-04-16 13:02:17.161094,510.9
976,2024-04-16 13:22:17.153950,500.4
977,2024-04-16 13:42:17.173185,489.73
978,2024-04-16 14:02:17.156187,484.97
979,2024-04-16 14:22:17.159929,480.41
980,2024-04-16 14:42:17.167328,481.74
981,2024-04-16 15:02:17.154166,479.14
982,2024-04-16 15:22:17.161997,479.2
983,2024-04-16 15:42:17.160465,478.5
984,2024-04-16 16:02:17.162446,477.74
985,2024-04-16 16:22:17.158618,476.23
986,2024-04-16 16:42:17.165538,476.9
987,2024-04-16 17:02:17.188999,476.76
988,2024-04-16 17:22:17.172198,474.96
989,2024-04-16 17:42:17.159435,473.53
990,2024-04-16 18:02:17.163140,474.73
991,2024-04-16 18:22:17.167631,472.26
992,2024-04-16 18:42:17.165468,465.82
993,2024-04-16 19:02:17.185043,465.8
994,2024-04-16 19:22:17.165534,461.8
995,2024-04-16 19:42:17.157466,456.88
996,2024-04-16 20:02:17.166410,454.81
997,2024-04-16 20:22:17.173583,450.38
998,2024-04-16 20:42:17.161547,449.62
999,2024-04-16 21:02:17.163516,449.32
1000,2024-04-16 21:22:17.176223,447.39
1001,2024-04-16 21:42:17.176559,446.95
1002,2024-04-16 22:02:17.194471,450.92
1003,2024-04-16 22:22:17.161682,452.86
1004,2024-04-16 22:42:17.158823,454.8
1005,2024-04-16 23:02:17.160977,456.28
1006,2024-04-16 23:22:16.833585,461.3
1007,2024-04-16 23:42:17.157483,465.04
1008,2024-04-17 00:02:17.161679,471.12
1009,2024-04-17 00:22:17.157634,474.12
1010,2024-04-17 00:42:17.152541,476.34
1011,2024-04-17 01:02:17.160996,477.98
1012,2024-04-17 01:22:17.160785,482.31
1013,2024-04-17 01:42:17.152146,487.34
1014,2024-04-17 02:02:17.162085,489.6
1015,2024-04-17 02:22:17.158970,491.84
1016,2024-04-17 02:42:17.161048,493.33
1017,2024-04-17 03:02:17.164989,496.52
1018,2024-04-17 03:22:17.164774,497.95
1019,2024-04-17 03:42:17.165530,501.92
1020,2024-04-17 04:02:17.162497,502.98
1021,2024-04-17 04:22:17.158285,506.38
1022,2024-04-17 04:42:17.156714,507.52
1023,2024-04-17 05:02:17.156529,510.72
1024,2024-04-17 05:22:17.163070,510.5
1025,2024-04-17 05:42:17.162050,512.3
1026,2024-04-17 06:02:17.158439,510.14
1027,2024-04-17 06:22:17.162580,511.44
1028,2024-04-17 06:42:17.159710,510.84
1029,2024-04-17 07:02:17.163548,511.9
1030,2024-04-17 07:22:17.163083,510.36
1031,2024-04-17 07:42:17.163154,513.98
1032,2024-04-17 08:02:17.162298,514.5
1033,2024-04-17 08:22:17.161041,515.91
1034,2024-04-17 08:42:17.163015,517.65
1035,2024-04-17 09:02:17.155601,517.72
1036,2024-04-17 09:22:17.160817,520.08
1037,2024-04-17 09:42:16.945619,519.28
1038,2024-04-17 10:02:17.156706,520.98
1039,2024-04-17 10:22:17.157734,522.48
1040,2024-04-17 10:42:17.154786,523.08
1041,2024-04-17 11:02:17.162625,523.58
1042,2024-04-17 11:22:17.164446,524.88
1043,2024-04-17 11:42:17.172293,526.44
1044,2024-04-17 12:02:17.158027,523.64
1045,2024-04-17 12:22:17.158905,524.31
1046,2024-04-17 12:42:17.155572,522.47
1047,2024-04-17 13:02:17.159491,524.3
1048,2024-04-17 13:22:17.160611,524.58
1049,2024-04-17 13:42:17.158568,526.92
1050,2024-04-17 14:02:17.159580,519.71
1051,2024-04-17 14:22:17.161314,514.84
1052,2024-04-17 14:42:17.160139,507.37
1053,2024-04-17 15:02:17.163526,495.76
1054,2024-04-17 15:22:17.157738,482.96
1055,2024-04-17 15:42:17.155753,471.9
1056,2024-04-17 16:02:17.162509,466.26
1057,2024-04-17 16:22:17.160008,459.82
1058,2024-04-17 16:42:17.163719,458.74
1059,2024-04-17 17:02:17.170073,453.68
1060,2024-04-17 17:22:17.170057,449.54
1061,2024-04-17 17:42:17.168819,449.43
1062,2024-04-17 18:02:17.158808,448.53
1063,2024-04-17 18:22:17.150971,447.27
1064,2024-04-17 18:42:17.149779,446.86
1065,2024-04-17 19:02:17.162102,446.56
1066,2024-04-17 19:22:17.158289,443.84
1067,2024-04-17 19:42:17.158433,440.8
1068,2024-04-17 20:02:17.158709,441.99
1069,2024-04-17 20:22:17.163395,446.16
1070,2024-04-17 20:42:17.146280,446.96
1071,2024-04-17 21:02:17.170022,452.5
1072,2024-04-17 21:22:17.160173,457.6
1073,2024-04-17 21:42:17.168615,460.47
1074,2024-04-17 22:02:17.156406,465.89
1075,2024-04-17 22:22:16.792976,469.3
1076,2024-04-17 22:42:17.161899,472.04
1077,2024-04-17 23:02:17.161760,474.06
1078,2024-04-17 23:22:17.154923,478.18
1079,2024-04-17 23:42:17.158926,479.72
1080,2024-04-18 00:02:17.171733,483.2
1081,2024-04-18 00:22:17.159928,485.9
1082,2024-04-18 00:42:17.164814,490.9
1083,2024-04-18 01:02:17.163675,493.64
1084,2024-04-18 01:22:17.167592,497.49
1085,2024-04-18 01:42:17.161484,499.34
1086,2024-04-18 02:02:17.158491,499.44
1087,2024-04-18 02:22:17.157415,501.28
1088,2024-04-18 02:42:17.164905,498.68
1089,2024-04-18 03:02:17.161454,500.95
1090,2024-04-18 03:22:17.161703,500.79
1091,2024-04-18 03:42:17.161546,504.62
1092,2024-04-18 04:02:17.161125,506.98
1093,2024-04-18 04:22:17.159489,505.0
1094,2024-04-18 04:42:17.165397,508.78
1095,2024-04-18 05:02:17.162792,509.4
1096,2024-04-18 05:22:17.155412,511.16
1097,2024-04-18 05:42:17.164877,515.62
1098,2024-04-18 06:02:17.160520,514.24
1099,2024-04-18 06:22:17.161113,516.6
1100,2024-04-18 06:42:17.172732,518.16
1101,2024-04-18 07:02:17.166188,519.4
1102,2024-04-18 07:22:17.155928,519.75
1103,2024-04-18 07:42:17.164161,519.96
1104,2024-04-18 08:02:17.160846,521.34
1105,2024-04-18 08:22:17.170510,522.4
1106,2024-04-18 08:42:17.195809,524.04
1107,2024-04-18 09:02:17.157593,523.67
1108,2024-04-18 09:22:17.173861,526.4
1109,2024-04-18 09:42:17.163643,524.94
1110,2024-04-18 10:02:17.168781,526.52
1111,2024-04-18 10:22:17.155930,529.78
1112,2024-04-18 10:42:17.172341,528.86
1113,2024-04-18 11:02:17.162202,531.2
1114,2024-04-18 11:22:17.155793,533.02
1115,2024-04-18 11:42:17.156183,531.34
1116,2024-04-18 12:02:16.668158,535.44
1117,2024-04-18 12:22:17.166188,534.67
1118,2024-04-18 12:42:17.161261,532.91
1119,2024-04-18 13:02:17.166880,534.16
1120,2024-04-18 13:22:17.165293,535.0
1121,2024-04-18 13:42:17.163776,534.84
1122,2024-04-18 14:02:17.161811,534.84
1123,2024-04-18 14:22:17.155783,534.06
1124,2024-04-18 14:42:17.177938,532.34
1125,2024-04-18 15:02:17.162220,532.02
1126,2024-04-18 15:22:17.149611,525.76
1127,2024-04-18 15:42:17.163647,526.98
1128,2024-04-18 16:02:17.164554,526.26
1129,2024-04-18 16:22:17.158817,523.16
1130,2024-04-18 16:42:17.174426,522.46
1131,2024-04-18 17:02:17.158218,518.54
1132,2024-04-18 17:22:17.164599,514.66
1133,2024-04-18 17:42:17.161514,512.95
1134,2024-04-18 18:02:17.161492,509.59
1135,2024-04-18 18:22:17.165127,510.32
1136,2024-04-18 18:42:17.149754,509.52
1137,2024-04-18 19:02:17.163637,507.48
1138,2024-04-18 19:22:17.180139,506.04
1139,2024-04-18 19:42:17.164255,505.01
1140,2024-04-18 20:02:17.152321,499.76
1141,2024-04-18 20:22:17.192754,494.68
1142,2024-04-18 20:42:17.157370,485.62
1143,2024-04-18 21:02:17.162398,482.14
1144,2024-04-18 21:22:17.191298,480.21
1145,2024-04-18 21:42:17.157944,472.83
1146,2024-04-18 22:02:17.177934,469.39
1147,2024-04-18 22:22:17.165838,465.36
1148,2024-04-18 22:42:17.158680,466.62
1149,2024-04-18 23:02:17.163084,471.9
1150,2024-04-18 23:22:17.163944,475.93
1151,2024-04-18 23:42:17.155939,478.31
1152,2024-04-19 00:02:17.159723,480.85
1153,2024-04-19 00:22:17.163294,479.7
1154,2024-04-19 00:42:17.165946,479.2
1155,2024-04-19 01:02:17.160618,483.49
1156,2024-04-19 01:22:17.160096,488.05
1157,2024-04-19 01:42:17.152982,488.51
1158,2024-04-19 02:02:17.162917,492.18
1159,2024-04-19 02:22:17.153424,491.84
1160,2024-04-19 03:02:17.160044,490.7
1161,2024-04-19 03:22:17.165672,490.56
1162,2024-04-19 03:42:17.162071,493.57
1163,2024-04-19 04:02:17.164084,499.68
1164,2024-04-19 04:22:17.152834,499.68
1165,2024-04-19 04:42:17.155162,502.98
1166,2024-04-19 05:02:17.156825,505.09
1167,2024-04-19 05:22:17.154183,506.72
1168,2024-04-19 05:42:17.165242,507.48
1169,2024-04-19 06:02:17.231080,510.94
1170,2024-04-19 06:22:17.166881,509.9
1171,2024-04-19 06:42:17.163762,514.16
1172,2024-04-19 07:02:17.169976,516.03
1173,2024-04-19 07:22:17.166039,517.31
1174,2024-04-19 07:42:17.166748,519.08
1175,2024-04-19 08:02:17.172550,518.9
1176,2024-04-19 08:22:17.162663,520.38
1177,2024-04-19 08:42:17.170734,522.2
1178,2024-04-19 09:02:17.157536,521.72
1179,2024-04-19 18:22:17.163157,513.54
1180,2024-04-19 18:42:17.169092,512.2
1181,2024-04-19 19:02:17.159285,510.42
1182,2024-04-19 19:22:17.157677,510.34
1183,2024-04-19 19:42:17.175601,504.9
1184,2024-04-19 20:02:17.173012,504.2
1185,2024-04-19 20:22:16.870541,502.52
1186,2024-04-19 20:42:17.157717,503.96
1187,2024-04-19 21:02:17.178314,505.64
1188,2024-04-19 21:22:17.151361,506.92
1189,2024-04-19 21:42:17.190994,509.37
1190,2024-04-19 22:02:17.178161,509.63
1191,2024-04-19 22:22:17.175953,507.46
1192,2024-04-19 22:42:17.158007,509.18
1193,2024-04-19 23:02:17.177327,507.36
1194,2024-04-19 23:22:17.159582,509.7
1195,2024-04-19 23:42:17.166605,508.34
1196,2024-04-20 00:02:17.143380,508.3
1197,2024-04-20 00:22:17.165071,513.42
1198,2024-04-20 00:42:17.164244,512.56
1199,2024-04-20 01:02:17.045317,516.77
1200,2024-04-20 01:22:17.158202,517.95
1201,2024-04-20 01:42:17.158452,519.67
1202,2024-04-20 02:02:17.160166,522.3
1203,2024-04-20 02:22:17.161717,525.4
1204,2024-04-20 02:42:17.162885,524.62
1205,2024-04-20 03:02:17.162283,527.97
1206,2024-04-20 03:42:17.162724,530.4
1207,2024-04-20 04:02:17.156492,532.72
1208,2024-04-20 04:22:17.162933,533.56
1209,2024-04-20 04:42:17.170663,532.16
1210,2024-04-20 05:02:17.159678,535.67
1211,2024-04-20 05:22:17.193211,535.6
1212,2024-04-20 05:42:17.015460,537.32
1213,2024-04-20 06:02:17.159772,538.3
1214,2024-04-20 06:22:17.161870,537.94
1215,2024-04-20 06:42:17.159121,539.47
1216,2024-04-20 07:02:17.163069,539.02
1217,2024-04-20 07:42:17.164808,539.74
1218,2024-04-20 08:02:17.169057,541.36
1219,2024-04-20 08:22:17.157454,540.49
1220,2024-04-20 08:42:17.161620,543.04
1221,2024-04-20 09:02:17.167836,541.84
1222,2024-04-20 09:22:17.154641,542.38
1223,2024-04-20 09:42:17.151098,546.22
1224,2024-04-20 10:02:17.174679,544.04
1225,2024-04-20 10:22:17.163136,543.94
1226,2024-04-20 17:22:17.168562,538.02
1227,2024-04-20 17:42:17.168888,537.38
1228,2024-04-20 18:02:17.154149,534.74
1229,2024-04-20 18:22:17.153328,533.56
1230,2024-04-20 18:42:17.161914,532.8
1231,2024-04-20 19:02:17.160991,526.04
1232,2024-04-20 19:22:17.160560,520.53
1233,2024-04-20 19:42:17.173991,517.46
1234,2024-04-20 20:02:17.163154,518.19
1235,2024-04-20 20:22:17.158909,520.36
1236,2024-04-20 20:42:17.158870,523.54
1237,2024-04-20 21:02:17.171192,526.0
1238,2024-04-20 21:22:17.168646,525.6
1239,2024-04-20 21:42:17.329276,529.38
1240,2024-04-20 22:02:17.164309,531.44
1241,2024-04-20 22:22:17.175798,530.84
1242,2024-04-20 22:42:17.150381,531.84
1243,2024-04-20 23:02:17.177412,533.0
1244,2024-04-20 23:22:17.169624,534.09
1245,2024-04-20 23:42:17.177534,533.9
1246,2024-04-21 00:02:16.813720,533.45
1247,2024-04-21 00:22:17.170737,536.22
1248,2024-04-21 00:42:17.163435,537.46
1249,2024-04-21 01:02:17.174568,538.0
1250,2024-04-21 01:22:17.158289,538.43
1251,2024-04-21 01:42:17.153761,541.68
1252,2024-04-21 02:02:17.155339,543.18
1253,2024-04-21 02:22:17.166773,544.76
1254,2024-04-21 02:42:17.168800,545.51
1255,2024-04-21 03:02:17.163666,544.76
1256,2024-04-21 03:22:17.165195,546.96
1257,2024-04-21 03:42:17.164684,548.66
1258,2024-04-21 04:02:17.155160,549.88
1259,2024-04-21 04:22:17.160140,551.08
1260,2024-04-21 04:42:17.081558,550.61
1261,2024-04-21 05:02:17.160499,552.69
1262,2024-04-21 05:22:17.158684,551.02
1263,2024-04-21 05:42:17.164344,552.22
1264,2024-04-21 06:02:17.156610,550.6
1265,2024-04-21 06:22:17.157608,552.86
1266,2024-04-21 06:42:17.159185,553.01
1267,2024-04-21 07:02:17.160871,552.24
1268,2024-04-21 07:22:17.162380,553.96
1269,2024-04-21 07:42:17.161593,554.14
1270,2024-04-21 08:02:17.165160,554.24
1271,2024-04-21 08:22:17.160122,555.18
1272,2024-04-21 08:42:17.163341,555.16
1273,2024-04-21 09:02:17.158876,556.84
1274,2024-04-21 09:22:17.165110,557.48
1275,2024-04-21 09:42:17.161895,557.9
1276,2024-04-21 10:02:17.164497,559.69
1277,2024-04-21 10:22:16.652335,558.43
1278,2024-04-21 10:42:17.160727,560.75
1279,2024-04-21 11:02:17.164982,559.66
1280,2024-04-21 11:22:17.163564,560.3
1281,2024-04-21 11:42:17.169292,561.54
1282,2024-04-21 12:02:16.800718,560.28
1283,2024-04-21 12:22:17.165648,562.67
1284,2024-04-21 12:42:17.179978,561.44
1285,2024-04-21 13:02:17.161279,563.44
1286,2024-04-21 13:22:17.163532,563.6
1287,2024-04-21 13:42:17.154940,563.74
1288,2024-04-21 14:02:17.161312,564.36
1289,2024-04-21 14:22:17.174601,565.35
1290,2024-04-21 14:42:17.177076,565.5
1291,2024-04-21 15:02:17.168772,567.26
1292,2024-04-21 15:22:17.158974,568.17
1293,2024-04-21 15:42:17.165229,569.75
1294,2024-04-21 16:02:17.183874,568.46
1295,2024-04-21 16:22:17.172916,568.12
1296,2024-04-21 16:42:17.174688,570.44
1297,2024-04-21 17:02:17.177500,570.08
1298,2024-04-21 17:22:17.181826,568.15
1299,2024-04-21 17:42:17.160330,569.49
1300,2024-04-21 18:02:17.157376,571.16
1301,2024-04-21 18:22:17.161320,571.08
1302,2024-04-21 18:42:17.171486,571.74
1303,2024-04-21 19:02:17.170489,573.96
1304,2024-04-21 19:22:17.157632,573.11
1305,2024-04-21 19:42:17.164023,574.08
1306,2024-04-21 20:02:17.224403,573.72
1307,2024-04-21 20:22:17.166139,575.88
1308,2024-04-21 20:42:17.151250,577.44
1309,2024-04-21 21:02:17.180774,578.28
1310,2024-04-21 21:22:17.174874,575.39
1311,2024-04-21 21:42:17.175926,576.98
1312,2024-04-21 22:02:17.171855,578.44
1313,2024-04-21 22:22:17.155285,579.7
1314,2024-04-21 22:42:17.189418,579.87
1315,2024-04-21 23:02:16.788833,582.32
1316,2024-04-21 23:22:17.162493,582.56
1317,2024-04-21 23:42:17.157845,584.14
1318,2024-04-22 00:02:17.156459,581.86
1319,2024-04-22 00:22:17.154876,584.22
1320,2024-04-22 00:42:17.162903,582.32
1321,2024-04-22 01:02:17.178726,584.77
1322,2024-04-22 01:22:17.158456,585.08
1323,2024-04-22 01:42:17.167701,584.36
1324,2024-04-22 02:02:17.169566,586.18
1325,2024-04-22 02:22:17.163230,584.58
1326,2024-04-22 02:42:17.185949,585.0
1327,2024-04-22 03:02:17.189230,586.06
1328,2024-04-22 03:22:17.161632,586.54
1329,2024-04-22 03:42:16.794275,584.88
1330,2024-04-22 04:02:16.817912,589.36
1331,2024-04-22 04:22:17.161159,586.48
1332,2024-04-22 04:42:17.161621,589.38
1333,2024-04-22 05:02:17.174732,591.4
1334,2024-04-22 05:22:17.166566,592.3
1335,2024-04-22 05:42:17.181856,591.72
1336,2024-04-22 06:02:17.186871,591.36
1337,2024-04-22 06:22:17.158411,591.1
1338,2024-04-22 06:42:17.168003,593.6
1339,2024-04-22 07:02:17.166121,591.74
1340,2024-04-22 07:22:17.173177,592.96
1341,2024-04-22 07:42:17.162079,590.87
1342,2024-04-22 08:02:17.159481,590.86
1343,2024-04-22 08:22:16.680327,592.13
1344,2024-04-22 08:42:17.165570,591.04
1345,2024-04-22 09:02:17.167935,592.76
1346,2024-04-22 09:22:17.160022,593.4
1347,2024-04-22 09:42:17.165426,593.79
1348,2024-04-22 10:02:17.162007,595.18
1349,2024-04-22 18:42:17.160382,565.32
1350,2024-04-22 19:02:17.162738,553.84
1351,2024-04-22 19:22:17.158068,546.96
1352,2024-04-22 19:42:17.160243,537.08
1353,2024-04-22 20:02:17.157799,533.66
1354,2024-04-22 20:22:17.159946,534.72
1355,2024-04-22 20:42:17.158812,536.89
1356,2024-04-22 21:02:17.153240,538.01
1357,2024-04-22 21:22:17.165422,540.86
1358,2024-04-22 21:42:17.164541,541.46
1359,2024-04-22 22:02:17.159098,546.32
1360,2024-04-22 22:22:17.168840,549.78
1361,2024-04-22 22:42:17.173035,549.66
1362,2024-04-22 23:02:17.161354,554.87
1363,2024-04-22 23:22:17.162306,555.98
1364,2024-04-22 23:42:17.163235,560.32
1365,2024-04-23 00:02:17.160620,560.45
1366,2024-04-23 00:22:17.165393,562.1
1367,2024-04-23 00:42:17.165222,563.81
1368,2024-04-23 01:02:17.162228,564.48
1369,2024-04-23 01:22:17.154761,566.86
1370,2024-04-23 01:42:17.155383,567.48
1371,2024-04-23 02:02:17.160915,570.62
1372,2024-04-23 02:22:17.157751,572.9
1373,2024-04-23 02:42:17.162710,574.82
1374,2024-04-23 03:02:17.167634,576.6
1375,2024-04-23 03:22:17.156292,577.94
1376,2024-04-23 03:42:17.157886,579.23
1377,2024-04-23 04:02:17.153506,580.72
1378,2024-04-23 04:22:17.161122,581.08
1379,2024-04-23 04:42:17.164364,581.76
1380,2024-04-23 05:02:17.157985,582.14
1381,2024-04-23 05:22:17.167248,582.72
1382,2024-04-23 05:42:17.163068,582.33
1383,2024-04-23 06:02:17.155055,581.53
1384,2024-04-23 06:22:17.155691,582.57
1385,2024-04-23 06:42:17.161326,584.48
1386,2024-04-23 07:02:17.164708,582.4
1387,2024-04-23 07:22:17.168615,584.45
1388,2024-04-23 07:42:17.166487,582.31
1389,2024-04-23 08:02:17.156241,584.39
1390,2024-04-23 08:22:17.158429,586.56
1391,2024-04-23 08:42:17.160108,583.56
1392,2024-04-23 09:02:17.165197,586.84
1393,2024-04-23 09:22:17.161028,585.62
1394,2024-04-23 17:22:17.162544,527.62
1395,2024-04-23 17:42:17.162086,528.76
1396,2024-04-23 18:02:17.162668,528.58
1397,2024-04-23 18:22:17.159240,525.77
1398,2024-04-23 18:42:17.160143,523.35
1399,2024-04-23 19:02:17.173807,524.07
1400,2024-04-23 19:22:17.175492,528.4
1401,2024-04-23 19:42:17.159830,531.1
1402,2024-04-23 20:02:17.169431,537.76
1403,2024-04-23 20:22:17.150840,542.12
1404,2024-04-23 20:42:17.157659,543.57
1405,2024-04-23 21:02:17.160368,548.18
1406,2024-04-23 21:22:16.747384,549.92
1407,2024-04-23 21:42:17.167437,550.96
1408,2024-04-23 22:02:17.161833,554.03
1409,2024-04-23 22:22:17.156689,556.98
1410,2024-04-23 22:42:17.166013,557.66
1411,2024-04-23 23:02:17.164913,558.32
1412,2024-04-23 23:22:17.163292,561.48
1413,2024-04-23 23:42:17.164943,562.9
1414,2024-04-24 00:02:17.172322,565.27
1415,2024-04-24 00:22:17.163678,565.66
1416,2024-04-24 00:42:17.155628,568.04
1417,2024-04-24 01:02:17.158548,566.66
1418,2024-04-24 01:22:17.163459,568.44
1419,2024-04-24 01:42:17.160161,567.2
1420,2024-04-24 02:02:16.944624,570.08
1421,2024-04-24 02:22:17.181152,566.58
1422,2024-04-24 02:42:17.169696,567.4
1423,2024-04-24 03:02:17.154882,566.7
1424,2024-04-24 03:22:17.159197,566.35
1425,2024-04-24 03:42:17.164273,568.09
1426,2024-04-24 04:02:17.165768,572.13
1427,2024-04-24 04:22:17.171206,570.78
1428,2024-04-24 04:42:17.174151,573.04
1429,2024-04-24 05:02:17.162842,571.9
1430,2024-04-24 05:22:17.149756,569.31
1431,2024-04-24 05:42:17.174272,571.65
1432,2024-04-24 06:02:17.185462,569.87
1433,2024-04-24 06:22:17.160181,572.0
1434,2024-04-24 06:42:17.161061,573.82
1435,2024-04-24 07:02:17.150911,572.41
1436,2024-04-24 07:22:17.166507,574.39
1437,2024-04-24 07:42:16.654634,572.68
1438,2024-04-24 08:02:17.160978,575.2
1439,2024-04-24 08:22:17.160616,574.58
1440,2024-04-24 08:42:17.162939,573.16
1441,2024-04-24 09:02:17.165274,576.08
1442,2024-04-24 09:22:17.157543,576.96
1443,2024-04-24 09:42:17.165413,575.57
1444,2024-04-24 10:02:17.174759,579.82
1445,2024-04-24 10:22:17.167168,576.48
1446,2024-04-24 10:42:17.160645,578.2
1447,2024-04-24 11:02:17.153885,577.59
1448,2024-04-24 11:22:17.158655,577.77
1449,2024-04-24 11:42:17.163115,577.32
1450,2024-04-24 12:02:17.151330,576.68
1451,2024-04-24 12:22:17.170761,579.96
1452,2024-04-24 12:42:17.166875,580.09
1453,2024-04-24 13:02:17.156605,579.77
1454,2024-04-24 13:22:17.159910,580.15
1455,2024-04-24 13:42:17.166468,577.5
1456,2024-04-24 14:02:17.154697,577.88
1457,2024-04-24 14:22:17.163334,575.9
1458,2024-04-24 14:42:17.159670,578.13
1459,2024-04-24 15:02:17.164395,573.87
1460,2024-04-24 15:22:17.160613,571.28
1461,2024-04-24 15:42:17.156978,566.08
1462,2024-04-24 16:02:17.164047,564.4
1463,2024-04-24 16:22:17.168004,563.58
1464,2024-04-24 16:42:17.165817,565.73
1465,2024-04-24 17:22:17.169997,565.24
1466,2024-04-24 17:42:17.161934,565.3
1467,2024-04-24 18:02:17.161509,566.21
1468,2024-04-24 18:22:17.161382,567.44
1469,2024-04-24 18:42:17.163868,567.89
1470,2024-04-24 19:02:17.156104,568.98
1471,2024-04-24 19:22:17.160406,572.46
1472,2024-04-24 19:42:17.154944,571.66
1473,2024-04-24 20:02:17.154673,574.28
1474,2024-04-24 20:22:16.822405,572.66
1475,2024-04-24 20:42:17.176531,571.82
1476,2024-04-24 21:02:17.168790,574.42
1477,2024-04-24 21:22:17.157382,570.14
1478,2024-04-24 21:42:17.164653,571.49
1479,2024-04-24 22:02:17.161652,571.6
1480,2024-04-24 22:22:17.159936,571.06
1481,2024-04-24 22:42:17.158486,568.72
1482,2024-04-24 23:02:17.160138,564.04
1483,2024-04-24 23:22:17.160868,559.84
1484,2024-04-24 23:42:17.157886,557.34
1485,2024-04-25 00:02:17.164444,552.64
1486,2024-04-25 00:22:17.154429,553.82
1487,2024-04-25 00:42:17.164992,552.66
1488,2024-04-25 01:02:16.952726,555.58
1489,2024-04-25 01:22:17.165148,556.45
1490,2024-04-25 01:42:17.162657,557.27
1491,2024-04-25 02:02:17.159260,558.51
1492,2024-04-25 02:22:17.162203,559.6
1493,2024-04-25 02:42:17.159978,559.48
1494,2024-04-25 03:02:17.163654,560.96
1495,2024-04-25 03:22:17.160675,562.91
1496,2024-04-25 03:42:17.164605,563.01
1497,2024-04-25 04:02:17.157921,562.78
1498,2024-04-25 04:22:17.156014,560.72
1499,2024-04-25 04:42:17.160178,563.28
1500,2024-04-25 05:02:17.162171,563.59
1501,2024-04-25 05:22:17.168194,562.6
1502,2024-04-25 05:42:17.168486,562.82
1503,2024-04-25 06:02:17.164129,562.34
1504,2024-04-25 06:22:17.162479,562.42
1505,2024-04-25 06:42:17.170530,563.02
1506,2024-04-25 07:02:17.159754,561.21
1507,2024-04-25 07:22:17.156896,557.95
1508,2024-04-25 07:42:17.164218,557.96
1509,2024-04-25 08:02:17.158248,554.68
1510,2024-04-25 08:22:17.157568,554.18
1511,2024-04-25 08:42:17.163829,550.74
1512,2024-04-25 09:02:17.157674,549.08
1513,2024-04-25 09:22:17.162616,547.06
1514,2024-04-25 18:42:17.154718,505.5
1515,2024-04-25 19:02:17.161461,503.48
1516,2024-04-25 19:22:17.163871,500.88
1517,2024-04-25 19:42:17.189650,503.31
1518,2024-04-25 20:02:17.158767,507.14
1519,2024-04-25 20:22:17.159278,504.86
1520,2024-04-25 20:42:17.185493,505.0
1521,2024-04-25 21:02:17.166635,499.98
1522,2024-04-25 21:22:17.154517,498.87
1523,2024-04-25 21:42:17.152659,501.12
1524,2024-04-25 22:02:17.166850,507.41
1525,2024-04-25 22:22:17.165856,506.42
1526,2024-04-25 22:42:17.159643,510.8
1527,2024-04-25 23:02:17.180236,513.22
1528,2024-04-25 23:22:17.173317,514.19
1529,2024-04-25 23:42:17.163416,514.36
1530,2024-04-26 00:02:17.160097,514.24
1531,2024-04-26 00:22:17.160825,512.5
1532,2024-04-26 00:42:17.180442,516.2
1533,2024-04-26 01:02:17.158400,516.33
1534,2024-04-26 01:22:17.168879,519.22
1535,2024-04-26 01:42:17.180787,521.0
1536,2024-04-26 02:02:17.161876,523.24
1537,2024-04-26 02:22:17.167067,523.72
1538,2024-04-26 02:42:17.172222,526.22
1539,2024-04-26 03:02:17.161212,529.73
1540,2024-04-26 03:22:17.157249,531.45
1541,2024-04-26 03:42:17.171907,535.38
1542,2024-04-26 04:02:17.169140,535.92
1543,2024-04-26 04:22:17.171280,539.32
1544,2024-04-26 04:42:17.156844,540.76
1545,2024-04-26 05:02:17.179341,544.92
1546,2024-04-26 05:22:17.151722,547.47
1547,2024-04-26 05:42:17.162252,549.78
1548,2024-04-26 06:02:17.171758,548.8
1549,2024-04-26 06:22:17.179837,551.46
1550,2024-04-26 06:42:17.164477,549.43
1551,2024-04-26 07:02:17.165188,553.14
1552,2024-04-26 07:22:17.157729,553.12
1553,2024-04-26 07:42:17.155296,553.0
1554,2024-04-26 08:02:17.161191,556.42
1555,2024-04-26 08:22:17.162772,556.88
1556,2024-04-26 08:42:17.162446,558.95
1557,2024-04-26 09:02:16.705500,557.18
1558,2024-04-26 09:22:17.180711,560.9
1559,2024-04-26 17:22:17.307456,505.31
1560,2024-04-26 17:42:17.152722,504.49
1561,2024-04-26 18:02:17.157361,508.31
1562,2024-04-26 18:22:17.169566,511.74
1563,2024-04-26 18:42:17.162880,512.8
1564,2024-04-26 19:02:17.159482,514.5
1565,2024-04-26 19:22:17.159505,514.21
1566,2024-04-26 19:42:17.162554,516.92
1567,2024-04-26 20:02:17.160086,517.08
1568,2024-04-26 20:22:17.157674,519.76
1569,2024-04-26 20:42:17.172330,517.84
1570,2024-04-26 21:02:17.164151,520.42
1571,2024-04-26 21:22:17.161727,521.16
1572,2024-04-26 21:42:16.864378,520.1
1573,2024-04-26 22:02:17.163388,521.18
1574,2024-04-26 22:22:17.157232,523.14
1575,2024-04-26 22:42:17.159629,525.44
1576,2024-04-26 23:02:17.160880,527.86
1577,2024-04-26 23:22:17.181934,530.02
1578,2024-04-26 23:42:17.166407,529.12
1579,2024-04-27 00:02:17.165999,528.8
1580,2024-04-27 00:22:17.161449,526.94
1581,2024-04-27 00:42:17.156316,526.35
1582,2024-04-27 01:02:17.152299,527.3
1583,2024-04-27 01:22:17.165354,526.69
1584,2024-04-27 01:42:17.165142,525.66
1585,2024-04-27 02:02:17.164687,524.14
1586,2024-04-27 02:22:17.144417,524.58
1587,2024-04-27 02:42:17.171192,527.54
1588,2024-04-27 03:02:17.157964,529.25
1589,2024-04-27 03:22:17.151936,530.07
1590,2024-04-27 03:42:17.161875,532.44
1591,2024-04-27 04:02:17.163223,533.7
1592,2024-04-27 04:22:17.163324,534.84
1593,2024-04-27 04:42:17.163244,537.08
1594,2024-04-27 05:02:17.159382,537.22
1595,2024-04-27 05:22:17.163027,540.46
1596,2024-04-27 05:42:17.165164,538.58
1597,2024-04-27 06:02:17.170538,540.48
1598,2024-04-27 06:22:17.167248,542.89
1599,2024-04-27 06:42:17.150033,542.11
1600,2024-04-27 07:02:17.160196,543.9
1601,2024-04-27 07:22:17.160875,543.7
1602,2024-04-27 07:42:17.154348,542.3
1603,2024-04-27 08:02:16.858294,539.26
1604,2024-04-27 08:22:17.167365,539.9
1605,2024-04-27 08:42:17.156144,535.58
1606,2024-04-27 09:02:17.164263,535.49
1607,2024-04-27 09:22:17.163710,536.7
1608,2024-04-27 09:42:17.156594,541.04
1609,2024-04-27 10:02:17.158705,542.33
1610,2024-04-27 18:02:17.162260,533.53
1611,2024-04-27 18:22:17.175942,530.32
1612,2024-04-27 18:42:17.163981,531.5
1613,2024-04-27 19:02:17.155115,530.32
1614,2024-04-27 19:22:17.155793,526.36
1615,2024-04-27 19:42:17.160398,520.26
1616,2024-04-27 20:02:17.165340,516.61
1617,2024-04-27 20:22:17.160197,516.84
1618,2024-04-27 20:42:17.160936,517.9
1619,2024-04-27 21:02:17.170374,517.94
1620,2024-04-27 21:22:17.161997,519.4
1621,2024-04-27 21:42:17.177256,517.42
1622,2024-04-27 22:02:17.165464,519.64
1623,2024-04-27 22:22:17.165879,518.92
1624,2024-04-27 22:42:17.161908,520.68
1625,2024-04-27 23:02:17.164647,522.36
1626,2024-04-27 23:22:17.160428,522.57
1627,2024-04-27 23:42:17.163234,527.26
1628,2024-04-28 00:02:17.160836,527.14
1629,2024-04-28 00:22:17.170780,531.56
1630,2024-04-28 00:42:17.162851,532.41
1631,2024-04-28 01:02:17.156259,535.64
1632,2024-04-28 01:22:17.154515,536.5
1633,2024-04-28 01:42:17.160072,536.06
1634,2024-04-28 02:02:17.160088,541.64
1635,2024-04-28 02:42:17.174596,544.12
1636,2024-04-28 03:02:17.158500,544.39
1637,2024-04-28 03:22:17.162563,546.72
1638,2024-04-28 03:42:17.182457,550.86
1639,2024-04-28 04:02:17.164783,551.64
1640,2024-04-28 04:22:17.152434,553.16
1641,2024-04-28 04:42:16.692542,553.5
1642,2024-04-28 05:02:17.167550,554.58
1643,2024-04-28 05:22:17.156011,555.2
1644,2024-04-28 05:42:17.148813,554.92
1645,2024-04-28 06:02:17.159489,558.76
1646,2024-04-28 06:22:17.158419,560.86
1647,2024-04-28 06:42:17.156040,562.36
1648,2024-04-28 07:02:16.795203,564.44
1649,2024-04-28 07:22:17.172960,565.06
1650,2024-04-28 07:42:17.168454,562.28
1651,2024-04-28 08:02:17.160519,566.89
1652,2024-04-28 08:22:17.165583,566.52
1653,2024-04-28 08:42:17.152141,567.15
1654,2024-04-28 09:02:17.174174,568.12
1655,2024-04-28 17:42:17.171690,574.03
1656,2024-04-28 18:02:17.157588,573.06
1657,2024-04-28 18:22:17.166979,572.44
1658,2024-04-28 18:42:17.157717,571.4
1659,2024-04-28 19:02:17.157638,571.07
1660,2024-04-28 19:22:17.174142,568.95
1661,2024-04-28 20:02:17.153994,559.36
1662,2024-04-28 20:22:17.157834,559.04
1663,2024-04-28 20:42:17.162316,555.37
1664,2024-04-28 21:02:17.170856,558.5
1665,2024-04-28 21:22:17.159987,557.95
1666,2024-04-28 21:42:17.160917,557.16
1667,2024-04-28 22:02:16.997916,558.86
1668,2024-04-28 22:22:17.172701,556.58
1669,2024-04-28 22:42:17.146130,555.52
1670,2024-04-28 23:02:17.153840,553.73
1671,2024-04-28 23:22:17.162734,554.56
1672,2024-04-28 23:42:17.181681,555.18
1673,2024-04-29 00:02:17.163944,556.84
1674,2024-04-29 00:22:17.157340,557.64
1675,2024-04-29 00:42:17.172856,560.21
1676,2024-04-29 01:02:17.162496,560.61
1677,2024-04-29 01:22:17.151071,559.76
1678,2024-04-29 01:42:17.181971,561.84
1679,2024-04-29 02:02:17.157259,563.65
1680,2024-04-29 02:22:17.166713,565.92
1681,2024-04-29 02:42:17.168641,568.71
1682,2024-04-29 03:02:17.161151,569.18
1683,2024-04-29 03:22:17.156047,568.02
1684,2024-04-29 03:42:17.157760,570.94
1685,2024-04-29 04:02:17.169060,572.86
1686,2024-04-29 04:22:17.164515,571.81
1687,2024-04-29 04:42:17.160405,571.96
1688,2024-04-29 05:02:17.166498,572.1
1689,2024-04-29 05:22:17.157602,572.5
1690,2024-04-29 05:42:17.161390,572.73
1691,2024-04-29 06:02:16.979635,573.47
1692,2024-04-29 06:22:17.160194,573.9
1693,2024-04-29 06:42:17.167240,572.68
1694,2024-04-29 07:02:17.155097,575.08
1695,2024-04-29 07:22:17.164573,574.82
1696,2024-04-29 07:42:17.163105,573.8
1697,2024-04-29 08:02:17.159603,575.53
1698,2024-04-29 08:22:17.158417,575.44
1699,2024-04-29 08:42:17.172324,574.72
1700,2024-04-29 09:02:17.164922,576.66
1701,2024-04-29 09:22:17.158856,577.45
1702,2024-04-29 09:42:17.158693,576.76
1703,2024-04-29 10:02:17.165281,579.3
1704,2024-04-29 10:22:17.162547,580.86
1705,2024-04-29 10:42:17.173077,578.26
1706,2024-04-29 16:42:17.167715,569.06
1707,2024-04-29 17:02:17.159919,565.17
1708,2024-04-29 17:22:17.157685,564.16
1709,2024-04-29 17:42:17.167765,563.54
1710,2024-04-29 18:02:17.153985,559.12
1711,2024-04-29 18:22:17.161544,553.32
1712,2024-04-29 18:42:17.193301,552.46
1713,2024-04-29 19:02:17.163108,547.01
1714,2024-04-29 19:22:17.159169,542.5
1715,2024-04-29 19:42:17.161732,537.62
1716,2024-04-29 20:02:17.166732,535.52
1717,2024-04-29 20:22:17.171913,534.35
1718,2024-04-29 20:42:17.158268,529.06
1719,2024-04-29 21:22:17.159182,529.46
1720,2024-04-29 21:42:17.160241,526.18
1721,2024-04-29 22:02:17.153623,526.3
1722,2024-04-29 22:22:17.175209,526.1
1723,2024-04-29 22:42:17.160510,524.1
1724,2024-04-29 23:02:17.163436,525.84
1725,2024-04-29 23:22:17.177489,527.82
1726,2024-04-29 23:42:17.161407,527.01
1727,2024-04-30 00:02:17.163463,530.87
1728,2024-04-30 00:22:16.997533,533.97
1729,2024-04-30 00:42:17.166370,540.26
1730,2024-04-30 01:02:17.168464,541.98
1731,2024-04-30 01:22:17.165647,543.66
1732,2024-04-30 01:42:17.160778,548.73
1733,2024-04-30 02:02:17.164032,550.74
1734,2024-04-30 02:22:17.151506,551.89
1735,2024-04-30 02:42:17.156764,553.64
1736,2024-04-30 03:02:17.165347,554.06
1737,2024-04-30 03:22:17.155381,557.49
1738,2024-04-30 03:42:17.161933,559.02
1739,2024-04-30 04:02:17.159691,560.38
1740,2024-04-30 04:22:17.159571,561.64
1741,2024-04-30 04:42:17.152467,562.9
1742,2024-04-30 05:02:17.162011,563.4
1743,2024-04-30 05:22:17.161791,565.98
1744,2024-04-30 05:42:17.162062,565.59
1745,2024-04-30 06:02:17.162221,568.24
1746,2024-04-30 06:22:17.163383,567.78
1747,2024-04-30 06:42:17.163416,567.66
1748,2024-04-30 07:02:17.160527,566.12
1749,2024-04-30 07:22:17.163427,569.08
1750,2024-04-30 07:42:17.163708,567.28
1751,2024-04-30 08:02:17.166719,567.62
1752,2024-04-30 08:22:17.156445,568.78
1753,2024-04-30 08:42:17.159473,569.68
1754,2024-04-30 09:02:17.168959,570.83
1755,2024-04-30 09:22:17.161759,569.62
1756,2024-04-30 09:42:17.166060,571.48
1757,2024-04-30 10:02:17.159617,573.16
1758,2024-04-30 10:22:17.161915,573.16
1759,2024-04-30 10:42:17.161333,572.36
1760,2024-04-30 11:02:17.156152,574.18
1761,2024-04-30 11:22:17.159969,573.18
1762,2024-04-30 11:42:17.160071,572.98
1763,2024-04-30 12:02:17.171279,573.78
1764,2024-04-30 12:22:17.164540,571.16
1765,2024-04-30 12:42:17.161275,573.1
1766,2024-04-30 13:02:17.152530,570.86
1767,2024-04-30 13:22:17.166019,568.76
1768,2024-04-30 13:42:17.158680,566.24
1769,2024-04-30 14:02:17.155764,560.56
1770,2024-04-30 14:22:17.165079,555.43
1771,2024-04-30 14:42:17.162341,550.53
1772,2024-04-30 15:02:17.163443,543.97
1773,2024-04-30 15:22:17.164163,538.44
1774,2024-04-30 15:42:17.159866,534.82
1775,2024-04-30 16:02:17.183642,527.77
1776,2024-04-30 16:22:17.167945,525.97
1777,2024-04-30 16:42:17.171575,522.53
1778,2024-04-30 17:02:17.162313,520.1
1779,2024-04-30 17:22:17.157384,518.34
1780,2024-04-30 17:42:17.158421,513.9
1781,2024-04-30 18:02:17.167700,508.88
1782,2024-04-30 18:22:17.162028,507.1
1783,2024-04-30 18:42:17.157885,502.9
1784,2024-04-30 19:02:17.163503,494.82
1785,2024-04-30 19:22:17.154820,491.8
1786,2024-04-30 19:42:17.158953,490.4
1787,2024-04-30 20:02:17.166581,492.77
1788,2024-04-30 20:22:17.184198,493.43
1789,2024-04-30 20:42:17.162470,496.14
1790,2024-04-30 21:02:17.167461,499.32
1791,2024-04-30 21:22:17.170683,505.57
1792,2024-04-30 21:42:17.157687,505.86
1793,2024-04-30 22:02:17.164886,508.63
1794,2024-04-30 22:22:17.163823,511.02
1795,2024-04-30 22:42:17.172223,512.2
1796,2024-04-30 23:02:17.164768,514.68
1797,2024-04-30 23:22:16.884112,512.63
1798,2024-04-30 23:42:17.160766,512.54
1799,2024-05-01 00:02:17.158053,515.72
1800,2024-05-01 00:22:17.149037,517.94
1801,2024-05-01 00:42:17.187486,521.16
1802,2024-05-01 01:02:17.167320,520.37
1803,2024-05-01 01:22:17.151829,523.61
1804,2024-05-01 01:42:17.154774,525.64
1805,2024-05-01 02:02:17.170707,527.88
1806,2024-05-01 02:22:17.175801,530.28
1807,2024-05-01 03:02:17.166517,536.08
1808,2024-05-01 03:22:17.159102,536.63
1809,2024-05-01 03:42:17.164705,537.96
1810,2024-05-01 04:02:17.158610,538.66
1811,2024-05-01 04:22:17.156642,539.32
1812,2024-05-01 04:42:17.163643,541.38
1813,2024-05-01 05:02:17.165099,541.13
1814,2024-05-01 05:22:17.162378,541.3
1815,2024-05-01 05:42:17.479736,543.26
1816,2024-05-01 06:02:17.165213,545.12
1817,2024-05-01 06:22:17.163321,547.24
1818,2024-05-01 06:42:17.165259,546.24
1819,2024-05-01 07:22:17.157343,551.42
1820,2024-05-01 07:42:17.164043,554.5
1821,2024-05-01 08:02:17.159742,557.34
1822,2024-05-01 08:22:17.157304,556.75
1823,2024-05-01 08:42:17.175877,559.99
1824,2024-05-01 09:02:17.164857,559.66
1825,2024-05-01 09:22:17.165631,560.48
1826,2024-05-01 09:42:17.152442,560.26
1827,2024-05-01 10:02:17.159608,560.89
1828,2024-05-01 10:22:17.158407,559.38
1829,2024-05-01 10:42:17.158203,560.3
1830,2024-05-01 11:02:17.162243,560.26
1831,2024-05-01 11:22:17.160844,561.3
1832,2024-05-01 11:42:17.155229,558.68
1833,2024-05-01 12:02:16.704198,558.78
1834,2024-05-01 12:22:17.153475,561.91
1835,2024-05-01 12:42:17.166081,561.5
1836,2024-05-01 13:02:17.157376,562.78
1837,2024-05-01 13:22:17.166764,560.4
1838,2024-05-01 13:42:17.163222,560.81
1839,2024-05-01 14:02:17.159715,559.89
1840,2024-05-01 14:22:17.164588,558.87
1841,2024-05-01 14:42:17.157454,554.04
1842,2024-05-01 15:02:17.159913,553.7
1843,2024-05-01 15:22:17.153503,548.64
1844,2024-05-01 15:42:17.162733,545.58
1845,2024-05-01 16:02:17.164182,542.46
1846,2024-05-01 16:22:17.164494,540.98
1847,2024-05-01 16:42:17.168019,538.5
1848,2024-05-01 17:02:17.161388,536.8
1849,2024-05-01 17:22:17.157850,535.47
1850,2024-05-01 17:42:17.158831,532.25
1851,2024-05-01 18:02:17.160865,527.9
1852,2024-05-01 18:22:17.162579,529.7
1853,2024-05-01 18:42:17.159046,527.98
1854,2024-05-01 19:02:17.162489,529.07
1855,2024-05-01 19:22:17.166694,529.42
1856,2024-05-01 19:42:17.162364,529.71
1857,2024-05-01 20:02:17.160563,527.24
1858,2024-05-01 20:22:17.158521,526.24
1859,2024-05-01 20:42:17.154714,525.59
1860,2024-05-01 21:02:17.161421,525.06
1861,2024-05-01 21:22:17.167020,526.57
1862,2024-05-01 21:42:17.166755,528.38
1863,2024-05-01 22:02:17.166694,529.04
1864,2024-05-01 22:22:16.798005,532.2
1865,2024-05-01 22:42:17.162453,528.94
1866,2024-05-01 23:02:17.161605,530.69
1867,2024-05-01 23:22:17.164090,530.18
1868,2024-05-01 23:42:17.162391,530.1
1869,2024-05-02 00:02:17.156745,529.76
1870,2024-05-02 00:22:17.153619,530.32
1871,2024-05-02 00:42:17.155576,531.83
1872,2024-05-02 01:02:17.155831,534.54
1873,2024-05-02 01:22:17.163565,536.02
1874,2024-05-02 01:42:17.154756,538.7
1875,2024-05-02 02:02:17.163117,540.01
1876,2024-05-02 02:22:17.161146,542.04
1877,2024-05-02 02:42:17.160620,545.68
1878,2024-05-02 03:02:16.984744,547.57
1879,2024-05-02 03:22:17.162154,548.98
1880,2024-05-02 03:42:17.162665,549.72
1881,2024-05-02 04:02:17.160322,552.17
1882,2024-05-02 17:22:17.153857,567.52
1883,2024-05-02 17:42:17.162769,570.92
1884,2024-05-02 18:02:17.159333,572.84
1885,2024-05-02 18:22:17.161541,571.39
1886,2024-05-02 18:42:17.164088,571.13
1887,2024-05-02 19:02:17.162013,567.79
1888,2024-05-02 19:22:17.159161,567.6
1889,2024-05-02 19:42:17.152277,566.92
1890,2024-05-02 20:02:17.188217,565.93
1891,2024-05-02 20:22:17.155577,569.88
1892,2024-05-02 20:42:17.175024,568.05
1893,2024-05-02 21:02:17.156026,568.96
1894,2024-05-02 21:22:17.162809,571.34
1895,2024-05-02 21:42:17.156032,570.84
1896,2024-05-02 22:02:17.155985,572.12
1897,2024-05-02 22:22:17.154959,572.34
1898,2024-05-02 22:42:16.752540,574.39
1899,2024-05-02 23:02:17.180369,575.82
1900,2024-05-02 23:22:17.178537,576.8
1901,2024-05-02 23:42:17.199177,577.62
1902,2024-05-03 00:02:17.160441,580.43
1903,2024-05-03 00:22:17.167392,579.27
1904,2024-05-03 00:42:17.159922,579.52
1905,2024-05-03 01:02:17.159805,579.4
1906,2024-05-03 01:22:17.164661,578.63
1907,2024-05-03 01:42:17.165295,581.76
1908,2024-05-03 02:02:17.161179,582.84
1909,2024-05-03 02:22:17.172655,582.78
1910,2024-05-03 02:42:17.169958,584.22
1911,2024-05-03 03:02:17.160083,584.06
1912,2024-05-03 03:22:17.163937,584.95
1913,2024-05-03 03:42:17.162063,584.1
1914,2024-05-03 04:02:17.163591,586.72
1915,2024-05-03 04:22:17.152979,586.14
1916,2024-05-03 04:42:17.167571,586.98
1917,2024-05-03 05:02:17.160639,587.39
1918,2024-05-03 05:22:17.152780,587.95
1919,2024-05-03 05:42:17.163963,588.34
1920,2024-05-03 06:02:17.162082,588.36
1921,2024-05-03 06:22:17.162738,589.5
1922,2024-05-03 06:42:17.162512,590.16
1923,2024-05-03 07:02:17.158077,588.63
1924,2024-05-03 07:22:17.153725,589.16
1925,2024-05-03 07:42:17.166056,589.98
1926,2024-05-03 08:02:17.155736,588.56
1927,2024-05-03 08:22:17.159384,589.38
1928,2024-05-03 08:42:17.161130,590.14
1929,2024-05-03 09:02:17.164032,593.97
1930,2024-05-03 09:42:17.162362,592.3
1931,2024-05-03 10:02:17.169039,591.4
1932,2024-05-03 10:22:17.169317,593.93
1933,2024-05-03 18:02:17.161892,566.84
1934,2024-05-03 18:22:17.164578,566.0
1935,2024-05-03 18:42:17.164421,560.06
1936,2024-05-03 19:02:17.156609,562.02
1937,2024-05-03 19:22:17.152810,558.17
1938,2024-05-03 19:42:17.168731,556.99
1939,2024-05-03 20:02:17.157288,554.44
1940,2024-05-03 20:22:17.158674,549.74
1941,2024-05-03 20:42:17.153516,548.82
1942,2024-05-03 21:02:17.151007,551.26
1943,2024-05-03 21:22:17.169123,552.01
1944,2024-05-03 21:42:17.159665,554.85
1945,2024-05-03 22:02:17.163237,553.2
1946,2024-05-03 22:22:17.169739,553.06
1947,2024-05-03 22:42:17.165076,555.48
1948,2024-05-03 23:02:17.159883,556.55
1949,2024-05-03 23:22:17.153852,558.03
1950,2024-05-03 23:42:17.158681,559.46
1951,2024-05-04 00:02:17.162212,562.38
1952,2024-05-04 00:22:17.162946,566.7
1953,2024-05-04 00:42:17.171864,566.48
1954,2024-05-04 01:02:17.161234,567.75
1955,2024-05-04 01:22:17.160475,566.8
1956,2024-05-04 01:42:17.155505,566.6
1957,2024-05-04 02:02:17.164805,568.04
1958,2024-05-04 02:22:17.163284,568.13
1959,2024-05-04 02:42:17.163235,569.23
1960,2024-05-04 03:02:17.145816,570.47
1961,2024-05-04 03:22:17.158351,573.12
1962,2024-05-04 03:42:17.164184,574.28
1963,2024-05-04 04:02:17.157537,574.78
1964,2024-05-04 04:22:17.161805,576.67
1965,2024-05-04 04:42:17.160614,579.54
1966,2024-05-04 05:02:17.161889,583.7
1967,2024-05-04 05:22:17.162880,584.7
1968,2024-05-04 05:42:17.154825,586.16
1969,2024-05-04 06:02:17.157768,589.06
1970,2024-05-04 06:22:17.156411,591.31
1971,2024-05-04 06:42:17.160726,588.8
1972,2024-05-04 07:02:17.164138,589.72
1973,2024-05-04 07:22:17.178949,592.12
1974,2024-05-04 07:42:17.147218,593.76
1975,2024-05-04 08:02:17.189593,591.78
1976,2024-05-04 08:22:17.176877,592.23
1977,2024-05-04 08:42:17.173172,593.1
1978,2024-05-04 09:02:17.164746,595.7
1979,2024-05-04 09:22:17.162349,595.38
1980,2024-05-04 09:42:17.162521,592.71
1981,2024-05-04 10:02:17.162744,594.03
1982,2024-05-04 10:22:16.792159,596.14
1983,2024-05-04 10:42:17.169928,599.52
1984,2024-05-04 11:02:17.154494,597.1
1985,2024-05-04 11:22:17.167377,598.9
1986,2024-05-04 11:42:17.159451,597.48
1987,2024-05-04 12:02:17.158036,598.32
1988,2024-05-04 12:22:17.156734,600.34
1989,2024-05-04 12:42:17.164356,601.28
1990,2024-05-04 13:02:17.158820,600.04
1991,2024-05-04 13:22:17.167344,602.39
1992,2024-05-04 13:42:17.154122,601.01
1993,2024-05-04 14:02:17.144581,603.34
1994,2024-05-04 14:22:17.189780,602.18
1995,2024-05-04 14:42:17.152254,600.76
1996,2024-05-04 15:02:17.161253,602.18
1997,2024-05-04 15:22:17.162247,603.58
1998,2024-05-04 15:42:17.161330,600.89
1999,2024-05-04 16:02:17.173024,603.48
2000,2024-05-04 16:22:17.161132,599.76
2001,2024-05-04 17:02:17.160675,596.35
2002,2024-05-04 17:22:17.161035,593.36
2003,2024-05-04 17:42:17.158177,592.02
2004,2024-05-04 18:02:17.147818,590.02
2005,2024-05-04 18:22:17.150705,588.44
2006,2024-05-04 18:42:17.159914,587.49
2007,2024-05-04 19:02:17.160020,588.44
2008,2024-05-04 19:22:17.159213,586.88
2009,2024-05-04 19:42:17.163121,584.72
2010,2024-05-04 20:02:17.159806,583.56
2011,2024-05-04 20:22:17.160379,587.02
2012,2024-05-04 20:42:17.162657,586.14
2013,2024-05-04 21:02:17.158744,586.86
2014,2024-05-04 21:22:17.160391,584.06
2015,2024-05-04 21:42:17.161127,583.44
2016,2024-05-04 22:02:17.163796,586.38
2017,2024-05-04 22:22:17.158232,585.83
2018,2024-05-04 22:42:17.156500,584.71
2019,2024-05-04 23:02:16.885055,584.95
2020,2024-05-04 23:22:17.158725,586.5
2021,2024-05-04 23:42:17.161992,586.4
2022,2024-05-05 00:02:17.165693,590.28
2023,2024-05-05 00:22:17.173195,590.57
2024,2024-05-05 00:42:17.163394,593.42
2025,2024-05-05 01:02:17.158842,592.9
2026,2024-05-05 01:22:17.162664,593.74
2027,2024-05-05 01:42:17.165319,598.72
2028,2024-05-05 02:02:17.165940,597.76
2029,2024-05-05 02:22:17.162037,596.81
2030,2024-05-05 19:02:17.166202,597.02
2031,2024-05-05 19:22:17.156359,594.08
2032,2024-05-05 19:42:17.158312,592.95
2033,2024-05-05 20:02:17.154075,594.94
2034,2024-05-05 20:22:17.164069,595.98
2035,2024-05-05 20:42:17.162194,598.28
2036,2024-05-05 21:02:17.160069,596.96
2037,2024-05-05 21:22:17.177389,599.32
2038,2024-05-05 21:42:17.160270,600.91
2039,2024-05-05 22:02:17.162221,608.06
2040,2024-05-05 22:22:17.160542,605.4
2041,2024-05-05 22:42:17.166103,607.26
2042,2024-05-05 23:02:17.155154,607.22
2043,2024-05-05 23:22:17.157474,610.13
2044,2024-05-05 23:42:17.147207,608.63
2045,2024-05-06 00:02:17.165241,610.94
2046,2024-05-06 00:22:17.171223,612.56
2047,2024-05-06 00:42:17.158910,614.14
2048,2024-05-06 01:02:17.159502,612.64
2049,2024-05-06 01:22:17.157186,613.0
2050,2024-05-06 01:42:17.170278,611.3
2051,2024-05-06 02:02:17.178490,615.26
2052,2024-05-06 02:22:17.163541,613.36
2053,2024-05-06 02:42:17.156022,612.88
2054,2024-05-06 03:02:17.162387,614.97
2055,2024-05-06 03:22:17.157661,613.62
2056,2024-05-06 03:42:17.161640,614.46
2057,2024-05-06 04:02:17.155020,615.18
2058,2024-05-06 04:22:17.166090,617.11
2059,2024-05-06 04:42:17.161910,618.24
2060,2024-05-06 05:02:17.160649,618.19
2061,2024-05-06 05:22:17.160211,616.2
2062,2024-05-06 05:42:17.164559,618.64
2063,2024-05-06 06:02:16.718022,616.18
2064,2024-05-06 06:22:17.180980,617.8
2065,2024-05-06 06:42:17.158246,617.08
2066,2024-05-06 07:02:17.185934,616.54
2067,2024-05-06 07:22:17.155073,618.26
2068,2024-05-06 07:42:17.167845,616.78
2069,2024-05-06 08:02:17.164454,617.47
2070,2024-05-06 08:22:16.760210,618.11
2071,2024-05-06 08:42:17.176908,617.96
2072,2024-05-06 09:02:17.152977,620.64
2073,2024-05-06 18:02:17.165284,608.1
2074,2024-05-06 18:22:17.163403,607.56
2075,2024-05-06 18:42:17.156493,607.8
2076,2024-05-06 19:02:17.160010,606.97
2077,2024-05-06 19:22:17.168641,606.04
2078,2024-05-06 19:42:17.163548,608.66
2079,2024-05-06 20:02:17.166349,609.46
2080,2024-05-06 20:22:17.162834,610.42
2081,2024-05-06 20:42:17.154068,608.02
2082,2024-05-06 21:02:17.156615,607.73
2083,2024-05-06 21:22:17.161000,608.0
2084,2024-05-06 21:42:17.161778,604.76
2085,2024-05-06 22:02:17.164966,604.12
2086,2024-05-06 22:22:17.180884,604.7
2087,2024-05-06 22:42:17.165603,604.66
2088,2024-05-06 23:02:17.165965,601.18
2089,2024-05-06 23:22:16.901457,597.68
2090,2024-05-06 23:42:17.164790,600.58
2091,2024-05-07 00:02:17.162007,596.82
2092,2024-05-07 00:22:17.164275,596.12
2093,2024-05-07 00:42:17.155706,593.81
2094,2024-05-07 01:02:17.166599,596.1
2095,2024-05-07 01:22:17.159511,594.92
2096,2024-05-07 01:42:17.156752,598.68
2097,2024-05-07 02:02:17.161181,598.43
2098,2024-05-07 02:22:17.156387,599.77
2099,2024-05-07 02:42:17.164594,601.59
2100,2024-05-07 03:02:17.158700,602.64
2101,2024-05-07 03:22:17.163680,602.92
2102,2024-05-07 03:42:17.156678,604.07
2103,2024-05-07 04:02:17.160808,606.54
2104,2024-05-07 04:22:17.163965,601.73
2105,2024-05-07 04:42:17.163788,601.2
2106,2024-05-07 05:02:17.156703,593.98
2107,2024-05-07 05:22:17.166444,588.64
2108,2024-05-07 05:42:17.158059,584.47
2109,2024-05-07 06:02:17.160536,585.06
2110,2024-05-07 06:22:17.159973,586.4
2111,2024-05-07 06:42:17.162672,584.96
2112,2024-05-07 07:02:17.152778,585.64
2113,2024-05-07 07:22:17.163505,584.9
2114,2024-05-07 07:42:17.155368,584.1
2115,2024-05-07 08:02:17.157727,584.53
2116,2024-05-07 08:22:17.159706,583.48
2117,2024-05-07 08:42:17.163695,581.84
2118,2024-05-07 17:22:17.161053,548.4
2119,2024-05-07 17:42:17.172004,546.06
2120,2024-05-07 18:02:17.164994,543.13
2121,2024-05-07 18:22:17.152540,540.73
2122,2024-05-07 18:42:17.156285,532.78
2123,2024-05-07 19:02:17.154691,528.2
2124,2024-05-07 19:22:17.167339,530.1
2125,2024-05-07 19:42:17.172384,529.42
2126,2024-05-07 20:02:17.163174,528.59
2127,2024-05-07 20:22:17.155610,527.99
2128,2024-05-07 20:42:17.156975,524.96
2129,2024-05-07 21:02:17.152960,523.96
2130,2024-05-07 21:22:16.834048,524.52
2131,2024-05-07 21:42:17.166494,524.24
2132,2024-05-07 22:02:17.162585,521.41
2133,2024-05-07 22:22:17.160032,524.36
2134,2024-05-07 22:42:17.163834,527.06
2135,2024-05-07 23:02:17.156545,527.58
2136,2024-05-07 23:22:17.152465,527.16
2137,2024-05-07 23:42:17.158846,527.01
2138,2024-05-08 00:02:17.161149,526.61
2139,2024-05-08 00:22:17.152835,528.74
2140,2024-05-08 00:42:17.156004,529.56
2141,2024-05-08 01:02:17.156552,531.94
2142,2024-05-08 01:22:17.160099,533.86
2143,2024-05-08 01:42:17.173438,539.11
2144,2024-05-08 02:02:17.176233,546.37
2145,2024-05-08 02:22:17.168617,547.88
2146,2024-05-08 02:42:17.153764,550.32
2147,2024-05-08 03:02:17.158232,549.9
2148,2024-05-08 03:22:17.162254,552.27
2149,2024-05-08 03:42:17.161534,554.1
2150,2024-05-08 04:02:17.166555,553.86
2151,2024-05-08 04:22:17.169311,556.02
2152,2024-05-08 04:42:17.163115,554.08
2153,2024-05-08 05:02:17.163238,552.99
2154,2024-05-08 05:22:17.158205,549.75
2155,2024-05-08 05:42:17.163397,547.45
2156,2024-05-08 06:02:17.165358,551.84
2157,2024-05-08 06:22:17.168676,552.92
2158,2024-05-08 06:42:17.161918,554.32
2159,2024-05-08 07:02:17.159330,557.85
2160,2024-05-08 07:22:17.157864,555.92
2161,2024-05-08 07:42:17.158321,558.98
2162,2024-05-08 08:02:17.163453,559.3
2163,2024-05-08 08:22:17.159598,559.6
2164,2024-05-08 08:42:17.154023,561.52
2165,2024-05-08 09:02:17.158384,562.7
2166,2024-05-08 09:22:17.164290,564.7
2167,2024-05-08 09:42:17.151894,566.92
2168,2024-05-08 10:02:17.058745,568.24
2169,2024-05-08 10:22:17.167360,571.42
2170,2024-05-08 10:42:17.170855,572.74
2171,2024-05-08 23:42:17.153239,567.86
2172,2024-05-09 13:22:17.159944,564.78
2173,2024-05-09 13:42:17.167625,558.0
2174,2024-05-09 14:02:17.160915,553.4
2175,2024-05-09 14:22:17.160530,545.54
2176,2024-05-09 14:42:16.720871,541.97
2177,2024-05-09 15:02:17.156887,537.32
2178,2024-05-09 15:22:17.173597,535.77
2179,2024-05-09 15:42:17.160896,530.97
2180,2024-05-09 16:02:17.172128,527.3
2181,2024-05-09 16:22:17.159696,526.34
2182,2024-05-09 16:42:17.165922,522.4
2183,2024-05-09 17:02:16.864911,514.6
2184,2024-05-09 17:22:17.189563,511.22
2185,2024-05-09 17:42:17.163935,509.33
2186,2024-05-09 18:02:17.164764,508.7
2187,2024-05-09 18:22:17.161541,503.64
2188,2024-05-09 18:42:17.165795,496.62
2189,2024-05-09 19:02:17.154935,493.85
2190,2024-05-09 19:22:16.993365,494.32
2191,2024-05-09 19:42:17.169453,496.75
2192,2024-05-09 20:02:17.160453,500.68
2193,2024-05-09 20:22:17.170923,506.04
2194,2024-05-09 20:42:17.163239,508.89
2195,2024-05-09 21:02:17.170459,511.53
2196,2024-05-09 21:22:17.161250,512.75
2197,2024-05-09 21:42:17.171990,516.76
2198,2024-05-09 22:02:17.161445,517.46
2199,2024-05-09 22:22:17.163088,518.44
2200,2024-05-09 22:42:17.182088,518.24
2201,2024-05-09 23:02:17.177413,518.24
2202,2024-05-09 23:22:17.144544,520.39
2203,2024-05-09 23:42:17.155003,520.74
2204,2024-05-10 00:02:17.174386,522.68
2205,2024-05-10 00:22:17.165540,526.26
2206,2024-05-10 00:42:17.178192,526.08
2207,2024-05-10 01:02:17.164629,528.35
2208,2024-05-10 01:22:17.155578,528.2
2209,2024-05-10 01:42:17.162837,530.28
2210,2024-05-10 02:02:17.169392,530.34
2211,2024-05-10 02:22:17.168098,534.2
2212,2024-05-10 02:42:17.161792,537.45
2213,2024-05-10 03:02:17.167474,537.1
2214,2024-05-10 03:22:17.163940,540.18
2215,2024-05-10 03:42:17.156096,542.64
2216,2024-05-10 04:02:17.158609,546.68
2217,2024-05-10 04:22:17.170982,547.7
2218,2024-05-10 04:42:17.162344,548.03
2219,2024-05-10 05:02:17.178314,550.32
2220,2024-05-10 05:22:17.161594,551.44
2221,2024-05-10 05:42:17.154025,553.36
2222,2024-05-10 06:02:17.167430,554.51
2223,2024-05-10 06:22:17.160988,552.65
2224,2024-05-10 06:42:17.160257,555.02
2225,2024-05-10 07:02:17.168343,552.9
2226,2024-05-10 07:22:17.165002,554.44
2227,2024-05-10 07:42:17.156471,555.29
2228,2024-05-10 08:02:17.162904,558.16
2229,2024-05-10 08:22:17.169668,558.79
2230,2024-05-10 08:42:17.157764,558.86
2231,2024-05-10 09:02:17.160072,557.18
2232,2024-05-10 09:22:17.170572,558.45
2233,2024-05-10 09:42:17.154731,558.64
2234,2024-05-10 10:02:17.153272,558.86
2235,2024-05-10 10:22:16.895694,557.11
2236,2024-05-10 10:42:17.162853,557.02
2237,2024-05-10 11:02:17.165904,555.44
2238,2024-05-10 11:22:17.157438,558.31
2239,2024-05-10 11:42:17.154237,559.29
2240,2024-05-10 12:02:17.164975,559.15
2241,2024-05-10 12:22:17.156777,563.64
2242,2024-05-10 12:42:17.165194,558.88
2243,2024-05-10 13:02:17.161222,556.21
2244,2024-05-10 13:22:17.159779,553.17
2245,2024-05-10 13:42:17.163221,552.36
2246,2024-05-10 14:02:17.159394,549.12
2247,2024-05-10 14:22:17.165216,543.8
2248,2024-05-10 14:42:17.163190,541.44
2249,2024-05-10 15:02:17.168212,534.94
2250,2024-05-10 15:22:17.162694,532.66
2251,2024-05-10 15:42:17.161336,524.04
2252,2024-05-10 16:02:17.154308,522.38
2253,2024-05-10 16:22:17.159904,522.46
2254,2024-05-10 16:42:17.164691,516.91
2255,2024-05-10 17:02:17.164692,511.05
2256,2024-05-10 17:22:17.163251,509.2
2257,2024-05-10 17:42:17.166359,508.3
2258,2024-05-10 18:02:17.160951,509.44
2259,2024-05-10 18:22:17.152268,509.76
2260,2024-05-10 18:42:17.163284,510.7
2261,2024-05-10 19:02:17.163700,508.36
2262,2024-05-10 19:22:17.170146,505.86
2263,2024-05-10 19:42:17.160125,507.54
2264,2024-05-10 20:02:17.161917,508.06
2265,2024-05-10 20:22:17.164529,509.99
2266,2024-05-10 20:42:17.159780,509.26
2267,2024-05-10 21:02:17.157977,511.06
2268,2024-05-10 21:22:17.161765,512.38
2269,2024-05-10 21:42:17.159821,510.4
2270,2024-05-10 22:02:17.162098,514.34
2271,2024-05-10 22:22:17.155737,514.69
2272,2024-05-10 22:42:17.154131,516.45
2273,2024-05-10 23:02:16.970456,515.7
2274,2024-05-10 23:22:17.167974,517.64
2275,2024-05-10 23:42:17.162651,518.08
2276,2024-05-11 00:02:17.159222,522.07
2277,2024-05-11 00:22:17.160616,521.58
2278,2024-05-11 00:42:17.156225,524.52
2279,2024-05-11 01:02:17.156895,527.3
2280,2024-05-11 01:42:17.155191,532.31
2281,2024-05-11 02:02:17.163271,533.42
2282,2024-05-11 02:22:17.157218,534.09
2283,2024-05-11 02:42:17.165791,535.66
2284,2024-05-11 03:02:17.169505,539.12
2285,2024-05-11 03:22:17.160815,541.61
2286,2024-05-11 03:42:17.163409,539.8
2287,2024-05-11 04:02:17.164325,541.91
2288,2024-05-11 04:22:17.169515,545.06
2289,2024-05-11 04:42:17.163751,550.02
2290,2024-05-11 05:02:17.157877,553.58
2291,2024-05-11 05:22:17.164571,554.82
2292,2024-05-11 05:42:17.158067,556.58
2293,2024-05-11 06:02:17.165881,557.32
2294,2024-05-11 06:22:17.166710,555.66
2295,2024-05-11 06:42:17.155102,556.64
2296,2024-05-11 07:02:17.170283,551.85
2297,2024-05-11 07:22:17.160888,553.92
2298,2024-05-11 07:42:17.168148,556.41
2299,2024-05-11 08:02:17.169346,556.86
2300,2024-05-11 08:22:17.169082,558.5
2301,2024-05-11 08:42:17.155789,560.56
2302,2024-05-11 09:02:17.156600,560.95
2303,2024-05-11 09:22:17.155830,562.66
2304,2024-05-11 19:22:17.175089,530.9
2305,2024-05-11 19:42:17.155420,528.14
2306,2024-05-11 20:02:17.161126,526.33
2307,2024-05-11 20:22:17.160505,527.74
2308,2024-05-11 20:42:17.161859,530.66
2309,2024-05-11 21:02:17.161731,530.94
2310,2024-05-11 21:22:17.155261,531.51
2311,2024-05-11 21:42:17.160598,534.29
2312,2024-05-11 22:02:16.676676,533.07
2313,2024-05-11 22:22:17.175682,535.16
2314,2024-05-11 22:42:17.153564,537.86
2315,2024-05-11 23:02:17.157240,542.08
2316,2024-05-11 23:22:17.161422,549.75
2317,2024-05-11 23:42:17.149520,555.35
2318,2024-05-12 00:02:17.164997,560.3
2319,2024-05-12 00:22:17.153436,567.02
2320,2024-05-12 00:42:17.160591,570.5
2321,2024-05-12 01:02:17.164433,574.58
2322,2024-05-12 01:22:17.168059,579.01
2323,2024-05-12 01:42:17.163972,579.45
2324,2024-05-12 02:02:17.161301,581.44
2325,2024-05-12 02:22:17.164419,583.1
2326,2024-05-12 02:42:16.892726,585.7
2327,2024-05-12 03:02:17.175122,587.53
2328,2024-05-12 03:22:17.161715,588.14
2329,2024-05-12 03:42:17.165255,588.36
2330,2024-05-12 04:02:17.159244,588.78
2331,2024-05-12 04:22:17.159177,589.7
2332,2024-05-12 04:42:17.158009,588.51
2333,2024-05-12 05:02:17.150164,587.19
2334,2024-05-12 05:22:17.167991,590.29
2335,2024-05-12 05:42:17.165868,588.96
2336,2024-05-12 06:02:17.155992,589.82
2337,2024-05-12 06:22:17.163561,589.98
2338,2024-05-12 06:42:17.148045,588.16
2339,2024-05-12 07:02:17.171725,586.84
2340,2024-05-12 07:22:16.876112,585.71
2341,2024-05-12 08:02:17.155566,581.08
2342,2024-05-12 08:22:17.158282,580.06
2343,2024-05-12 08:42:17.171884,578.71
2344,2024-05-12 09:02:17.162359,578.52
2345,2024-05-12 09:22:17.163609,579.6
2346,2024-05-12 09:42:17.161892,577.18
2347,2024-05-12 10:02:17.163134,574.32
2348,2024-05-12 10:22:17.160783,575.22
2349,2024-05-12 10:42:17.156810,575.36
2350,2024-05-12 11:02:17.161570,573.68
2351,2024-05-12 17:22:17.162231,544.9
2352,2024-05-12 17:42:17.161811,546.27
2353,2024-05-12 18:02:17.163717,544.32
2354,2024-05-12 18:22:17.163379,540.9
2355,2024-05-12 18:42:17.158299,537.5
2356,2024-05-12 19:02:17.155040,534.3
2357,2024-05-12 19:22:17.160867,527.4
2358,2024-05-12 19:42:17.163179,524.76
2359,2024-05-12 20:02:17.165011,525.9
2360,2024-05-12 20:22:17.172849,524.9
2361,2024-05-12 20:42:17.158476,522.04
2362,2024-05-12 21:02:17.155333,520.29
2363,2024-05-12 21:22:17.154605,518.89
2364,2024-05-12 21:42:17.171004,519.2
2365,2024-05-12 22:02:17.158168,520.28
2366,2024-05-12 22:22:17.156521,516.6
2367,2024-05-12 22:42:17.167213,514.16
2368,2024-05-12 23:02:17.154384,510.4
2369,2024-05-12 23:22:17.164852,509.03
2370,2024-05-12 23:42:17.169392,502.5
2371,2024-05-13 00:02:17.160543,495.2
2372,2024-05-13 00:22:17.160447,492.99
2373,2024-05-13 00:42:17.160205,492.97
2374,2024-05-13 01:02:17.156516,491.13
2375,2024-05-13 01:22:17.158143,488.18
2376,2024-05-13 01:42:17.158850,488.52
2377,2024-05-13 02:02:17.157897,487.3
2378,2024-05-13 02:22:17.161313,485.39
2379,2024-05-13 02:42:17.165228,481.08
2380,2024-05-13 03:02:17.157611,481.34
2381,2024-05-13 03:22:17.159498,487.34
2382,2024-05-13 03:42:17.170502,489.74
2383,2024-05-13 04:02:17.156574,497.31
2384,2024-05-13 04:22:17.161311,501.22
2385,2024-05-13 04:42:17.162767,503.65
2386,2024-05-13 05:02:17.164400,509.4
2387,2024-05-13 05:22:17.149095,515.64
2388,2024-05-13 05:42:17.152793,521.48
2389,2024-05-13 06:02:17.156837,529.45
2390,2024-05-13 06:22:17.158737,531.46
2391,2024-05-13 06:42:17.165300,536.0
2392,2024-05-13 07:02:17.163161,538.84
2393,2024-05-13 07:22:17.161883,541.98
2394,2024-05-13 07:42:17.167146,546.25
2395,2024-05-13 08:02:17.160457,548.02
2396,2024-05-13 08:22:17.163082,551.63
2397,2024-05-13 08:42:17.167774,555.32
2398,2024-05-13 09:02:17.158749,557.82
2399,2024-05-13 09:22:17.162901,558.06
2400,2024-05-13 09:42:17.157233,561.66
2401,2024-05-13 10:02:17.168454,560.78
2402,2024-05-13 10:22:17.154512,558.6
2403,2024-05-13 10:42:17.167955,556.36
2404,2024-05-13 23:42:17.168997,543.32
2405,2024-05-14 13:42:17.174033,543.6
2406,2024-05-14 14:02:17.161887,536.98
2407,2024-05-14 14:22:17.156055,529.88
2408,2024-05-14 14:42:17.164585,521.05
2409,2024-05-14 15:02:17.154694,515.22
2410,2024-05-14 15:22:17.154685,511.36
2411,2024-05-14 15:42:17.154514,504.86
2412,2024-05-14 16:02:17.159816,502.3
2413,2024-05-14 16:22:17.158998,495.43
2414,2024-05-14 16:42:17.159857,490.44
2415,2024-05-14 17:02:17.162922,489.66
2416,2024-05-14 17:22:17.157084,486.72
2417,2024-05-14 17:42:17.161941,484.52
2418,2024-05-14 18:02:17.167061,488.16
2419,2024-05-14 18:22:17.163127,492.38
2420,2024-05-14 18:42:17.161712,491.76
2421,2024-05-14 19:02:17.165025,494.74
2422,2024-05-14 19:22:17.158454,497.9
2423,2024-05-14 19:42:17.156987,500.46
2424,2024-05-14 20:02:17.175746,499.67
2425,2024-05-14 20:22:17.157312,494.42
2426,2024-05-14 20:42:17.170464,495.42
2427,2024-05-14 21:02:17.162448,492.38
2428,2024-05-14 21:22:17.155634,491.28
2429,2024-05-14 21:42:17.164255,492.73
2430,2024-05-14 22:02:17.244564,496.44
2431,2024-05-14 22:22:17.165022,498.38
2432,2024-05-14 22:42:17.172159,499.88
2433,2024-05-14 23:02:17.170553,501.73
2434,2024-05-14 23:22:17.166715,506.07
2435,2024-05-14 23:42:17.162457,506.54
2436,2024-05-15 00:02:17.076457,507.92
2437,2024-05-15 00:22:17.169498,510.04
2438,2024-05-15 00:42:17.161688,510.66
2439,2024-05-15 01:02:17.160623,511.43
2440,2024-05-15 01:22:17.160120,513.94
2441,2024-05-15 01:42:17.161781,515.72
2442,2024-05-15 02:02:17.161330,520.52
2443,2024-05-15 02:22:17.159875,519.98
2444,2024-05-15 02:42:17.172861,522.57
2445,2024-05-15 03:02:17.165893,522.89
2446,2024-05-15 03:22:17.153322,522.97
2447,2024-05-15 03:42:17.171388,522.8
2448,2024-05-15 04:02:17.173975,522.6
2449,2024-05-15 04:22:17.159819,523.98
2450,2024-05-15 04:42:17.170963,523.6
2451,2024-05-15 05:02:17.167812,527.2
2452,2024-05-15 05:22:17.166183,526.64
2453,2024-05-15 05:42:17.169514,531.16
2454,2024-05-15 06:02:17.152622,529.68
2455,2024-05-15 06:22:17.156626,530.98
2456,2024-05-15 06:42:17.153686,534.57
2457,2024-05-15 07:02:17.169698,540.81
2458,2024-05-15 07:22:17.166722,541.46
2459,2024-05-15 07:42:17.159265,541.3
2460,2024-05-15 08:02:16.811316,543.32
2461,2024-05-15 08:22:17.164734,546.91
2462,2024-05-15 08:42:17.162555,548.65
2463,2024-05-15 09:02:17.155642,552.6
2464,2024-05-15 09:22:17.158002,556.0
2465,2024-05-15 09:42:17.165406,554.64
2466,2024-05-15 10:02:17.154192,559.5
2467,2024-05-15 10:22:17.157388,560.42
2468,2024-05-15 10:42:17.156277,563.02
2469,2024-05-15 11:02:17.159324,564.82
2470,2024-05-15 11:22:17.155582,565.28
2471,2024-05-15 11:42:17.167474,564.9
2472,2024-05-15 12:02:17.153094,566.56
2473,2024-05-15 12:22:17.153265,564.56
2474,2024-05-15 12:42:17.156495,566.28
2475,2024-05-15 13:02:17.164783,561.0
2476,2024-05-15 13:22:17.162358,559.01
2477,2024-05-15 13:42:17.157293,555.16
2478,2024-05-15 14:02:17.159095,553.06
2479,2024-05-15 14:22:17.156573,551.8
2480,2024-05-15 14:42:17.158232,552.32
2481,2024-05-15 15:02:17.166259,548.4
2482,2024-05-15 15:22:17.159044,548.92
2483,2024-05-15 15:42:17.162853,546.86
2484,2024-05-15 16:02:17.164889,547.48
2485,2024-05-15 16:22:17.196900,544.54
2486,2024-05-15 16:42:17.170469,541.1
2487,2024-05-15 17:02:17.160860,537.66
2488,2024-05-15 17:22:17.155939,535.6
2489,2024-05-15 17:42:17.160098,534.75
2490,2024-05-15 18:02:17.161707,534.3
2491,2024-05-15 18:22:16.697354,530.4
2492,2024-05-15 18:42:17.193836,527.33
2493,2024-05-15 19:02:17.158688,524.17
2494,2024-05-15 19:22:17.169893,520.8
2495,2024-05-15 19:42:17.155117,521.22
2496,2024-05-15 20:02:17.180405,523.66
2497,2024-05-15 20:22:17.174961,525.56
2498,2024-05-15 20:42:17.170758,533.06
2499,2024-05-15 21:02:17.166892,537.66
2500,2024-05-15 21:22:17.165040,539.8
2501,2024-05-15 21:42:17.162844,540.86
2502,2024-05-15 22:02:17.167038,543.0
2503,2024-05-15 22:22:17.168649,541.13
2504,2024-05-15 22:42:17.156847,540.78
2505,2024-05-15 23:02:16.851500,541.24
2506,2024-05-15 23:22:17.161612,539.2
2507,2024-05-15 23:42:17.160228,538.52
2508,2024-05-16 00:02:17.182677,537.85
2509,2024-05-16 00:22:17.175172,538.93
2510,2024-05-16 00:42:17.153864,540.1
2511,2024-05-16 01:02:17.151098,544.14
2512,2024-05-16 01:22:16.925375,550.96
2513,2024-05-16 01:42:17.156866,556.5
2514,2024-05-16 02:02:17.158804,559.69
2515,2024-05-16 02:22:17.169869,563.02
2516,2024-05-16 02:42:17.155764,565.27
2517,2024-05-16 03:02:17.157905,565.42
2518,2024-05-16 03:22:17.160512,569.28
2519,2024-05-16 03:42:17.099697,570.43
2520,2024-05-16 04:02:17.171691,567.92
2521,2024-05-16 04:22:17.164055,572.54
2522,2024-05-16 04:42:17.161446,572.18
2523,2024-05-16 05:02:17.182478,573.12
2524,2024-05-16 05:22:17.164246,572.52
2525,2024-05-16 05:42:17.159223,575.2
2526,2024-05-16 06:02:17.166405,576.04
2527,2024-05-16 06:22:17.163986,575.62
2528,2024-05-16 06:42:17.162691,579.32
2529,2024-05-16 07:02:17.163786,579.08
2530,2024-05-16 07:22:17.164965,582.99
2531,2024-05-16 07:42:17.164905,583.59
2532,2024-05-16 08:02:17.163249,585.31
2533,2024-05-16 08:22:16.915990,586.56
2534,2024-05-16 08:42:17.166784,587.24
2535,2024-05-16 09:02:17.159524,587.97
2536,2024-05-16 09:22:17.160759,590.66
2537,2024-05-16 09:42:17.169580,590.91
2538,2024-05-16 10:02:17.156526,591.94
2539,2024-05-16 10:22:17.164426,592.08
2540,2024-05-16 10:42:17.159658,594.3
2541,2024-05-16 11:02:17.161838,591.87
2542,2024-05-16 11:22:17.152796,592.84
2543,2024-05-16 11:42:17.159955,593.36
2544,2024-05-16 12:02:17.162049,592.96
2545,2024-05-16 12:22:17.159284,593.4
2546,2024-05-16 12:42:17.160628,590.98
2547,2024-05-16 13:02:17.167326,590.3
2548,2024-05-16 13:22:17.165335,590.12
2549,2024-05-16 13:42:17.166591,589.08
2550,2024-05-16 14:02:17.163708,586.44
2551,2024-05-16 14:22:17.170682,583.21
2552,2024-05-16 14:42:17.153428,582.92
2553,2024-05-16 15:02:17.157621,581.75
2554,2024-05-16 15:22:17.163122,577.34
2555,2024-05-16 15:42:17.153428,577.46
2556,2024-05-16 16:02:17.152693,574.82
2557,2024-05-16 16:22:17.155765,574.33
2558,2024-05-16 16:42:17.162705,571.75
2559,2024-05-16 17:02:17.169977,568.28
2560,2024-05-16 17:22:17.160902,563.8
2561,2024-05-16 17:42:17.166443,558.14
2562,2024-05-16 18:02:17.158598,557.8
2563,2024-05-16 18:22:17.159934,559.98
2564,2024-05-16 18:42:16.952721,558.37
2565,2024-05-16 19:02:17.166868,560.2
2566,2024-05-16 19:22:17.163413,562.08
2567,2024-05-16 19:42:17.153811,561.24
2568,2024-05-16 20:02:17.175814,559.82
2569,2024-05-16 20:22:17.153144,558.12
2570,2024-05-16 20:42:17.161491,561.88
2571,2024-05-16 21:02:17.153587,561.84
2572,2024-05-16 21:22:17.166279,563.56
2573,2024-05-16 21:42:17.156474,566.57
2574,2024-05-16 22:02:17.158611,567.77
2575,2024-05-16 22:22:17.172405,566.5
2576,2024-05-16 22:42:17.161771,569.72
2577,2024-05-16 23:02:17.161970,567.74
2578,2024-05-16 23:22:17.163375,566.89
2579,2024-05-16 23:42:17.163892,566.33
2580,2024-05-17 00:02:17.163567,567.33
2581,2024-05-17 00:22:17.154051,571.26
2582,2024-05-17 23:42:17.160455,608.56
2583,2024-05-18 23:22:17.157825,540.05
2584,2024-05-19 00:02:17.166139,544.66
2585,2024-05-19 23:22:17.166287,540.66
2586,2024-05-20 00:02:17.163160,537.8
2587,2024-05-20 23:42:17.163348,544.58
2588,2024-05-21 00:02:17.169508,548.09
2589,2024-05-21 23:42:17.159175,557.74
2590,2024-05-22 00:02:17.156067,560.4
2591,2024-05-22 23:42:17.160643,609.03
2592,2024-05-23 00:02:17.172513,606.12
2593,2024-05-23 22:22:17.162511,569.74
2594,2024-05-24 23:42:17.161498,588.04
2595,2024-05-25 00:02:17.188343,588.88
2596,2024-05-25 23:22:17.172359,549.16
2597,2024-05-26 00:02:17.168570,559.36
2598,2024-05-26 23:42:17.167682,550.84
2599,2024-05-27 23:22:17.160876,510.96
2600,2024-05-28 00:02:17.165882,515.84
2601,2024-05-28 22:22:17.161656,595.84
2602,2024-05-29 00:02:17.172266,598.12
2603,2024-05-29 23:02:17.168778,598.74
2604,2024-05-30 23:42:17.163239,619.34
2605,2024-05-31 23:42:17.207086,578.53
2606,2024-06-01 00:02:17.189554,574.63
2607,2024-06-01 23:02:17.161160,486.52
2608,2024-06-02 00:02:17.166238,490.92
2609,2024-06-02 23:22:17.162463,535.33
2610,2024-06-03 00:02:17.089758,539.56
2611,2024-06-03 23:42:17.160760,564.84
2612,2024-06-04 23:22:17.160214,660.8
2613,2024-06-05 06:02:17.158003,675.61
2614,2024-06-05 06:22:17.164424,676.02
2615,2024-06-05 06:42:17.168746,675.46
2616,2024-06-05 07:02:17.160693,678.52
2617,2024-06-05 07:22:16.911579,679.08
2618,2024-06-05 08:02:17.164311,677.69
2619,2024-06-05 08:22:17.163895,678.29
2620,2024-06-05 08:42:17.182960,679.64
2621,2024-06-05 18:22:17.167160,684.74
2622,2024-06-05 18:42:17.168373,686.91
2623,2024-06-05 19:02:17.165077,685.33
2624,2024-06-05 19:22:17.164459,685.54
2625,2024-06-05 19:42:17.160324,686.34
2626,2024-06-05 20:02:17.172446,682.22
2627,2024-06-05 20:22:17.161540,683.3
2628,2024-06-05 20:42:17.160605,681.98
2629,2024-06-05 21:02:17.154050,683.87
2630,2024-06-05 21:22:17.163964,685.08
2631,2024-06-05 21:42:17.160339,685.04
2632,2024-06-05 22:02:17.158791,681.62
2633,2024-06-05 22:22:17.157425,684.52
2634,2024-06-05 22:42:17.168637,687.76
2635,2024-06-05 23:02:17.160108,688.02
2636,2024-06-05 23:22:17.164005,689.58
2637,2024-06-05 23:42:17.164049,688.16
2638,2024-06-06 00:02:17.163146,687.07
2639,2024-06-06 00:22:17.167675,690.2
2640,2024-06-06 00:42:17.156584,686.54
2641,2024-06-06 01:02:17.159311,689.66
2642,2024-06-06 01:22:17.159245,692.84
2643,2024-06-06 01:42:17.162029,689.18
2644,2024-06-06 02:02:17.168676,689.58
2645,2024-06-06 02:22:17.160854,690.64
2646,2024-06-06 02:42:17.160730,693.9
2647,2024-06-06 03:02:17.159560,691.64
2648,2024-06-06 03:22:17.161709,692.21
2649,2024-06-06 03:42:17.177472,691.22
2650,2024-06-06 04:02:17.164840,692.09
2651,2024-06-06 04:22:17.177208,692.8
2652,2024-06-06 04:42:17.174169,690.28
2653,2024-06-06 05:02:17.153328,693.78
2654,2024-06-06 05:22:17.159924,694.23
2655,2024-06-06 05:42:17.163725,694.04
2656,2024-06-06 06:02:17.161498,693.94
2657,2024-06-06 06:22:17.165085,691.58
2658,2024-06-06 06:42:17.168299,690.9
2659,2024-06-06 07:02:17.158545,694.29
2660,2024-06-06 07:22:17.163931,691.84
2661,2024-06-06 07:42:17.163453,690.88
2662,2024-06-06 08:02:17.156064,692.08
2663,2024-06-06 08:22:17.192952,691.42
2664,2024-06-06 08:42:17.164862,690.75
2665,2024-06-06 09:02:17.162212,691.59
2666,2024-06-06 09:22:17.156857,692.94
2667,2024-06-06 09:42:17.162697,693.74
2668,2024-06-06 10:02:17.162835,693.72
2669,2024-06-06 10:22:17.162845,693.72
2670,2024-06-06 10:42:17.164044,692.38
2671,2024-06-06 11:02:16.786785,694.0
2672,2024-06-06 11:22:17.161301,693.0
2673,2024-06-06 11:42:17.165511,692.54
2674,2024-06-06 12:02:17.155587,693.88
2675,2024-06-06 12:22:17.167184,693.99
2676,2024-06-06 12:42:17.166419,693.23
2677,2024-06-06 13:02:17.155528,694.26
2678,2024-06-06 13:22:17.186600,691.54
2679,2024-06-06 13:42:17.170237,692.14
2680,2024-06-06 14:02:17.160673,692.2
2681,2024-06-06 14:22:17.151772,690.39
2682,2024-06-06 14:42:17.161775,690.9
2683,2024-06-06 15:02:17.165654,687.72
2684,2024-06-06 15:22:17.161641,690.54
2685,2024-06-06 15:42:16.905546,689.62
2686,2024-06-06 16:02:17.186339,689.73
2687,2024-06-06 16:22:17.159377,689.75
2688,2024-06-06 16:42:17.165376,688.2
2689,2024-06-06 17:02:17.260605,688.6
2690,2024-06-06 17:22:17.168145,688.86
2691,2024-06-06 17:42:17.162171,687.44
2692,2024-06-06 18:02:17.161780,691.15
2693,2024-06-06 18:22:17.158820,690.9
2694,2024-06-06 18:42:17.166626,692.64
2695,2024-06-06 19:02:17.163971,693.64
2696,2024-06-06 19:22:17.162786,691.32
2697,2024-06-06 19:42:17.154305,692.84
2698,2024-06-06 20:02:17.165247,692.8
2699,2024-06-06 20:22:16.995122,694.58
2700,2024-06-06 20:42:17.172776,694.48
2701,2024-06-06 21:02:17.163250,693.09
2702,2024-06-06 21:22:17.149566,694.35
2703,2024-06-06 21:42:17.160969,694.16
2704,2024-06-06 22:02:17.161975,692.62
2705,2024-06-06 22:22:17.148154,693.32
2706,2024-06-06 22:42:17.139474,695.44
2707,2024-06-06 23:02:17.159527,695.15
2708,2024-06-06 23:22:17.154792,698.52
2709,2024-06-06 23:42:17.153766,698.06
2710,2024-06-07 00:02:17.166429,698.3
2711,2024-06-07 00:22:17.156770,697.94
2712,2024-06-07 00:42:17.148134,697.49
2713,2024-06-07 01:02:17.156468,697.78
2714,2024-06-07 01:22:17.156609,702.02
2715,2024-06-07 01:42:17.155407,699.14
2716,2024-06-07 02:02:17.159368,704.04
2717,2024-06-07 02:22:17.162819,698.98
2718,2024-06-07 02:42:17.152148,701.19
2719,2024-06-07 03:02:17.144085,700.01
2720,2024-06-07 03:22:17.146726,700.7
2721,2024-06-07 03:42:17.150156,700.82
2722,2024-06-07 04:02:17.150022,700.68
2723,2024-06-07 04:22:17.150713,700.86
2724,2024-06-07 04:42:17.152046,702.46
2725,2024-06-07 05:02:17.142608,703.56
2726,2024-06-07 05:22:17.148474,705.24
2727,2024-06-07 05:42:17.147950,699.14
2728,2024-06-07 06:02:17.154312,699.59
2729,2024-06-07 06:22:17.158412,699.73
2730,2024-06-07 06:42:17.146583,697.74
2731,2024-06-07 07:02:17.155696,694.86
2732,2024-06-07 07:22:17.144667,694.44
2733,2024-06-07 07:42:17.149140,694.39
2734,2024-06-07 08:02:17.147899,691.27
2735,2024-06-07 08:22:17.143362,692.42
2736,2024-06-07 08:42:17.146341,691.62
2737,2024-06-07 09:02:17.150608,694.5
2738,2024-06-07 09:22:17.150778,697.32
2739,2024-06-07 09:42:17.150088,697.86
2740,2024-06-07 10:02:17.153225,694.95
2741,2024-06-07 10:22:17.152044,695.26
2742,2024-06-07 10:42:17.157966,700.4
2743,2024-06-07 11:02:17.202086,699.02
2744,2024-06-07 11:22:17.159243,700.41
2745,2024-06-07 11:42:17.174417,700.15
2746,2024-06-07 12:02:17.162933,701.07
2747,2024-06-07 12:22:17.161703,701.08
2748,2024-06-07 12:42:17.161419,700.6
2749,2024-06-07 13:02:17.161261,701.95
2750,2024-06-07 13:22:17.155559,704.53
2751,2024-06-07 13:42:17.164610,703.39
2752,2024-06-07 14:02:17.163687,702.96
2753,2024-06-07 14:22:17.157542,702.86
2754,2024-06-07 14:42:16.710753,704.48
2755,2024-06-07 15:02:17.170861,704.72
2756,2024-06-07 15:22:17.149791,704.57
2757,2024-06-07 15:42:17.161927,701.02
2758,2024-06-07 16:02:17.151037,703.14
2759,2024-06-07 16:22:17.169024,698.44
2760,2024-06-07 16:42:17.168294,699.59
2761,2024-06-07 17:02:17.162683,697.65
2762,2024-06-07 17:22:17.156445,695.4
2763,2024-06-07 17:42:17.175261,696.42
2764,2024-06-07 18:02:17.171930,694.34
2765,2024-06-07 18:22:17.177660,693.34
2766,2024-06-07 18:42:17.189225,691.54
2767,2024-06-07 19:02:17.181766,690.43
2768,2024-06-07 19:22:17.013967,688.22
2769,2024-06-07 19:42:17.160197,689.04
2770,2024-06-07 20:02:17.166849,685.61
2771,2024-06-07 20:22:17.165322,684.92
2772,2024-06-07 20:42:17.162010,687.04
2773,2024-06-07 21:02:17.164961,684.8
2774,2024-06-07 21:22:17.163405,686.52
2775,2024-06-07 21:42:17.162349,687.56
2776,2024-06-07 22:02:17.156463,687.67
2777,2024-06-07 22:22:17.162452,689.93
2778,2024-06-07 22:42:17.164921,691.72
2779,2024-06-07 23:02:17.160776,689.62
2780,2024-06-07 23:22:17.166831,689.9
2781,2024-06-07 23:42:17.159906,688.14
2782,2024-06-08 00:02:17.168619,684.07
2783,2024-06-08 00:42:17.168575,685.1
2784,2024-06-08 01:02:17.158875,686.56
2785,2024-06-08 01:22:17.154101,686.04
2786,2024-06-08 01:42:17.158851,688.52
2787,2024-06-08 02:02:17.163734,690.48
2788,2024-06-08 02:22:17.168729,690.86
2789,2024-06-08 02:42:17.165139,691.4
2790,2024-06-08 03:02:17.173834,690.81
2791,2024-06-08 03:22:17.171806,691.34
2792,2024-06-08 03:42:17.156165,690.14
2793,2024-06-08 04:02:17.165936,691.02
2794,2024-06-08 04:22:17.161369,690.88
2795,2024-06-08 04:42:17.174926,689.98
2796,2024-06-08 05:02:17.161809,687.13
2797,2024-06-08 05:22:17.160354,687.4
2798,2024-06-08 05:42:16.832509,686.45
2799,2024-06-08 06:02:17.167979,685.96
2800,2024-06-08 06:22:17.165871,688.86
2801,2024-06-08 06:42:17.192674,687.8
2802,2024-06-08 07:02:17.195703,687.91
2803,2024-06-08 07:22:17.151695,686.99
2804,2024-06-08 07:42:17.163490,685.62
2805,2024-06-08 08:02:17.148784,683.62
2806,2024-06-08 08:22:17.176344,679.48
2807,2024-06-08 08:42:17.159845,680.22
2808,2024-06-08 09:02:17.164038,677.47
2809,2024-06-08 09:22:17.162717,675.56
2810,2024-06-08 09:42:17.158089,674.18
2811,2024-06-08 23:42:17.160793,680.98
2812,2024-06-09 20:02:17.159181,667.84
2813,2024-06-09 20:22:17.164156,662.66
2814,2024-06-09 20:42:17.159114,655.28
2815,2024-06-09 21:02:17.168183,648.42
2816,2024-06-09 21:22:17.174704,645.65
2817,2024-06-09 21:42:17.158006,641.56
2818,2024-06-09 22:02:16.669599,648.54
2819,2024-06-09 22:22:17.158475,652.76
2820,2024-06-09 22:42:17.160039,658.38
2821,2024-06-09 23:02:17.165666,658.78
2822,2024-06-09 23:22:17.171027,662.57
2823,2024-06-09 23:42:17.161167,666.25
2824,2024-06-10 00:02:17.154537,670.26
2825,2024-06-10 00:22:17.162780,672.5
2826,2024-06-10 00:42:17.160114,675.9
2827,2024-06-10 01:02:17.157892,678.85
2828,2024-06-10 01:22:17.168688,677.37
2829,2024-06-10 01:42:17.160528,678.93
2830,2024-06-10 02:02:17.157778,681.54
2831,2024-06-10 04:02:17.160162,674.8
2832,2024-06-10 04:22:17.161547,676.46
2833,2024-06-10 04:42:17.164994,675.92
2834,2024-06-10 05:02:17.158358,673.64
2835,2024-06-10 05:22:17.163700,673.78
2836,2024-06-10 05:42:17.152599,676.32
2837,2024-06-10 06:02:17.157437,671.36
2838,2024-06-10 06:22:17.177113,671.27
2839,2024-06-10 06:42:17.161421,672.99
2840,2024-06-10 07:02:17.163349,673.14
2841,2024-06-10 07:22:16.850716,673.72
2842,2024-06-10 07:42:17.165047,674.62
2843,2024-06-10 08:02:17.161377,674.54
2844,2024-06-10 08:22:17.163330,676.83
2845,2024-06-10 08:42:17.161423,677.79
2846,2024-06-10 09:02:17.170594,678.86
2847,2024-06-10 09:22:17.158364,680.74
2848,2024-06-10 09:42:17.029909,682.04
2849,2024-06-10 10:02:17.167917,683.63
2850,2024-06-10 10:22:17.157841,685.73
2851,2024-06-10 10:42:17.161978,688.6
2852,2024-06-10 11:02:17.175865,689.04
2853,2024-06-10 11:22:17.156887,693.5
2854,2024-06-10 11:42:17.164648,691.81
2855,2024-06-10 12:02:17.053252,695.28
2856,2024-06-10 12:22:17.163481,697.36
2857,2024-06-10 12:42:17.162382,698.56
2858,2024-06-10 13:02:17.158084,697.18
2859,2024-06-10 13:22:17.167471,698.53
2860,2024-06-10 13:42:17.160834,700.58
2861,2024-06-10 14:02:17.162485,702.2
2862,2024-06-10 14:22:17.180341,702.28
2863,2024-06-10 14:42:17.162515,702.56
2864,2024-06-10 15:02:17.164475,704.73
2865,2024-06-10 15:22:17.159697,702.66
2866,2024-06-10 15:42:17.160277,702.09
2867,2024-06-10 16:02:17.174971,705.34
2868,2024-06-10 16:22:17.172035,703.24
2869,2024-06-10 16:42:17.180398,704.61
2870,2024-06-10 17:02:17.163367,703.85
2871,2024-06-10 17:22:17.160474,702.59
2872,2024-06-10 17:42:17.162375,699.14
2873,2024-06-10 18:02:17.167869,696.56
2874,2024-06-10 18:22:17.171364,692.02
2875,2024-06-10 18:42:17.159634,686.23
2876,2024-06-10 19:02:17.162227,683.42
2877,2024-06-10 19:22:17.158142,680.42
2878,2024-06-10 19:42:17.158909,678.94
2879,2024-06-10 20:02:17.161965,677.76
2880,2024-06-10 20:22:17.170797,670.85
2881,2024-06-10 20:42:17.157676,666.23
2882,2024-06-10 21:02:17.153779,662.8
2883,2024-06-10 21:22:17.157919,664.36
2884,2024-06-10 21:42:17.159812,659.72
2885,2024-06-10 22:02:17.153772,660.69
2886,2024-06-10 22:22:17.167752,657.94
2887,2024-06-10 22:42:17.170424,658.46
2888,2024-06-10 23:02:17.157936,660.88
2889,2024-06-10 23:22:17.153856,658.68
2890,2024-06-10 23:42:17.160313,662.44
2891,2024-06-11 00:02:17.164832,663.01
2892,2024-06-11 00:22:17.170534,664.78
2893,2024-06-11 00:42:17.163888,665.56
2894,2024-06-11 01:02:17.173087,666.16
2895,2024-06-11 01:22:17.169557,669.04
2896,2024-06-11 01:42:17.165368,669.05
2897,2024-06-11 02:02:17.160850,670.41
2898,2024-06-11 02:22:17.154564,669.36
2899,2024-06-11 02:42:17.160356,672.04
2900,2024-06-11 03:02:16.765350,673.38
2901,2024-06-11 03:22:17.157875,677.15
2902,2024-06-11 03:42:17.161062,682.49
2903,2024-06-11 04:02:17.162156,684.54
2904,2024-06-11 04:22:17.167537,686.74
2905,2024-06-11 04:42:17.164011,689.76
2906,2024-06-11 05:02:17.160139,688.36
2907,2024-06-11 05:22:17.164580,690.69
2908,2024-06-11 05:42:17.166630,693.69
2909,2024-06-11 06:02:17.162259,694.28
2910,2024-06-11 06:22:17.154360,695.44
2911,2024-06-11 06:42:17.162137,695.66
2912,2024-06-11 07:02:17.160014,697.31
2913,2024-06-11 07:22:17.161084,697.94
2914,2024-06-11 07:42:17.161833,695.68
2915,2024-06-11 08:02:17.163629,698.72
2916,2024-06-11 08:22:17.163496,698.72
2917,2024-06-11 08:42:17.149412,699.67
2918,2024-06-11 09:02:17.169332,700.24
2919,2024-06-11 09:22:17.159806,702.8
2920,2024-06-11 09:42:17.162781,703.22
2921,2024-06-11 10:02:17.154490,704.58
2922,2024-06-11 10:22:17.170122,705.75
2923,2024-06-11 10:42:17.159143,705.29
2924,2024-06-11 11:02:17.163600,707.24
2925,2024-06-11 11:22:17.167310,705.38
2926,2024-06-11 11:42:17.171910,706.96
2927,2024-06-11 12:02:17.161896,707.17
2928,2024-06-11 12:22:17.151303,711.75
2929,2024-06-11 12:42:17.159520,710.07
2930,2024-06-11 13:02:17.161905,710.52
2931,2024-06-11 13:22:17.163474,710.28
2932,2024-06-11 13:42:17.172469,712.1
2933,2024-06-11 14:02:17.166390,711.75
2934,2024-06-11 14:22:17.163972,712.25
2935,2024-06-11 14:42:17.162572,713.1
2936,2024-06-11 15:02:17.167250,710.78
2937,2024-06-11 15:22:17.155939,709.72
2938,2024-06-11 15:42:16.681589,709.32
2939,2024-06-11 16:02:17.175845,708.08
2940,2024-06-11 16:22:17.156325,706.69
2941,2024-06-11 16:42:17.162614,707.98
2942,2024-06-11 17:02:17.164972,706.24
2943,2024-06-11 17:22:17.158115,703.86
2944,2024-06-11 17:42:17.167990,707.33
2945,2024-06-11 18:02:17.160867,707.0
2946,2024-06-11 18:22:17.162397,708.46
2947,2024-06-11 18:42:17.156982,707.68
2948,2024-06-11 19:02:17.167492,709.01
2949,2024-06-11 19:22:17.158679,708.36
2950,2024-06-11 19:42:17.163305,709.88
2951,2024-06-11 20:02:17.162239,711.16
2952,2024-06-11 20:22:17.033093,712.32
2953,2024-06-11 20:42:17.168867,712.12
2954,2024-06-11 21:02:17.161101,714.74
2955,2024-06-11 21:22:17.164213,715.9
2956,2024-06-11 21:42:17.160972,712.82
2957,2024-06-11 22:02:17.163582,714.56
2958,2024-06-11 22:22:17.177009,713.5
2959,2024-06-11 22:42:17.175490,715.84
2960,2024-06-11 23:02:17.170406,717.06
2961,2024-06-11 23:22:17.165030,718.12
2962,2024-06-11 23:42:17.157010,718.5
2963,2024-06-12 00:02:17.173156,717.72
2964,2024-06-12 00:22:17.158804,718.17
2965,2024-06-12 00:42:17.166227,720.39
2966,2024-06-12 01:02:17.165120,721.34
2967,2024-06-12 01:22:17.155485,722.46
2968,2024-06-12 01:42:17.167475,722.4
2969,2024-06-12 02:22:17.176804,721.24
2970,2024-06-12 02:42:17.171320,718.46
2971,2024-06-12 03:02:17.163580,716.4
2972,2024-06-12 03:22:17.157638,714.88
2973,2024-06-12 03:42:17.162970,714.9
2974,2024-06-12 04:02:17.164881,719.65
2975,2024-06-12 04:22:17.162833,717.88
2976,2024-06-12 04:42:17.161061,716.8
2977,2024-06-12 23:42:17.162368,657.3
2978,2024-06-13 18:42:17.098832,621.0
2979,2024-06-13 19:02:17.157447,617.3
2980,2024-06-13 19:22:17.165330,616.4
2981,2024-06-13 19:42:17.167567,620.44
2982,2024-06-13 20:02:17.161539,620.08
2983,2024-06-13 20:22:17.159978,622.4
2984,2024-06-13 20:42:17.174545,623.23
2985,2024-06-13 21:02:17.161285,622.32
2986,2024-06-13 21:22:17.162998,621.64
2987,2024-06-13 21:42:17.167619,626.08
2988,2024-06-13 22:02:17.164967,631.5
2989,2024-06-13 22:22:17.165414,636.8
2990,2024-06-13 22:42:17.163190,637.76
2991,2024-06-13 23:02:17.168971,643.1
2992,2024-06-13 23:22:17.164742,643.94
2993,2024-06-13 23:42:17.161190,647.02
2994,2024-06-14 00:02:17.152282,648.74
2995,2024-06-14 00:22:16.761176,653.6
2996,2024-06-14 00:42:17.158370,658.44
2997,2024-06-14 01:02:17.167205,658.5
2998,2024-06-14 01:22:17.165368,661.28
2999,2024-06-14 01:42:17.166814,667.57
3000,2024-06-14 02:02:17.153661,668.3
3001,2024-06-14 02:22:17.160724,672.88
3002,2024-06-14 02:42:17.163322,674.42
3003,2024-06-14 03:02:17.166804,673.9
3004,2024-06-14 03:22:17.163184,676.82
3005,2024-06-14 03:42:17.173520,679.08
3006,2024-06-14 04:02:17.158924,679.92
3007,2024-06-14 04:22:17.164972,677.86
3008,2024-06-14 04:42:17.161892,679.68
3009,2024-06-14 05:02:17.168642,678.55
3010,2024-06-14 05:22:17.164523,681.1
3011,2024-06-14 05:42:17.161407,682.71
3012,2024-06-14 06:02:17.157763,682.18
3013,2024-06-14 06:22:17.157637,679.98
3014,2024-06-14 06:42:17.160245,678.85
3015,2024-06-14 07:02:17.166978,679.73
3016,2024-06-14 07:22:17.168858,678.17
3017,2024-06-14 07:42:17.160861,673.5
3018,2024-06-14 08:02:17.164668,670.32
3019,2024-06-14 08:22:17.165677,673.16
3020,2024-06-14 08:42:17.169440,672.29
3021,2024-06-14 09:02:17.160387,678.55
3022,2024-06-14 09:22:17.169782,681.38
3023,2024-06-14 09:42:17.165073,683.82
3024,2024-06-14 10:02:17.200331,686.76
3025,2024-06-14 10:22:17.152937,685.75
3026,2024-06-14 10:42:17.164953,686.38
3027,2024-06-14 11:02:17.169853,687.64
3028,2024-06-14 11:22:17.160674,690.2
3029,2024-06-14 11:42:17.155013,693.9
3030,2024-06-14 12:02:17.163442,696.21
3031,2024-06-14 12:22:17.164666,696.2
3032,2024-06-14 12:42:17.151141,701.01
3033,2024-06-14 13:02:16.851567,701.17
3034,2024-06-14 13:22:17.175743,700.4
3035,2024-06-14 13:42:17.165179,702.06
3036,2024-06-14 14:02:17.160888,704.91
3037,2024-06-14 14:22:17.172102,706.82
3038,2024-06-14 14:42:17.174125,708.96
3039,2024-06-14 15:02:17.160767,709.06
3040,2024-06-14 15:22:17.151565,712.86
3041,2024-06-14 15:42:17.156114,713.05
3042,2024-06-14 16:02:17.164395,714.49
3043,2024-06-14 16:22:17.157384,714.16
3044,2024-06-14 16:42:17.157956,719.36
3045,2024-06-14 17:02:17.162291,717.52
3046,2024-06-14 17:22:17.169881,716.3
3047,2024-06-14 17:42:17.169017,719.73
3048,2024-06-14 18:02:17.164193,717.36
3049,2024-06-14 18:22:17.156423,719.42
3050,2024-06-14 18:42:17.157635,719.44
3051,2024-06-14 19:02:17.166856,721.1
3052,2024-06-14 19:22:17.162209,723.2
3053,2024-06-14 19:42:17.161453,724.16
3054,2024-06-14 20:02:17.164774,722.16
3055,2024-06-14 20:22:17.155827,722.38
3056,2024-06-14 20:42:17.164723,723.08
3057,2024-06-14 21:02:17.162771,724.0
3058,2024-06-14 21:22:17.170275,723.2
3059,2024-06-14 21:42:17.163177,723.88
3060,2024-06-14 22:02:17.161945,727.3
3061,2024-06-14 22:22:17.164241,724.58
3062,2024-06-14 22:42:17.158073,727.06
3063,2024-06-14 23:02:17.164560,726.17
3064,2024-06-14 23:22:17.166070,726.98
3065,2024-06-14 23:42:17.160130,729.46
3066,2024-06-15 00:02:17.165873,730.62
3067,2024-06-15 00:42:17.170972,731.43
3068,2024-06-15 01:02:17.162639,732.81
3069,2024-06-15 01:22:17.176791,735.88
3070,2024-06-15 01:42:17.168578,734.46
3071,2024-06-15 02:02:17.169765,736.46
3072,2024-06-15 02:22:17.155822,736.15
3073,2024-06-15 02:42:17.159314,735.01
3074,2024-06-15 03:02:17.161245,736.23
3075,2024-06-15 03:22:17.154877,734.82
3076,2024-06-15 03:42:17.163261,736.94
3077,2024-06-15 04:02:17.162477,734.93
3078,2024-06-15 04:22:17.172206,734.88
3079,2024-06-15 04:42:17.156511,737.18
3080,2024-06-15 05:02:17.147148,737.46
3081,2024-06-15 05:22:17.161175,735.78
3082,2024-06-15 05:42:17.158250,737.78
3083,2024-06-15 06:02:17.183422,738.1
3084,2024-06-15 06:22:17.162808,736.65
3085,2024-06-15 06:42:17.159108,737.94
3086,2024-06-15 07:02:17.162517,737.14
3087,2024-06-15 07:22:17.163651,737.1
3088,2024-06-15 07:42:17.167146,738.46
3089,2024-06-15 08:02:17.166264,739.33
3090,2024-06-15 08:22:17.163137,739.5
3091,2024-06-15 08:42:17.168621,739.98
3092,2024-06-15 09:02:17.158895,737.28
3093,2024-06-15 09:22:17.155980,740.11
3094,2024-06-15 23:22:17.164915,722.94
3095,2024-06-16 18:02:17.150059,644.59
3096,2024-06-16 18:22:17.168175,642.58
3097,2024-06-16 18:42:17.166686,643.48
3098,2024-06-16 19:02:17.163341,641.32
3099,2024-06-16 19:22:17.167939,640.62
3100,2024-06-16 19:42:17.153851,638.42
3101,2024-06-16 20:02:17.159157,639.5
3102,2024-06-16 20:22:17.169425,633.88
3103,2024-06-16 20:42:17.161789,637.38
3104,2024-06-16 21:02:17.161683,638.55
3105,2024-06-16 21:22:17.162596,638.31
3106,2024-06-16 21:42:17.173664,638.62
3107,2024-06-16 22:02:17.160503,640.38
3108,2024-06-16 22:22:17.160716,638.66
3109,2024-06-16 22:42:17.164946,636.98
3110,2024-06-16 23:02:17.167679,636.46
3111,2024-06-16 23:22:17.166703,639.12
3112,2024-06-16 23:42:17.162938,636.08
3113,2024-06-17 00:02:17.163990,636.48
3114,2024-06-17 00:22:17.158386,633.25
3115,2024-06-17 00:42:17.165785,630.85
3116,2024-06-17 01:02:17.162102,631.15
3117,2024-06-17 01:22:17.159810,629.88
3118,2024-06-17 01:42:17.164803,628.84
3119,2024-06-17 02:02:17.156866,628.34
3120,2024-06-17 02:22:17.163320,623.47
3121,2024-06-17 02:42:17.153388,622.31
3122,2024-06-17 03:02:17.153258,623.38
3123,2024-06-17 03:22:17.164037,622.56
3124,2024-06-17 03:42:17.166409,621.84
3125,2024-06-17 04:02:17.169108,623.31
3126,2024-06-17 04:22:17.166888,620.3
3127,2024-06-17 04:42:17.166883,620.63
3128,2024-06-17 05:02:17.158257,621.42
3129,2024-06-17 05:22:17.166154,623.5
3130,2024-06-17 05:42:17.159428,621.71
3131,2024-06-17 06:02:17.161663,623.54
3132,2024-06-17 06:22:17.165207,623.05
3133,2024-06-17 06:42:17.164983,626.92
3134,2024-06-17 07:02:17.157459,624.42
3135,2024-06-17 07:22:17.166225,627.5
3136,2024-06-17 07:42:17.163641,624.11
3137,2024-06-17 08:02:17.163952,625.06
3138,2024-06-17 08:22:17.170196,626.6
3139,2024-06-17 08:42:17.163590,627.68
3140,2024-06-17 09:02:17.172639,629.4
3141,2024-06-17 09:22:17.170989,629.48
3142,2024-06-17 09:42:17.158088,627.2
3143,2024-06-17 10:02:17.158206,630.42
3144,2024-06-17 10:22:17.161919,630.38
3145,2024-06-17 10:42:17.185017,630.46
3146,2024-06-17 11:02:17.154649,630.85
3147,2024-06-17 11:22:17.150394,631.39
3148,2024-06-17 11:42:17.164048,630.45
3149,2024-06-17 12:02:17.166847,630.76
3150,2024-06-17 12:22:17.163053,630.64
3151,2024-06-17 12:42:17.161795,632.42
3152,2024-06-17 13:02:17.163980,634.18
3153,2024-06-17 13:22:17.154210,631.6
3154,2024-06-17 13:42:17.163071,632.86
3155,2024-06-17 14:02:17.179219,634.28
3156,2024-06-17 14:22:17.158658,632.48
3157,2024-06-17 14:42:16.753972,633.32
3158,2024-06-17 15:02:17.180956,634.09
3159,2024-06-17 15:22:17.161861,633.96
3160,2024-06-17 15:42:17.149852,634.42
3161,2024-06-17 16:02:17.171371,634.26
3162,2024-06-17 16:22:17.161854,631.58
3163,2024-06-17 16:42:17.162244,632.7
3164,2024-06-17 17:02:17.165487,632.84
3165,2024-06-17 17:22:17.172910,631.02
3166,2024-06-17 17:42:17.165647,628.5
3167,2024-06-17 18:02:17.155829,627.0
3168,2024-06-17 18:22:17.157892,626.5
3169,2024-06-17 18:42:17.158044,625.8
3170,2024-06-17 19:02:17.163208,625.76
3171,2024-06-17 19:22:16.718241,626.38
3172,2024-06-17 19:42:17.159849,627.22
3173,2024-06-17 23:22:17.163610,630.22
3174,2024-06-18 23:02:17.073532,625.16
3175,2024-06-19 23:22:17.164253,633.91
3176,2024-06-20 23:42:17.163333,629.28
3177,2024-06-21 23:22:17.158987,580.72
3178,2024-06-21 23:42:17.178742,581.26
3179,2024-06-22 23:22:17.161178,558.49
3180,2024-06-23 23:22:17.158722,559.42
3181,2024-06-24 22:22:17.173619,538.9
3182,2024-06-25 23:02:17.167860,559.37
3183,2024-06-26 22:42:17.170425,650.22
3184,2024-06-27 23:42:17.169330,615.36
3185,2024-06-28 23:42:17.161684,573.74
3186,2024-06-29 23:22:17.155104,564.16
3187,2024-06-30 23:02:17.161905,481.33
3188,2024-07-01 03:42:17.158980,520.46
3189,2024-07-01 04:02:17.161378,521.82
3190,2024-07-01 04:22:17.159741,523.64
3191,2024-07-01 04:42:17.165174,522.75
3192,2024-07-01 05:02:17.166805,523.66
3193,2024-07-01 05:22:17.164763,521.34
3194,2024-07-01 05:42:17.165925,518.9
3195,2024-07-01 06:02:17.158738,514.98
3196,2024-07-01 06:22:16.702832,514.78
3197,2024-07-01 06:42:17.166611,515.02
3198,2024-07-01 07:02:17.157819,512.58
3199,2024-07-01 07:22:17.165131,512.38
3200,2024-07-01 07:42:17.159455,511.98
3201,2024-07-01 08:02:17.165986,510.81
3202,2024-07-01 08:22:17.161008,509.82
3203,2024-07-01 08:42:17.155780,509.19
3204,2024-07-01 09:02:17.162621,507.14
3205,2024-07-01 09:22:17.159094,504.14
3206,2024-07-01 09:42:17.160475,503.6
3207,2024-07-01 10:02:17.160452,496.21
3208,2024-07-01 10:22:17.154541,494.39
3209,2024-07-01 10:42:17.160827,490.32
3210,2024-07-01 11:02:17.156876,489.82
3211,2024-07-01 11:22:17.168719,487.14
3212,2024-07-01 23:22:17.169599,502.36
3213,2024-07-02 15:42:17.163331,568.62
3214,2024-07-02 16:02:17.163551,568.5
3215,2024-07-02 16:22:17.166133,567.95
3216,2024-07-02 16:42:17.159367,567.48
3217,2024-07-02 17:02:16.754993,565.17
3218,2024-07-02 17:22:17.174209,562.76
3219,2024-07-02 17:42:17.160144,562.36
3220,2024-07-02 18:02:17.167439,558.86
3221,2024-07-02 18:22:17.166185,554.6
3222,2024-07-02 18:42:17.163420,557.23
3223,2024-07-02 19:02:17.160523,554.36
3224,2024-07-02 19:22:17.154523,552.94
3225,2024-07-02 19:42:17.164445,555.18
3226,2024-07-02 20:02:17.158514,556.11
3227,2024-07-02 20:22:17.164671,555.9
3228,2024-07-02 20:42:17.167969,558.03
3229,2024-07-02 21:02:17.159523,556.1
3230,2024-07-02 21:22:17.157282,557.14
3231,2024-07-02 21:42:17.163322,560.53
3232,2024-07-02 22:02:17.161387,562.71
3233,2024-07-02 22:22:17.166061,560.71
3234,2024-07-02 22:42:17.168225,562.02
3235,2024-07-02 23:02:17.181947,563.72
3236,2024-07-02 23:22:17.162187,565.0
3237,2024-07-02 23:42:17.154853,566.51
3238,2024-07-03 00:02:17.168169,566.61
3239,2024-07-03 00:22:17.168047,566.46
3240,2024-07-03 00:42:17.163675,566.3
3241,2024-07-03 01:02:17.166182,568.88
3242,2024-07-03 01:22:17.158132,568.97
3243,2024-07-03 01:42:17.164805,568.69
3244,2024-07-03 02:02:17.154638,568.84
3245,2024-07-03 02:22:17.163594,572.6
3246,2024-07-03 02:42:17.165830,572.2
3247,2024-07-03 03:02:17.225150,573.2
3248,2024-07-03 03:22:17.322220,572.56
3249,2024-07-03 03:42:17.152716,573.28
3250,2024-07-03 04:02:17.323197,574.54
3251,2024-07-03 04:22:17.156894,572.36
3252,2024-07-03 04:42:17.193635,573.46
3253,2024-07-03 05:02:17.175785,574.85
3254,2024-07-03 05:22:17.167683,576.02
3255,2024-07-03 05:42:17.158661,576.58
3256,2024-07-03 06:02:17.193493,576.34
3257,2024-07-03 06:22:17.162538,575.74
3258,2024-07-03 06:42:17.162213,576.19
3259,2024-07-03 07:02:17.164447,576.99
3260,2024-07-03 07:22:17.165107,577.94
3261,2024-07-03 07:42:17.153777,575.86
3262,2024-07-03 08:02:16.855254,577.88
3263,2024-07-03 08:22:17.164736,579.44
3264,2024-07-03 08:42:17.159469,578.33
3265,2024-07-03 09:02:17.159387,579.66
3266,2024-07-03 09:22:17.158985,578.79
3267,2024-07-03 09:42:17.165254,582.6
3268,2024-07-03 10:02:17.160571,580.9
3269,2024-07-03 10:22:17.106107,580.41
3270,2024-07-03 10:42:17.166213,580.66
3271,2024-07-03 11:02:17.158904,580.45
3272,2024-07-03 11:22:17.158290,582.82
3273,2024-07-03 11:42:17.162985,581.86
3274,2024-07-03 12:02:17.155476,583.56
3275,2024-07-03 12:22:17.155964,583.1
3276,2024-07-03 12:42:17.157702,582.93
3277,2024-07-03 13:02:17.170819,583.84
3278,2024-07-03 13:22:17.162244,584.38
3279,2024-07-03 13:42:17.158987,583.6
3280,2024-07-03 14:02:17.164331,585.63
3281,2024-07-03 14:22:17.161044,585.79
3282,2024-07-03 14:42:17.163512,585.94
3283,2024-07-03 15:02:17.157777,586.0
3284,2024-07-03 15:22:17.166434,587.04
3285,2024-07-03 15:42:17.160992,586.45
3286,2024-07-03 16:02:17.168371,583.83
3287,2024-07-03 16:22:17.173558,587.39
3288,2024-07-03 16:42:17.159088,588.1
3289,2024-07-03 17:02:17.167707,585.72
3290,2024-07-03 17:22:16.708413,586.92
3291,2024-07-03 17:42:17.166396,586.62
3292,2024-07-03 18:02:17.164344,585.75
3293,2024-07-03 18:22:17.186414,586.46
3294,2024-07-03 18:42:17.170697,587.64
3295,2024-07-03 19:02:17.156146,587.66
3296,2024-07-03 19:22:17.157461,587.53
3297,2024-07-03 19:42:17.169719,587.51
3298,2024-07-03 20:02:17.165040,585.59
3299,2024-07-03 20:22:17.157738,586.52
3300,2024-07-03 20:42:17.163794,586.7
3301,2024-07-03 21:02:17.157513,585.49
3302,2024-07-03 21:22:17.168612,587.21
3303,2024-07-03 21:42:17.157560,586.78
3304,2024-07-03 22:02:16.942780,586.47
3305,2024-07-03 22:22:17.169845,587.08
3306,2024-07-03 22:42:17.167137,586.76
3307,2024-07-03 23:02:17.158742,587.08
3308,2024-07-03 23:22:17.162836,587.19
3309,2024-07-03 23:42:17.158183,587.71
3310,2024-07-04 00:02:17.168749,588.9
3311,2024-07-04 00:22:17.154743,589.96
3312,2024-07-04 00:42:17.168149,588.08
3313,2024-07-04 01:02:17.165147,588.14
3314,2024-07-04 01:22:17.155685,586.52
3315,2024-07-04 01:42:17.168182,583.92
3316,2024-07-04 02:02:17.161690,586.26
3317,2024-07-04 02:22:17.166707,585.78
3318,2024-07-04 02:42:17.171581,585.41
3319,2024-07-04 03:02:17.165905,587.61
3320,2024-07-04 03:22:17.161729,587.01
3321,2024-07-04 03:42:17.155839,587.86
3322,2024-07-04 04:02:17.163301,589.76
3323,2024-07-04 04:22:17.158987,589.32
3324,2024-07-04 04:42:17.159069,592.78
3325,2024-07-04 05:02:17.160129,591.58
3326,2024-07-04 05:22:17.251535,592.18
3327,2024-07-04 05:42:17.159129,592.66
3328,2024-07-04 06:02:17.161012,590.54
3329,2024-07-04 06:22:17.159463,589.99
3330,2024-07-04 06:42:17.164426,592.56
3331,2024-07-04 07:02:17.162569,593.94
3332,2024-07-04 07:22:17.163372,593.46
3333,2024-07-04 07:42:17.161821,595.16
3334,2024-07-04 08:02:17.157437,593.04
3335,2024-07-04 08:22:17.162929,595.49
3336,2024-07-04 08:42:17.177903,591.94
3337,2024-07-04 09:02:17.165108,594.28
3338,2024-07-04 09:22:17.159142,595.56
3339,2024-07-04 09:42:17.176413,593.76
3340,2024-07-04 10:02:17.189247,597.55
3341,2024-07-04 10:22:17.158664,593.97
3342,2024-07-04 23:42:17.157268,594.08
3343,2024-07-05 17:02:17.162226,603.11
3344,2024-07-05 17:22:17.158835,600.82
3345,2024-07-05 17:42:17.166657,600.72
3346,2024-07-05 18:02:17.164711,600.42
3347,2024-07-05 18:22:17.167835,601.43
3348,2024-07-05 18:42:17.144689,600.35
3349,2024-07-05 19:02:17.155979,602.43
3350,2024-07-05 19:22:17.171299,600.52
3351,2024-07-05 19:42:17.169178,598.32
3352,2024-07-05 20:02:17.165872,598.0
3353,2024-07-05 20:22:17.162962,596.59
3354,2024-07-05 20:42:17.159813,595.1
3355,2024-07-05 21:02:17.155368,595.26
3356,2024-07-05 21:22:17.158444,595.3
3357,2024-07-05 21:42:17.154806,595.32
3358,2024-07-05 22:02:17.164863,595.44
3359,2024-07-05 22:22:17.163144,597.49
3360,2024-07-05 22:42:17.175790,598.23
3361,2024-07-05 23:02:17.162250,597.2
3362,2024-07-05 23:22:17.160367,600.12
3363,2024-07-05 23:42:17.236767,600.08
3364,2024-07-06 00:02:17.163320,598.85
3365,2024-07-06 00:22:17.167160,601.55
3366,2024-07-06 00:42:17.161322,600.58
3367,2024-07-06 01:02:17.169197,600.14
3368,2024-07-06 01:22:17.160931,601.88
3369,2024-07-06 01:42:17.172869,600.19
3370,2024-07-06 02:02:17.170981,600.08
3371,2024-07-06 02:22:17.161078,601.7
3372,2024-07-06 02:42:17.169904,599.88
3373,2024-07-06 03:02:17.169775,601.78
3374,2024-07-06 03:22:17.162575,603.15
3375,2024-07-06 03:42:17.150994,602.23
3376,2024-07-06 04:02:17.112661,602.95
3377,2024-07-06 04:22:17.167887,604.44
3378,2024-07-06 04:42:17.157911,604.3
3379,2024-07-06 05:02:17.194115,602.22
3380,2024-07-06 05:22:17.166722,603.97
3381,2024-07-06 05:42:17.250722,603.59
3382,2024-07-06 06:02:17.158533,603.66
3383,2024-07-06 06:22:17.161864,603.8
3384,2024-07-06 06:42:17.164454,603.5
3385,2024-07-06 07:02:17.165593,603.93
3386,2024-07-06 07:22:17.158920,603.48
3387,2024-07-06 07:42:17.164303,600.87
3388,2024-07-06 08:02:17.159513,600.9
3389,2024-07-06 08:22:17.159828,603.1
3390,2024-07-06 08:42:17.163400,601.88
3391,2024-07-06 09:02:17.164711,602.16
3392,2024-07-06 09:22:17.158684,601.17
3393,2024-07-06 09:42:16.683857,600.92
3394,2024-07-06 10:02:17.160212,602.12
3395,2024-07-06 10:22:17.163700,603.28
3396,2024-07-06 10:42:17.163470,600.98
3397,2024-07-06 11:02:17.166371,604.97
3398,2024-07-06 11:22:17.157987,603.56
3399,2024-07-06 11:42:17.165023,602.2
3400,2024-07-06 12:02:17.165905,604.5
3401,2024-07-06 12:22:17.162208,602.62
3402,2024-07-06 12:42:17.160436,604.05
3403,2024-07-06 13:02:17.158810,606.65
3404,2024-07-06 13:22:17.156884,604.06
3405,2024-07-06 13:42:17.176789,604.42
3406,2024-07-06 14:02:17.167661,604.6
3407,2024-07-06 14:22:16.669804,607.24
3408,2024-07-06 14:42:17.174934,604.18
3409,2024-07-06 15:02:17.167168,606.62
3410,2024-07-06 15:22:17.159059,605.84
3411,2024-07-06 15:42:17.169298,604.2
3412,2024-07-06 16:02:17.168056,604.28
3413,2024-07-06 16:22:17.155653,604.85
3414,2024-07-06 16:42:17.164396,606.78
3415,2024-07-06 17:02:17.162902,605.6
3416,2024-07-06 17:22:17.163189,604.6
3417,2024-07-06 17:42:17.154558,606.56
3418,2024-07-06 18:02:17.168865,605.22
3419,2024-07-06 18:22:17.154824,603.93
3420,2024-07-06 18:42:17.174114,604.94
3421,2024-07-06 19:02:16.746844,604.2
3422,2024-07-06 19:22:17.161332,604.84
3423,2024-07-06 19:42:17.163682,603.38
3424,2024-07-06 20:02:17.165810,604.02
3425,2024-07-06 20:22:17.172201,602.02
3426,2024-07-06 20:42:17.153761,603.18
3427,2024-07-06 21:02:17.162607,603.06
3428,2024-07-06 21:22:16.770406,603.24
3429,2024-07-06 21:42:17.165299,603.51
3430,2024-07-06 22:02:17.168249,602.2
3431,2024-07-06 22:22:17.159957,603.18
3432,2024-07-06 22:42:17.167025,605.12
3433,2024-07-06 23:02:17.163316,603.24
3434,2024-07-06 23:22:17.158675,606.41
3435,2024-07-06 23:42:16.753751,607.04
3436,2024-07-07 00:02:17.192716,604.7
3437,2024-07-07 00:22:17.166530,607.2
3438,2024-07-07 00:42:17.164476,605.72
3439,2024-07-07 01:02:17.171009,606.44
3440,2024-07-07 01:22:17.154378,606.69
3441,2024-07-07 01:42:17.158969,606.28
3442,2024-07-07 02:02:17.159739,608.06
3443,2024-07-07 02:22:17.416239,607.82
3444,2024-07-07 02:42:17.179423,605.86
3445,2024-07-07 03:02:17.165133,607.0
3446,2024-07-07 03:22:17.160813,606.02
3447,2024-07-07 03:42:17.162995,608.72
3448,2024-07-07 04:02:17.158875,609.1
3449,2024-07-07 04:22:17.158350,606.8
3450,2024-07-07 04:42:17.155999,609.45
3451,2024-07-07 05:02:17.164686,608.97
3452,2024-07-07 23:02:16.917877,590.43
3453,2024-07-08 15:42:17.160378,554.65
3454,2024-07-08 16:02:17.234157,552.64
3455,2024-07-08 16:22:17.161104,547.78
3456,2024-07-08 16:42:17.166039,542.12
3457,2024-07-08 17:02:17.160088,538.28
3458,2024-07-08 17:22:17.158943,535.15
3459,2024-07-08 17:42:17.171110,535.56
3460,2024-07-08 18:02:17.163962,533.82
3461,2024-07-08 18:22:17.159716,533.44
3462,2024-07-08 18:42:17.153957,533.84
3463,2024-07-08 19:02:17.164604,528.75
3464,2024-07-08 19:22:17.164614,527.19
3465,2024-07-08 19:42:17.159096,519.64
3466,2024-07-08 20:02:17.164068,516.42
3467,2024-07-08 20:22:17.159828,514.02
3468,2024-07-08 20:42:17.162738,513.02
3469,2024-07-08 21:02:17.157883,503.13
3470,2024-07-08 21:22:17.160175,496.44
3471,2024-07-08 21:42:17.165984,490.52
3472,2024-07-08 22:02:16.765732,488.48
3473,2024-07-08 22:22:17.164988,494.35
3474,2024-07-08 22:42:17.169039,494.56
3475,2024-07-08 23:02:17.154525,497.58
3476,2024-07-08 23:22:17.167451,502.68
3477,2024-07-08 23:42:17.160978,504.42
3478,2024-07-09 00:02:17.149051,506.56
3479,2024-07-09 00:22:17.243961,514.72
3480,2024-07-09 00:42:17.169208,517.16
3481,2024-07-09 01:02:17.159912,520.62
3482,2024-07-09 01:22:17.158591,517.32
3483,2024-07-09 01:42:17.173614,518.83
3484,2024-07-09 02:02:17.157704,513.6
3485,2024-07-09 02:22:17.162564,511.31
3486,2024-07-09 02:42:17.126151,506.68
3487,2024-07-09 03:02:17.167382,505.86
3488,2024-07-09 03:22:17.178427,502.62
3489,2024-07-09 03:42:17.158308,504.49
3490,2024-07-09 04:02:17.155912,507.38
3491,2024-07-09 04:22:17.166527,509.62
3492,2024-07-09 04:42:17.162550,512.56
3493,2024-07-09 05:02:17.169752,516.38
3494,2024-07-09 05:22:17.162547,518.22
3495,2024-07-09 05:42:17.153328,520.89
3496,2024-07-09 06:02:17.159116,522.14
3497,2024-07-09 06:22:17.165066,525.26
3498,2024-07-09 06:42:17.181219,526.7
3499,2024-07-09 07:02:17.165475,526.24
3500,2024-07-09 07:22:17.167389,530.52
3501,2024-07-09 07:42:17.175679,531.01
3502,2024-07-09 08:02:17.167755,532.56
3503,2024-07-09 08:22:17.166493,536.58
3504,2024-07-09 08:42:17.162329,537.9
3505,2024-07-09 09:02:17.160789,543.5
3506,2024-07-09 09:22:17.160069,547.2
3507,2024-07-09 09:42:17.170552,551.29
3508,2024-07-09 10:02:17.164412,552.34
3509,2024-07-09 10:22:17.163144,553.66
3510,2024-07-09 10:42:17.163575,556.07
3511,2024-07-09 11:02:17.172402,559.03
3512,2024-07-09 11:22:17.157676,562.07
3513,2024-07-09 11:42:17.167355,563.62
3514,2024-07-09 12:02:17.166312,560.9
3515,2024-07-09 12:22:17.159645,566.2
3516,2024-07-09 12:42:17.165092,565.29
3517,2024-07-09 13:02:17.155561,564.06
3518,2024-07-09 13:22:17.170339,562.99
3519,2024-07-09 13:42:17.163665,563.82
3520,2024-07-09 14:02:17.163510,563.16
3521,2024-07-09 14:22:17.163454,561.81
3522,2024-07-09 14:42:17.159388,565.19
3523,2024-07-09 15:02:17.154506,562.95
3524,2024-07-09 15:22:17.168631,567.14
3525,2024-07-09 15:42:17.167338,565.62
3526,2024-07-09 16:02:17.162298,562.66
3527,2024-07-09 16:22:17.158840,561.28
3528,2024-07-09 16:42:17.159640,562.88
3529,2024-07-09 17:02:17.160707,555.46
3530,2024-07-09 17:22:17.163797,547.34
3531,2024-07-09 17:42:17.168799,539.84
3532,2024-07-09 18:02:17.168989,532.51
3533,2024-07-09 18:22:17.174607,531.04
3534,2024-07-09 18:42:17.163760,530.43
3535,2024-07-09 19:02:17.167588,529.16
3536,2024-07-09 19:22:17.161544,530.22
3537,2024-07-09 19:42:17.171503,528.31
3538,2024-07-09 20:02:17.173427,525.58
3539,2024-07-09 20:22:17.285110,526.64
3540,2024-07-09 20:42:17.173400,527.92
3541,2024-07-09 21:02:16.636536,529.74
3542,2024-07-09 21:22:17.157426,528.32
3543,2024-07-09 21:42:17.164460,528.76
3544,2024-07-09 22:02:17.163688,532.58
3545,2024-07-09 22:22:17.169339,536.02
3546,2024-07-09 22:42:17.157995,536.78
3547,2024-07-09 23:02:17.162621,538.58
3548,2024-07-09 23:22:17.165977,541.47
3549,2024-07-09 23:42:17.173372,546.93
3550,2024-07-10 00:02:17.158687,548.69
3551,2024-07-10 00:22:17.165903,550.26
3552,2024-07-10 00:42:17.176243,555.84
3553,2024-07-10 01:02:17.161313,557.26
3554,2024-07-10 01:22:17.162242,557.65
3555,2024-07-10 01:42:16.996824,559.96
3556,2024-07-10 02:02:17.158734,560.38
3557,2024-07-10 02:22:17.159335,557.66
3558,2024-07-10 02:42:17.167412,558.12
3559,2024-07-10 03:02:17.174988,558.26
3560,2024-07-10 03:22:17.157496,561.76
3561,2024-07-10 03:42:17.164499,560.93
3562,2024-07-10 04:02:17.183347,564.02
3563,2024-07-10 04:22:17.173851,565.66
3564,2024-07-10 04:42:17.167793,566.63
3565,2024-07-10 05:02:17.187611,568.91
3566,2024-07-10 05:22:17.159746,570.0
3567,2024-07-10 05:42:17.158817,572.74
3568,2024-07-10 06:02:17.163837,572.6
3569,2024-07-10 06:22:17.162702,574.38
3570,2024-07-10 06:42:17.160582,574.63
3571,2024-07-10 07:02:17.164323,576.71
3572,2024-07-10 07:22:17.163375,574.6
3573,2024-07-10 07:42:17.158217,577.34
3574,2024-07-10 08:02:17.160008,579.44
3575,2024-07-10 08:22:17.160381,580.85
3576,2024-07-10 08:42:17.179028,580.0
3577,2024-07-10 09:02:17.157704,582.75
3578,2024-07-10 09:22:17.154385,584.6
3579,2024-07-10 09:42:17.153840,584.32
3580,2024-07-10 10:02:17.162338,588.8
3581,2024-07-10 10:22:17.163302,587.73
3582,2024-07-10 10:42:17.171323,588.41
3583,2024-07-10 11:02:17.165160,589.5
3584,2024-07-10 11:22:17.202397,593.0
3585,2024-07-10 11:42:17.153629,591.68
3586,2024-07-10 12:02:17.118901,592.73
3587,2024-07-10 12:22:17.164549,593.83
3588,2024-07-10 12:42:17.161263,595.12
3589,2024-07-10 13:02:17.163744,597.12
3590,2024-07-10 13:42:17.157713,593.86
3591,2024-07-10 14:02:17.152141,598.05
3592,2024-07-10 14:22:17.155847,595.11
3593,2024-07-10 14:42:17.160510,599.22
3594,2024-07-10 15:02:17.162255,596.78
3595,2024-07-10 15:22:16.666765,596.62
3596,2024-07-10 15:42:17.165548,595.47
3597,2024-07-10 16:02:17.168062,595.41
3598,2024-07-10 16:22:17.164138,592.68
3599,2024-07-10 16:42:17.164678,595.54
3600,2024-07-10 17:02:17.166796,595.68
3601,2024-07-10 17:22:17.158345,595.89
3602,2024-07-10 17:42:17.158246,595.45
3603,2024-07-10 18:02:17.171716,594.2
3604,2024-07-10 18:22:17.162252,594.34
3605,2024-07-10 18:42:17.164850,593.94
3606,2024-07-10 19:02:17.162772,594.53
3607,2024-07-10 19:22:17.158590,594.46
3608,2024-07-10 19:42:17.163379,594.97
3609,2024-07-10 20:02:16.995082,591.54
3610,2024-07-10 20:22:17.166702,590.42
3611,2024-07-10 20:42:17.164169,586.76
3612,2024-07-10 21:02:17.156074,582.82
3613,2024-07-10 21:22:17.167398,578.56
3614,2024-07-10 21:42:17.163922,575.62
3615,2024-07-10 22:02:17.162046,577.42
3616,2024-07-10 22:22:17.153254,575.34
3617,2024-07-10 22:42:17.160412,575.47
3618,2024-07-10 23:02:17.164439,576.39
3619,2024-07-10 23:22:17.159154,577.88
3620,2024-07-10 23:42:17.178244,581.48
3621,2024-07-11 00:02:17.164062,580.92
3622,2024-07-11 00:22:17.169855,580.74
3623,2024-07-11 00:42:17.163610,582.74
3624,2024-07-11 01:02:17.161224,583.57
3625,2024-07-11 01:22:17.156110,588.72
3626,2024-07-11 01:42:16.765973,585.0
3627,2024-07-11 02:02:17.161601,588.54
3628,2024-07-11 02:22:17.156314,591.0
3629,2024-07-11 02:42:17.169441,589.65
3630,2024-07-11 03:02:17.165311,592.01
3631,2024-07-11 03:22:17.159676,590.76
3632,2024-07-11 03:42:17.172639,592.48
3633,2024-07-11 04:02:17.165883,594.87
3634,2024-07-11 04:22:17.167093,596.35
3635,2024-07-11 04:42:17.162740,596.62
3636,2024-07-11 05:02:17.153765,597.86
3637,2024-07-11 05:22:17.160704,598.42
3638,2024-07-11 05:42:17.159820,600.58
3639,2024-07-11 06:02:17.171019,600.18
3640,2024-07-11 06:22:17.163528,601.97
3641,2024-07-11 06:42:17.163233,601.52
3642,2024-07-11 07:02:17.165134,602.78
3643,2024-07-11 07:22:17.155754,603.8
3644,2024-07-11 07:42:17.156606,607.08
3645,2024-07-11 08:02:17.168125,606.56
3646,2024-07-11 08:22:17.164231,607.65
3647,2024-07-11 08:42:17.162341,603.98
3648,2024-07-11 09:02:17.179921,606.02
3649,2024-07-11 09:22:17.167040,606.22
3650,2024-07-11 23:42:16.952010,598.76
3651,2024-07-12 16:42:17.161282,513.09
3652,2024-07-12 17:02:17.163368,509.51
3653,2024-07-12 17:22:17.158971,503.44
3654,2024-07-12 17:42:17.156253,503.4
3655,2024-07-12 18:02:17.157837,497.05
3656,2024-07-12 18:22:17.157511,493.64
3657,2024-07-12 18:42:17.162870,494.64
3658,2024-07-12 19:02:17.165227,495.56
3659,2024-07-12 19:22:17.169814,492.52
3660,2024-07-12 19:42:17.164472,493.02
3661,2024-07-12 20:02:17.163567,486.51
3662,2024-07-12 20:22:17.173632,480.88
3663,2024-07-12 20:42:17.162876,479.9
3664,2024-07-12 21:02:17.155001,475.94
3665,2024-07-12 21:22:17.162736,476.98
3666,2024-07-12 21:42:17.162900,472.36
3667,2024-07-12 22:02:17.162621,463.2
3668,2024-07-12 22:22:17.174364,458.33
3669,2024-07-12 22:42:16.782138,452.63
3670,2024-07-12 23:02:17.155723,454.2
3671,2024-07-12 23:22:17.177153,459.44
3672,2024-07-12 23:42:17.163373,461.9
3673,2024-07-13 00:02:17.169817,461.21
3674,2024-07-13 00:22:17.165707,459.54
3675,2024-07-13 00:42:17.155200,458.88
3676,2024-07-13 01:02:17.165034,460.0
3677,2024-07-13 01:22:17.162225,456.78
3678,2024-07-13 01:42:17.166534,450.17
3679,2024-07-13 02:02:17.154797,445.38
3680,2024-07-13 02:22:17.171054,438.86
3681,2024-07-13 02:42:17.157903,436.68
3682,2024-07-13 03:02:17.160208,437.8
3683,2024-07-13 03:22:17.030408,433.38
3684,2024-07-13 03:42:17.167367,427.78
3685,2024-07-13 04:02:17.157682,422.84
3686,2024-07-13 04:22:17.176479,414.58
3687,2024-07-13 04:42:17.163500,406.62
3688,2024-07-13 05:02:17.167106,399.02
3689,2024-07-13 05:22:17.162367,390.62
3690,2024-07-13 05:42:17.156842,385.53
3691,2024-07-13 06:02:17.166649,377.68
3692,2024-07-13 06:22:17.176806,374.16
3693,2024-07-13 06:42:17.160176,374.66
3694,2024-07-13 07:02:17.158973,373.24
3695,2024-07-13 07:22:17.162806,372.42
3696,2024-07-13 07:42:17.173600,371.94
3697,2024-07-13 08:02:17.159489,372.86
3698,2024-07-13 08:22:17.168625,373.84
3699,2024-07-13 08:42:17.168288,378.78
3700,2024-07-13 09:02:17.165164,379.8
3701,2024-07-13 09:22:17.154797,374.64
3702,2024-07-13 09:42:17.158417,371.78
3703,2024-07-13 10:02:17.163290,371.64
3704,2024-07-13 10:22:17.163223,374.12
3705,2024-07-13 10:42:17.154698,375.73
3706,2024-07-13 11:02:17.164041,371.3
3707,2024-07-13 11:22:17.165460,370.9
3708,2024-07-13 11:42:17.156468,370.68
3709,2024-07-13 12:02:17.157577,369.58
3710,2024-07-13 12:22:17.159834,370.01
3711,2024-07-13 12:42:17.161904,370.26
3712,2024-07-13 13:02:17.166221,372.31
3713,2024-07-13 13:22:17.166641,370.94
3714,2024-07-13 13:42:17.162834,369.48
3715,2024-07-13 14:02:17.160230,368.14
3716,2024-07-13 14:22:17.164673,367.23
3717,2024-07-13 14:42:17.156821,365.16
3718,2024-07-13 15:02:17.162490,363.66
3719,2024-07-13 15:22:17.163901,360.92
3720,2024-07-13 15:42:17.156399,358.36
3721,2024-07-13 16:02:17.149882,357.24
3722,2024-07-13 16:22:17.163936,360.47
3723,2024-07-13 16:42:17.164647,362.9
3724,2024-07-13 17:02:17.163479,364.4
3725,2024-07-13 17:22:17.175342,366.02
3726,2024-07-13 17:42:17.166835,369.86
3727,2024-07-13 18:02:17.179069,373.77
3728,2024-07-13 18:22:17.158144,375.69
3729,2024-07-13 18:42:17.176164,380.11
3730,2024-07-13 19:02:17.158269,384.16
3731,2024-07-13 19:22:17.165839,387.68
3732,2024-07-13 19:42:17.165255,393.06
3733,2024-07-13 20:02:17.163528,398.3
3734,2024-07-13 20:22:17.168096,401.43
3735,2024-07-13 20:42:17.158029,405.08
3736,2024-07-13 21:02:17.173995,407.44
3737,2024-07-13 21:22:17.161954,410.18
3738,2024-07-13 21:42:17.163830,407.84
3739,2024-07-13 22:02:17.169599,407.09
3740,2024-07-13 22:22:17.163965,405.67
3741,2024-07-13 22:42:17.165142,407.76
3742,2024-07-13 23:02:17.159603,412.34
3743,2024-07-13 23:22:17.163221,414.06
3744,2024-07-13 23:42:17.165578,415.32
3745,2024-07-14 00:02:17.172671,411.73
3746,2024-07-14 00:22:17.160078,409.6
3747,2024-07-14 00:42:17.160104,405.54
3748,2024-07-14 01:02:17.298667,402.2
3749,2024-07-14 01:22:17.161175,401.96
3750,2024-07-14 01:42:17.165317,399.2
3751,2024-07-14 02:02:17.166359,399.7
3752,2024-07-14 02:22:16.800682,396.69
3753,2024-07-14 02:42:17.159791,396.58
3754,2024-07-14 03:02:17.152937,397.54
3755,2024-07-14 03:22:17.157924,398.5
3756,2024-07-14 03:42:17.173456,401.19
3757,2024-07-14 04:02:17.164047,399.38
3758,2024-07-14 04:22:17.165002,398.16
3759,2024-07-14 04:42:17.156394,397.64
3760,2024-07-14 05:02:17.174776,397.88
3761,2024-07-14 05:22:17.182448,397.45
3762,2024-07-14 05:42:17.184152,397.37
3763,2024-07-14 06:02:17.167417,392.82
3764,2024-07-14 06:22:17.166215,389.5
3765,2024-07-14 06:42:17.161086,389.12
3766,2024-07-14 07:02:17.087179,388.52
3767,2024-07-14 07:22:17.146611,389.79
3768,2024-07-14 07:42:17.162573,394.83
3769,2024-07-14 08:02:17.174409,395.28
3770,2024-07-14 08:22:17.168218,399.06
3771,2024-07-14 08:42:17.161012,400.98
3772,2024-07-14 09:02:17.168998,404.2
3773,2024-07-14 09:22:17.154409,407.6
3774,2024-07-14 09:42:17.168280,410.25
3775,2024-07-14 10:02:17.156382,414.32
3776,2024-07-14 10:22:17.157515,415.32
3777,2024-07-14 10:42:17.149310,418.36
3778,2024-07-14 11:02:17.166269,419.66
3779,2024-07-14 11:22:17.160311,419.03
3780,2024-07-14 23:02:17.153238,416.96
3781,2024-07-15 23:42:17.168322,394.54
3782,2024-07-16 15:22:17.162347,352.31
3783,2024-07-16 15:42:17.165444,349.58
3784,2024-07-16 16:02:17.174397,349.74
3785,2024-07-16 16:22:17.163660,351.94
3786,2024-07-16 16:42:16.950981,356.62
3787,2024-07-16 17:02:17.169602,362.82
3788,2024-07-16 17:22:17.161954,364.64
3789,2024-07-16 17:42:17.164004,361.27
3790,2024-07-16 18:02:17.190892,356.72
3791,2024-07-16 18:22:17.160093,353.26
3792,2024-07-16 18:42:17.161841,350.8
3793,2024-07-16 19:02:17.134968,349.08
3794,2024-07-16 19:22:17.159263,346.83
3795,2024-07-16 19:42:17.166179,347.88
3796,2024-07-16 20:02:17.175023,348.78
3797,2024-07-16 20:22:17.158640,350.78
3798,2024-07-16 20:42:17.167975,353.96
3799,2024-07-16 21:02:17.179971,354.61
3800,2024-07-16 21:22:17.160786,355.43
3801,2024-07-16 21:42:17.170943,351.38
3802,2024-07-16 22:02:17.152991,351.34
3803,2024-07-16 22:22:17.162696,350.48
3804,2024-07-16 22:42:17.161901,353.42
3805,2024-07-16 23:02:17.166010,353.09
3806,2024-07-16 23:22:17.160655,351.58
3807,2024-07-16 23:42:17.184329,350.76
3808,2024-07-17 00:02:17.168304,348.36
3809,2024-07-17 00:22:17.178153,347.42
3810,2024-07-17 00:42:17.178438,345.54
3811,2024-07-17 01:02:17.156242,344.72
3812,2024-07-17 01:22:17.158225,343.19
3813,2024-07-17 01:42:17.174799,339.96
3814,2024-07-17 02:02:17.163664,339.92
3815,2024-07-17 02:22:17.158027,338.24
3816,2024-07-17 02:42:17.196113,338.4
3817,2024-07-17 03:02:17.148955,340.82
3818,2024-07-17 03:22:17.173799,340.8
3819,2024-07-17 03:42:17.167551,345.2
3820,2024-07-17 04:02:17.154663,347.98
3821,2024-07-17 04:22:17.153692,351.1
3822,2024-07-17 04:42:17.174213,354.34
3823,2024-07-17 05:02:17.168103,353.35
3824,2024-07-17 05:22:17.160247,352.93
3825,2024-07-17 05:42:17.160291,348.55
3826,2024-07-17 06:02:17.238116,344.9
3827,2024-07-17 06:22:17.163676,344.78
3828,2024-07-17 06:42:17.188091,345.44
3829,2024-07-17 07:02:17.163946,344.33
3830,2024-07-17 07:22:17.157895,346.1
3831,2024-07-17 07:42:17.163654,346.64
3832,2024-07-17 08:02:17.164551,348.3
3833,2024-07-17 08:22:17.156861,345.76
3834,2024-07-17 08:42:17.164545,343.88
3835,2024-07-17 09:02:17.162746,342.98
3836,2024-07-17 09:22:17.161892,342.83
3837,2024-07-17 09:42:17.156738,344.04
3838,2024-07-17 10:02:16.756293,346.97
3839,2024-07-17 10:22:17.162091,344.88
3840,2024-07-17 10:42:17.164490,347.02
3841,2024-07-17 11:02:17.231470,346.77
3842,2024-07-17 11:22:17.186895,345.28
3843,2024-07-17 11:42:17.254235,346.6
3844,2024-07-17 12:02:17.151707,344.24
3845,2024-07-17 12:22:17.163947,343.24
3846,2024-07-17 12:42:17.163410,340.48
3847,2024-07-17 13:02:17.184548,339.51
3848,2024-07-17 13:22:17.159874,337.62
3849,2024-07-17 13:42:17.148804,337.06
3850,2024-07-17 14:02:17.161840,335.22
3851,2024-07-17 14:22:17.159902,336.66
3852,2024-07-17 14:42:17.224287,335.96
3853,2024-07-17 15:02:17.161295,335.41
3854,2024-07-17 15:22:17.162524,335.56
3855,2024-07-17 15:42:17.161814,336.19
3856,2024-07-17 16:02:17.160675,335.7
3857,2024-07-17 16:22:17.163752,337.78
3858,2024-07-17 17:02:17.166479,339.44
3859,2024-07-17 17:22:17.160601,342.45
3860,2024-07-17 17:42:17.163301,341.98
3861,2024-07-17 18:02:17.157861,347.86
3862,2024-07-17 18:22:17.157283,349.52
3863,2024-07-17 18:42:17.154956,351.94
3864,2024-07-17 19:02:17.159905,354.25
3865,2024-07-17 19:22:17.164064,355.07
3866,2024-07-17 19:42:17.170488,354.7
3867,2024-07-17 20:02:17.151405,355.28
3868,2024-07-17 20:22:17.166261,356.62
3869,2024-07-17 20:42:17.162409,360.06
3870,2024-07-17 21:02:17.156270,360.18
3871,2024-07-17 21:22:17.157533,360.29
3872,2024-07-17 21:42:17.167490,360.42
3873,2024-07-17 22:02:17.160180,361.94
3874,2024-07-17 22:22:17.158645,361.5
3875,2024-07-17 22:42:17.009879,364.87
3876,2024-07-17 23:02:17.169233,368.25
3877,2024-07-17 23:22:17.156347,371.13
3878,2024-07-17 23:42:17.165859,373.9
3879,2024-07-18 00:02:17.163260,379.04
3880,2024-07-18 00:22:17.160396,379.94
3881,2024-07-18 00:42:17.181980,384.36
3882,2024-07-18 01:02:17.162132,385.9
3883,2024-07-18 01:22:17.160682,390.12
3884,2024-07-18 01:42:17.163790,391.54
3885,2024-07-18 02:02:17.167800,396.72
3886,2024-07-18 02:22:17.166009,401.16
3887,2024-07-18 02:42:17.170986,403.59
3888,2024-07-18 03:02:17.157130,406.01
3889,2024-07-18 03:22:17.137776,409.04
3890,2024-07-18 03:42:17.157990,413.42
3891,2024-07-18 04:02:17.160395,413.18
3892,2024-07-18 04:22:17.162651,413.94
3893,2024-07-18 04:42:17.163479,417.4
3894,2024-07-18 05:02:17.163981,420.87
3895,2024-07-18 05:22:17.173376,421.72
3896,2024-07-18 05:42:17.162583,423.42
3897,2024-07-18 06:02:17.164901,424.02
3898,2024-07-18 06:22:17.165343,426.81
3899,2024-07-18 06:42:17.156090,429.58
3900,2024-07-18 07:02:17.167315,430.15
3901,2024-07-18 07:22:17.170525,432.48
3902,2024-07-18 07:42:17.159674,433.74
3903,2024-07-18 08:02:17.182159,432.72
3904,2024-07-18 08:22:17.162435,433.3
3905,2024-07-18 08:42:17.159836,434.03
3906,2024-07-18 09:02:17.165980,432.97
3907,2024-07-18 09:22:17.173980,436.38
3908,2024-07-18 09:42:17.161136,437.86
3909,2024-07-18 10:02:17.159987,437.44
3910,2024-07-18 10:22:17.176324,441.23
3911,2024-07-18 10:42:17.161385,442.47
3912,2024-07-18 11:02:17.169864,446.01
3913,2024-07-18 11:22:17.160941,444.5
3914,2024-07-18 11:42:17.177435,444.08
3915,2024-07-18 12:02:17.157180,446.28
3916,2024-07-18 12:22:17.154358,447.4
3917,2024-07-18 12:42:17.161546,445.48
3918,2024-07-18 13:02:17.157443,443.18
3919,2024-07-18 13:22:17.153206,442.62
3920,2024-07-18 13:42:17.149327,440.72
3921,2024-07-18 14:02:17.180338,440.48
3922,2024-07-18 14:22:17.162972,442.01
3923,2024-07-18 14:42:17.168770,441.0
3924,2024-07-18 15:02:17.162071,442.08
3925,2024-07-18 15:22:17.163354,442.3
3926,2024-07-18 15:42:17.154600,442.1
3927,2024-07-18 16:02:17.169580,439.78
3928,2024-07-18 16:22:17.179103,438.88
3929,2024-07-18 16:42:17.170627,436.86
3930,2024-07-18 17:02:16.865418,435.45
3931,2024-07-18 17:22:17.186583,434.08
3932,2024-07-18 17:42:17.255793,430.72
3933,2024-07-18 18:02:17.181126,429.52
3934,2024-07-18 18:22:17.167119,430.41
3935,2024-07-18 18:42:17.177342,429.08
3936,2024-07-18 19:02:17.174135,431.88
3937,2024-07-18 19:22:17.204699,428.22
3938,2024-07-18 19:42:17.191551,428.2
3939,2024-07-18 20:02:17.163446,425.35
3940,2024-07-18 20:22:17.171157,425.31
3941,2024-07-18 20:42:17.161695,428.41
3942,2024-07-18 21:02:17.153097,428.18
3943,2024-07-18 21:22:17.184126,430.74
3944,2024-07-18 21:42:17.170135,391.82
3945,2024-07-18 22:02:17.179670,436.04
3946,2024-07-18 22:22:17.156181,441.68
3947,2024-07-18 22:42:17.171782,442.96
3948,2024-07-18 23:02:17.207668,446.48
3949,2024-07-18 23:22:17.156573,446.54
3950,2024-07-18 23:42:17.161728,448.05
3951,2024-07-19 00:02:17.159124,449.15
3952,2024-07-19 00:22:17.231978,451.38
3953,2024-07-19 00:42:17.174070,453.2
3954,2024-07-19 01:02:17.146282,454.48
3955,2024-07-19 01:22:17.175445,457.46
3956,2024-07-19 01:42:17.173338,458.77
3957,2024-07-19 02:02:17.165607,461.45
3958,2024-07-19 02:22:17.211072,463.36
3959,2024-07-19 02:42:17.168812,464.68
3960,2024-07-19 03:02:17.161349,466.8
3961,2024-07-19 03:22:17.181113,468.9
3962,2024-07-19 03:42:17.168916,468.84
3963,2024-07-19 04:02:17.169893,471.18
3964,2024-07-19 04:22:17.170693,473.01
3965,2024-07-19 04:42:17.191421,474.06
3966,2024-07-19 05:02:17.165254,473.58
3967,2024-07-19 05:22:17.159694,476.78
3968,2024-07-19 05:42:17.171787,478.28
3969,2024-07-19 06:02:17.176455,477.18
3970,2024-07-19 06:22:17.168353,480.9
3971,2024-07-19 06:42:17.148921,482.82
3972,2024-07-19 07:02:17.184872,485.14
3973,2024-07-19 07:22:17.168965,485.77
3974,2024-07-19 07:42:17.172238,485.9
3975,2024-07-19 08:02:17.168363,486.42
3976,2024-07-19 08:22:17.173221,487.76
3977,2024-07-19 08:42:17.166574,488.16
3978,2024-07-19 09:02:17.164558,492.32
3979,2024-07-19 09:22:17.177699,492.72
3980,2024-07-19 09:42:17.168466,491.66
3981,2024-07-19 10:02:17.169831,492.23
3982,2024-07-19 10:22:17.161174,494.18
3983,2024-07-19 10:42:17.179016,494.5
3984,2024-07-19 11:02:17.160421,497.46
3985,2024-07-19 11:22:17.165222,498.88
3986,2024-07-19 11:42:17.166000,498.35
3987,2024-07-19 12:02:17.168495,499.6
3988,2024-07-19 12:22:17.154098,501.04
3989,2024-07-19 12:42:17.162160,501.38
3990,2024-07-19 13:02:17.179718,503.14
3991,2024-07-19 13:22:17.162447,501.6
3992,2024-07-19 13:42:17.150179,500.22
3993,2024-07-19 14:02:17.162085,499.96
3994,2024-07-19 14:22:17.161651,500.26
3995,2024-07-19 14:42:17.160653,501.96
3996,2024-07-19 15:02:17.171881,498.07
3997,2024-07-19 15:22:17.164837,498.21
3998,2024-07-19 15:42:17.151603,496.71
3999,2024-07-19 16:02:17.180717,500.24
4000,2024-07-19 16:22:17.163753,496.6
4001,2024-07-19 16:42:17.148466,497.86
4002,2024-07-19 17:02:17.174724,495.3
4003,2024-07-19 17:22:17.172394,494.87
4004,2024-07-19 17:42:17.147396,492.98
4005,2024-07-19 18:02:17.158342,489.96
4006,2024-07-19 18:22:17.165925,490.66
4007,2024-07-19 18:42:17.165333,491.38
4008,2024-07-19 19:02:17.147068,491.57
4009,2024-07-19 19:22:17.152453,492.04
4010,2024-07-19 19:42:17.172694,491.44
4011,2024-07-19 20:02:17.153946,493.6
4012,2024-07-19 20:22:17.155629,490.88
4013,2024-07-19 20:42:17.173614,488.77
4014,2024-07-19 21:02:17.170255,489.93
4015,2024-07-19 21:22:17.152824,490.1
4016,2024-07-19 21:42:17.164025,491.86
4017,2024-07-19 22:02:17.154296,493.6
4018,2024-07-19 22:22:17.179935,494.54
4019,2024-07-19 22:42:17.156908,497.67
4020,2024-07-19 23:02:17.152149,494.47
4021,2024-07-19 23:22:17.142988,495.52
4022,2024-07-19 23:42:17.167306,496.02
4023,2024-07-20 00:02:17.138954,495.66
4024,2024-07-20 00:22:17.155230,496.48
4025,2024-07-20 00:42:17.156278,496.14
4026,2024-07-20 01:02:17.168033,498.79
4027,2024-07-20 01:22:16.838670,498.49
4028,2024-07-20 01:42:17.168630,500.56
4029,2024-07-20 02:02:17.154736,502.62
4030,2024-07-20 02:22:17.155832,502.66
4031,2024-07-20 02:42:17.177426,504.99
4032,2024-07-20 03:02:17.149384,505.98
4033,2024-07-20 03:22:17.138299,506.92
4034,2024-07-20 03:42:17.000970,510.28
4035,2024-07-20 19:02:17.160685,450.38
4036,2024-07-20 19:22:17.163363,452.16
4037,2024-07-20 19:42:17.153495,453.77
4038,2024-07-20 20:02:17.157434,454.92
4039,2024-07-20 20:22:17.156396,456.08
4040,2024-07-20 20:42:17.156875,453.34
4041,2024-07-20 21:02:16.707605,452.24
4042,2024-07-20 21:22:17.173563,446.94
4043,2024-07-20 21:42:17.158873,449.3
4044,2024-07-20 22:02:17.153424,449.17
4045,2024-07-20 22:22:17.164004,448.4
4046,2024-07-20 22:42:17.161626,448.32
4047,2024-07-20 23:02:17.169937,451.06
4048,2024-07-20 23:22:17.163617,454.11
4049,2024-07-20 23:42:17.173076,455.91
4050,2024-07-21 00:02:17.172678,461.99
4051,2024-07-21 00:22:17.152605,464.54
4052,2024-07-21 00:42:17.162785,464.2
4053,2024-07-21 01:02:17.169134,468.66
4054,2024-07-21 01:22:17.158208,469.17
4055,2024-07-21 01:42:17.163874,471.36
4056,2024-07-21 02:02:17.164048,472.58
4057,2024-07-21 02:22:17.159232,472.78
4058,2024-07-21 02:42:17.161433,471.02
4059,2024-07-21 03:02:17.153810,472.62
4060,2024-07-21 03:22:17.168192,476.2
4061,2024-07-21 03:42:17.164728,474.14
4062,2024-07-21 04:02:17.156140,472.12
4063,2024-07-21 04:22:17.155768,472.84
4064,2024-07-21 04:42:17.154258,473.68
4065,2024-07-21 05:02:17.169201,474.95
4066,2024-07-21 05:22:17.162096,476.98
4067,2024-07-21 05:42:17.161060,474.2
4068,2024-07-21 06:02:17.165220,473.9
4069,2024-07-21 06:22:17.154949,473.84
4070,2024-07-21 06:42:17.163855,474.92
4071,2024-07-21 07:02:17.170323,474.37
4072,2024-07-21 07:22:17.162390,474.61
4073,2024-07-21 07:42:17.165667,475.18
4074,2024-07-21 08:02:17.163375,474.24
4075,2024-07-21 08:22:17.153031,473.06
4076,2024-07-21 08:42:17.206786,474.28
4077,2024-07-21 09:02:17.184959,473.53
4078,2024-07-21 09:22:17.157389,471.2
4079,2024-07-21 09:42:17.153334,470.49
4080,2024-07-21 10:02:17.164049,471.5
4081,2024-07-21 10:22:17.163302,469.94
4082,2024-07-21 10:42:17.155811,468.4
4083,2024-07-21 11:02:17.173176,468.53
4084,2024-07-21 11:22:17.165200,468.67
4085,2024-07-21 11:42:17.183797,461.9
4086,2024-07-21 12:02:17.159092,453.78
4087,2024-07-21 12:22:17.162080,455.52
4088,2024-07-21 12:42:17.164657,450.71
4089,2024-07-21 13:02:17.172450,447.36
4090,2024-07-21 13:22:17.155973,453.18
4091,2024-07-21 13:42:17.160772,456.26
4092,2024-07-21 14:02:17.164314,453.68
4093,2024-07-21 14:22:17.157445,452.36
4094,2024-07-21 14:42:17.164430,450.07
4095,2024-07-21 15:02:17.160074,446.74
4096,2024-07-21 15:22:17.152084,444.16
4097,2024-07-21 15:42:17.163123,437.62
4098,2024-07-21 16:02:17.164201,431.94
4099,2024-07-21 16:22:17.241477,429.99
4100,2024-07-21 16:42:17.169289,428.12
4101,2024-07-21 17:02:17.165071,425.65
4102,2024-07-21 17:22:17.154659,423.68
4103,2024-07-21 17:42:17.254047,424.18
4104,2024-07-21 18:02:17.044429,428.26
4105,2024-07-21 18:22:17.163793,429.86
4106,2024-07-21 18:42:17.154280,428.74
4107,2024-07-21 19:02:17.166126,434.24
4108,2024-07-21 19:22:17.167900,433.1
4109,2024-07-21 19:42:17.157861,428.24
4110,2024-07-21 20:02:17.158040,421.76
4111,2024-07-21 20:22:17.164756,418.45
4112,2024-07-21 20:42:17.167635,415.52
4113,2024-07-21 21:02:17.168202,415.73
4114,2024-07-21 21:22:17.168011,420.54
4115,2024-07-21 21:42:17.162973,423.3
4116,2024-07-21 22:02:17.183224,423.31
4117,2024-07-21 22:22:17.167834,426.27
4118,2024-07-21 22:42:17.201501,432.82
4119,2024-07-21 23:02:17.172782,436.44
4120,2024-07-21 23:22:17.158030,443.66
4121,2024-07-21 23:42:16.666574,446.22
4122,2024-07-22 00:02:17.193786,449.29
4123,2024-07-22 00:22:17.161371,449.85
4124,2024-07-22 00:42:17.165799,450.26
4125,2024-07-22 01:02:17.158628,453.66
4126,2024-07-22 01:22:17.160840,457.82
4127,2024-07-22 01:42:17.170170,462.38
4128,2024-07-22 02:02:17.162088,466.24
4129,2024-07-22 23:42:17.159978,431.4
4130,2024-07-23 23:42:17.162651,399.45
4131,2024-07-24 14:22:17.156296,481.5
4132,2024-07-24 14:42:17.161146,478.59
4133,2024-07-24 15:02:17.156741,474.22
4134,2024-07-24 15:22:17.159069,472.76
4135,2024-07-24 15:42:17.164042,471.9
4136,2024-07-24 16:02:17.160095,469.06
4137,2024-07-24 16:22:17.176153,468.78
4138,2024-07-24 16:42:17.157183,464.14
4139,2024-07-24 17:02:17.155835,459.28
4140,2024-07-24 17:22:17.161628,456.62
4141,2024-07-24 17:42:17.157126,453.16
4142,2024-07-24 18:02:17.154584,451.8
4143,2024-07-24 18:22:17.163111,449.7
4144,2024-07-24 18:42:17.164125,449.15
4145,2024-07-24 19:02:17.160731,447.92
4146,2024-07-24 19:22:17.164053,447.12
4147,2024-07-24 19:42:17.168970,447.0
4148,2024-07-24 20:02:17.159436,448.98
4149,2024-07-24 20:22:17.156428,448.88
4150,2024-07-24 20:42:17.185219,447.12
4151,2024-07-24 21:02:17.170573,448.09
4152,2024-07-24 21:22:17.165061,447.16
4153,2024-07-24 21:42:17.163950,449.06
4154,2024-07-24 22:02:17.157644,447.84
4155,2024-07-24 22:22:17.166108,451.37
4156,2024-07-24 22:42:17.160391,451.13
4157,2024-07-24 23:02:17.159638,454.76
4158,2024-07-24 23:22:17.168292,456.34
4159,2024-07-24 23:42:17.158758,457.62
4160,2024-07-25 00:02:17.163767,460.34
4161,2024-07-25 01:02:17.166859,461.98
4162,2024-07-25 01:22:17.170421,462.42
4163,2024-07-25 01:42:17.157373,462.66
4164,2024-07-25 02:02:17.157650,462.42
4165,2024-07-25 02:22:17.164038,464.92
4166,2024-07-25 02:42:17.164759,462.48
4167,2024-07-25 03:02:17.163045,464.04
4168,2024-07-25 03:22:17.174659,466.36
4169,2024-07-25 03:42:17.163474,466.74
4170,2024-07-25 04:02:17.170518,470.0
4171,2024-07-25 04:22:17.162372,469.02
4172,2024-07-25 04:42:17.174265,472.67
4173,2024-07-25 05:02:17.127916,476.88
4174,2024-07-25 05:22:17.162691,478.48
4175,2024-07-25 05:42:17.163853,481.38
4176,2024-07-25 06:02:17.166265,482.64
4177,2024-07-25 06:22:17.183471,484.24
4178,2024-07-25 06:42:17.152710,484.39
4179,2024-07-25 07:22:17.158996,484.28
4180,2024-07-25 07:42:17.158440,487.96
4181,2024-07-25 08:02:17.175399,489.2
4182,2024-07-25 08:22:17.180714,490.32
4183,2024-07-25 08:42:17.157716,491.33
4184,2024-07-25 09:02:17.157996,494.3
4185,2024-07-25 09:22:17.152426,495.18
4186,2024-07-25 09:42:17.160469,495.9
4187,2024-07-25 10:02:17.159824,501.56
4188,2024-07-25 10:22:17.165926,498.43
4189,2024-07-25 10:42:17.150373,499.91
4190,2024-07-25 11:02:17.161305,500.36
4191,2024-07-25 11:22:17.161069,499.9
4192,2024-07-25 11:42:17.164944,500.32
4193,2024-07-25 12:02:17.165431,503.04
4194,2024-07-25 12:22:17.173432,506.38
4195,2024-07-25 12:42:17.156457,508.52
4196,2024-07-25 13:02:17.161975,508.26
4197,2024-07-25 13:22:17.158743,507.5
4198,2024-07-25 13:42:17.158999,505.08
4199,2024-07-25 14:02:17.160147,502.45
4200,2024-07-25 14:22:17.165345,499.22
4201,2024-07-25 14:42:17.190826,493.39
4202,2024-07-25 15:02:17.159373,492.4
4203,2024-07-25 15:22:17.153732,491.04
4204,2024-07-25 15:42:17.161956,484.03
4205,2024-07-25 16:02:17.153638,473.68
4206,2024-07-25 16:22:17.165677,467.73
4207,2024-07-25 16:42:17.165161,463.62
4208,2024-07-25 17:02:17.223088,458.46
4209,2024-07-25 17:22:17.158858,455.84
4210,2024-07-25 17:42:17.163322,458.15
4211,2024-07-25 18:02:17.168272,458.76
4212,2024-07-25 18:22:17.185966,459.31
4213,2024-07-25 18:42:17.178751,454.42
4214,2024-07-25 19:02:17.163900,447.5
4215,2024-07-25 19:22:17.173714,441.98
4216,2024-07-25 19:42:17.166842,445.6
4217,2024-07-25 20:02:16.789743,444.13
4218,2024-07-25 20:22:17.166087,444.9
4219,2024-07-25 20:42:17.152818,443.76
4220,2024-07-25 21:02:17.165641,444.7
4221,2024-07-25 21:22:17.212897,443.11
4222,2024-07-25 21:42:17.169690,441.2
4223,2024-07-25 22:02:17.189539,440.22
4224,2024-07-25 22:22:17.106154,443.88
4225,2024-07-25 22:42:17.163593,442.16
4226,2024-07-25 23:02:17.155019,444.06
4227,2024-07-25 23:22:17.162267,442.33
4228,2024-07-25 23:42:17.168308,439.35
4229,2024-07-26 00:02:17.184354,439.61
4230,2024-07-26 00:22:17.159615,438.44
4231,2024-07-26 00:42:17.174497,439.42
4232,2024-07-26 01:02:17.164534,436.32
4233,2024-07-26 01:22:17.163360,435.35
4234,2024-07-26 01:42:17.155152,433.37
4235,2024-07-26 02:02:17.168554,430.29
4236,2024-07-26 02:22:17.159197,425.16
4237,2024-07-26 02:42:17.157852,418.72
4238,2024-07-26 03:02:17.163780,415.0
4239,2024-07-26 03:22:17.165548,410.69
4240,2024-07-26 03:42:17.165729,409.48
4241,2024-07-26 04:02:17.161143,413.47
4242,2024-07-26 04:22:17.166286,412.12
4243,2024-07-26 04:42:17.165045,410.06
4244,2024-07-26 05:02:17.159190,408.74
4245,2024-07-26 05:22:17.161583,408.86
4246,2024-07-26 05:42:17.163233,409.53
4247,2024-07-26 06:02:17.249685,405.7
4248,2024-07-26 06:22:17.161860,406.1
4249,2024-07-26 06:42:17.165820,403.78
4250,2024-07-26 07:02:17.162953,404.26
4251,2024-07-26 07:22:17.153676,402.3
4252,2024-07-26 07:42:17.168812,399.8
4253,2024-07-26 08:02:17.161998,397.52
4254,2024-07-26 08:22:17.163232,395.74
4255,2024-07-26 08:42:17.167139,394.3
4256,2024-07-26 09:02:17.292659,395.29
4257,2024-07-26 09:22:17.160515,400.16
4258,2024-07-26 09:42:17.157590,405.02
4259,2024-07-26 10:02:17.145689,408.26
4260,2024-07-26 10:22:17.154852,412.36
4261,2024-07-26 10:42:17.223772,415.72
4262,2024-07-26 11:02:17.160883,416.43
4263,2024-07-26 11:22:17.160988,420.26
4264,2024-07-26 11:42:17.183108,425.69
4265,2024-07-26 12:02:17.158575,429.34
4266,2024-07-26 12:22:17.168103,432.96
4267,2024-07-26 12:42:17.277767,435.88
4268,2024-07-26 13:02:17.178324,439.2
4269,2024-07-26 13:22:17.170231,439.65
4270,2024-07-26 13:42:17.163405,437.61
4271,2024-07-26 14:02:17.156028,436.2
4272,2024-07-26 14:22:16.668294,433.46
4273,2024-07-26 14:42:17.172166,435.06
4274,2024-07-26 15:02:17.224782,429.96
4275,2024-07-26 15:22:17.164398,430.78
4276,2024-07-26 15:42:17.168585,431.7
4277,2024-07-26 16:02:17.177934,432.04
4278,2024-07-26 16:22:17.165435,433.42
4279,2024-07-26 16:42:17.161937,436.87
4280,2024-07-26 17:02:17.235499,441.96
4281,2024-07-26 17:22:17.162374,445.55
4282,2024-07-26 17:42:17.164947,447.32
4283,2024-07-26 18:02:17.169324,448.1
4284,2024-07-26 18:22:17.156290,448.28
4285,2024-07-26 18:42:17.160134,443.82
4286,2024-07-26 19:02:17.098130,442.43
4287,2024-07-26 19:22:17.161276,441.73
4288,2024-07-26 19:42:17.163662,440.66
4289,2024-07-26 20:02:17.161407,444.06
4290,2024-07-26 20:22:17.166681,444.88
4291,2024-07-26 20:42:17.162744,447.38
4292,2024-07-26 21:02:17.161510,450.4
4293,2024-07-26 21:22:17.163522,455.11
4294,2024-07-26 21:42:17.156578,456.14
4295,2024-07-26 22:02:17.160055,458.76
4296,2024-07-26 22:22:17.168023,460.06
4297,2024-07-26 22:42:17.163468,458.83
4298,2024-07-26 23:02:17.152657,459.8
4299,2024-07-26 23:22:17.160614,461.56
4300,2024-07-26 23:42:17.157278,461.08
4301,2024-07-27 00:02:17.172453,463.7
4302,2024-07-27 00:22:17.153822,465.38
4303,2024-07-27 00:42:17.161084,469.22
4304,2024-07-27 01:02:17.156750,471.95
4305,2024-07-27 01:22:17.209129,472.66
4306,2024-07-27 01:42:17.159964,477.08
4307,2024-07-27 02:02:17.158292,476.7
4308,2024-07-27 02:22:17.164307,479.22
4309,2024-07-27 02:42:17.148523,481.21
4310,2024-07-27 03:02:17.178032,482.75
4311,2024-07-27 03:22:17.161468,482.94
4312,2024-07-27 03:42:17.161878,481.6
4313,2024-07-27 04:02:17.158592,483.28
4314,2024-07-27 04:22:17.163835,482.49
4315,2024-07-27 04:42:17.163955,484.15
4316,2024-07-27 05:02:17.162974,482.93
4317,2024-07-27 05:22:16.938038,484.57
4318,2024-07-27 05:42:17.162855,484.52
4319,2024-07-27 06:02:17.163402,481.86
4320,2024-07-27 06:22:17.160137,485.35
4321,2024-07-27 06:42:17.162114,485.53
4322,2024-07-27 07:02:17.166154,488.46
4323,2024-07-27 07:22:17.161880,488.76
4324,2024-07-27 07:42:17.167529,491.5
4325,2024-07-27 08:02:17.175517,492.76
4326,2024-07-27 08:22:17.161640,494.96
4327,2024-07-27 08:42:17.227000,496.15
4328,2024-07-27 23:02:17.165040,489.06
4329,2024-07-28 18:02:17.164668,452.26
4330,2024-07-28 18:22:17.192874,442.03
4331,2024-07-28 18:42:17.189395,433.62
4332,2024-07-28 19:02:17.164553,428.79
4333,2024-07-28 19:22:17.161643,420.02
4334,2024-07-28 19:42:17.166570,413.6
4335,2024-07-28 20:02:17.168586,411.31
4336,2024-07-28 20:22:17.170887,410.63
4337,2024-07-28 20:42:17.167761,412.03
4338,2024-07-28 21:02:17.171211,412.66
4339,2024-07-28 21:22:17.165483,416.26
4340,2024-07-28 21:42:17.164675,422.46
4341,2024-07-28 22:02:17.164030,426.97
4342,2024-07-28 22:22:17.160813,428.6
4343,2024-07-28 22:42:17.163381,431.1
4344,2024-07-28 23:02:17.165522,431.58
4345,2024-07-28 23:22:17.253024,431.46
4346,2024-07-28 23:42:17.173836,429.56
4347,2024-07-29 00:02:17.154419,426.17
4348,2024-07-29 00:22:17.162104,422.33
4349,2024-07-29 00:42:17.155002,417.47
4350,2024-07-29 01:02:17.162745,416.46
4351,2024-07-29 01:22:17.162198,415.26
4352,2024-07-29 01:42:17.163157,411.76
4353,2024-07-29 02:02:17.415037,406.55
4354,2024-07-29 02:22:17.156882,399.07
4355,2024-07-29 02:42:17.154959,387.18
4356,2024-07-29 03:02:17.154927,382.22
4357,2024-07-29 03:22:17.165821,374.9
4358,2024-07-29 03:42:17.165962,369.59
4359,2024-07-29 04:02:17.157826,367.74
4360,2024-07-29 04:22:17.158110,365.09
4361,2024-07-29 04:42:17.165694,365.78
4362,2024-07-29 05:02:17.154768,362.14
4363,2024-07-29 05:22:17.156351,360.62
4364,2024-07-29 05:42:17.027351,359.44
4365,2024-07-29 06:02:17.174905,358.18
4366,2024-07-29 06:22:17.162052,357.68
4367,2024-07-29 06:42:17.162092,359.0
4368,2024-07-29 07:02:17.170702,359.7
4369,2024-07-29 07:22:17.159673,362.17
4370,2024-07-29 07:42:17.144342,364.37
4371,2024-07-29 08:02:17.166251,366.27
4372,2024-07-29 08:22:17.155614,361.14
4373,2024-07-29 08:42:17.158306,361.06
4374,2024-07-29 09:02:17.161522,362.5
4375,2024-07-29 09:22:17.153124,363.08
4376,2024-07-29 09:42:17.416049,366.39
4377,2024-07-29 10:02:17.162756,369.94
4378,2024-07-29 10:22:17.161659,373.96
4379,2024-07-29 10:42:17.158646,375.5
4380,2024-07-29 11:02:17.164646,378.2
4381,2024-07-29 11:22:17.149295,380.42
4382,2024-07-29 11:42:17.159171,381.38
4383,2024-07-29 12:02:17.152857,380.97
4384,2024-07-29 12:22:17.167527,380.7
4385,2024-07-29 12:42:17.168914,380.9
4386,2024-07-29 13:02:17.163485,377.19
4387,2024-07-29 13:22:17.160973,367.24
4388,2024-07-29 13:42:17.162662,359.96
4389,2024-07-29 14:02:17.168884,353.88
4390,2024-07-29 14:22:17.165788,352.14
4391,2024-07-29 14:42:17.161883,350.92
4392,2024-07-29 15:02:17.158350,352.0
4393,2024-07-29 15:22:17.168199,352.71
4394,2024-07-29 15:42:17.173785,355.81
4395,2024-07-29 16:02:16.955822,354.4
4396,2024-07-29 16:22:17.165799,355.66
4397,2024-07-29 16:42:17.213651,355.9
4398,2024-07-29 17:02:17.166637,350.38
4399,2024-07-29 17:22:17.165209,349.29
4400,2024-07-29 17:42:17.165859,349.5
4401,2024-07-29 18:02:17.171740,349.36
4402,2024-07-29 18:22:17.146679,350.1
4403,2024-07-29 18:42:17.160539,352.46
4404,2024-07-29 19:02:17.165459,349.32
4405,2024-07-29 19:22:17.163889,350.58
4406,2024-07-29 19:42:17.172886,353.94
4407,2024-07-29 20:02:17.165138,353.26
4408,2024-07-29 20:22:17.170672,356.78
4409,2024-07-29 20:42:17.159171,361.03
4410,2024-07-29 21:02:17.156097,363.05
4411,2024-07-29 21:22:17.163114,364.25
4412,2024-07-29 21:42:17.157384,366.2
4413,2024-07-29 22:02:17.157693,365.32
4414,2024-07-29 22:22:17.168245,364.95
4415,2024-07-29 22:42:17.164487,365.43
4416,2024-07-29 23:02:17.141614,364.56
4417,2024-07-29 23:22:17.163443,364.64
4418,2024-07-29 23:42:17.158718,360.82
4419,2024-07-30 00:02:17.164544,358.3
4420,2024-07-30 00:22:17.156022,353.9
4421,2024-07-30 00:42:17.265329,353.46
4422,2024-07-30 01:02:17.143077,350.16
4423,2024-07-30 01:22:17.164512,346.76
4424,2024-07-30 01:42:17.152787,343.96
4425,2024-07-30 02:02:17.163311,341.6
4426,2024-07-30 02:22:17.154610,340.7
4427,2024-07-30 02:42:17.160852,342.13
4428,2024-07-30 03:02:17.167460,339.97
4429,2024-07-30 03:22:17.154115,337.98
4430,2024-07-30 03:42:17.172789,338.18
4431,2024-07-30 04:22:17.162719,335.31
4432,2024-07-30 04:42:17.162579,337.58
4433,2024-07-30 05:02:17.172235,335.86
4434,2024-07-30 05:22:17.151776,336.3
4435,2024-07-30 05:42:16.669534,336.56
4436,2024-07-30 06:02:17.184893,337.59
4437,2024-07-30 06:22:17.161439,335.66
4438,2024-07-30 06:42:17.163011,336.91
4439,2024-07-30 07:02:17.175198,339.58
4440,2024-07-30 07:22:17.168327,342.42
4441,2024-07-30 07:42:17.166782,345.46
4442,2024-07-30 08:02:17.156137,349.59
4443,2024-07-30 08:22:17.175596,350.99
4444,2024-07-30 08:42:17.163278,352.9
4445,2024-07-30 09:02:17.157696,354.74
4446,2024-07-30 09:22:17.171067,355.56
4447,2024-07-30 09:42:17.168319,354.86
4448,2024-07-30 10:02:17.159929,353.47
4449,2024-07-30 10:22:16.905516,354.37
4450,2024-07-30 10:42:17.168200,352.94
4451,2024-07-30 11:02:17.178004,351.3
4452,2024-07-30 11:22:17.165119,351.4
4453,2024-07-30 11:42:17.167385,352.65
4454,2024-07-30 12:02:17.158041,349.45
4455,2024-07-30 12:22:17.159158,347.82
4456,2024-07-30 12:42:17.024015,348.04
4457,2024-07-30 13:02:17.159070,350.54
4458,2024-07-30 13:22:17.159052,352.14
4459,2024-07-30 13:42:17.161296,352.91
4460,2024-07-30 14:02:17.160523,352.52
4461,2024-07-30 14:22:17.167053,350.84
4462,2024-07-30 14:42:17.159979,348.18
4463,2024-07-30 15:02:17.152422,347.2
4464,2024-07-30 15:22:17.173395,346.84
4465,2024-07-30 15:42:17.165086,347.56
4466,2024-07-30 16:02:17.165112,343.49
4467,2024-07-30 16:22:17.161858,344.98
4468,2024-07-30 16:42:17.157728,345.4
4469,2024-07-30 17:02:17.142977,344.48
4470,2024-07-30 17:22:17.159726,346.76
4471,2024-07-30 17:42:17.166694,345.58
4472,2024-07-30 18:02:17.159664,347.18
4473,2024-07-30 18:22:17.152599,349.56
4474,2024-07-30 18:42:17.168254,349.1
4475,2024-07-30 19:02:17.173770,349.54
4476,2024-07-30 19:22:17.166572,345.98
4477,2024-07-30 19:42:17.164483,343.31
4478,2024-07-30 20:02:17.158038,340.61
4479,2024-07-30 20:22:17.259529,341.08
4480,2024-07-30 20:42:17.165736,339.52
4481,2024-07-30 21:02:17.157637,340.98
4482,2024-07-30 21:22:17.164563,342.18
4483,2024-07-30 21:42:17.163400,345.27
4484,2024-07-30 22:02:17.169125,345.31
4485,2024-07-30 22:22:17.167967,348.8
4486,2024-07-30 22:42:17.163943,348.32
4487,2024-07-30 23:02:17.163178,350.08
4488,2024-07-30 23:22:17.165699,351.78
4489,2024-07-30 23:42:17.161186,352.26
4490,2024-07-31 00:02:17.156487,351.24
4491,2024-07-31 00:22:17.161457,350.88
4492,2024-07-31 00:42:17.162174,348.32
4493,2024-07-31 01:02:17.163041,347.64
4494,2024-07-31 01:22:17.163937,343.96
4495,2024-07-31 01:42:17.155553,343.27
4496,2024-07-31 02:02:17.165355,345.01
4497,2024-07-31 02:22:17.157165,343.22
4498,2024-07-31 02:42:17.163344,341.58
4499,2024-07-31 03:02:17.162534,344.42
4500,2024-07-31 03:22:17.158046,342.64
4501,2024-07-31 03:42:17.164739,345.43
4502,2024-07-31 04:02:17.187080,345.83
4503,2024-07-31 04:22:17.160497,347.08
4504,2024-07-31 04:42:16.676055,350.56
4505,2024-07-31 05:02:17.159819,352.98
4506,2024-07-31 05:22:17.175364,357.97
4507,2024-07-31 05:42:17.159216,362.02
4508,2024-07-31 06:02:17.191640,363.17
4509,2024-07-31 06:22:17.153884,366.1
4510,2024-07-31 06:42:17.164348,370.3
4511,2024-07-31 07:02:17.186082,371.74
4512,2024-07-31 07:22:17.162311,371.46
4513,2024-07-31 07:42:17.263264,371.51
4514,2024-07-31 08:02:17.160110,369.33
4515,2024-07-31 08:22:17.176198,365.52
4516,2024-07-31 08:42:17.160709,361.54
4517,2024-07-31 09:02:17.147083,359.27
4518,2024-07-31 23:42:17.192412,407.6
4519,2024-08-01 17:02:17.157784,446.8
4520,2024-08-01 17:22:17.167775,447.18
4521,2024-08-01 17:42:17.164391,449.29
4522,2024-08-01 18:02:17.160452,447.11
4523,2024-08-01 18:22:17.155405,446.14
4524,2024-08-01 18:42:17.171030,442.18
4525,2024-08-01 19:02:17.172715,441.2
4526,2024-08-01 19:22:17.166383,439.74
4527,2024-08-01 19:42:17.171789,434.15
4528,2024-08-01 20:02:17.179301,432.31
4529,2024-08-01 20:22:17.153505,425.88
4530,2024-08-01 20:42:17.160057,421.84
4531,2024-08-01 21:02:17.178225,421.42
4532,2024-08-01 21:22:17.171928,418.92
4533,2024-08-01 21:42:17.173029,418.02
4534,2024-08-01 22:02:16.711939,422.48
4535,2024-08-01 22:22:17.171775,423.7
4536,2024-08-01 22:42:17.157385,425.64
4537,2024-08-01 23:02:17.154188,422.32
4538,2024-08-01 23:22:17.173062,420.65
4539,2024-08-01 23:42:17.158997,424.48
4540,2024-08-02 00:02:17.161377,426.33
4541,2024-08-02 00:22:17.419728,430.08
4542,2024-08-02 00:42:17.164433,433.06
4543,2024-08-02 01:02:17.157665,436.28
4544,2024-08-02 01:22:17.164356,440.84
4545,2024-08-02 01:42:17.174175,441.04
4546,2024-08-02 02:02:17.172871,442.9
4547,2024-08-02 02:22:17.154852,447.02
4548,2024-08-02 02:42:16.630446,450.9
4549,2024-08-02 03:02:17.165695,451.49
4550,2024-08-02 03:22:17.164678,452.04
4551,2024-08-02 03:42:17.163847,456.68
4552,2024-08-02 04:02:17.165812,459.0
4553,2024-08-02 04:22:17.207278,461.82
4554,2024-08-02 04:42:17.167681,466.04
4555,2024-08-02 05:02:17.157443,467.91
4556,2024-08-02 05:22:17.166094,470.14
4557,2024-08-02 05:42:17.158314,472.3
4558,2024-08-02 06:02:17.156380,474.86
4559,2024-08-02 06:22:17.174770,475.68
4560,2024-08-02 06:42:17.164163,476.86
4561,2024-08-02 07:02:17.163112,480.05
4562,2024-08-02 07:22:17.071142,479.42
4563,2024-08-02 07:42:17.164024,482.3
4564,2024-08-02 08:02:17.164384,485.02
4565,2024-08-02 08:22:17.165420,485.08
4566,2024-08-02 08:42:17.180762,486.6
4567,2024-08-02 09:02:17.161005,488.13
4568,2024-08-02 09:22:17.162758,488.98
4569,2024-08-02 09:42:17.162199,491.72
4570,2024-08-02 10:02:17.164375,490.96
4571,2024-08-02 10:22:17.160226,492.58
4572,2024-08-02 10:42:17.162684,494.14
4573,2024-08-02 11:02:17.159692,496.52
4574,2024-08-02 11:22:17.159659,497.51
4575,2024-08-02 11:42:17.164766,494.84
4576,2024-08-02 12:02:17.164675,498.46
4577,2024-08-02 12:22:17.163439,498.2
4578,2024-08-02 12:42:17.169052,501.16
4579,2024-08-02 13:02:17.174575,500.23
4580,2024-08-02 13:22:17.167986,498.89
4581,2024-08-02 13:42:17.163378,499.4
4582,2024-08-02 14:02:17.165076,499.74
4583,2024-08-02 14:22:17.158818,501.84
4584,2024-08-02 14:42:17.162655,500.0
4585,2024-08-02 15:02:17.159973,498.4
4586,2024-08-02 15:42:17.156404,497.12
4587,2024-08-02 16:02:17.162095,495.06
4588,2024-08-02 16:22:17.165438,491.77
4589,2024-08-02 16:42:17.158836,489.05
4590,2024-08-02 17:02:17.157026,489.44
4591,2024-08-02 17:22:17.168067,487.54
4592,2024-08-02 17:42:17.142968,482.74
4593,2024-08-02 18:02:17.161959,479.06
4594,2024-08-02 18:22:17.159513,475.09
4595,2024-08-02 18:42:17.158911,468.82
4596,2024-08-02 19:02:17.171948,464.28
4597,2024-08-02 19:22:17.160586,458.68
4598,2024-08-02 19:42:17.163421,452.96
4599,2024-08-02 20:02:17.159056,450.96
4600,2024-08-02 20:22:17.151589,449.89
4601,2024-08-02 20:42:17.162074,452.05
4602,2024-08-02 21:02:17.150871,453.98
4603,2024-08-02 21:22:17.167907,453.86
4604,2024-08-02 21:42:17.162538,457.24
4605,2024-08-02 22:02:17.173515,462.77
4606,2024-08-02 22:22:17.150296,466.04
4607,2024-08-02 22:42:17.163808,468.7
4608,2024-08-02 23:02:17.158075,471.34
4609,2024-08-02 23:22:17.172341,473.54
4610,2024-08-02 23:42:17.150871,476.56
4611,2024-08-03 00:02:17.167768,478.71
4612,2024-08-03 00:22:17.166016,482.14
4613,2024-08-03 00:42:17.160846,484.37
4614,2024-08-03 01:02:17.172798,489.72
4615,2024-08-03 01:22:17.169186,489.86
4616,2024-08-03 01:42:17.173009,491.0
4617,2024-08-03 02:02:17.160795,494.8
4618,2024-08-03 02:22:17.165042,496.36
4619,2024-08-03 02:42:17.159514,496.66
4620,2024-08-03 03:02:17.148241,499.06
4621,2024-08-03 03:22:17.313851,500.06
4622,2024-08-03 03:42:17.158472,498.61
4623,2024-08-03 04:02:17.151610,497.54
4624,2024-08-03 04:22:17.164504,494.64
4625,2024-08-03 04:42:17.164838,494.18
4626,2024-08-03 05:02:17.162326,494.12
4627,2024-08-03 05:22:17.164982,493.06
4628,2024-08-03 05:42:17.151402,493.9
4629,2024-08-03 06:02:17.162221,498.91
4630,2024-08-03 06:22:16.691422,497.86
4631,2024-08-03 06:42:17.164061,501.72
4632,2024-08-03 07:02:17.188519,503.44
4633,2024-08-03 07:22:17.162526,503.62
4634,2024-08-03 07:42:17.168958,507.4
4635,2024-08-03 08:02:17.174021,507.35
4636,2024-08-03 08:22:17.160515,508.84
4637,2024-08-03 08:42:17.163556,510.7
4638,2024-08-03 09:02:17.162711,511.02
4639,2024-08-03 09:22:17.166911,512.72
4640,2024-08-03 09:42:17.178688,512.46
4641,2024-08-03 10:02:17.162674,516.29
4642,2024-08-03 10:22:17.159761,516.06
4643,2024-08-03 10:42:17.155128,516.5
4644,2024-08-03 11:02:17.006213,516.8
4645,2024-08-03 11:22:17.165947,519.26
4646,2024-08-03 11:42:17.194164,518.43
4647,2024-08-03 12:02:17.155883,520.3
4648,2024-08-03 12:22:17.182039,520.44
4649,2024-08-03 12:42:17.147865,518.84
4650,2024-08-03 13:02:17.182760,519.77
4651,2024-08-03 13:22:17.155554,521.91
4652,2024-08-03 13:42:17.165628,521.4
4653,2024-08-03 14:02:17.163003,521.0
4654,2024-08-03 14:22:17.165194,519.12
4655,2024-08-03 14:42:17.162484,521.24
4656,2024-08-03 15:02:17.160272,521.15
4657,2024-08-03 15:22:17.160551,521.09
4658,2024-08-03 15:42:17.168133,521.47
4659,2024-08-03 16:02:17.164417,522.1
4660,2024-08-03 16:22:17.166376,519.5
4661,2024-08-03 16:42:17.157180,518.98
4662,2024-08-03 17:02:17.165449,515.8
4663,2024-08-03 17:22:17.348680,513.34
4664,2024-08-03 17:42:17.159457,512.6
4665,2024-08-03 18:02:17.161467,504.3
4666,2024-08-03 18:22:17.167974,497.98
4667,2024-08-03 18:42:17.162792,490.54
4668,2024-08-03 19:02:17.158601,481.2
4669,2024-08-03 19:22:17.158594,473.66
4670,2024-08-03 19:42:17.168184,467.88
4671,2024-08-03 20:02:17.184424,467.82
4672,2024-08-03 23:42:17.161279,496.24
4673,2024-08-04 16:42:17.167607,476.74
4674,2024-08-04 17:02:17.165170,472.7
4675,2024-08-04 17:22:17.152605,478.96
4676,2024-08-04 17:42:17.164367,475.98
4677,2024-08-04 18:02:17.160477,479.95
4678,2024-08-04 18:22:17.156841,481.32
4679,2024-08-04 18:42:17.154144,486.26
4680,2024-08-04 19:02:17.155432,493.57
4681,2024-08-04 19:22:16.893208,499.99
4682,2024-08-04 19:42:17.182821,504.21
4683,2024-08-04 20:02:17.158731,502.82
4684,2024-08-04 20:22:17.168697,497.52
4685,2024-08-04 20:42:17.179855,487.62
4686,2024-08-04 21:02:17.163919,474.01
4687,2024-08-04 21:22:17.158327,464.94
4688,2024-08-04 21:42:17.142681,462.81
4689,2024-08-04 22:02:17.164695,458.44
4690,2024-08-04 22:22:17.168034,454.08
4691,2024-08-04 23:02:17.181845,456.29
4692,2024-08-04 23:22:17.162990,458.33
4693,2024-08-04 23:42:17.150238,462.5
4694,2024-08-05 00:02:17.150622,468.28
4695,2024-08-05 00:22:17.182029,471.68
4696,2024-08-05 00:42:17.155461,473.86
4697,2024-08-05 01:02:17.146611,474.94
4698,2024-08-05 01:22:17.319807,478.32
4699,2024-08-05 01:42:17.151132,482.32
4700,2024-08-05 02:02:17.146623,483.66
4701,2024-08-05 02:22:17.178402,488.36
4702,2024-08-05 02:42:17.163096,490.42
4703,2024-08-05 03:02:17.176601,492.97
4704,2024-08-05 03:22:17.249276,493.48
4705,2024-08-05 03:42:17.156609,497.62
4706,2024-08-05 04:02:17.152173,502.6
4707,2024-08-05 04:22:17.158864,504.77
4708,2024-08-05 04:42:17.188552,507.17
4709,2024-08-05 05:02:17.162003,509.4
4710,2024-08-05 05:22:17.180221,512.28
4711,2024-08-05 05:42:17.158844,516.66
4712,2024-08-05 06:02:17.157361,518.08
4713,2024-08-05 06:22:17.170198,518.51
4714,2024-08-05 06:42:17.170559,519.7
4715,2024-08-05 07:02:17.167862,518.05
4716,2024-08-05 07:22:17.185927,519.76
4717,2024-08-05 07:42:17.163377,519.8
4718,2024-08-05 08:02:17.195400,522.26
4719,2024-08-05 08:22:17.163242,524.07
4720,2024-08-05 08:42:17.164249,526.78
4721,2024-08-05 09:02:17.185283,523.22
4722,2024-08-05 09:22:17.173237,522.42
4723,2024-08-05 23:42:17.226806,447.47
4724,2024-08-06 17:42:17.169547,425.56
4725,2024-08-06 18:02:17.163534,421.29
4726,2024-08-06 18:22:17.157479,417.7
4727,2024-08-06 18:42:17.177335,416.32
4728,2024-08-06 19:02:17.164181,414.92
4729,2024-08-06 19:22:17.149138,418.18
4730,2024-08-06 19:42:17.173503,415.41
4731,2024-08-06 20:02:17.184781,420.5
4732,2024-08-06 20:22:17.157477,426.19
4733,2024-08-06 21:02:17.159488,432.6
4734,2024-08-06 22:22:17.179116,453.86
4735,2024-08-06 22:42:17.164455,459.92
4736,2024-08-06 23:02:17.152518,467.12
4737,2024-08-06 23:22:17.162193,473.04
4738,2024-08-06 23:42:17.183602,479.85
4739,2024-08-07 00:02:17.147087,482.22
4740,2024-08-07 00:22:16.927442,484.79
4741,2024-08-07 00:42:17.166488,488.62
4742,2024-08-07 01:02:17.163950,491.68
4743,2024-08-07 01:22:17.162425,496.01
4744,2024-08-07 01:42:17.171684,499.63
4745,2024-08-07 02:02:17.180263,500.47
4746,2024-08-07 02:22:17.164586,501.34
4747,2024-08-07 02:42:17.165478,507.98
4748,2024-08-07 03:22:17.162201,510.91
4749,2024-08-07 03:42:17.188709,514.76
4750,2024-08-07 04:02:17.165562,517.88
4751,2024-08-07 04:22:17.172243,520.38
4752,2024-08-07 04:42:17.156766,521.72
4753,2024-08-07 05:02:17.282040,522.27
4754,2024-08-07 05:22:17.159104,523.89
4755,2024-08-07 05:42:17.154895,527.39
4756,2024-08-07 06:02:17.155777,527.94
4757,2024-08-07 06:22:17.149350,530.08
4758,2024-08-07 06:42:17.183619,529.54
4759,2024-08-07 07:02:17.149524,532.05
4760,2024-08-07 07:22:17.160730,533.81
4761,2024-08-07 07:42:17.149278,536.72
4762,2024-08-07 08:02:17.157552,537.52
4763,2024-08-07 08:22:17.150228,540.06
4764,2024-08-07 08:42:17.156039,541.15
4765,2024-08-07 09:02:17.162748,541.63
4766,2024-08-07 09:22:17.178811,542.39
4767,2024-08-07 09:42:17.172576,544.44
4768,2024-08-07 10:02:17.175620,543.88
4769,2024-08-07 10:22:17.155042,543.5
4770,2024-08-07 10:42:17.172714,543.51
4771,2024-08-07 11:02:17.173681,544.1
4772,2024-08-07 11:22:17.149069,542.09
4773,2024-08-07 11:42:17.156599,540.28
4774,2024-08-07 12:02:17.172760,537.12
4775,2024-08-07 12:22:17.157089,537.06
4776,2024-08-07 12:42:17.156116,533.03
4777,2024-08-07 13:02:17.177906,530.98
4778,2024-08-07 13:22:17.165573,529.04
4779,2024-08-07 13:42:17.145965,529.2
4780,2024-08-07 14:02:17.159892,526.66
4781,2024-08-07 14:22:17.158710,527.62
4782,2024-08-07 14:42:17.182899,530.99
4783,2024-08-07 15:02:17.159158,530.24
4784,2024-08-07 15:22:17.156220,528.86
4785,2024-08-07 15:42:17.184530,530.92
4786,2024-08-07 16:02:17.163962,527.28
4787,2024-08-07 16:22:17.251911,526.58
4788,2024-08-07 16:42:17.163036,527.62
4789,2024-08-07 17:02:17.166342,526.66
4790,2024-08-07 17:22:17.160839,527.5
4791,2024-08-07 17:42:17.014946,528.9
4792,2024-08-07 18:02:17.176058,532.72
4793,2024-08-07 18:22:17.161964,531.79
4794,2024-08-07 18:42:17.169414,530.53
4795,2024-08-07 19:02:17.161907,531.18
4796,2024-08-07 19:22:17.154241,530.38
4797,2024-08-07 19:42:17.161477,531.04
4798,2024-08-07 20:02:17.154301,531.39
4799,2024-08-07 20:22:17.161513,536.45
4800,2024-08-07 20:42:17.165090,536.92
4801,2024-08-07 21:02:17.165171,536.96
4802,2024-08-07 21:22:17.203307,537.18
4803,2024-08-07 21:42:17.162897,536.06
4804,2024-08-07 22:02:17.169095,538.25
4805,2024-08-07 22:22:17.347838,538.47
4806,2024-08-07 22:42:17.167601,541.47
4807,2024-08-07 23:02:17.166029,539.74
4808,2024-08-07 23:22:17.174688,540.82
4809,2024-08-07 23:42:17.178295,541.72
4810,2024-08-08 00:02:17.169087,546.44
4811,2024-08-08 00:22:17.156616,547.74
4812,2024-08-08 00:42:17.163906,551.7
4813,2024-08-08 01:02:17.155040,552.46
4814,2024-08-08 01:22:17.181934,552.44
4815,2024-08-08 01:42:16.826771,554.12
4816,2024-08-08 02:02:17.162762,555.59
4817,2024-08-08 02:22:17.168781,558.04
4818,2024-08-08 02:42:17.164475,561.68
4819,2024-08-08 03:02:17.160565,565.48
4820,2024-08-08 03:22:17.156780,565.82
4821,2024-08-08 03:42:17.164157,566.67
4822,2024-08-08 04:02:17.151974,569.1
4823,2024-08-08 04:22:17.167929,569.68
4824,2024-08-08 04:42:17.178453,573.34
4825,2024-08-08 05:02:17.181947,573.44
4826,2024-08-08 05:22:17.173025,574.4
4827,2024-08-08 05:42:17.167523,575.25
4828,2024-08-08 06:02:17.166162,577.92
4829,2024-08-08 06:22:17.156516,580.72
4830,2024-08-08 06:42:17.154215,580.52
4831,2024-08-08 07:02:17.160318,582.74
4832,2024-08-08 07:22:16.740209,586.58
4833,2024-08-08 23:42:17.161746,647.72
4834,2024-08-09 14:02:17.159829,641.83
4835,2024-08-09 14:22:17.163719,636.85
4836,2024-08-09 14:42:17.134439,631.89
4837,2024-08-09 15:02:17.163032,626.24
4838,2024-08-09 15:22:17.164435,619.78
4839,2024-08-09 15:42:17.153951,614.62
4840,2024-08-09 16:02:17.165856,605.82
4841,2024-08-09 16:22:17.153254,595.54
4842,2024-08-09 16:42:17.170242,590.56
4843,2024-08-09 17:02:17.167149,591.2
4844,2024-08-09 17:22:17.161137,596.62
4845,2024-08-09 17:42:17.180642,598.96
4846,2024-08-09 18:02:17.162994,602.18
4847,2024-08-09 18:22:17.168887,603.71
4848,2024-08-09 19:02:17.162829,610.28
4849,2024-08-09 19:22:17.164472,608.44
4850,2024-08-09 19:42:17.171870,606.55
4851,2024-08-09 20:02:17.156725,600.61
4852,2024-08-09 20:22:17.178067,591.32
4853,2024-08-09 20:42:17.163261,587.86
4854,2024-08-09 21:02:17.160595,586.26
4855,2024-08-09 21:22:17.164196,583.48
4856,2024-08-09 21:42:17.166266,587.55
4857,2024-08-09 22:02:17.172781,590.08
4858,2024-08-09 22:22:17.161955,594.64
4859,2024-08-09 22:42:17.163356,592.64
4860,2024-08-09 23:02:17.158265,594.82
4861,2024-08-09 23:22:17.162958,592.52
4862,2024-08-09 23:42:17.162692,586.3
4863,2024-08-10 00:02:17.162182,582.8
4864,2024-08-10 00:22:17.160972,582.16
4865,2024-08-10 00:42:17.161798,578.34
4866,2024-08-10 01:02:17.153043,576.66
4867,2024-08-10 01:22:17.210294,577.86
4868,2024-08-10 01:42:17.163678,576.18
4869,2024-08-10 02:02:17.155092,574.35
4870,2024-08-10 02:22:17.162218,575.48
4871,2024-08-10 02:42:17.152227,572.78
4872,2024-08-10 03:02:17.162362,574.43
4873,2024-08-10 03:22:17.173393,577.78
4874,2024-08-10 03:42:17.163776,577.16
4875,2024-08-10 04:02:17.175735,575.92
4876,2024-08-10 04:22:17.162519,572.04
4877,2024-08-10 04:42:17.165131,566.38
4878,2024-08-10 05:02:17.162444,563.51
4879,2024-08-10 05:22:17.169007,559.16
4880,2024-08-10 05:42:17.165896,552.9
4881,2024-08-10 06:02:17.162950,550.9
4882,2024-08-10 06:22:17.157433,552.98
4883,2024-08-10 06:42:17.155314,548.92
4884,2024-08-10 07:02:17.163131,543.48
4885,2024-08-10 07:22:17.161916,537.09
4886,2024-08-10 07:42:17.164304,529.17
4887,2024-08-10 08:02:17.153870,529.96
4888,2024-08-10 08:22:17.163454,532.24
4889,2024-08-10 08:42:17.160155,536.98
4890,2024-08-10 09:02:17.159481,539.91
4891,2024-08-10 09:42:17.165188,545.24
4892,2024-08-10 10:02:17.164512,543.88
4893,2024-08-10 10:22:17.164147,539.26
4894,2024-08-10 10:42:17.163549,533.48
4895,2024-08-10 11:02:17.155428,530.25
4896,2024-08-10 11:22:16.660096,523.3
4897,2024-08-10 11:42:17.161931,518.92
4898,2024-08-10 12:02:17.162843,510.18
4899,2024-08-10 12:22:17.165906,504.66
4900,2024-08-10 12:42:17.160219,500.92
4901,2024-08-10 13:02:17.304798,494.86
4902,2024-08-10 13:22:17.161284,481.17
4903,2024-08-10 13:42:16.675239,465.83
4904,2024-08-10 14:02:17.159828,452.02
4905,2024-08-10 14:22:17.166469,435.79
4906,2024-08-10 14:42:17.148859,426.13
4907,2024-08-10 15:02:17.158402,417.54
4908,2024-08-10 15:22:17.178711,411.9
4909,2024-08-10 15:42:17.175131,414.68
4910,2024-08-10 16:02:17.169904,418.74
4911,2024-08-10 16:22:17.177606,415.18
4912,2024-08-10 16:42:17.163284,408.09
4913,2024-08-10 17:02:17.180294,404.39
4914,2024-08-10 17:22:17.157565,406.02
4915,2024-08-10 17:42:17.162330,403.76
4916,2024-08-10 18:02:17.153779,400.22
4917,2024-08-10 18:22:16.748492,392.28
4918,2024-08-10 18:42:17.170274,388.15
4919,2024-08-10 19:02:17.154197,392.03
4920,2024-08-10 19:22:17.167810,392.96
4921,2024-08-10 19:42:17.163064,396.28
4922,2024-08-10 20:02:17.163644,403.45
4923,2024-08-10 20:22:17.155785,409.59
4924,2024-08-10 21:02:17.164105,419.74
4925,2024-08-10 21:22:17.155190,425.04
4926,2024-08-10 21:42:17.162621,431.32
4927,2024-08-10 22:02:17.159433,437.65
4928,2024-08-10 22:22:17.163256,441.49
4929,2024-08-10 22:42:17.154982,444.63
4930,2024-08-10 23:02:16.753227,449.7
4931,2024-08-10 23:22:17.163331,453.12
4932,2024-08-10 23:42:17.160610,458.88
4933,2024-08-11 00:02:17.155762,458.74
4934,2024-08-11 00:22:17.166890,461.09
4935,2024-08-11 01:02:17.164625,474.4
4936,2024-08-11 01:22:17.158727,480.5
4937,2024-08-11 01:42:17.168352,490.07
4938,2024-08-11 02:02:17.160399,495.97
4939,2024-08-11 02:22:17.153037,501.43
4940,2024-08-11 02:42:17.163889,501.18
4941,2024-08-11 03:02:17.165115,498.5
4942,2024-08-11 03:22:17.168299,495.2
4943,2024-08-11 03:42:17.081239,495.07
4944,2024-08-11 04:02:17.156089,494.08
4945,2024-08-11 04:22:17.165012,494.28
4946,2024-08-11 04:42:17.431008,493.46
4947,2024-08-11 05:02:17.169115,489.24
4948,2024-08-11 05:22:17.163247,482.67
4949,2024-08-11 05:42:17.166000,479.06
4950,2024-08-11 06:02:17.167649,469.82
4951,2024-08-11 06:22:17.168648,464.78
4952,2024-08-11 06:42:17.165690,457.54
4953,2024-08-11 07:02:17.155382,448.6
4954,2024-08-11 07:22:17.177207,448.84
4955,2024-08-11 07:42:17.161458,450.39
4956,2024-08-11 08:02:17.172623,451.96
4957,2024-08-11 08:22:17.162197,450.96
4958,2024-08-11 08:42:17.174128,451.78
4959,2024-08-11 09:02:17.190106,456.66
4960,2024-08-11 09:22:17.154579,458.08
4961,2024-08-11 09:42:17.181563,463.23
4962,2024-08-11 10:22:17.168622,455.36
4963,2024-08-11 10:42:17.157118,454.04
4964,2024-08-11 11:02:17.151316,447.01
4965,2024-08-11 11:22:17.156238,443.09
4966,2024-08-11 11:42:17.183989,433.86
4967,2024-08-11 12:02:17.165071,426.38
4968,2024-08-11 12:22:17.161849,423.62
4969,2024-08-11 12:42:17.156577,421.16
4970,2024-08-11 13:02:17.154552,423.14
4971,2024-08-11 13:22:17.153897,423.15
4972,2024-08-11 13:42:17.178969,423.37
4973,2024-08-11 14:02:17.209470,426.64
4974,2024-08-11 14:22:17.165045,425.22
4975,2024-08-11 14:42:17.163850,422.04
4976,2024-08-11 15:02:17.166363,421.34
4977,2024-08-11 15:22:17.162217,426.6
4978,2024-08-11 15:42:17.165912,432.65
4979,2024-08-11 16:02:17.149867,435.28
4980,2024-08-11 16:22:17.166194,435.4
4981,2024-08-11 16:42:17.174398,435.56
4982,2024-08-11 17:02:17.158384,434.07
4983,2024-08-11 17:22:17.166964,433.81
4984,2024-08-11 17:42:17.174733,437.9
4985,2024-08-11 18:02:17.171117,436.62
4986,2024-08-11 18:22:17.161899,435.62
4987,2024-08-11 18:42:17.170578,435.31
4988,2024-08-11 19:02:17.163439,436.53
4989,2024-08-11 19:42:17.161458,433.76
4990,2024-08-11 20:02:17.166389,432.22
4991,2024-08-11 20:22:17.152998,434.33
4992,2024-08-11 20:42:17.163397,436.05
4993,2024-08-11 21:02:17.151064,439.11
4994,2024-08-11 21:22:17.166740,447.22
4995,2024-08-11 21:42:17.162116,455.18
4996,2024-08-11 22:02:16.890492,458.76
4997,2024-08-11 22:22:17.160289,462.96
4998,2024-08-11 22:42:17.163173,464.12
4999,2024-08-11 23:02:17.158313,465.75
5000,2024-08-11 23:22:17.169198,469.56
5001,2024-08-11 23:42:17.159318,471.42
5002,2024-08-12 00:02:17.167949,475.86
5003,2024-08-12 00:22:17.154163,483.06
5004,2024-08-12 00:42:17.159808,485.42
5005,2024-08-12 01:02:17.160524,493.3
5006,2024-08-12 01:22:17.153897,496.14
5007,2024-08-12 01:42:17.166782,501.9
5008,2024-08-12 02:02:17.162434,504.66
5009,2024-08-12 02:22:17.155365,507.92
5010,2024-08-12 02:42:17.165028,509.21
5011,2024-08-12 03:02:17.167128,513.68
5012,2024-08-12 03:42:17.163949,519.16
5013,2024-08-12 04:02:17.202568,520.68
5014,2024-08-12 04:22:17.165591,523.52
5015,2024-08-12 04:42:17.155490,525.34
5016,2024-08-12 05:22:17.158507,534.44
5017,2024-08-12 05:42:17.186320,537.28
5018,2024-08-12 06:02:17.191550,537.81
5019,2024-08-12 06:22:17.303230,543.44
5020,2024-08-12 06:42:17.168882,544.12
5021,2024-08-12 07:02:17.158901,547.66
5022,2024-08-12 07:22:17.158150,549.44
5023,2024-08-12 07:42:17.158831,551.67
5024,2024-08-12 08:02:17.163202,553.6
5025,2024-08-12 08:22:17.163624,556.81
5026,2024-08-12 08:42:17.160461,558.34
5027,2024-08-12 09:02:17.163131,559.02
5028,2024-08-12 09:22:17.170030,561.84
5029,2024-08-12 09:42:17.161573,561.9
5030,2024-08-12 10:02:17.191123,564.79
5031,2024-08-12 10:22:17.170747,567.24
5032,2024-08-12 10:42:17.184325,564.74
5033,2024-08-12 11:02:17.164241,566.2
5034,2024-08-12 11:22:17.158579,570.36
5035,2024-08-12 11:42:17.160921,569.38
5036,2024-08-12 12:02:17.166570,570.53
5037,2024-08-12 12:22:17.159569,570.92
5038,2024-08-12 12:42:17.236190,566.4
5039,2024-08-12 13:02:17.158903,566.0
5040,2024-08-12 13:22:17.152900,564.02
5041,2024-08-12 13:42:17.160395,560.79
5042,2024-08-12 14:02:17.152242,558.27
5043,2024-08-12 14:22:17.160356,553.14
5044,2024-08-12 14:42:17.154689,550.82
5045,2024-08-12 15:02:17.166359,546.68
5046,2024-08-12 15:22:17.169832,545.46
5047,2024-08-12 15:42:17.174054,541.79
5048,2024-08-12 16:02:17.154607,536.08
5049,2024-08-12 16:22:16.667694,531.2
5050,2024-08-12 16:42:17.185687,528.22
5051,2024-08-12 17:02:17.178408,529.82
5052,2024-08-12 17:22:17.165108,532.6
5053,2024-08-12 17:42:17.165605,530.85
5054,2024-08-12 18:02:17.162176,526.98
5055,2024-08-12 18:22:17.158712,522.88
5056,2024-08-12 18:42:17.154727,521.72
5057,2024-08-12 19:02:17.165406,518.77
5058,2024-08-12 19:22:17.157122,516.71
5059,2024-08-12 19:42:17.155045,519.03
5060,2024-08-12 20:02:17.165325,522.86
5061,2024-08-12 20:22:17.160863,528.28
5062,2024-08-12 20:42:17.163797,525.88
5063,2024-08-12 21:02:17.044569,528.43
5064,2024-08-12 21:22:17.163832,530.59
5065,2024-08-12 21:42:17.161962,533.86
5066,2024-08-12 22:02:17.163906,539.3
5067,2024-08-12 22:22:17.176081,540.3
5068,2024-08-12 22:42:17.153608,541.88
5069,2024-08-12 23:02:17.163807,546.62
5070,2024-08-12 23:22:17.169053,545.76
5071,2024-08-12 23:42:17.158706,550.16
5072,2024-08-13 00:02:17.159803,551.52
5073,2024-08-13 00:22:17.161288,550.34
5074,2024-08-13 00:42:17.168630,553.83
5075,2024-08-13 01:02:17.164542,553.21
5076,2024-08-13 01:22:17.162000,552.76
5077,2024-08-13 01:42:17.338178,555.06
5078,2024-08-13 02:02:17.153277,553.34
5079,2024-08-13 02:22:17.163193,558.2
5080,2024-08-13 03:02:17.164940,558.35
5081,2024-08-13 03:22:17.169005,557.0
5082,2024-08-13 03:42:17.160747,555.34
5083,2024-08-13 04:02:17.159065,555.4
5084,2024-08-13 04:22:17.185862,557.95
5085,2024-08-13 04:42:17.154722,559.44
5086,2024-08-13 05:02:17.026442,561.54
5087,2024-08-13 05:22:17.157139,562.22
5088,2024-08-13 05:42:17.175587,561.8
5089,2024-08-13 06:02:17.187973,567.69
5090,2024-08-13 06:22:17.183157,567.97
5091,2024-08-13 06:42:17.157889,570.2
5092,2024-08-13 07:22:17.157767,575.36
5093,2024-08-13 07:42:17.153649,575.24
5094,2024-08-13 08:22:17.151589,580.94
5095,2024-08-13 08:42:17.178153,580.96
5096,2024-08-13 09:02:17.158347,581.2
5097,2024-08-13 09:22:17.148419,583.98
5098,2024-08-13 09:42:17.154159,583.92
5099,2024-08-13 10:02:17.163445,585.79
5100,2024-08-13 10:22:17.159638,587.2
5101,2024-08-13 10:42:16.683777,587.31
5102,2024-08-13 11:02:17.172216,589.86
5103,2024-08-13 11:22:17.162177,588.68
5104,2024-08-13 11:42:17.166095,588.83
5105,2024-08-13 12:02:17.168370,589.78
5106,2024-08-13 12:22:17.159602,591.26
5107,2024-08-13 12:42:17.166316,590.24
5108,2024-08-13 13:02:17.156119,591.06
5109,2024-08-13 13:22:17.164513,588.94
5110,2024-08-13 13:42:17.231305,588.28
5111,2024-08-13 14:02:17.161971,585.02
5112,2024-08-13 14:22:17.157086,581.04
5113,2024-08-13 14:42:17.161143,578.44
5114,2024-08-13 15:02:17.163739,572.7
5115,2024-08-13 15:22:17.166466,568.12
5116,2024-08-13 16:02:17.162529,568.14
5117,2024-08-13 16:22:17.171485,560.44
5118,2024-08-13 16:42:17.166158,554.9
5119,2024-08-13 17:02:17.161327,548.36
5120,2024-08-13 17:22:17.176314,537.29
5121,2024-08-13 17:42:17.167176,527.71
5122,2024-08-13 18:02:17.195976,513.66
5123,2024-08-13 18:22:17.159981,507.4
5124,2024-08-13 18:42:16.678484,507.2
5125,2024-08-13 19:02:17.158835,507.84
5126,2024-08-13 19:22:17.191465,511.77
5127,2024-08-13 19:42:17.151396,510.5
5128,2024-08-13 20:02:17.167803,513.74
5129,2024-08-13 20:22:17.165567,518.84
5130,2024-08-13 20:42:17.161991,524.44
5131,2024-08-13 21:02:17.160420,528.59
5132,2024-08-13 21:22:17.156705,530.34
5133,2024-08-13 21:42:17.167659,530.68
5134,2024-08-13 22:02:17.167149,532.04
5135,2024-08-13 22:22:17.174799,530.76
5136,2024-08-13 22:42:17.165798,530.74
5137,2024-08-13 23:02:17.163264,524.02
5138,2024-08-13 23:22:17.161853,519.99
5139,2024-08-13 23:42:17.153208,517.4
5140,2024-08-14 00:02:17.163815,516.32
5141,2024-08-14 00:22:17.167011,515.9
5142,2024-08-14 00:42:17.159858,514.2
5143,2024-08-14 01:02:17.163304,517.3
5144,2024-08-14 01:22:17.150563,518.53
5145,2024-08-14 01:42:17.171567,520.22
5146,2024-08-14 02:02:17.178669,517.48
5147,2024-08-14 02:22:17.160512,510.74
5148,2024-08-14 02:42:17.156168,497.67
5149,2024-08-14 03:02:17.164440,489.22
5150,2024-08-14 03:22:17.163288,485.69
5151,2024-08-14 03:42:17.168326,480.12
5152,2024-08-14 04:02:17.159983,480.38
5153,2024-08-14 04:22:17.168041,478.41
5154,2024-08-14 04:42:17.165417,478.46
5155,2024-08-14 05:02:17.173120,483.03
5156,2024-08-14 05:22:17.163283,487.16
5157,2024-08-14 05:42:17.162620,488.7
5158,2024-08-14 06:02:17.161242,494.12
5159,2024-08-14 06:22:17.163250,497.13
5160,2024-08-14 06:42:17.157850,503.09
5161,2024-08-14 07:02:17.201902,508.67
5162,2024-08-14 07:22:17.170187,511.3
5163,2024-08-14 07:42:17.168728,517.3
5164,2024-08-14 08:02:17.168395,517.24
5165,2024-08-14 08:22:17.167041,521.2
5166,2024-08-14 08:42:17.143827,521.85
5167,2024-08-14 22:02:17.212851,500.98
5168,2024-08-15 14:02:17.156829,574.06
5169,2024-08-15 14:22:17.165265,565.73
5170,2024-08-15 14:42:17.165715,557.82
5171,2024-08-15 15:02:17.157285,553.9
5172,2024-08-15 15:22:17.152630,554.12
5173,2024-08-15 15:42:17.160182,556.89
5174,2024-08-15 16:02:17.158266,559.64
5175,2024-08-15 16:22:17.153412,560.85
5176,2024-08-15 16:42:17.156886,558.84
5177,2024-08-15 17:02:17.158713,555.22
5178,2024-08-15 17:22:17.157737,552.91
5179,2024-08-15 17:42:17.182111,550.69
5180,2024-08-15 18:02:17.158890,546.9
5181,2024-08-15 18:22:17.163789,550.84
5182,2024-08-15 18:42:17.155410,553.58
5183,2024-08-15 19:02:16.811812,548.6
5184,2024-08-15 19:22:17.177298,549.31
5185,2024-08-15 19:42:17.164585,549.94
5186,2024-08-15 20:02:17.161823,554.76
5187,2024-08-15 20:22:17.164605,558.42
5188,2024-08-15 20:42:17.162773,559.14
5189,2024-08-15 21:02:17.161375,562.67
5190,2024-08-15 21:22:17.156348,562.65
5191,2024-08-15 21:42:17.166079,564.56
5192,2024-08-15 22:02:17.158327,564.78
5193,2024-08-15 22:42:17.162742,568.0
5194,2024-08-15 23:02:17.160873,570.77
5195,2024-08-15 23:22:17.164855,578.53
5196,2024-08-15 23:42:17.165303,583.5
5197,2024-08-16 00:22:17.164582,587.46
5198,2024-08-16 00:42:17.162665,591.21
5199,2024-08-16 01:02:17.156863,591.06
5200,2024-08-16 01:22:17.187037,591.58
5201,2024-08-16 01:42:17.155775,593.68
5202,2024-08-16 02:02:17.167952,591.38
5203,2024-08-16 02:22:17.150874,590.48
5204,2024-08-16 03:02:16.703118,593.2
5205,2024-08-16 03:22:17.166112,592.85
5206,2024-08-16 03:42:17.169948,590.34
5207,2024-08-16 04:02:17.325537,595.16
5208,2024-08-16 04:22:17.164265,591.54
5209,2024-08-16 04:42:17.158763,592.79
5210,2024-08-16 05:02:17.161969,591.66
5211,2024-08-16 05:22:17.156082,591.24
5212,2024-08-16 05:42:17.161902,594.12
5213,2024-08-16 06:02:17.160916,593.58
5214,2024-08-16 06:22:17.160410,594.91
5215,2024-08-16 06:42:17.162753,594.76
5216,2024-08-16 07:02:17.152747,590.67
5217,2024-08-16 07:22:17.161430,587.16
5218,2024-08-16 07:42:17.112304,583.14
5219,2024-08-16 08:02:17.165940,583.04
5220,2024-08-16 08:22:17.153540,581.12
5221,2024-08-16 08:42:17.150649,585.56
5222,2024-08-16 09:02:17.170818,585.86
5223,2024-08-16 09:22:17.166496,586.92
5224,2024-08-16 09:42:17.159482,589.36
5225,2024-08-16 10:02:17.161058,584.7
5226,2024-08-16 10:22:17.159091,580.25
5227,2024-08-16 10:42:17.164245,575.78
5228,2024-08-16 11:02:17.162744,566.72
5229,2024-08-16 11:22:17.163098,559.62
5230,2024-08-16 11:42:17.164470,554.28
5231,2024-08-16 12:02:17.163870,544.49
5232,2024-08-16 12:22:17.168768,535.29
5233,2024-08-16 12:42:17.160214,525.28
5234,2024-08-16 13:02:17.158750,514.6
5235,2024-08-16 13:22:17.159072,502.26
5236,2024-08-16 13:42:17.157777,488.75
5237,2024-08-16 14:02:17.162267,480.91
5238,2024-08-16 14:22:17.163482,471.63
5239,2024-08-16 14:42:17.158013,466.38
5240,2024-08-16 15:02:17.162740,462.34
5241,2024-08-16 15:22:17.162417,461.16
5242,2024-08-16 16:02:17.164615,452.12
5243,2024-08-16 16:22:17.163349,444.03
5244,2024-08-16 16:42:17.158030,434.44
5245,2024-08-16 17:02:17.160458,430.74
5246,2024-08-16 17:22:17.163638,436.45
5247,2024-08-16 17:42:17.155821,433.83
5248,2024-08-16 18:02:17.166161,432.21
5249,2024-08-16 18:22:17.171671,436.36
5250,2024-08-16 18:42:17.160860,439.72
5251,2024-08-16 19:02:17.161707,437.08
5252,2024-08-16 19:22:17.168637,440.55
5253,2024-08-16 19:42:17.162092,443.37
5254,2024-08-16 20:22:17.170164,449.38
5255,2024-08-16 20:42:17.193158,455.32
5256,2024-08-16 21:02:17.157673,462.2
5257,2024-08-16 21:22:17.159450,462.81
5258,2024-08-16 21:42:17.161445,467.01
5259,2024-08-16 22:02:17.163331,469.38
5260,2024-08-16 22:22:17.341868,470.42
5261,2024-08-16 22:42:17.157971,472.8
5262,2024-08-16 23:02:17.153814,476.79
5263,2024-08-16 23:22:17.164549,480.8
5264,2024-08-16 23:42:17.159736,484.68
5265,2024-08-17 00:02:17.167883,488.2
5266,2024-08-17 00:22:17.158984,493.82
5267,2024-08-17 00:42:17.159344,496.66
5268,2024-08-17 01:02:17.167511,500.79
5269,2024-08-17 01:22:17.153984,504.93
5270,2024-08-17 01:42:17.157807,507.04
5271,2024-08-17 02:02:16.762156,507.54
5272,2024-08-17 02:22:17.167557,506.92
5273,2024-08-17 02:42:17.152837,507.68
5274,2024-08-17 03:22:17.166102,505.05
5275,2024-08-17 03:42:17.170851,504.42
5276,2024-08-17 04:02:17.154066,501.0
5277,2024-08-17 04:22:17.162363,496.65
5278,2024-08-17 04:42:17.167959,493.11
5279,2024-08-17 05:02:17.160416,492.65
5280,2024-08-17 05:22:17.152131,486.54
5281,2024-08-17 05:42:17.171742,479.46
5282,2024-08-17 06:02:17.163765,470.7
5283,2024-08-17 06:22:17.158796,466.0
5284,2024-08-17 06:42:16.987204,463.13
5285,2024-08-17 07:02:17.153518,456.35
5286,2024-08-17 07:22:17.169575,452.34
5287,2024-08-17 07:42:17.155041,448.78
5288,2024-08-17 08:02:17.164122,441.42
5289,2024-08-17 08:22:17.163177,432.9
5290,2024-08-17 08:42:17.158919,427.08
5291,2024-08-17 09:02:17.161438,421.9
5292,2024-08-17 09:22:17.165126,416.1
5293,2024-08-17 09:42:17.164950,406.68
5294,2024-08-17 10:02:17.171435,403.43
5295,2024-08-17 10:22:17.161781,405.0
5296,2024-08-17 10:42:17.161870,405.39
5297,2024-08-17 11:02:17.161703,401.76
5298,2024-08-17 11:22:17.160542,395.46
5299,2024-08-17 11:42:17.158464,389.76
5300,2024-08-17 12:02:17.151854,388.12
5301,2024-08-17 12:22:17.160339,387.41
5302,2024-08-17 12:42:17.159344,387.06
5303,2024-08-17 13:02:17.162379,388.2
5304,2024-08-17 13:22:17.162540,389.62
5305,2024-08-17 13:42:17.159741,391.6
5306,2024-08-17 14:02:17.160517,394.63
5307,2024-08-17 14:22:17.168608,399.71
5308,2024-08-17 14:42:17.159052,405.5
5309,2024-08-17 15:02:17.245813,409.16
5310,2024-08-17 15:22:17.157424,412.2
5311,2024-08-17 15:42:17.163445,410.16
5312,2024-08-17 16:02:17.168732,408.83
5313,2024-08-17 16:22:17.165949,407.2
5314,2024-08-17 16:42:17.168233,403.0
5315,2024-08-17 17:02:17.156587,396.22
5316,2024-08-17 17:22:17.167409,396.09
5317,2024-08-17 17:42:17.163529,398.73
5318,2024-08-17 18:02:17.162991,393.88
5319,2024-08-17 18:22:17.162259,388.36
5320,2024-08-17 18:42:17.151411,384.62
5321,2024-08-17 19:22:17.039223,378.82
5322,2024-08-17 19:42:17.162398,379.42
5323,2024-08-17 20:02:17.158270,380.18
5324,2024-08-17 20:22:17.163258,385.26
5325,2024-08-17 20:42:17.171860,387.4
5326,2024-08-17 21:02:17.163591,389.0
5327,2024-08-17 21:22:17.161431,392.14
5328,2024-08-17 21:42:17.158218,397.42
5329,2024-08-17 22:02:17.169974,400.9
5330,2024-08-17 22:22:17.162714,403.98
5331,2024-08-17 22:42:17.188211,408.4
5332,2024-08-17 23:02:17.163437,413.24
5333,2024-08-17 23:22:17.157977,418.28
5334,2024-08-17 23:42:17.166405,421.8
5335,2024-08-18 00:02:17.175922,423.44
5336,2024-08-18 00:22:17.163281,431.74
5337,2024-08-18 00:42:17.163600,438.37
5338,2024-08-18 01:02:17.154623,445.5
5339,2024-08-18 01:22:17.160820,448.69
5340,2024-08-18 01:42:17.157927,453.9
5341,2024-08-18 02:02:17.348716,458.76
5342,2024-08-18 02:22:17.168477,465.54
5343,2024-08-18 02:42:17.167409,469.78
5344,2024-08-18 03:22:17.156407,480.16
5345,2024-08-18 03:42:17.157423,482.54
5346,2024-08-18 04:02:17.163060,485.2
5347,2024-08-18 04:22:17.156385,489.78
5348,2024-08-18 04:42:17.167721,494.22
5349,2024-08-18 05:02:17.160201,497.28
5350,2024-08-18 05:22:17.167548,498.52
5351,2024-08-18 05:42:17.058570,504.56
5352,2024-08-18 06:02:17.155210,505.06
5353,2024-08-18 06:42:17.166356,505.3
5354,2024-08-18 07:02:17.161987,510.82
5355,2024-08-18 07:22:17.167342,512.66
5356,2024-08-18 07:42:17.162484,513.68
5357,2024-08-18 08:02:17.150171,513.23
5358,2024-08-18 08:22:17.165819,512.62
5359,2024-08-18 08:42:17.150894,511.85
5360,2024-08-18 09:02:17.159532,513.8
5361,2024-08-18 09:22:17.152904,516.12
5362,2024-08-18 09:42:17.161136,519.92
5363,2024-08-18 10:02:17.166533,521.19
5364,2024-08-18 10:22:17.101969,522.17
5365,2024-08-18 10:42:17.157912,523.72
5366,2024-08-18 11:02:17.164700,526.72
5367,2024-08-18 11:22:17.158487,532.06
5368,2024-08-18 11:42:17.156004,534.78
5369,2024-08-18 12:02:17.163324,535.39
5370,2024-08-18 12:22:17.155282,536.42
5371,2024-08-18 12:42:17.115117,536.86
5372,2024-08-18 13:02:17.161701,535.44
5373,2024-08-18 13:42:17.161487,534.16
5374,2024-08-18 14:02:17.168894,532.98
5375,2024-08-18 14:22:17.171040,525.32
5376,2024-08-18 14:42:17.154714,527.24
5377,2024-08-18 15:02:17.164746,522.94
5378,2024-08-18 15:22:17.159470,516.87
5379,2024-08-18 15:42:17.163050,508.88
5380,2024-08-18 16:02:17.158570,505.46
5381,2024-08-18 16:22:17.161263,503.5
5382,2024-08-18 16:42:17.165496,493.94
5383,2024-08-18 17:02:17.159982,483.92
5384,2024-08-18 17:22:17.168813,475.48
5385,2024-08-18 17:42:17.165905,472.22
5386,2024-08-18 18:02:17.163634,469.54
5387,2024-08-18 18:22:17.156410,467.96
5388,2024-08-18 18:42:17.167738,469.34
5389,2024-08-18 19:02:17.152009,471.14
5390,2024-08-18 19:22:17.162875,469.58
5391,2024-08-18 19:42:17.172192,469.34
5392,2024-08-18 20:02:17.164528,474.68
5393,2024-08-18 20:22:17.157352,481.32
5394,2024-08-18 20:42:17.163438,484.62
5395,2024-08-18 21:02:17.364386,491.63
5396,2024-08-18 21:22:17.157751,494.84
5397,2024-08-18 22:02:17.165469,499.22
5398,2024-08-18 22:22:17.162214,505.46
5399,2024-08-18 23:02:17.159730,509.86
5400,2024-08-18 23:22:17.164231,509.19
5401,2024-08-18 23:42:17.159318,509.76
5402,2024-08-19 00:02:17.163556,512.82
5403,2024-08-19 00:22:17.165396,515.46
5404,2024-08-19 00:42:17.156483,514.83
5405,2024-08-19 01:02:17.154166,520.3
5406,2024-08-19 01:22:17.159339,526.06
5407,2024-08-19 01:42:17.154599,527.76
5408,2024-08-19 02:02:17.166827,528.42
5409,2024-08-19 02:22:17.153997,529.31
5410,2024-08-19 02:42:17.162800,530.54
5411,2024-08-19 03:02:17.166094,535.44
5412,2024-08-19 03:22:17.162371,537.18
5413,2024-08-19 21:02:17.167156,457.58
5414,2024-08-19 21:22:17.160363,458.66
5415,2024-08-19 21:42:17.166680,455.14
5416,2024-08-19 22:02:17.165266,456.42
5417,2024-08-19 22:22:17.177125,458.88
5418,2024-08-19 22:42:17.154535,461.72
5419,2024-08-19 23:02:17.156823,465.62
5420,2024-08-19 23:22:17.165971,468.6
5421,2024-08-19 23:42:17.175590,464.1
5422,2024-08-20 00:02:17.161225,462.5
5423,2024-08-20 00:22:17.155522,457.77
5424,2024-08-20 00:42:17.157088,457.49
5425,2024-08-20 01:02:17.166904,460.91
5426,2024-08-20 01:22:17.148814,464.16
5427,2024-08-20 01:42:17.156093,466.16
5428,2024-08-20 02:02:17.164658,467.4
5429,2024-08-20 02:22:17.155653,470.63
5430,2024-08-20 02:42:17.160105,466.68
5431,2024-08-20 03:02:17.171790,463.14
5432,2024-08-20 03:22:17.167058,458.32
5433,2024-08-20 03:42:17.168165,456.92
5434,2024-08-20 04:02:17.162213,455.08
5435,2024-08-20 04:22:17.173381,455.65
5436,2024-08-20 04:42:17.169152,456.47
5437,2024-08-20 05:02:17.160299,454.28
5438,2024-08-20 05:22:17.167784,454.34
5439,2024-08-20 05:42:17.163692,458.86
5440,2024-08-20 06:02:17.163336,470.97
5441,2024-08-20 06:22:17.163134,475.63
5442,2024-08-20 06:42:17.163215,486.18
5443,2024-08-20 07:02:17.418804,491.62
5444,2024-08-20 07:22:17.160820,489.04
5445,2024-08-20 07:42:17.166538,481.95
5446,2024-08-20 08:02:17.157434,476.1
5447,2024-08-20 08:22:16.658817,467.71
5448,2024-08-20 09:02:17.156095,458.22
5449,2024-08-20 09:42:17.165157,451.09
5450,2024-08-20 10:02:17.159587,447.83
5451,2024-08-20 10:22:17.163826,450.5
5452,2024-08-20 10:42:17.159504,452.74
5453,2024-08-20 11:02:17.165703,456.96
5454,2024-08-20 11:22:17.173274,457.82
5455,2024-08-20 11:42:17.155956,466.38
5456,2024-08-20 12:02:17.156767,472.08
5457,2024-08-20 12:22:17.154382,477.28
5458,2024-08-20 13:02:16.934156,480.92
5459,2024-08-20 13:22:17.157591,479.69
5460,2024-08-20 13:42:17.165364,479.36
5461,2024-08-20 14:02:17.157429,477.9
5462,2024-08-20 14:22:17.171387,476.88
5463,2024-08-20 14:42:17.161643,478.26
5464,2024-08-20 15:02:17.158352,475.8
5465,2024-08-20 15:22:17.168031,471.71
5466,2024-08-20 15:42:17.181342,471.43
5467,2024-08-20 16:02:17.157073,471.38
5468,2024-08-20 16:22:17.154157,467.44
5469,2024-08-20 17:02:17.160798,465.37
5470,2024-08-20 17:22:17.165004,472.25
5471,2024-08-20 17:42:17.170638,476.04
5472,2024-08-20 18:22:17.159945,486.16
5473,2024-08-20 18:42:17.165557,478.89
5474,2024-08-20 19:02:17.165819,467.09
5475,2024-08-20 19:22:17.165351,460.33
5476,2024-08-20 19:42:17.159523,446.88
5477,2024-08-20 20:02:17.444943,441.94
5478,2024-08-20 20:22:17.156761,446.74
5479,2024-08-20 20:42:17.161217,452.87
5480,2024-08-20 21:22:17.175425,452.66
5481,2024-08-20 21:42:17.165114,452.14
5482,2024-08-20 22:02:17.169307,450.34
5483,2024-08-20 22:22:17.161721,447.87
5484,2024-08-20 23:02:17.163677,445.84
5485,2024-08-20 23:22:17.155606,446.16
5486,2024-08-20 23:42:17.162786,450.4
5487,2024-08-21 00:02:17.181547,453.79
5488,2024-08-21 00:22:17.169741,458.65
5489,2024-08-21 00:42:17.160551,462.52
5490,2024-08-21 01:02:17.164444,470.32
5491,2024-08-21 01:22:17.159812,468.32
5492,2024-08-21 01:42:17.169815,469.24
5493,2024-08-21 02:02:17.183175,467.11
5494,2024-08-21 02:22:17.163740,470.0
5495,2024-08-21 02:42:17.171882,467.27
5496,2024-08-21 03:02:17.170613,463.54
5497,2024-08-21 03:22:17.161937,460.14
5498,2024-08-21 03:42:17.174581,456.46
5499,2024-08-21 04:02:17.163114,461.35
5500,2024-08-21 04:22:17.174414,462.37
5501,2024-08-21 04:42:17.150595,468.76
5502,2024-08-21 05:02:17.161250,474.32
5503,2024-08-21 05:22:17.159623,473.74
5504,2024-08-21 05:42:17.154129,479.47
5505,2024-08-21 23:02:17.172167,492.16
5506,2024-08-22 14:22:17.163750,578.2
5507,2024-08-22 14:42:17.160167,574.43
5508,2024-08-22 15:02:17.157885,570.11
5509,2024-08-22 15:22:17.161191,566.25
5510,2024-08-22 15:42:17.157292,562.5
5511,2024-08-22 16:02:17.172807,558.46
5512,2024-08-22 16:22:17.159192,557.12
5513,2024-08-22 16:42:17.155210,553.84
5514,2024-08-22 17:02:17.153519,550.79
5515,2024-08-22 17:22:17.161580,546.86
5516,2024-08-22 17:42:17.167413,543.16
5517,2024-08-22 18:02:17.169540,542.76
5518,2024-08-22 18:22:17.149631,544.24
5519,2024-08-22 18:42:17.282842,542.48
5520,2024-08-22 19:02:17.158224,542.1
5521,2024-08-22 19:22:17.167653,543.48
5522,2024-08-22 19:42:17.175991,543.14
5523,2024-08-22 20:02:17.161000,544.4
5524,2024-08-22 20:22:17.160826,545.76
5525,2024-08-22 20:42:17.174580,541.54
5526,2024-08-22 21:02:17.156255,534.02
5527,2024-08-22 21:22:17.171707,538.98
5528,2024-08-22 21:42:17.157306,540.3
5529,2024-08-22 22:02:17.164586,546.34
5530,2024-08-22 22:22:17.161534,546.04
5531,2024-08-22 22:42:17.166200,547.34
5532,2024-08-22 23:02:17.449907,549.06
5533,2024-08-22 23:22:17.157901,552.72
5534,2024-08-22 23:42:17.161473,558.28
5535,2024-08-23 00:02:17.166035,554.39
5536,2024-08-23 00:22:17.155460,548.96
5537,2024-08-23 00:42:17.172629,548.56
5538,2024-08-23 01:02:16.758022,551.14
5539,2024-08-23 01:22:17.156679,558.44
5540,2024-08-23 01:42:17.159805,564.9
5541,2024-08-23 02:02:17.159000,569.73
5542,2024-08-23 02:22:17.159834,571.6
5543,2024-08-23 02:42:17.152933,577.95
5544,2024-08-23 03:02:17.155683,580.52
5545,2024-08-23 03:22:17.162183,582.54
5546,2024-08-23 03:42:17.160913,588.8
5547,2024-08-23 04:02:17.160896,590.86
5548,2024-08-23 04:22:17.165018,592.67
5549,2024-08-23 05:02:17.171736,591.4
5550,2024-08-23 05:22:17.157992,594.18
5551,2024-08-23 05:42:16.928415,595.12
5552,2024-08-23 06:02:17.198361,596.3
5553,2024-08-23 06:22:17.163674,597.57
5554,2024-08-23 06:42:17.160876,597.62
5555,2024-08-23 07:02:17.167112,599.98
5556,2024-08-23 07:22:17.176730,600.56
5557,2024-08-23 07:42:17.178643,604.36
5558,2024-08-23 08:02:17.170575,602.63
5559,2024-08-23 08:22:17.157577,605.34
5560,2024-08-23 08:42:17.161962,607.3
5561,2024-08-23 09:02:17.166098,609.76
5562,2024-08-23 09:22:17.171727,608.75
5563,2024-08-23 09:42:17.155758,610.84
5564,2024-08-23 10:02:17.157843,611.93
5565,2024-08-23 10:22:17.158220,612.32
5566,2024-08-23 10:42:17.185201,612.12
5567,2024-08-23 11:02:17.163829,611.9
5568,2024-08-23 11:22:17.161085,615.62
5569,2024-08-23 11:42:17.154592,614.43
5570,2024-08-23 12:02:17.173930,615.89
5571,2024-08-23 12:42:17.149630,616.0
5572,2024-08-23 13:02:17.380183,615.76
5573,2024-08-23 13:42:17.169747,618.43
5574,2024-08-23 14:02:17.164567,619.18
5575,2024-08-23 14:22:17.153222,619.18
5576,2024-08-23 14:42:17.170492,619.1
5577,2024-08-23 15:02:17.163890,620.34
5578,2024-08-23 15:22:17.150335,616.28
5579,2024-08-23 15:42:17.161096,616.06
5580,2024-08-23 16:02:17.158485,615.28
5581,2024-08-23 16:22:17.166096,615.56
5582,2024-08-23 16:42:17.156672,607.46
5583,2024-08-23 17:02:17.166594,605.83
5584,2024-08-23 17:22:17.152348,598.77
5585,2024-08-23 17:42:17.162843,595.62
5586,2024-08-23 18:02:17.165195,590.84
5587,2024-08-23 18:22:17.158711,590.5
5588,2024-08-23 18:42:17.160353,585.49
5589,2024-08-23 19:02:17.159422,585.15
5590,2024-08-23 19:22:17.161441,586.59
5591,2024-08-23 19:42:17.173758,586.46
5592,2024-08-23 20:02:17.179751,583.74
5593,2024-08-23 20:22:17.155270,576.52
5594,2024-08-23 20:42:17.161425,572.87
5595,2024-08-23 21:02:17.161153,570.34
5596,2024-08-23 21:22:17.161494,568.3
5597,2024-08-23 21:42:17.153346,568.28
5598,2024-08-23 22:02:17.167649,567.46
5599,2024-08-23 22:22:17.174602,568.63
5600,2024-08-23 22:42:17.162301,571.94
5601,2024-08-23 23:02:17.155226,573.71
5602,2024-08-23 23:22:17.180986,577.88
5603,2024-08-23 23:42:17.157596,580.9
5604,2024-08-24 00:02:17.162262,584.7
5605,2024-08-24 00:22:17.162702,591.72
5606,2024-08-24 00:42:17.158496,592.45
5607,2024-08-24 01:02:17.162894,589.87
5608,2024-08-24 01:22:17.151067,592.04
5609,2024-08-24 01:42:17.163704,593.56
5610,2024-08-24 02:22:17.160035,592.15
5611,2024-08-24 02:42:17.171196,591.64
5612,2024-08-24 03:02:17.163188,594.3
5613,2024-08-24 03:22:17.173631,595.78
5614,2024-08-24 03:42:17.033657,596.68
5615,2024-08-24 04:02:17.159800,599.84
5616,2024-08-24 04:22:17.155606,600.15
5617,2024-08-24 04:42:17.159150,598.28
5618,2024-08-24 05:02:17.166892,598.5
5619,2024-08-24 05:22:17.159981,595.36
5620,2024-08-24 05:42:17.168940,597.1
5621,2024-08-24 06:02:17.167200,597.02
5622,2024-08-24 06:22:17.159387,597.65
5623,2024-08-24 06:42:17.164523,595.11
5624,2024-08-24 07:02:17.163637,598.04
5625,2024-08-24 07:22:17.158951,598.8
5626,2024-08-24 07:42:17.163447,598.24
5627,2024-08-24 08:02:17.166484,600.41
5628,2024-08-24 08:22:17.153533,603.83
5629,2024-08-24 08:42:17.156641,605.06
5630,2024-08-24 09:02:17.158566,604.32
5631,2024-08-24 23:42:17.162128,536.14
5632,2024-08-25 14:02:17.157746,622.56
5633,2024-08-25 14:22:17.181216,620.24
5634,2024-08-25 14:42:17.166058,620.44
5635,2024-08-25 15:02:17.179215,617.56
5636,2024-08-25 15:22:17.157535,615.98
5637,2024-08-25 15:42:17.153632,614.99
5638,2024-08-25 16:02:17.166623,613.23
5639,2024-08-25 16:22:17.156497,615.21
5640,2024-08-25 16:42:17.176534,615.16
5641,2024-08-25 17:02:17.162394,614.74
5642,2024-08-25 17:22:17.166868,613.32
5643,2024-08-25 17:42:17.073697,614.61
5644,2024-08-25 18:02:17.163589,614.53
5645,2024-08-25 18:22:17.162481,614.02
5646,2024-08-25 18:42:17.160073,613.48
5647,2024-08-25 19:02:17.160760,614.42
5648,2024-08-25 19:22:17.164627,610.71
5649,2024-08-25 19:42:17.159914,608.32
5650,2024-08-25 20:02:17.162733,609.53
5651,2024-08-25 20:22:17.461931,605.82
5652,2024-08-25 20:42:17.160188,603.56
5653,2024-08-25 21:02:17.163366,602.78
5654,2024-08-25 21:22:17.162911,602.26
5655,2024-08-25 21:42:17.157034,601.32
5656,2024-08-25 22:02:17.158095,597.96
5657,2024-08-25 22:22:17.156497,597.24
5658,2024-08-25 22:42:17.157297,588.22
5659,2024-08-25 23:02:17.159364,583.53
5660,2024-08-25 23:22:17.164842,580.24
5661,2024-08-25 23:42:17.161232,576.79
5662,2024-08-26 00:02:17.158718,579.86
5663,2024-08-26 00:22:17.161355,581.98
5664,2024-08-26 00:42:17.160866,586.78
5665,2024-08-26 01:02:17.167296,589.87
5666,2024-08-26 01:22:17.164448,597.39
5667,2024-08-26 01:42:17.164118,603.18
5668,2024-08-26 02:02:17.161312,604.48
5669,2024-08-26 02:22:17.158222,609.04
5670,2024-08-26 02:42:17.160743,610.77
5671,2024-08-26 03:02:17.160966,613.29
5672,2024-08-26 03:22:17.160504,620.99
5673,2024-08-26 03:42:17.171421,620.66
5674,2024-08-26 04:02:16.762857,623.48
5675,2024-08-26 04:22:17.160824,626.78
5676,2024-08-26 04:42:17.154424,629.6
5677,2024-08-26 05:02:17.160218,629.64
5678,2024-08-26 05:22:17.170715,634.21
5679,2024-08-26 05:42:17.169245,633.08
5680,2024-08-26 06:02:17.161251,633.46
5681,2024-08-26 06:22:17.160308,635.45
5682,2024-08-26 06:42:17.160754,636.5
5683,2024-08-26 07:22:17.160835,638.76
5684,2024-08-26 07:42:17.164765,640.6
5685,2024-08-26 08:02:17.156232,642.44
5686,2024-08-26 08:22:17.164130,644.67
5687,2024-08-26 08:42:17.159895,645.83
5688,2024-08-26 09:02:17.163585,647.75
5689,2024-08-26 09:22:17.153844,650.22
5690,2024-08-26 09:42:17.160986,648.58
5691,2024-08-26 10:02:17.159851,648.54
5692,2024-08-26 10:22:17.157167,651.23
5693,2024-08-26 10:42:17.156717,649.2
5694,2024-08-26 11:02:17.159795,650.02
5695,2024-08-26 11:22:17.161232,651.98
5696,2024-08-26 11:42:17.168355,655.04
5697,2024-08-26 12:02:17.160262,652.91
5698,2024-08-26 12:22:17.156770,654.42
5699,2024-08-26 12:42:17.154717,654.87
5700,2024-08-26 13:02:17.158357,655.66
5701,2024-08-26 13:22:17.158741,655.4
5702,2024-08-26 14:02:17.155226,656.76
5703,2024-08-26 14:22:17.169103,657.0
5704,2024-08-26 14:42:17.181056,654.48
5705,2024-08-26 15:02:17.165944,651.82
5706,2024-08-26 15:22:17.163567,647.06
5707,2024-08-26 15:42:17.171694,646.19
5708,2024-08-26 16:02:17.162129,643.94
5709,2024-08-26 16:22:17.158172,640.55
5710,2024-08-26 16:42:16.999634,633.78
5711,2024-08-26 17:02:17.177668,628.28
5712,2024-08-26 17:22:17.161829,624.34
5713,2024-08-26 17:42:17.160775,624.79
5714,2024-08-26 18:02:17.169143,626.07
5715,2024-08-26 18:22:17.160686,627.88
5716,2024-08-26 18:42:17.166860,625.9
5717,2024-08-26 19:02:17.157103,623.5
5718,2024-08-26 19:22:17.167059,620.79
5719,2024-08-26 19:42:17.152604,617.76
5720,2024-08-26 20:02:17.440667,614.28
5721,2024-08-26 20:22:17.158899,608.9
5722,2024-08-26 20:42:17.158960,607.66
5723,2024-08-26 21:02:17.161434,613.6
5724,2024-08-26 21:22:17.179618,613.19
5725,2024-08-26 21:42:17.182862,616.03
5726,2024-08-26 22:02:17.171547,616.66
5727,2024-08-26 22:22:17.161724,616.96
5728,2024-08-26 22:42:17.157361,614.68
5729,2024-08-26 23:02:17.156594,615.56
5730,2024-08-26 23:22:17.165345,615.82
5731,2024-08-26 23:42:17.170589,619.0
5732,2024-08-27 00:02:17.154924,621.0
5733,2024-08-27 00:22:17.164450,619.08
5734,2024-08-27 00:42:17.157682,621.14
5735,2024-08-27 01:02:17.156500,622.14
5736,2024-08-27 01:22:17.160649,622.08
5737,2024-08-27 01:42:17.162389,624.78
5738,2024-08-27 02:02:17.162525,623.46
5739,2024-08-27 02:22:17.178025,626.24
5740,2024-08-27 03:02:17.152384,626.89
5741,2024-08-27 03:22:17.154282,628.91
5742,2024-08-27 03:42:17.161645,631.62
5743,2024-08-27 04:02:17.179406,635.66
5744,2024-08-27 04:22:17.162882,637.94
5745,2024-08-27 04:42:17.164725,640.68
5746,2024-08-27 05:02:17.169783,643.0
5747,2024-08-27 05:22:17.154052,644.52
5748,2024-08-27 05:42:17.164794,647.14
5749,2024-08-27 06:02:17.160152,648.72
5750,2024-08-27 06:22:16.670417,648.46
5751,2024-08-27 06:42:17.172915,643.65
5752,2024-08-27 07:02:17.178939,648.25
5753,2024-08-27 07:22:17.163794,643.02
5754,2024-08-27 07:42:17.176268,640.8
5755,2024-08-27 08:02:17.160803,639.42
5756,2024-08-27 08:22:17.160058,631.94
5757,2024-08-27 08:42:17.381951,632.03
5758,2024-08-27 09:02:17.159135,631.56
5759,2024-08-27 09:22:17.165180,634.68
5760,2024-08-27 09:42:17.160985,636.06
5761,2024-08-27 10:02:17.173614,637.75
5762,2024-08-27 10:22:17.169519,639.98
5763,2024-08-27 10:42:17.165869,641.17
5764,2024-08-27 11:02:16.769817,639.87
5765,2024-08-27 11:22:17.168019,638.14
5766,2024-08-27 11:42:17.156179,638.14
5767,2024-08-27 12:02:17.158691,640.49
5768,2024-08-27 12:22:17.171401,638.78
5769,2024-08-27 12:42:17.160982,638.13
5770,2024-08-27 13:02:17.164568,637.26
5771,2024-08-27 13:22:17.161593,638.1
5772,2024-08-27 13:42:17.164232,637.68
5773,2024-08-27 14:02:17.153318,636.44
5774,2024-08-27 14:22:17.159409,632.39
5775,2024-08-27 14:42:17.156325,627.94
5776,2024-08-27 15:02:17.160173,627.52
5777,2024-08-27 15:22:17.160518,625.72
5778,2024-08-27 15:42:17.151627,624.87
5779,2024-08-27 16:02:17.164239,620.72
5780,2024-08-27 16:22:17.174137,614.11
5781,2024-08-27 16:42:17.217754,600.52
5782,2024-08-27 17:02:17.185064,589.46
5783,2024-08-27 17:22:17.167849,576.34
5784,2024-08-27 17:42:17.179499,568.65
5785,2024-08-27 18:02:17.259049,565.51
5786,2024-08-27 18:22:17.159686,562.28
5787,2024-08-27 18:42:17.161112,563.82
5788,2024-08-27 19:02:17.153727,559.1
5789,2024-08-27 19:22:17.182519,555.1
5790,2024-08-27 19:42:17.161773,550.72
5791,2024-08-27 20:02:17.159424,550.23
5792,2024-08-27 20:22:17.173759,551.12
5793,2024-08-27 20:42:17.154406,550.74
5794,2024-08-27 21:02:17.154091,550.05
5795,2024-08-27 21:22:17.410585,554.26
5796,2024-08-27 21:42:17.167539,557.68
5797,2024-08-27 22:02:17.153242,560.48
5798,2024-08-27 22:22:17.153691,559.56
5799,2024-08-27 22:42:17.172385,563.56
5800,2024-08-27 23:02:17.149488,568.25
5801,2024-08-27 23:22:17.161182,569.84
5802,2024-08-27 23:42:17.160492,571.53
5803,2024-08-28 00:02:17.158160,576.04
5804,2024-08-28 00:22:17.167878,579.5
5805,2024-08-28 00:42:17.162445,581.74
5806,2024-08-28 01:02:17.167153,583.8
5807,2024-08-28 02:02:17.153322,586.98
5808,2024-08-28 02:22:17.166773,586.6
5809,2024-08-28 02:42:17.162471,586.83
5810,2024-08-28 03:02:17.166069,587.9
5811,2024-08-28 03:22:17.171232,589.08
5812,2024-08-28 03:42:17.162855,589.06
5813,2024-08-28 04:02:17.154467,586.6
5814,2024-08-28 04:22:17.163671,590.21
5815,2024-08-28 04:42:17.165998,588.97
5816,2024-08-28 05:02:17.165289,590.75
5817,2024-08-28 05:22:16.847479,589.67
5818,2024-08-28 23:02:17.166952,455.07
5819,2024-08-29 14:42:17.178858,367.4
5820,2024-08-29 15:02:17.168915,368.88
5821,2024-08-29 15:22:17.155787,370.64
5822,2024-08-29 15:42:17.183966,371.9
5823,2024-08-29 16:02:17.127250,375.39
5824,2024-08-29 16:22:17.160958,379.0
5825,2024-08-29 16:42:17.163370,383.56
5826,2024-08-29 17:02:17.165653,384.92
5827,2024-08-29 17:22:17.173326,385.42
5828,2024-08-29 17:42:17.162400,388.91
5829,2024-08-29 18:02:17.161460,389.84
5830,2024-08-29 18:22:17.179695,394.08
5831,2024-08-29 18:42:17.433074,398.58
5832,2024-08-29 19:02:17.186312,402.12
5833,2024-08-29 19:22:17.149414,407.67
5834,2024-08-29 19:42:17.164276,416.56
5835,2024-08-29 20:02:17.161872,418.72
5836,2024-08-29 20:22:17.160357,424.76
5837,2024-08-29 20:42:17.171190,428.54
5838,2024-08-29 21:02:17.152594,430.11
5839,2024-08-29 21:22:17.174280,432.5
5840,2024-08-29 21:42:17.162852,435.42
5841,2024-08-29 22:02:17.182255,443.72
5842,2024-08-29 22:22:17.176148,449.34
5843,2024-08-29 22:42:17.174988,452.41
5844,2024-08-29 23:02:17.160702,457.03
5845,2024-08-29 23:22:17.177677,459.76
5846,2024-08-29 23:42:17.174736,459.34
5847,2024-08-30 00:02:17.185520,458.74
5848,2024-08-30 00:22:17.195409,460.72
5849,2024-08-30 00:42:17.175631,464.41
5850,2024-08-30 01:02:17.184567,469.72
5851,2024-08-30 01:22:17.173641,471.08
5852,2024-08-30 01:42:17.173496,473.92
5853,2024-08-30 02:02:17.200293,476.61
5854,2024-08-30 02:22:17.177078,480.23
5855,2024-08-30 02:42:17.177989,485.52
5856,2024-08-30 03:02:17.162433,490.24
5857,2024-08-30 03:22:17.165925,496.38
5858,2024-08-30 03:42:17.180533,504.08
5859,2024-08-30 04:02:17.173046,507.97
5860,2024-08-30 04:22:17.165702,515.28
5861,2024-08-30 04:42:17.174381,521.73
5862,2024-08-30 05:02:17.164143,527.24
5863,2024-08-30 05:22:17.165055,532.28
5864,2024-08-30 05:42:17.161706,534.88
5865,2024-08-30 06:02:17.165401,537.72
5866,2024-08-30 06:22:17.153439,538.94
5867,2024-08-30 06:42:17.155715,541.52
5868,2024-08-30 07:02:17.170350,543.82
5869,2024-08-30 07:22:17.163735,541.16
5870,2024-08-30 07:42:17.168240,540.85
5871,2024-08-30 08:02:17.022798,540.32
5872,2024-08-30 08:22:17.160824,538.04
5873,2024-08-30 08:42:17.157851,533.52
5874,2024-08-30 09:02:17.161425,530.58
5875,2024-08-30 09:22:17.184244,526.22
5876,2024-08-30 09:42:17.177920,523.75
5877,2024-08-30 10:02:17.160874,522.52
5878,2024-08-30 10:22:17.170629,524.04
5879,2024-08-30 10:42:17.169475,521.74
5880,2024-08-30 11:02:17.155820,522.54
5881,2024-08-30 11:22:17.158659,525.98
5882,2024-08-30 11:42:17.193477,525.83
5883,2024-08-30 12:02:17.162379,525.16
5884,2024-08-30 12:22:17.176749,523.8
5885,2024-08-30 12:42:17.044021,526.1
5886,2024-08-30 13:02:17.188840,529.18
5887,2024-08-30 13:22:17.163103,527.68
5888,2024-08-30 13:42:17.170924,522.82
5889,2024-08-30 14:02:17.164930,519.6
5890,2024-08-30 14:22:17.196342,506.56
5891,2024-08-30 14:42:17.173323,500.64
5892,2024-08-30 15:02:17.163394,497.77
5893,2024-08-30 15:22:17.159448,492.76
5894,2024-08-30 15:42:17.177525,488.26
5895,2024-08-30 16:02:17.156343,480.86
5896,2024-08-30 16:22:17.188996,471.1
5897,2024-08-30 16:42:17.160526,463.08
5898,2024-08-30 17:02:17.174631,460.5
5899,2024-08-30 17:22:17.178858,459.15
5900,2024-08-30 17:42:17.154767,462.36
5901,2024-08-30 18:02:17.172401,472.24
5902,2024-08-30 18:22:16.774378,476.68
5903,2024-08-30 18:42:17.158146,478.26
5904,2024-08-30 19:02:17.171251,475.54
5905,2024-08-30 19:22:17.174016,474.26
5906,2024-08-30 19:42:17.166670,472.2
5907,2024-08-30 20:02:17.150234,477.8
5908,2024-08-30 20:22:17.182749,489.03
5909,2024-08-30 20:42:17.230176,496.7
5910,2024-08-30 21:02:17.192680,499.85
5911,2024-08-30 21:22:17.172103,501.1
5912,2024-08-30 21:42:17.172301,496.56
5913,2024-08-30 22:02:17.165859,490.76
5914,2024-08-30 22:22:17.156330,489.14
5915,2024-08-30 22:42:17.158245,488.0
5916,2024-08-30 23:02:17.157373,487.96
5917,2024-08-30 23:22:17.158169,489.9
5918,2024-08-30 23:42:17.166882,494.9
5919,2024-08-31 00:02:17.176601,497.06
5920,2024-08-31 00:22:17.166581,496.31
5921,2024-08-31 00:42:17.159245,497.23
5922,2024-08-31 01:02:17.159344,498.5
5923,2024-08-31 01:22:17.322521,497.16
5924,2024-08-31 01:42:17.151132,497.49
5925,2024-08-31 02:02:17.170893,500.15
5926,2024-08-31 02:22:17.183417,500.72
5927,2024-08-31 02:42:17.173382,498.4
5928,2024-08-31 03:02:17.168721,499.32
5929,2024-08-31 03:22:17.175028,503.08
5930,2024-08-31 03:42:17.157513,507.71
5931,2024-08-31 04:02:17.158876,511.69
5932,2024-08-31 04:22:17.167034,517.27
5933,2024-08-31 04:42:17.175030,521.46
5934,2024-08-31 05:02:17.162849,526.28
5935,2024-08-31 05:22:17.164135,529.87
5936,2024-08-31 05:42:17.174842,533.9
5937,2024-08-31 06:02:17.162313,532.84
5938,2024-08-31 06:22:17.167510,531.52
5939,2024-08-31 06:42:17.160532,527.02
5940,2024-08-31 07:02:16.653063,528.98
5941,2024-08-31 07:22:17.158551,528.7
5942,2024-08-31 07:42:17.162613,530.78
5943,2024-08-31 08:02:17.179283,534.09
5944,2024-08-31 08:22:17.161285,540.32
5945,2024-08-31 08:42:17.164742,542.74
5946,2024-08-31 09:02:17.171890,547.31
5947,2024-08-31 09:22:17.153450,548.09
5948,2024-08-31 09:42:17.166762,550.86
5949,2024-08-31 10:02:17.161342,551.8
5950,2024-08-31 10:22:17.169740,555.22
5951,2024-08-31 10:42:17.165996,557.0
5952,2024-08-31 11:02:17.165420,557.75
5953,2024-08-31 11:22:17.163370,560.18
5954,2024-08-31 11:42:16.912569,562.73
5955,2024-08-31 12:02:17.167717,565.9
5956,2024-08-31 12:22:17.168123,568.56
5957,2024-08-31 12:42:17.170171,571.5
5958,2024-08-31 13:02:17.155697,571.58
5959,2024-08-31 13:22:17.148217,572.31
5960,2024-08-31 13:42:17.163852,567.76
5961,2024-08-31 14:02:17.160698,557.3
5962,2024-08-31 14:22:17.358850,550.72
5963,2024-08-31 14:42:17.166313,543.15
5964,2024-08-31 15:02:17.160878,535.86
5965,2024-08-31 15:22:17.167517,527.96
5966,2024-08-31 15:42:17.158137,523.16
5967,2024-08-31 16:02:17.158028,516.64
5968,2024-08-31 16:22:17.048021,513.65
5969,2024-08-31 16:42:17.160798,510.16
5970,2024-08-31 17:02:17.158279,509.09
5971,2024-08-31 17:22:17.159719,506.66
5972,2024-08-31 17:42:17.188433,507.84
5973,2024-08-31 18:02:17.262233,508.65
5974,2024-08-31 18:22:17.163691,510.49
5975,2024-08-31 18:42:17.176093,516.12
5976,2024-08-31 19:02:17.174706,515.68
5977,2024-08-31 19:22:17.240529,522.72
5978,2024-08-31 19:42:17.204217,525.02
5979,2024-08-31 20:02:17.163102,532.79
5980,2024-08-31 20:22:17.176530,538.96
5981,2024-08-31 20:42:17.157876,543.66
5982,2024-08-31 21:02:17.158929,548.8
5983,2024-08-31 21:22:17.158744,550.8
5984,2024-08-31 21:42:17.166840,556.21
5985,2024-08-31 22:02:17.162547,559.82
5986,2024-08-31 22:22:17.217658,566.9
5987,2024-08-31 22:42:17.166821,576.52
5988,2024-08-31 23:02:17.156709,578.72
5989,2024-08-31 23:22:17.158424,580.98
5990,2024-08-31 23:42:17.173124,585.83
5991,2024-09-01 00:02:17.164804,590.41
5992,2024-09-01 00:22:17.147898,597.99
5993,2024-09-01 00:42:17.154762,601.44
5994,2024-09-01 01:02:17.157281,604.6
5995,2024-09-01 01:22:17.152628,609.24
5996,2024-09-01 01:42:17.166197,612.96
5997,2024-09-01 02:02:17.188962,616.5
5998,2024-09-01 23:42:17.174438,592.34
5999,2024-09-02 15:42:17.167364,617.13
6000,2024-09-02 16:02:17.162791,609.96
6001,2024-09-02 16:22:17.171770,606.62
6002,2024-09-02 16:42:17.158693,598.14
6003,2024-09-02 17:02:17.158820,589.78
6004,2024-09-02 17:22:17.168652,584.94
6005,2024-09-02 17:42:17.159898,587.57
6006,2024-09-02 18:02:17.163500,588.35
6007,2024-09-02 18:22:17.158085,590.8
6008,2024-09-02 18:42:17.162341,588.78
6009,2024-09-02 19:02:17.146797,589.65
6010,2024-09-02 19:22:17.166512,587.66
6011,2024-09-02 19:42:17.158189,583.21
6012,2024-09-02 20:02:17.167812,582.62
6013,2024-09-02 20:22:17.182097,581.64
6014,2024-09-02 21:02:17.180915,580.24
6015,2024-09-02 21:22:17.161931,584.66
6016,2024-09-02 21:42:17.173618,586.16
6017,2024-09-02 22:02:17.165703,592.74
6018,2024-09-02 22:22:17.167730,593.8
6019,2024-09-02 22:42:17.160196,593.84
6020,2024-09-02 23:02:17.175779,596.69
6021,2024-09-02 23:22:17.151830,596.94
6022,2024-09-02 23:42:16.869533,599.54
6023,2024-09-03 00:02:17.146253,601.66
6024,2024-09-03 00:22:17.179882,605.66
6025,2024-09-03 00:42:17.164199,606.04
6026,2024-09-03 01:02:17.374061,603.08
6027,2024-09-03 01:22:17.168749,600.4
6028,2024-09-03 01:42:17.160049,601.52
6029,2024-09-03 02:02:17.180017,604.84
6030,2024-09-03 02:22:17.153234,607.0
6031,2024-09-03 02:42:17.166179,610.63
6032,2024-09-03 03:02:17.162583,616.47
6033,2024-09-03 03:22:17.188780,617.6
6034,2024-09-03 03:42:17.181345,621.78
6035,2024-09-03 04:02:17.145316,623.28
6036,2024-09-03 04:22:16.899527,625.08
6037,2024-09-03 04:42:17.188098,628.33
6038,2024-09-03 05:02:17.157978,630.3
6039,2024-09-03 05:22:17.173174,630.36
6040,2024-09-03 05:42:17.173667,633.26
6041,2024-09-03 06:02:17.159707,632.69
6042,2024-09-03 06:22:17.182889,635.73
6043,2024-09-03 06:42:17.164809,639.67
6044,2024-09-03 07:02:17.171065,641.02
6045,2024-09-03 07:22:17.170156,643.24
6046,2024-09-03 07:42:17.175999,645.25
6047,2024-09-03 08:02:17.177438,645.43
6048,2024-09-03 08:22:17.268198,645.83
6049,2024-09-03 08:42:17.168154,650.32
6050,2024-09-03 09:02:17.175823,650.24
6051,2024-09-03 09:22:17.187712,652.0
6052,2024-09-03 09:42:17.178727,652.71
6053,2024-09-03 10:02:17.182361,653.01
6054,2024-09-03 10:22:17.171071,654.74
6055,2024-09-03 10:42:17.177750,654.66
6056,2024-09-03 11:02:17.162917,658.44
6057,2024-09-03 11:22:17.161565,657.9
6058,2024-09-03 11:42:17.149411,658.91
6059,2024-09-03 12:02:17.158688,662.35
6060,2024-09-03 12:22:17.174268,664.5
6061,2024-09-03 12:42:17.151737,663.44
6062,2024-09-03 13:02:17.153501,663.04
6063,2024-09-03 13:22:17.151134,662.62
6064,2024-09-03 13:42:17.166565,663.22
6065,2024-09-03 14:02:17.165272,663.98
6066,2024-09-03 14:22:17.450910,658.74
6067,2024-09-03 14:42:17.164976,657.86
6068,2024-09-03 15:02:17.173567,654.74
6069,2024-09-03 15:22:17.192503,650.33
6070,2024-09-03 15:42:17.173516,647.9
6071,2024-09-03 16:02:17.163645,643.06
6072,2024-09-03 16:22:17.163102,633.46
6073,2024-09-03 16:42:17.164177,632.02
6074,2024-09-03 17:02:17.148103,630.28
6075,2024-09-03 17:22:17.174419,627.03
6076,2024-09-03 17:42:17.185784,624.02
6077,2024-09-03 18:02:17.160860,618.98
6078,2024-09-03 18:22:17.164187,616.86
6079,2024-09-03 18:42:17.161731,610.17
6080,2024-09-03 19:02:17.177882,610.69
6081,2024-09-03 19:42:17.172986,609.06
6082,2024-09-03 20:02:17.177079,610.4
6083,2024-09-03 20:22:17.163322,609.71
6084,2024-09-03 20:42:17.163381,612.02
6085,2024-09-03 21:02:17.168750,614.74
6086,2024-09-03 21:22:17.165242,614.58
6087,2024-09-03 21:42:17.170169,614.12
6088,2024-09-03 22:02:17.164541,614.48
6089,2024-09-03 22:22:17.158926,618.11
6090,2024-09-03 22:42:17.160103,619.36
6091,2024-09-03 23:02:17.180134,622.06
6092,2024-09-03 23:22:17.164737,622.98
6093,2024-09-03 23:42:17.177391,620.56
6094,2024-09-04 00:02:17.158673,620.21
6095,2024-09-04 00:22:17.180219,621.84
6096,2024-09-04 00:42:17.184609,622.98
6097,2024-09-04 01:02:17.176808,625.02
6098,2024-09-04 01:22:17.168534,628.4
6099,2024-09-04 01:42:17.151259,631.92
6100,2024-09-04 02:02:17.161648,631.82
6101,2024-09-04 02:22:17.169071,633.25
6102,2024-09-04 02:42:17.180663,635.44
6103,2024-09-04 03:02:17.170852,639.46
6104,2024-09-04 03:22:16.857526,639.36
6105,2024-09-04 03:42:17.177896,641.87
6106,2024-09-04 04:02:17.175076,645.18
6107,2024-09-04 04:22:17.164541,645.62
6108,2024-09-04 04:42:17.180962,647.6
6109,2024-09-04 05:02:17.169197,649.72
6110,2024-09-04 05:22:17.180973,652.23
6111,2024-09-04 05:42:17.153238,653.93
6112,2024-09-04 06:02:17.152026,655.2
6113,2024-09-04 06:22:17.179958,656.44
6114,2024-09-04 06:42:17.369460,659.1
6115,2024-09-04 07:02:17.164481,657.44
6116,2024-09-04 07:22:17.170427,658.47
6117,2024-09-04 07:42:17.180726,662.3
6118,2024-09-04 08:02:17.000951,663.68
6119,2024-09-04 08:22:17.191681,659.72
6120,2024-09-04 08:42:17.175736,662.76
6121,2024-09-04 09:02:17.179830,660.46
6122,2024-09-04 09:22:17.177754,662.15
6123,2024-09-04 09:42:17.156194,661.05
6124,2024-09-04 10:02:17.166699,659.54
6125,2024-09-04 10:22:17.155280,657.18
6126,2024-09-04 10:42:17.167110,654.82
6127,2024-09-04 11:02:17.173818,655.32
6128,2024-09-04 11:22:17.160244,656.69
6129,2024-09-04 11:42:17.182306,657.9
6130,2024-09-04 12:02:17.162962,657.4
6131,2024-09-04 12:22:17.153406,658.82
6132,2024-09-04 12:42:16.976745,662.94
6133,2024-09-04 13:02:17.181665,665.76
6134,2024-09-04 13:22:17.163508,663.1
6135,2024-09-04 13:42:17.280773,663.98
6136,2024-09-04 14:02:17.196627,660.24
6137,2024-09-04 14:22:17.158574,651.25
6138,2024-09-04 14:42:17.172369,637.68
6139,2024-09-04 15:02:17.163561,615.98
6140,2024-09-04 15:42:17.154481,579.08
6141,2024-09-04 16:02:17.161072,565.54
6142,2024-09-04 16:22:17.153710,548.39
6143,2024-09-04 16:42:17.153163,531.27
6144,2024-09-04 17:02:17.160233,520.91
6145,2024-09-04 17:22:17.183934,514.8
6146,2024-09-04 17:42:17.165744,511.66
6147,2024-09-04 18:02:17.156614,507.99
6148,2024-09-04 18:22:17.156743,509.19
6149,2024-09-04 18:42:17.183058,511.92
6150,2024-09-04 19:02:17.170767,509.38
6151,2024-09-04 19:22:17.173433,511.78
6152,2024-09-04 19:42:17.153764,510.12
6153,2024-09-04 20:02:17.159700,509.94
6154,2024-09-04 20:22:17.357775,513.61
6155,2024-09-04 20:42:17.164373,513.52
6156,2024-09-04 21:02:17.156130,519.5
6157,2024-09-04 21:22:17.159807,518.66
6158,2024-09-04 21:42:17.163832,521.8
6159,2024-09-04 22:02:17.172812,519.06
6160,2024-09-04 22:22:17.160013,514.55
6161,2024-09-04 22:42:17.162922,512.48
6162,2024-09-04 23:02:17.172171,510.26
6163,2024-09-04 23:22:17.181196,517.04
6164,2024-09-04 23:42:17.156636,518.92
6165,2024-09-05 00:02:17.165794,521.34
6166,2024-09-05 00:22:17.172088,525.16
6167,2024-09-05 00:42:17.144145,527.2
6168,2024-09-05 01:02:17.169163,528.74
6169,2024-09-05 01:22:17.160414,531.98
6170,2024-09-05 01:42:17.167268,534.85
6171,2024-09-05 02:02:17.173723,536.76
6172,2024-09-05 02:22:17.177134,538.48
6173,2024-09-05 02:42:17.191366,538.36
6174,2024-09-05 03:02:17.165463,538.43
6175,2024-09-05 03:22:17.164299,536.44
6176,2024-09-05 03:42:17.167689,528.59
6177,2024-09-05 04:02:17.171289,531.56
6178,2024-09-05 04:22:17.168343,534.62
6179,2024-09-05 04:42:17.148701,532.06
6180,2024-09-05 05:02:17.205247,532.34
6181,2024-09-05 05:22:17.155815,531.21
6182,2024-09-05 05:42:17.156207,527.82
6183,2024-09-05 06:02:17.174348,532.3
6184,2024-09-05 06:22:17.171429,543.58
6185,2024-09-05 06:42:17.161781,554.95
6186,2024-09-05 07:02:16.737047,562.18
6187,2024-09-05 07:22:17.176023,572.61
6188,2024-09-05 07:42:17.359193,581.7
6189,2024-09-05 08:02:17.155960,585.9
6190,2024-09-05 08:22:17.168489,594.25
6191,2024-09-05 08:42:17.168474,599.69
6192,2024-09-05 09:02:17.154367,601.82
6193,2024-09-05 09:22:16.863703,606.18
6194,2024-09-05 09:42:17.165085,610.8
6195,2024-09-05 10:02:17.162020,613.4
6196,2024-09-05 10:22:17.159632,616.28
6197,2024-09-05 10:42:17.173947,618.74
6198,2024-09-05 19:02:17.162991,515.8
6199,2024-09-05 19:22:17.173650,517.62
6200,2024-09-05 19:42:17.180547,518.07
6201,2024-09-05 20:02:17.180879,518.28
6202,2024-09-05 20:22:17.151944,515.3
6203,2024-09-05 20:42:17.162165,518.42
6204,2024-09-05 21:02:17.179671,514.46
6205,2024-09-05 21:22:17.164664,513.49
6206,2024-09-05 21:42:17.323458,511.92
6207,2024-09-05 22:02:17.188167,511.52
6208,2024-09-05 22:22:17.175004,514.5
6209,2024-09-05 22:42:17.153976,520.84
6210,2024-09-05 23:02:17.163023,527.51
6211,2024-09-05 23:22:17.161460,537.59
6212,2024-09-05 23:42:17.170372,547.2
6213,2024-09-06 00:02:17.155981,554.72
6214,2024-09-06 00:22:17.379161,561.55
6215,2024-09-06 00:42:17.163712,567.14
6216,2024-09-06 01:02:17.153888,570.0
6217,2024-09-06 01:22:17.166531,573.02
6218,2024-09-06 01:42:17.161533,578.34
6219,2024-09-06 02:02:17.160084,582.18
6220,2024-09-06 02:22:17.162759,588.34
6221,2024-09-06 02:42:16.828485,592.7
6222,2024-09-06 03:02:17.153514,599.23
6223,2024-09-06 03:22:17.153553,602.88
6224,2024-09-06 03:42:17.153776,605.36
6225,2024-09-06 04:02:17.163026,607.44
6226,2024-09-06 04:22:17.164404,609.01
6227,2024-09-06 04:42:17.166553,608.85
6228,2024-09-06 05:02:17.181273,606.12
6229,2024-09-06 05:22:17.174250,603.94
6230,2024-09-06 05:42:17.159869,603.84
6231,2024-09-06 06:02:17.159034,603.88
6232,2024-09-06 06:22:17.164655,604.3
6233,2024-09-06 06:42:17.152638,603.58
6234,2024-09-06 07:02:17.159701,606.64
6235,2024-09-06 07:22:17.155029,608.66
6236,2024-09-06 07:42:17.169566,611.44
6237,2024-09-06 08:02:17.157084,614.5
6238,2024-09-06 08:22:17.166488,617.52
6239,2024-09-06 08:42:17.165018,616.36
6240,2024-09-06 09:02:17.166321,616.32
6241,2024-09-06 09:22:17.167467,618.22
6242,2024-09-06 09:42:17.160659,621.18
6243,2024-09-06 10:02:17.157893,624.86
6244,2024-09-06 10:22:17.159342,626.19
6245,2024-09-06 10:42:17.158657,627.36
6246,2024-09-06 11:02:17.152773,627.3
6247,2024-09-06 11:22:17.157531,631.86
6248,2024-09-06 11:42:17.153474,634.12
6249,2024-09-06 12:02:17.158383,632.39
6250,2024-09-06 12:22:17.158358,634.28
6251,2024-09-06 12:42:17.155190,635.84
6252,2024-09-06 13:02:17.148575,633.96
6253,2024-09-06 13:22:17.160097,632.75
6254,2024-09-06 13:42:17.165086,631.69
6255,2024-09-06 14:02:17.189837,628.78
6256,2024-09-06 14:22:17.160218,624.12
6257,2024-09-06 14:42:17.159624,623.66
6258,2024-09-06 15:02:17.160448,624.14
6259,2024-09-06 15:22:17.157154,622.49
6260,2024-09-06 15:42:17.165244,628.39
6261,2024-09-06 16:02:17.162573,628.94
6262,2024-09-06 16:22:17.164556,625.22
6263,2024-09-06 16:42:17.160803,620.9
6264,2024-09-06 17:02:17.171087,619.75
6265,2024-09-06 17:22:17.163913,621.71
6266,2024-09-06 17:42:17.162402,623.12
6267,2024-09-06 18:02:17.164861,625.82
6268,2024-09-06 18:22:17.395930,627.62
6269,2024-09-06 18:42:17.145881,630.59
6270,2024-09-06 19:02:17.192849,637.98
6271,2024-09-06 19:22:17.176301,643.65
6272,2024-09-06 19:42:17.158047,647.04
6273,2024-09-06 20:02:16.825508,649.88
6274,2024-09-06 20:22:17.168765,654.45
6275,2024-09-06 20:42:17.164424,653.74
6276,2024-09-06 21:02:17.177554,657.6
6277,2024-09-06 21:22:17.196569,662.98
6278,2024-09-06 21:42:17.163432,667.02
6279,2024-09-06 22:02:17.201982,668.22
6280,2024-09-06 22:22:17.180005,671.61
6281,2024-09-06 22:42:17.164840,670.31
6282,2024-09-06 23:02:17.182028,674.14
6283,2024-09-06 23:22:17.166274,673.98
6284,2024-09-06 23:42:17.157172,672.26
6285,2024-09-07 00:02:17.160145,671.76
6286,2024-09-07 00:22:17.160342,673.74
6287,2024-09-07 00:42:17.179040,673.68
6288,2024-09-07 01:02:17.178553,675.56
6289,2024-09-07 01:22:17.157608,677.1
6290,2024-09-07 01:42:17.158100,675.98
6291,2024-09-07 02:02:17.191143,679.03
6292,2024-09-07 23:22:17.162831,665.42
6293,2024-09-08 14:42:17.168173,694.65
6294,2024-09-08 15:02:17.165716,685.2
6295,2024-09-08 15:22:17.165801,681.22
6296,2024-09-08 15:42:17.153467,678.52
6297,2024-09-08 16:02:17.157364,673.79
6298,2024-09-08 16:22:17.160761,665.72
6299,2024-09-08 16:42:17.167282,662.86
6300,2024-09-08 17:02:17.185347,653.82
6301,2024-09-08 17:22:17.163540,644.56
6302,2024-09-08 17:42:17.189775,633.01
6303,2024-09-08 18:02:17.163130,623.97
6304,2024-09-08 18:22:17.280928,610.42
6305,2024-09-08 18:42:17.167698,602.82
6306,2024-09-08 19:02:17.170970,600.68
6307,2024-09-08 19:42:17.152908,603.39
6308,2024-09-08 20:02:17.154589,605.49
6309,2024-09-08 20:22:17.328980,605.64
6310,2024-09-08 20:42:17.166827,609.64
6311,2024-09-08 21:02:17.163358,611.66
6312,2024-09-08 21:22:17.161779,609.74
6313,2024-09-08 21:42:17.164282,612.3
6314,2024-09-08 22:02:17.155040,613.35
6315,2024-09-08 22:22:17.164037,615.44
6316,2024-09-08 22:42:17.163523,620.96
6317,2024-09-08 23:02:17.167244,622.44
6318,2024-09-08 23:22:17.156857,627.66
6319,2024-09-08 23:42:17.161069,628.65
6320,2024-09-09 00:02:16.814897,631.42
6321,2024-09-09 00:22:17.165042,630.84
6322,2024-09-09 00:42:17.161956,632.28
6323,2024-09-09 01:02:17.353876,628.51
6324,2024-09-09 01:22:17.187881,622.13
6325,2024-09-09 01:42:17.186013,623.36
6326,2024-09-09 02:02:17.183190,622.34
6327,2024-09-09 02:22:17.166060,621.2
6328,2024-09-09 02:42:17.268863,618.86
6329,2024-09-09 03:02:17.157827,614.55
6330,2024-09-09 03:22:17.161994,611.94
6331,2024-09-09 03:42:17.164836,610.46
6332,2024-09-09 04:02:17.170068,610.46
6333,2024-09-09 04:22:17.160688,611.88
6334,2024-09-09 04:42:17.164726,615.72
6335,2024-09-09 05:02:17.169036,621.86
6336,2024-09-09 05:22:17.164250,630.48
6337,2024-09-09 05:42:17.188937,631.18
6338,2024-09-09 06:02:17.167823,635.52
6339,2024-09-09 06:22:17.143773,639.61
6340,2024-09-09 06:42:17.172276,640.58
6341,2024-09-09 07:02:17.156655,641.68
6342,2024-09-09 07:22:17.165332,645.4
6343,2024-09-09 07:42:17.166517,648.76
6344,2024-09-09 08:02:17.165040,650.99
6345,2024-09-09 08:22:17.158425,648.2
6346,2024-09-09 08:42:17.171857,648.7
6347,2024-09-09 09:02:17.147144,649.68
6348,2024-09-09 09:22:17.158325,652.06
6349,2024-09-09 09:42:17.162714,652.8
6350,2024-09-09 10:02:17.162030,654.93
6351,2024-09-09 10:22:17.160259,657.77
6352,2024-09-09 10:42:17.163360,658.13
6353,2024-09-09 11:02:17.169113,662.6
6354,2024-09-09 11:22:17.178075,666.28
6355,2024-09-09 11:42:17.164630,666.37
6356,2024-09-09 12:02:17.157699,667.14
6357,2024-09-09 12:22:17.178288,670.9
6358,2024-09-09 12:42:17.164528,670.92
6359,2024-09-09 13:02:17.175475,665.16
6360,2024-09-09 13:22:17.158445,660.38
6361,2024-09-09 13:42:17.158195,656.87
6362,2024-09-09 14:02:17.172561,651.28
6363,2024-09-09 14:22:17.162653,637.0
6364,2024-09-09 14:42:17.173997,616.92
6365,2024-09-09 15:02:17.390858,596.45
6366,2024-09-09 15:22:17.184986,578.03
6367,2024-09-09 15:42:17.170246,568.03
6368,2024-09-09 16:02:17.164456,561.28
6369,2024-09-09 16:22:17.173424,558.46
6370,2024-09-09 16:42:17.152680,557.0
6371,2024-09-09 17:02:17.163414,554.66
6372,2024-09-09 17:22:16.946578,556.59
6373,2024-09-09 17:42:17.162879,558.56
6374,2024-09-09 18:02:17.149901,564.18
6375,2024-09-09 18:22:17.160969,572.54
6376,2024-09-09 18:42:17.162990,576.66
6377,2024-09-09 19:02:17.160380,584.0
6378,2024-09-09 19:22:17.172484,589.89
6379,2024-09-09 19:42:17.161914,596.12
6380,2024-09-09 20:02:17.170645,603.12
6381,2024-09-09 20:22:17.161578,609.72
6382,2024-09-09 20:42:17.161516,613.83
6383,2024-09-09 21:02:17.161849,617.79
6384,2024-09-09 21:22:17.161737,616.86
6385,2024-09-09 21:42:17.163586,615.14
6386,2024-09-09 22:02:17.090951,613.0
6387,2024-09-09 22:22:17.163583,608.92
6388,2024-09-09 22:42:17.175531,613.13
6389,2024-09-09 23:02:17.160174,615.38
6390,2024-09-09 23:22:17.166588,611.9
6391,2024-09-09 23:42:17.166307,612.8
6392,2024-09-10 00:02:17.159115,613.78
6393,2024-09-10 00:22:17.158702,611.36
6394,2024-09-10 00:42:17.166554,611.69
6395,2024-09-10 01:02:17.177311,615.01
6396,2024-09-10 01:22:17.160439,613.74
6397,2024-09-10 01:42:17.170015,616.42
6398,2024-09-10 02:02:17.168646,614.8
6399,2024-09-10 02:22:17.158270,613.61
6400,2024-09-10 02:42:17.170898,610.57
6401,2024-09-10 03:02:17.164748,611.6
6402,2024-09-10 03:22:17.170125,613.86
6403,2024-09-10 03:42:17.177248,617.18
6404,2024-09-10 04:02:17.157778,619.37
6405,2024-09-10 04:22:17.170949,619.83
6406,2024-09-10 04:42:17.285025,618.22
6407,2024-09-10 05:02:17.179984,621.12
6408,2024-09-10 05:22:17.178615,623.68
6409,2024-09-10 05:42:17.159106,626.03
6410,2024-09-10 06:02:17.162120,622.14
6411,2024-09-10 06:22:17.163464,615.1
6412,2024-09-10 06:42:17.158562,603.86
6413,2024-09-10 07:02:17.153704,594.1
6414,2024-09-10 07:22:17.161280,581.78
6415,2024-09-10 07:42:17.244925,565.36
6416,2024-09-10 23:22:17.154795,483.14
6417,2024-09-11 14:22:17.156589,555.9
6418,2024-09-11 14:42:17.166682,544.27
6419,2024-09-11 15:02:17.155283,537.5
6420,2024-09-11 15:22:16.642088,526.68
6421,2024-09-11 15:42:17.181014,519.12
6422,2024-09-11 16:02:17.164342,518.08
6423,2024-09-11 16:22:17.158165,516.41
6424,2024-09-11 16:42:17.156112,514.61
6425,2024-09-11 17:02:17.154303,515.16
6426,2024-09-11 17:22:17.173132,509.76
6427,2024-09-11 17:42:16.737028,507.16
6428,2024-09-11 18:02:17.185431,496.58
6429,2024-09-11 18:22:17.150202,488.78
6430,2024-09-11 18:42:17.159136,484.14
6431,2024-09-11 19:02:17.155396,472.88
6432,2024-09-11 19:22:17.164859,459.74
6433,2024-09-11 19:42:17.169292,451.96
6434,2024-09-11 20:02:16.903378,455.21
6435,2024-09-11 20:22:17.190144,456.46
6436,2024-09-11 20:42:17.173825,463.02
6437,2024-09-11 21:02:17.157733,468.62
6438,2024-09-11 21:22:17.164949,469.57
6439,2024-09-11 21:42:17.169582,471.7
6440,2024-09-11 22:02:17.181283,476.92
6441,2024-09-11 22:22:17.181674,483.52
6442,2024-09-11 22:42:17.174333,485.36
6443,2024-09-11 23:02:17.172556,489.79
6444,2024-09-11 23:22:17.195782,494.44
6445,2024-09-11 23:42:17.185270,501.3
6446,2024-09-12 00:02:17.175144,508.0
6447,2024-09-12 00:22:17.176314,517.5
6448,2024-09-12 00:42:17.170964,529.42
6449,2024-09-12 01:02:17.168494,543.0
6450,2024-09-12 01:22:17.148697,551.88
6451,2024-09-12 01:42:17.336204,558.62
6452,2024-09-12 02:02:17.182707,568.32
6453,2024-09-12 02:22:17.156846,578.16
6454,2024-09-12 02:42:17.164400,584.95
6455,2024-09-12 03:02:17.178412,590.17
6456,2024-09-12 03:22:17.162056,593.97
6457,2024-09-12 03:42:17.157063,598.48
6458,2024-09-12 04:02:17.153400,607.24
6459,2024-09-12 04:22:17.166553,612.78
6460,2024-09-12 04:42:17.174707,616.73
6461,2024-09-12 05:02:17.188553,618.47
6462,2024-09-12 05:22:17.167422,618.98
6463,2024-09-12 05:42:17.155702,623.44
6464,2024-09-12 06:02:17.165392,625.14
6465,2024-09-12 06:22:17.163661,627.72
6466,2024-09-12 06:42:17.173476,631.29
6467,2024-09-12 07:02:17.165032,633.02
6468,2024-09-12 07:22:17.161446,637.6
6469,2024-09-12 07:42:17.162346,639.44
6470,2024-09-12 08:02:17.365936,641.2
6471,2024-09-12 08:22:17.162433,644.67
6472,2024-09-12 08:42:17.166734,645.7
6473,2024-09-12 09:02:17.163362,645.96
6474,2024-09-12 09:22:17.163330,652.52
6475,2024-09-12 09:42:17.164250,654.3
6476,2024-09-12 10:02:17.166705,653.97
6477,2024-09-12 10:22:17.165679,655.65
6478,2024-09-12 10:42:17.164438,654.71
6479,2024-09-12 11:02:17.163876,658.96
6480,2024-09-12 11:22:17.158415,661.56
6481,2024-09-12 11:42:17.168542,662.33
6482,2024-09-12 12:02:17.158297,660.71
6483,2024-09-12 12:22:17.175750,665.2
6484,2024-09-12 12:42:17.166592,663.72
6485,2024-09-12 13:02:17.163406,660.64
6486,2024-09-12 13:22:17.147492,652.08
6487,2024-09-12 13:42:17.154961,638.32
6488,2024-09-12 14:02:17.216500,627.19
6489,2024-09-12 14:22:16.718627,615.92
6490,2024-09-12 14:42:17.154765,606.28
6491,2024-09-12 15:02:17.161036,593.28
6492,2024-09-12 15:22:17.156261,581.84
6493,2024-09-12 15:42:17.179197,571.69
6494,2024-09-12 16:02:17.167181,565.44
6495,2024-09-12 16:22:17.165218,562.84
6496,2024-09-12 16:42:17.165967,562.64
6497,2024-09-12 17:02:17.268439,561.35
6498,2024-09-12 17:22:17.164476,558.72
6499,2024-09-12 17:42:17.160570,558.28
6500,2024-09-12 18:02:17.163336,556.88
6501,2024-09-12 18:22:17.150294,551.1
6502,2024-09-12 18:42:17.173676,545.16
6503,2024-09-12 19:02:17.127565,538.63
6504,2024-09-12 19:22:17.167701,535.32
6505,2024-09-12 19:42:17.162641,532.32
6506,2024-09-12 20:02:17.165865,534.24
6507,2024-09-12 20:22:17.180126,538.18
6508,2024-09-12 20:42:17.180155,541.29
6509,2024-09-12 21:02:17.176277,547.15
6510,2024-09-12 21:22:17.152198,546.19
6511,2024-09-12 21:42:17.178595,540.16
6512,2024-09-12 22:02:17.182604,534.04
6513,2024-09-12 22:22:17.262486,526.09
6514,2024-09-12 22:42:17.178087,517.91
6515,2024-09-12 23:02:17.165656,518.83
6516,2024-09-12 23:22:17.165009,516.92
6517,2024-09-12 23:42:17.163992,518.22
6518,2024-09-13 00:02:17.165516,519.24
6519,2024-09-13 00:22:17.165491,525.55
6520,2024-09-13 00:42:17.164177,532.56
6521,2024-09-13 01:02:17.165862,542.28
6522,2024-09-13 01:22:17.162738,547.28
6523,2024-09-13 01:42:17.168346,553.38
6524,2024-09-13 02:02:17.172325,559.81
6525,2024-09-13 02:22:17.180131,562.85
6526,2024-09-13 02:42:17.172682,566.36
6527,2024-09-13 03:02:17.151755,569.58
6528,2024-09-13 03:22:17.164570,576.86
6529,2024-09-13 03:42:17.160039,581.69
6530,2024-09-13 04:02:17.152690,587.21
6531,2024-09-13 04:22:17.183688,588.39
6532,2024-09-13 04:42:17.165897,590.26
6533,2024-09-13 05:02:17.173944,592.8
6534,2024-09-13 05:22:17.176473,594.42
6535,2024-09-13 05:42:17.166136,590.62
6536,2024-09-13 06:02:17.157436,593.82
6537,2024-09-13 06:22:17.158413,594.15
6538,2024-09-13 06:42:17.163607,597.52
6539,2024-09-13 07:02:17.162194,597.86
6540,2024-09-13 07:22:17.157475,599.33
6541,2024-09-13 07:42:17.168082,596.94
6542,2024-09-13 08:02:17.163251,594.48
6543,2024-09-13 08:22:17.164918,594.4
6544,2024-09-13 08:42:16.725862,595.12
6545,2024-09-13 09:02:17.206125,598.26
6546,2024-09-13 09:22:17.190569,600.29
6547,2024-09-13 09:42:17.162702,602.11
6548,2024-09-13 10:02:17.189681,601.72
6549,2024-09-13 10:22:17.175152,596.54
6550,2024-09-13 10:42:17.157921,592.4
6551,2024-09-13 11:02:17.176056,587.28
6552,2024-09-13 11:22:17.191672,573.69
6553,2024-09-13 11:42:17.149034,572.3
6554,2024-09-13 12:02:17.164099,580.18
6555,2024-09-13 12:22:17.150760,587.84
6556,2024-09-13 12:42:17.188985,594.26
6557,2024-09-13 13:02:17.150386,603.14
6558,2024-09-13 13:22:17.043140,612.96
6559,2024-09-13 13:42:17.168725,621.18
6560,2024-09-13 14:02:17.158159,629.12
6561,2024-09-13 14:22:17.180568,633.26
6562,2024-09-13 14:42:17.165572,639.1
6563,2024-09-13 15:02:17.412352,644.78
6564,2024-09-13 15:22:17.163234,645.93
6565,2024-09-13 15:42:17.176033,644.56
6566,2024-09-13 16:02:17.187090,639.56
6567,2024-09-13 16:22:17.170649,633.07
6568,2024-09-13 16:42:17.168964,628.63
6569,2024-09-13 17:02:17.164597,626.83
6570,2024-09-13 17:22:17.157033,627.04
6571,2024-09-13 17:42:17.175065,625.98
6572,2024-09-13 18:02:17.179111,614.12
6573,2024-09-13 18:22:17.172138,603.9
6574,2024-09-13 18:42:17.158822,595.58
6575,2024-09-13 19:02:17.163107,593.54
6576,2024-09-13 19:22:17.243768,590.54
6577,2024-09-13 19:42:17.170888,595.26
6578,2024-09-13 20:02:17.148257,595.23
6579,2024-09-13 20:22:17.184300,599.18
6580,2024-09-13 20:42:17.165111,599.48
6581,2024-09-13 21:02:17.174990,597.06
6582,2024-09-13 21:22:17.165281,595.98
6583,2024-09-13 21:42:17.164550,592.19
6584,2024-09-13 22:02:17.153671,590.1
6585,2024-09-13 22:22:17.165947,590.91
6586,2024-09-13 22:42:17.164109,592.84
6587,2024-09-13 23:02:17.158621,597.1
6588,2024-09-13 23:22:17.163223,604.28
6589,2024-09-13 23:42:17.160267,609.39
6590,2024-09-14 00:02:17.169877,611.83
6591,2024-09-14 00:22:17.166894,616.76
6592,2024-09-14 00:42:17.152729,621.84
6593,2024-09-14 01:02:17.160032,622.9
6594,2024-09-14 02:42:17.164732,623.82
6595,2024-09-14 03:02:17.155261,624.45
6596,2024-09-14 03:22:17.164832,626.03
6597,2024-09-14 03:42:17.159528,630.96
6598,2024-09-14 04:02:17.164507,633.32
6599,2024-09-14 04:22:17.145091,636.6
6600,2024-09-14 04:42:17.167438,640.1
6601,2024-09-14 05:02:17.148868,640.55
6602,2024-09-14 05:22:17.144193,640.4
6603,2024-09-14 05:42:17.167241,640.72
6604,2024-09-14 06:02:17.172621,643.86
6605,2024-09-14 06:22:17.203749,648.52
6606,2024-09-14 06:42:17.421759,653.28
6607,2024-09-14 07:02:17.184232,657.97
6608,2024-09-14 07:22:17.157803,662.75
6609,2024-09-14 07:42:16.770955,666.14
6610,2024-09-14 08:02:17.163483,667.04
6611,2024-09-14 08:22:17.162246,667.41
6612,2024-09-14 08:42:17.150943,669.91
6613,2024-09-14 09:02:17.165454,669.94
6614,2024-09-14 09:22:17.171204,671.72
6615,2024-09-14 09:42:17.146563,672.94
6616,2024-09-14 10:02:17.162319,675.14
6617,2024-09-14 10:22:17.159821,678.73
6618,2024-09-14 10:42:17.166398,680.76
6619,2024-09-14 11:02:17.173013,684.34
6620,2024-09-14 11:22:17.164697,682.94
6621,2024-09-14 11:42:17.172674,683.26
6622,2024-09-14 12:02:17.166498,683.01
6623,2024-09-14 12:22:16.958098,683.59
6624,2024-09-14 12:42:17.155952,684.47
6625,2024-09-14 13:02:17.165938,684.54
6626,2024-09-14 13:22:17.163277,683.82
6627,2024-09-14 13:42:17.160377,677.8
6628,2024-09-14 14:02:17.181249,672.29
6629,2024-09-14 14:22:17.172978,660.61
6630,2024-09-14 14:42:17.234240,646.24
6631,2024-09-14 15:02:17.162302,636.3
6632,2024-09-14 15:22:17.184864,621.94
6633,2024-09-14 15:42:17.168311,609.53
6634,2024-09-14 16:02:17.160161,595.5
6635,2024-09-14 16:22:17.166283,579.95
6636,2024-09-14 16:42:17.160169,568.98
6637,2024-09-14 17:02:17.193098,556.18
6638,2024-09-14 17:22:17.172874,545.64
6639,2024-09-14 17:42:17.166255,540.27
6640,2024-09-14 18:02:17.193577,533.21
6641,2024-09-14 18:22:17.179952,524.7
6642,2024-09-14 18:42:17.269232,520.94
6643,2024-09-14 19:02:17.156785,512.94
6644,2024-09-14 19:22:17.150676,506.39
6645,2024-09-14 19:42:17.166759,503.49
6646,2024-09-14 20:02:17.189726,506.0
6647,2024-09-14 20:22:17.164955,517.16
6648,2024-09-14 20:42:17.177783,523.12
6649,2024-09-14 21:02:17.177728,522.47
6650,2024-09-14 21:22:17.186028,523.7
6651,2024-09-14 22:02:17.173438,535.86
6652,2024-09-14 22:22:17.431721,540.88
6653,2024-09-14 22:42:17.165924,550.14
6654,2024-09-14 23:02:17.162513,555.13
6655,2024-09-14 23:22:17.277638,557.17
6656,2024-09-14 23:42:17.163478,564.2
6657,2024-09-15 00:02:17.166070,571.3
6658,2024-09-15 00:22:17.164022,571.74
6659,2024-09-15 00:42:17.148396,573.9
6660,2024-09-15 01:02:17.096843,578.16
6661,2024-09-15 01:22:17.159831,584.8
6662,2024-09-15 01:42:17.157927,586.48
6663,2024-09-15 02:02:17.164258,591.64
6664,2024-09-15 02:22:17.147719,598.76
6665,2024-09-15 02:42:17.172096,604.47
6666,2024-09-15 03:02:17.159976,603.44
6667,2024-09-15 03:22:17.159774,608.12
6668,2024-09-15 03:42:17.158593,609.7
6669,2024-09-15 04:02:17.164152,613.03
6670,2024-09-15 04:22:17.162161,617.04
6671,2024-09-15 04:42:17.180773,619.6
6672,2024-09-15 05:02:17.173189,626.66
6673,2024-09-15 05:22:17.172342,633.74
6674,2024-09-15 05:42:17.161353,633.12
6675,2024-09-15 06:02:17.160258,630.45
6676,2024-09-15 06:22:17.160469,623.15
6677,2024-09-15 06:42:16.943632,614.26
6678,2024-09-15 07:02:17.161521,600.54
6679,2024-09-15 07:22:17.157827,585.44
6680,2024-09-15 19:22:17.181276,468.72
6681,2024-09-15 19:42:17.182090,469.76
6682,2024-09-15 20:02:17.291883,467.97
6683,2024-09-15 20:22:17.163417,469.45
6684,2024-09-15 20:42:17.150459,472.34
6685,2024-09-15 21:02:17.149629,481.98
6686,2024-09-15 21:22:17.154147,488.64
6687,2024-09-15 21:42:17.174482,497.1
6688,2024-09-15 22:02:17.166804,499.44
6689,2024-09-15 22:22:17.165406,502.32
6690,2024-09-15 22:42:17.172511,505.4
6691,2024-09-15 23:02:17.164095,511.76
6692,2024-09-15 23:22:17.164692,510.74
6693,2024-09-15 23:42:17.158646,511.82
6694,2024-09-16 00:02:17.154481,514.69
6695,2024-09-16 00:22:17.173147,517.81
6696,2024-09-16 00:42:17.154256,521.66
6697,2024-09-16 01:02:16.739206,525.1
6698,2024-09-16 01:22:17.179354,533.3
6699,2024-09-16 01:42:17.159837,543.17
6700,2024-09-16 02:02:17.168968,551.5
6701,2024-09-16 02:22:17.169073,554.28
6702,2024-09-16 02:42:17.149815,559.76
6703,2024-09-16 03:02:17.177098,556.36
6704,2024-09-16 03:22:17.168110,552.52
6705,2024-09-16 03:42:17.165519,548.91
6706,2024-09-16 04:02:17.166896,548.16
6707,2024-09-16 04:22:17.187417,547.7
6708,2024-09-16 04:42:17.171021,548.82
6709,2024-09-16 05:02:17.158660,546.71
6710,2024-09-16 05:22:17.163043,544.21
6711,2024-09-16 05:42:17.053195,543.58
6712,2024-09-16 06:02:17.158232,543.0
6713,2024-09-16 06:22:17.148689,543.62
6714,2024-09-16 06:42:17.162145,543.52
6715,2024-09-16 07:02:17.161053,539.75
6716,2024-09-16 07:22:17.156008,535.21
6717,2024-09-16 07:42:17.175638,529.92
6718,2024-09-16 08:02:17.156639,523.4
6719,2024-09-16 08:22:17.160549,519.54
6720,2024-09-16 08:42:17.157125,512.11
6721,2024-09-16 09:02:17.221356,507.34
6722,2024-09-16 09:22:17.454089,497.84
6723,2024-09-16 09:42:17.148645,492.28
6724,2024-09-16 10:02:17.175962,490.64
6725,2024-09-16 10:22:17.151638,479.06
6726,2024-09-16 10:42:17.156339,471.46
6727,2024-09-16 11:02:17.175191,470.31
6728,2024-09-16 11:22:17.165075,473.32
6729,2024-09-16 11:42:17.163219,473.54
6730,2024-09-16 12:02:17.177115,473.46
6731,2024-09-16 12:22:17.166075,470.85
6732,2024-09-16 12:42:17.164415,469.06
6733,2024-09-16 13:02:17.162420,469.79
6734,2024-09-16 13:22:17.182851,474.36
6735,2024-09-16 13:42:17.167754,470.44
6736,2024-09-16 14:02:17.156021,471.95
6737,2024-09-16 14:22:17.164764,472.42
6738,2024-09-16 14:42:17.163317,471.93
6739,2024-09-16 15:02:17.150115,464.56
6740,2024-09-16 15:22:17.170216,453.24
6741,2024-09-16 15:42:17.189872,452.64
6742,2024-09-16 16:02:17.168647,458.11
6743,2024-09-16 16:22:17.165384,459.41
6744,2024-09-16 16:42:17.159124,457.36
6745,2024-09-16 17:02:17.165131,460.12
6746,2024-09-16 17:22:17.164629,460.74
6747,2024-09-16 17:42:17.150765,455.17
6748,2024-09-16 18:02:17.169710,458.62
6749,2024-09-16 18:22:17.167439,467.11
6750,2024-09-16 18:42:17.176084,473.18
6751,2024-09-16 19:02:17.156643,475.38
6752,2024-09-16 19:22:17.161350,475.92
6753,2024-09-16 19:42:17.273137,476.19
6754,2024-09-16 20:02:17.175191,471.32
6755,2024-09-16 20:22:17.154967,466.94
6756,2024-09-16 20:42:17.190746,459.46
6757,2024-09-16 21:02:17.290177,457.76
6758,2024-09-16 21:22:17.342432,460.28
6759,2024-09-16 21:42:17.254919,466.07
6760,2024-09-16 22:02:17.183494,470.18
6761,2024-09-16 22:22:17.159882,475.58
6762,2024-09-16 22:42:17.163540,480.82
6763,2024-09-16 23:02:17.164628,488.94
6764,2024-09-16 23:22:17.154120,495.58
6765,2024-09-16 23:42:17.159522,504.85
6766,2024-09-17 00:02:17.142407,511.06
6767,2024-09-17 00:22:17.169533,518.6
6768,2024-09-17 00:42:17.174802,527.61
6769,2024-09-17 01:02:17.177993,536.35
6770,2024-09-17 01:22:17.146855,540.45
6771,2024-09-17 01:42:17.163294,547.22
6772,2024-09-17 02:02:17.152079,552.04
6773,2024-09-17 02:22:17.163306,553.88
6774,2024-09-17 02:42:17.263312,557.61
6775,2024-09-17 03:02:17.157147,560.39
6776,2024-09-17 03:22:17.163944,562.92
6777,2024-09-17 03:42:17.185477,564.6
6778,2024-09-17 04:02:17.159897,568.68
6779,2024-09-17 04:22:17.171774,573.1
6780,2024-09-17 04:42:16.832248,576.27
6781,2024-09-17 05:02:17.196681,579.6
6782,2024-09-17 05:22:17.169682,578.34
6783,2024-09-17 05:42:17.255171,576.92
6784,2024-09-17 06:02:17.158404,576.34
6785,2024-09-17 06:22:17.162471,578.44
6786,2024-09-17 07:22:17.163684,587.9
6787,2024-09-17 07:42:17.157660,588.08
6788,2024-09-17 08:02:17.168672,589.32
6789,2024-09-17 08:22:17.160105,589.39
6790,2024-09-17 08:42:17.161655,591.01
6791,2024-09-17 09:02:17.158443,590.16
6792,2024-09-17 22:22:17.183079,534.33
6793,2024-09-17 23:42:17.169232,559.48
6794,2024-09-18 23:42:17.162936,594.9
6795,2024-09-19 14:42:17.145042,638.52
6796,2024-09-19 15:42:17.186381,603.27
6797,2024-09-19 16:42:17.170075,587.5
6798,2024-09-19 17:02:17.160103,586.26
6799,2024-09-19 17:22:17.174680,583.56
6800,2024-09-19 17:42:17.185513,575.77
6801,2024-09-19 18:02:17.176441,570.42
6802,2024-09-19 18:22:17.169987,562.46
6803,2024-09-19 18:42:17.167021,555.73
6804,2024-09-19 19:02:17.167538,550.1
6805,2024-09-19 19:22:17.165778,544.53
6806,2024-09-19 19:42:17.157582,541.94
6807,2024-09-19 20:02:17.163040,543.98
6808,2024-09-19 20:22:17.167968,543.86
6809,2024-09-19 20:42:17.174074,549.73
6810,2024-09-19 21:02:17.165514,558.98
6811,2024-09-19 21:22:17.202363,565.66
6812,2024-09-19 21:42:17.170454,570.72
6813,2024-09-19 22:02:17.170798,573.78
6814,2024-09-19 22:22:17.174239,579.16
6815,2024-09-19 22:42:17.185193,577.67
6816,2024-09-19 23:02:17.175627,580.04
6817,2024-09-19 23:22:17.158458,582.16
6818,2024-09-19 23:42:17.170675,586.76
6819,2024-09-20 00:02:17.163796,587.75
6820,2024-09-20 00:22:17.170926,590.93
6821,2024-09-20 00:42:17.164908,592.08
6822,2024-09-20 01:02:17.166665,591.72
6823,2024-09-20 01:22:17.169886,594.5
6824,2024-09-20 01:42:17.179109,597.04
6825,2024-09-20 02:02:17.165414,600.88
6826,2024-09-20 02:22:17.174462,598.62
6827,2024-09-20 02:42:17.165147,600.66
6828,2024-09-20 03:02:17.175800,605.96
6829,2024-09-20 03:22:17.171669,609.16
6830,2024-09-20 03:42:17.170632,619.23
6831,2024-09-20 04:02:17.155933,627.28
6832,2024-09-20 04:22:17.418191,632.98
6833,2024-09-20 04:42:17.159509,639.82
6834,2024-09-20 05:02:17.182005,643.54
6835,2024-09-20 05:22:17.173818,646.94
6836,2024-09-20 05:42:17.161527,651.76
6837,2024-09-20 06:02:17.181411,656.15
6838,2024-09-20 06:22:16.943675,664.24
6839,2024-09-20 06:42:17.159990,666.24
6840,2024-09-20 07:02:17.159521,673.0
6841,2024-09-20 07:22:17.157731,673.73
6842,2024-09-20 07:42:17.178640,674.44
6843,2024-09-20 08:02:17.156654,675.69
6844,2024-09-20 08:22:17.175986,678.12
6845,2024-09-20 08:42:17.150161,679.72
6846,2024-09-20 09:02:17.165009,680.51
6847,2024-09-20 09:22:17.158272,684.03
6848,2024-09-20 09:42:17.158891,684.03
6849,2024-09-20 10:02:17.167409,683.84
6850,2024-09-20 10:22:17.160805,688.84
6851,2024-09-20 10:42:17.158622,688.42
6852,2024-09-20 11:02:17.161240,690.99
6853,2024-09-20 11:22:17.165419,690.52
6854,2024-09-20 11:42:17.168022,694.96
6855,2024-09-20 12:02:17.169019,694.48
6856,2024-09-20 12:22:17.170997,693.26
6857,2024-09-20 12:42:17.163354,694.86
6858,2024-09-20 13:02:17.163656,696.57
6859,2024-09-20 13:22:17.162143,699.38
6860,2024-09-20 13:42:17.164755,696.92
6861,2024-09-20 14:02:17.160934,699.66
6862,2024-09-20 14:22:17.161997,701.17
6863,2024-09-20 14:42:17.190004,699.38
6864,2024-09-20 15:02:17.164504,699.13
6865,2024-09-20 15:22:17.154460,698.62
6866,2024-09-20 15:42:17.177968,697.74
6867,2024-09-20 16:02:17.151510,700.0
6868,2024-09-20 16:22:17.162340,697.31
6869,2024-09-20 16:42:17.178073,697.96
6870,2024-09-20 17:02:17.163868,694.38
6871,2024-09-20 17:22:17.171387,692.78
6872,2024-09-20 17:42:17.173810,692.42
6873,2024-09-20 18:02:17.185819,695.36
6874,2024-09-20 18:22:17.155913,696.05
6875,2024-09-20 18:42:17.159054,699.3
6876,2024-09-20 19:02:17.163368,697.24
6877,2024-09-20 19:22:17.179870,703.06
6878,2024-09-20 19:42:17.178088,701.91
6879,2024-09-20 20:02:17.171137,703.22
6880,2024-09-20 20:22:17.163889,700.78
6881,2024-09-20 20:42:17.179470,702.0
6882,2024-09-20 21:02:17.161745,700.46
6883,2024-09-20 21:22:17.178310,698.91
6884,2024-09-20 21:42:17.178800,699.27
6885,2024-09-20 22:02:17.167793,695.52
6886,2024-09-20 22:22:17.234689,696.66
6887,2024-09-20 22:42:17.161552,695.88
6888,2024-09-20 23:02:17.450040,699.48
6889,2024-09-20 23:22:17.172785,701.39
6890,2024-09-20 23:42:17.164057,702.82
6891,2024-09-21 23:42:17.166889,768.68
6892,2024-09-22 15:22:17.449680,603.38
6893,2024-09-22 15:42:17.162308,599.3
6894,2024-09-22 16:02:17.158637,591.58
6895,2024-09-22 16:22:17.169552,591.11
6896,2024-09-22 16:42:17.185825,587.74
6897,2024-09-22 17:02:17.155124,581.46
6898,2024-09-22 17:22:17.153940,578.4
6899,2024-09-22 17:42:17.162258,572.86
6900,2024-09-22 18:02:17.158844,566.24
6901,2024-09-22 18:22:17.194623,563.88
6902,2024-09-22 18:42:17.155169,564.59
6903,2024-09-22 19:02:17.170554,562.92
6904,2024-09-22 19:22:17.146867,556.86
6905,2024-09-22 19:42:17.158076,557.48
6906,2024-09-22 20:02:17.161531,554.39
6907,2024-09-22 20:22:17.159432,555.54
6908,2024-09-22 20:42:17.169697,557.16
6909,2024-09-22 21:02:17.167725,555.68
6910,2024-09-22 21:22:17.158757,553.8
6911,2024-09-22 21:42:17.161769,550.38
6912,2024-09-22 22:02:17.161593,554.11
6913,2024-09-22 22:22:17.159193,552.57
6914,2024-09-22 22:42:17.163247,553.92
6915,2024-09-22 23:02:17.183662,549.44
6916,2024-09-22 23:22:17.158223,548.62
6917,2024-09-22 23:42:17.163247,545.49
6918,2024-09-23 00:02:17.160803,546.59
6919,2024-09-23 00:22:17.167082,542.76
6920,2024-09-23 00:42:17.177437,541.58
6921,2024-09-23 01:02:17.168771,540.02
6922,2024-09-23 01:22:17.155181,539.92
6923,2024-09-23 01:42:17.183201,541.46
6924,2024-09-23 02:02:17.170549,543.64
6925,2024-09-23 02:22:17.396444,542.0
6926,2024-09-23 02:42:17.152568,540.06
6927,2024-09-23 03:02:17.170014,535.61
6928,2024-09-23 03:22:16.696460,533.6
6929,2024-09-23 03:42:17.179466,530.26
6930,2024-09-23 04:02:17.163714,525.4
6931,2024-09-23 04:22:17.159971,523.2
6932,2024-09-23 04:42:17.181126,523.28
6933,2024-09-23 05:02:17.145677,521.48
6934,2024-09-23 05:22:17.165248,521.84
6935,2024-09-23 05:42:17.166324,517.85
6936,2024-09-23 06:02:17.165939,517.12
6937,2024-09-23 06:22:17.163476,515.58
6938,2024-09-23 06:42:17.176177,513.47
6939,2024-09-23 07:02:17.146373,510.76
6940,2024-09-23 07:22:17.158494,508.56
6941,2024-09-23 07:42:17.171109,503.9
6942,2024-09-23 08:02:17.168039,499.02
6943,2024-09-23 08:22:17.163832,494.96
6944,2024-09-23 08:42:17.169479,490.28
6945,2024-09-23 09:02:17.159641,486.08
6946,2024-09-23 09:22:17.170500,483.3
6947,2024-09-23 09:42:17.211263,483.96
6948,2024-09-23 10:02:17.157693,483.44
6949,2024-09-23 10:22:17.153294,479.97
6950,2024-09-23 10:42:17.157827,472.12
6951,2024-09-23 11:02:17.161868,470.14
6952,2024-09-23 11:22:17.182366,469.2
6953,2024-09-23 11:42:17.182673,470.38
6954,2024-09-23 12:02:17.162294,472.33
6955,2024-09-23 12:22:17.164495,471.85
6956,2024-09-23 12:42:17.162673,473.79
6957,2024-09-23 13:02:17.163151,470.38
6958,2024-09-23 13:22:17.176346,468.7
6959,2024-09-23 13:42:17.161475,465.52
6960,2024-09-23 14:02:17.163273,461.88
6961,2024-09-23 14:22:17.156877,461.97
6962,2024-09-23 14:42:17.151357,461.02
6963,2024-09-23 15:02:17.170213,460.72
6964,2024-09-23 15:22:17.165290,459.24
6965,2024-09-23 15:42:17.149896,462.14
6966,2024-09-23 16:02:16.815410,459.56
6967,2024-09-23 16:22:17.165195,457.28
6968,2024-09-23 16:42:17.170050,458.82
6969,2024-09-23 17:02:17.171565,457.3
6970,2024-09-23 17:22:17.170388,457.15
6971,2024-09-23 17:42:17.186676,454.76
6972,2024-09-23 18:02:17.422772,456.42
6973,2024-09-23 18:22:17.168074,458.46
6974,2024-09-23 18:42:17.159487,458.96
6975,2024-09-23 19:02:17.163525,459.96
6976,2024-09-23 19:22:17.161527,459.01
6977,2024-09-23 19:42:17.162828,458.87
6978,2024-09-23 20:02:17.167111,460.66
6979,2024-09-23 20:22:17.175136,459.94
6980,2024-09-23 20:42:17.163268,462.42
6981,2024-09-23 21:02:17.172491,461.43
6982,2024-09-23 21:22:17.160966,461.64
6983,2024-09-23 21:42:16.679979,461.35
6984,2024-09-23 22:02:17.174800,461.3
6985,2024-09-23 22:22:17.163559,461.38
6986,2024-09-23 22:42:17.168939,463.78
6987,2024-09-23 23:02:17.179220,465.71
6988,2024-09-23 23:22:17.168794,466.21
6989,2024-09-23 23:42:17.172102,466.8
6990,2024-09-24 00:02:17.158954,465.06
6991,2024-09-24 00:22:17.162116,462.96
6992,2024-09-24 00:42:17.168031,465.06
6993,2024-09-24 01:02:17.161936,465.39
6994,2024-09-24 01:22:17.158113,463.88
6995,2024-09-24 01:42:17.161809,462.68
6996,2024-09-24 02:02:17.180222,461.86
6997,2024-09-24 02:22:17.113110,462.17
6998,2024-09-24 02:42:17.173914,460.57
6999,2024-09-24 03:02:17.172531,458.63
7000,2024-09-24 03:22:17.190016,457.2
7001,2024-09-24 03:42:17.182346,455.66
7002,2024-09-24 04:02:17.163057,449.93
7003,2024-09-24 04:22:17.161325,449.48
7004,2024-09-24 04:42:17.170634,449.03
7005,2024-09-24 05:02:17.155391,448.68
7006,2024-09-24 05:22:17.183298,446.74
7007,2024-09-24 05:42:16.648954,448.1
7008,2024-09-24 06:02:17.161992,447.84
7009,2024-09-24 18:42:17.153218,408.54
7010,2024-09-24 19:02:17.162686,409.14
7011,2024-09-24 19:22:17.183583,410.58
7012,2024-09-24 19:42:17.178310,409.5
7013,2024-09-24 20:02:17.183066,409.83
7014,2024-09-24 20:22:17.172116,410.13
7015,2024-09-24 20:42:17.183239,409.41
7016,2024-09-24 21:02:17.167386,411.08
7017,2024-09-24 21:22:17.174529,410.14
7018,2024-09-24 21:42:17.155839,412.4
7019,2024-09-24 22:02:17.167086,409.8
7020,2024-09-24 22:22:17.468308,412.31
7021,2024-09-24 22:42:17.149957,411.46
7022,2024-09-24 23:02:17.165336,413.64
7023,2024-09-24 23:22:17.180415,412.58
7024,2024-09-24 23:42:17.154543,414.51
7025,2024-09-25 00:02:17.264106,414.5
7026,2024-09-25 00:22:17.169088,415.83
7027,2024-09-25 00:42:17.169900,416.86
7028,2024-09-25 01:02:17.146095,418.66
7029,2024-09-25 01:22:17.189097,419.74
7030,2024-09-25 01:42:17.165431,420.09
7031,2024-09-25 02:02:17.161304,417.87
7032,2024-09-25 02:22:17.164753,420.12
7033,2024-09-25 02:42:17.194657,419.96
7034,2024-09-25 03:02:17.164404,417.36
7035,2024-09-25 03:22:17.159454,419.28
7036,2024-09-25 03:42:17.179153,416.83
7037,2024-09-25 04:02:17.158677,417.51
7038,2024-09-25 04:22:17.150156,416.22
7039,2024-09-25 04:42:17.153635,415.06
7040,2024-09-25 05:02:17.149643,413.28
7041,2024-09-25 05:22:17.164632,413.75
7042,2024-09-25 05:42:17.165854,411.53
7043,2024-09-25 06:02:17.173074,413.0
7044,2024-09-25 06:22:17.168556,411.34
7045,2024-09-25 06:42:17.166089,413.6
7046,2024-09-25 07:02:17.368194,412.66
7047,2024-09-25 07:22:17.162598,413.44
7048,2024-09-25 07:42:17.166741,414.2
7049,2024-09-25 08:02:17.161689,411.34
7050,2024-09-25 08:22:17.173306,413.08
7051,2024-09-25 08:42:17.168294,414.01
7052,2024-09-25 09:02:17.160946,413.06
7053,2024-09-25 09:22:17.157034,415.85
7054,2024-09-25 09:42:17.171034,413.34
7055,2024-09-25 10:02:17.150083,413.5
7056,2024-09-25 10:22:17.169773,410.11
7057,2024-09-25 10:42:17.168125,410.18
7058,2024-09-25 11:02:17.176045,412.25
7059,2024-09-25 11:22:17.160503,410.74
7060,2024-09-25 23:42:17.175684,401.38
7061,2024-09-26 16:42:17.165991,408.78
7062,2024-09-26 17:02:17.157129,410.04
7063,2024-09-26 17:22:17.168809,409.86
7064,2024-09-26 17:42:17.174662,409.48
7065,2024-09-26 18:02:17.160905,408.18
7066,2024-09-26 18:22:17.155911,409.26
7067,2024-09-26 18:42:17.164562,409.62
7068,2024-09-26 19:02:17.166855,409.81
7069,2024-09-26 19:22:17.161205,409.04
7070,2024-09-26 19:42:17.152600,412.32
7071,2024-09-26 20:02:17.156175,410.27
7072,2024-09-26 20:22:17.164359,409.55
7073,2024-09-26 20:42:17.146233,409.6
7074,2024-09-26 21:02:17.174619,410.98
7075,2024-09-26 21:22:17.174672,411.52
7076,2024-09-26 22:02:17.169916,411.69
7077,2024-09-26 22:22:17.162724,411.56
7078,2024-09-26 22:42:17.158923,409.92
7079,2024-09-26 23:02:17.175646,412.58
7080,2024-09-26 23:22:16.747100,412.78
7081,2024-09-26 23:42:17.167612,411.09
7082,2024-09-27 00:02:17.151610,411.74
7083,2024-09-27 00:22:17.196904,412.28
7084,2024-09-27 00:42:17.178464,413.6
7085,2024-09-27 01:02:17.174408,412.06
7086,2024-09-27 01:22:17.156424,413.38
7087,2024-09-27 01:42:17.168757,411.95
7088,2024-09-27 02:02:17.149252,415.51
7089,2024-09-27 02:22:17.168619,414.58
7090,2024-09-27 02:42:17.165367,414.26
7091,2024-09-27 03:02:17.183190,414.6
7092,2024-09-27 03:22:17.158032,414.58
7093,2024-09-27 03:42:17.165130,415.01
7094,2024-09-27 04:02:17.069051,414.7
7095,2024-09-27 04:22:17.165407,414.1
7096,2024-09-27 04:42:17.161068,413.7
7097,2024-09-27 05:02:17.153278,416.39
7098,2024-09-27 05:22:17.168694,415.99
7099,2024-09-27 05:42:17.155526,415.58
7100,2024-09-27 06:02:17.165054,416.34
7101,2024-09-27 07:02:17.183656,416.04
7102,2024-09-27 07:22:17.153755,417.37
7103,2024-09-27 07:42:17.180088,416.88
7104,2024-09-27 08:02:17.167200,417.36
7105,2024-09-27 08:22:17.162846,416.88
7106,2024-09-27 08:42:17.165038,417.6
7107,2024-09-27 09:02:17.170586,416.46
7108,2024-09-27 09:22:17.176777,418.24
7109,2024-09-27 09:42:17.183023,419.04
7110,2024-09-27 10:02:17.367734,418.0
7111,2024-09-27 10:22:17.169053,418.8
7112,2024-09-27 10:42:17.158910,418.88
7113,2024-09-27 11:02:17.164710,417.74
7114,2024-09-27 11:22:17.169927,416.82
7115,2024-09-27 11:42:17.168139,419.22
7116,2024-09-27 12:02:17.164030,418.8
7117,2024-09-27 12:22:17.151971,418.41
7118,2024-09-27 12:42:17.189702,417.81
7119,2024-09-27 13:02:17.158215,419.64
7120,2024-09-27 13:22:17.162842,420.96
7121,2024-09-27 13:42:17.175432,422.17
7122,2024-09-27 14:02:17.170962,422.4
7123,2024-09-27 14:22:17.162977,422.42
7124,2024-09-27 14:42:17.161863,420.24
7125,2024-09-27 15:02:17.161704,421.12
7126,2024-09-27 15:22:17.160753,420.78
7127,2024-09-27 15:42:17.161296,420.41
7128,2024-09-27 16:02:17.182722,421.04
7129,2024-09-27 16:22:17.161910,420.8
7130,2024-09-27 16:42:16.898454,421.7
7131,2024-09-27 17:02:17.165939,421.2
7132,2024-09-27 17:22:17.152120,418.63
7133,2024-09-27 17:42:17.162808,422.35
7134,2024-09-27 18:02:17.167046,419.17
7135,2024-09-27 18:22:17.168667,419.18
7136,2024-09-27 18:42:17.161772,418.98
7137,2024-09-27 19:02:17.178707,421.75
7138,2024-09-27 19:22:17.158698,418.17
7139,2024-09-27 19:42:17.172857,421.53
7140,2024-09-27 20:02:17.165885,419.88
7141,2024-09-27 20:22:17.162559,420.96
7142,2024-09-27 20:42:17.163125,422.45
7143,2024-09-27 21:02:17.165529,420.63
7144,2024-09-27 21:22:17.164057,421.15
7145,2024-09-27 21:42:17.167610,422.9
7146,2024-09-27 22:02:17.162198,421.72
7147,2024-09-27 22:22:17.165424,424.12
7148,2024-09-27 22:42:17.162510,422.09
7149,2024-09-27 23:02:17.172221,423.34
7150,2024-09-27 23:22:17.153761,421.76
7151,2024-09-27 23:42:17.176287,423.5
7152,2024-09-28 00:02:17.179052,423.98
7153,2024-09-28 00:22:17.173707,424.06
7154,2024-09-28 00:42:17.170662,423.41
7155,2024-09-28 01:02:17.171803,422.88
7156,2024-09-28 01:22:17.156052,424.2
7157,2024-09-28 01:42:17.164558,425.7
7158,2024-09-28 02:02:17.186691,425.55
7159,2024-09-28 02:22:17.161757,425.95
7160,2024-09-28 02:42:17.165034,427.0
7161,2024-09-28 03:02:16.716366,427.56
7162,2024-09-28 03:22:17.161475,428.98
7163,2024-09-28 03:42:17.173399,427.22
7164,2024-09-28 04:02:17.332660,427.94
7165,2024-09-28 04:22:17.174267,429.06
7166,2024-09-28 05:02:17.172778,429.02
7167,2024-09-28 05:22:17.166295,428.9
7168,2024-09-28 05:42:17.158104,429.89
7169,2024-09-28 06:02:17.162608,429.76
7170,2024-09-28 06:22:17.154106,429.62
7171,2024-09-28 07:02:17.158156,430.42
7172,2024-09-28 07:22:17.192475,431.73
7173,2024-09-28 07:42:16.925386,430.21
7174,2024-09-28 08:02:17.169955,428.53
7175,2024-09-28 08:22:17.170611,429.0
7176,2024-09-28 08:42:17.162472,430.46
7177,2024-09-28 09:02:17.188621,430.86
7178,2024-09-28 23:42:17.174312,437.46
7179,2024-09-29 14:42:17.162910,443.64
7180,2024-09-29 15:02:17.171603,443.32
7181,2024-09-29 15:22:17.169774,441.96
7182,2024-09-29 15:42:17.160734,440.7
7183,2024-09-29 16:02:17.034986,441.34
7184,2024-09-29 16:22:17.164976,442.1
7185,2024-09-29 16:42:17.162085,442.28
7186,2024-09-29 17:02:17.161727,442.02
7187,2024-09-29 17:22:17.165124,441.46
7188,2024-09-29 17:42:17.162179,443.18
7189,2024-09-29 18:02:17.165123,442.94
7190,2024-09-29 18:22:17.157687,441.74
7191,2024-09-29 18:42:17.159042,443.46
7192,2024-09-29 19:02:17.162583,441.56
7193,2024-09-29 19:22:17.156431,441.3
7194,2024-09-29 19:42:17.181719,443.18
7195,2024-09-29 20:02:17.162751,442.08
7196,2024-09-29 20:22:17.168631,442.6
7197,2024-09-29 20:42:17.165271,443.05
7198,2024-09-29 21:02:17.150522,441.21
7199,2024-09-29 21:22:17.178547,441.79
7200,2024-09-29 21:42:17.177463,442.96
7201,2024-09-29 22:02:17.149929,442.04
7202,2024-09-29 22:22:17.175258,442.18
7203,2024-09-29 22:42:17.158991,442.65
7204,2024-09-29 23:02:17.158456,443.69
7205,2024-09-29 23:22:17.161930,444.02
7206,2024-09-29 23:42:17.166542,444.0
7207,2024-09-30 00:02:17.171501,442.12
7208,2024-09-30 00:22:17.164720,445.24
7209,2024-09-30 00:42:17.154118,445.73
7210,2024-09-30 01:02:17.160235,445.5
7211,2024-09-30 01:22:17.340297,447.28
7212,2024-09-30 01:42:17.152168,445.8
7213,2024-09-30 02:02:17.183585,444.84
7214,2024-09-30 02:22:17.169184,446.71
7215,2024-09-30 02:42:17.166865,447.92
7216,2024-09-30 03:02:17.173461,447.06
7217,2024-09-30 03:22:17.166697,449.16
7218,2024-09-30 03:42:17.152877,446.6
7219,2024-09-30 04:02:17.177705,447.58
7220,2024-09-30 04:22:17.159522,448.26
7221,2024-09-30 04:42:17.176560,448.98
7222,2024-09-30 05:02:17.163240,445.6
7223,2024-09-30 05:22:17.177630,444.48
7224,2024-09-30 05:42:17.164901,446.92
7225,2024-09-30 06:02:17.158564,446.11
7226,2024-09-30 06:22:17.152193,447.43
7227,2024-09-30 06:42:17.166138,445.82
7228,2024-09-30 07:02:17.189803,445.72
7229,2024-09-30 07:22:17.163508,443.98
7230,2024-09-30 07:42:17.157737,443.35
7231,2024-09-30 08:02:17.161792,439.99
7232,2024-09-30 08:22:17.165801,439.44
7233,2024-09-30 08:42:17.161262,438.66
7234,2024-09-30 09:22:17.164786,438.11
7235,2024-09-30 09:42:17.197904,436.55
7236,2024-09-30 10:02:17.166874,435.54
7237,2024-09-30 10:42:17.167362,434.7
7238,2024-09-30 11:02:17.162814,438.0
7239,2024-09-30 11:22:17.159925,435.92
7240,2024-09-30 11:42:17.183626,435.24
7241,2024-09-30 12:22:17.154401,436.68
7242,2024-09-30 12:42:17.160105,436.66
7243,2024-09-30 13:02:17.169401,436.86
7244,2024-09-30 13:22:17.158626,436.01
7245,2024-09-30 13:42:17.157716,436.18
7246,2024-09-30 14:02:17.190434,436.28
7247,2024-09-30 14:22:17.164214,436.65
7248,2024-09-30 14:42:17.163132,436.61
7249,2024-09-30 15:02:16.914363,437.04
7250,2024-09-30 15:22:17.156896,438.54
7251,2024-09-30 15:42:17.162417,438.52
7252,2024-09-30 16:02:17.169097,438.86
7253,2024-09-30 16:22:17.164946,440.77
7254,2024-09-30 16:42:17.166729,438.28
7255,2024-09-30 17:02:17.162327,439.58
7256,2024-09-30 17:22:17.157942,439.2
7257,2024-09-30 17:42:17.164201,439.86
7258,2024-09-30 18:02:17.155135,442.84
7259,2024-09-30 18:22:17.153709,441.38
7260,2024-09-30 18:42:17.171347,438.46
7261,2024-09-30 19:02:17.163214,441.32
7262,2024-09-30 19:22:17.157685,440.08
7263,2024-09-30 19:42:17.090572,439.51
7264,2024-09-30 20:02:17.198061,437.39
7265,2024-09-30 20:22:17.155039,436.15
7266,2024-09-30 20:42:17.162616,434.9
7267,2024-09-30 21:02:17.190463,436.14
7268,2024-09-30 21:22:17.192949,435.26
7269,2024-09-30 21:42:17.157702,436.49
7270,2024-09-30 22:02:17.164072,434.95
7271,2024-09-30 22:22:17.161169,435.42
7272,2024-09-30 22:42:17.399095,436.84
7273,2024-09-30 23:02:17.168524,436.62
7274,2024-09-30 23:22:17.159924,434.77
7275,2024-09-30 23:42:17.166526,437.7
7276,2024-10-01 00:02:17.161027,434.73
7277,2024-10-01 00:22:17.167604,435.36
7278,2024-10-01 00:42:17.169586,436.28
7279,2024-10-01 01:02:17.163466,435.7
7280,2024-10-01 01:22:17.187124,436.81
7281,2024-10-01 01:42:17.178559,435.65
7282,2024-10-01 02:02:17.154817,436.16
7283,2024-10-01 02:22:17.160671,435.36
7284,2024-10-01 02:42:17.166778,436.16
7285,2024-10-01 03:02:17.156570,436.75
7286,2024-10-01 03:22:17.158009,437.38
7287,2024-10-01 23:42:17.168099,430.74
7288,2024-10-02 14:42:17.162515,413.63
7289,2024-10-02 15:02:17.153082,413.42
7290,2024-10-02 15:22:17.166853,413.98
7291,2024-10-02 15:42:17.167221,412.82
7292,2024-10-02 16:02:17.160059,413.3
7293,2024-10-02 16:22:17.144570,413.64
7294,2024-10-02 16:42:17.173158,414.42
7295,2024-10-02 17:02:17.168173,415.67
7296,2024-10-02 17:22:17.163634,413.42
7297,2024-10-02 17:42:17.168046,413.24
7298,2024-10-02 18:02:17.162388,415.13
7299,2024-10-02 18:22:17.177355,414.3
7300,2024-10-02 18:42:17.144656,415.0
7301,2024-10-02 19:02:17.148173,413.72
7302,2024-10-02 19:22:17.167810,413.92
7303,2024-10-02 19:42:17.173164,413.86
7304,2024-10-02 20:02:17.164358,415.01
7305,2024-10-02 20:22:17.168805,414.91
7306,2024-10-02 20:42:17.192217,412.92
7307,2024-10-02 21:02:17.169382,415.7
7308,2024-10-02 21:22:17.170060,416.02
7309,2024-10-02 21:42:17.158569,415.66
7310,2024-10-02 22:02:17.157781,415.35
7311,2024-10-02 22:22:17.168532,415.14
7312,2024-10-02 22:42:17.151918,416.28
7313,2024-10-02 23:02:17.164569,418.16
7314,2024-10-02 23:22:17.156434,419.01
7315,2024-10-02 23:42:17.158279,419.44
7316,2024-10-03 00:02:17.150882,417.59
7317,2024-10-03 00:22:17.187182,418.76
7318,2024-10-03 00:42:17.160132,417.78
7319,2024-10-03 01:02:17.172780,419.92
7320,2024-10-03 01:22:17.158460,419.9
7321,2024-10-03 01:42:17.163803,418.93
7322,2024-10-03 02:02:17.190698,420.26
7323,2024-10-03 02:22:17.163879,418.3
7324,2024-10-03 02:42:17.162930,421.42
7325,2024-10-03 03:02:17.147345,419.04
7326,2024-10-03 03:22:17.168798,420.01
7327,2024-10-03 03:42:17.162255,421.39
7328,2024-10-03 04:02:17.164243,421.56
7329,2024-10-03 04:22:17.162712,422.28
7330,2024-10-03 04:42:17.191652,422.32
7331,2024-10-03 05:02:17.164340,420.55
7332,2024-10-03 05:22:17.161232,420.82
7333,2024-10-03 05:42:17.162038,422.1
7334,2024-10-03 06:02:17.408727,421.48
7335,2024-10-03 06:22:17.181392,419.72
7336,2024-10-03 06:42:17.182496,423.12
7337,2024-10-03 07:02:17.168517,419.95
7338,2024-10-03 07:22:17.152928,419.48
7339,2024-10-03 07:42:17.167853,419.92
7340,2024-10-03 08:02:17.179575,418.48
7341,2024-10-03 08:22:17.162006,419.44
7342,2024-10-03 08:42:17.163970,420.89
7343,2024-10-03 09:02:17.171867,418.37
7344,2024-10-03 09:22:17.171083,419.08
7345,2024-10-03 10:22:17.161589,418.77
7346,2024-10-03 10:42:17.155634,421.74
7347,2024-10-03 11:02:17.159186,421.64
7348,2024-10-03 11:22:17.160791,421.78
7349,2024-10-03 11:42:17.191892,421.76
7350,2024-10-03 12:02:17.160207,419.64
7351,2024-10-03 12:22:16.748247,422.02
7352,2024-10-03 12:42:17.157808,423.3
7353,2024-10-03 13:02:17.185221,421.92
7354,2024-10-03 13:22:17.144741,424.6
7355,2024-10-03 14:02:17.164077,425.13
7356,2024-10-03 14:22:17.163490,422.71
7357,2024-10-03 14:42:17.172094,424.12
7358,2024-10-03 15:02:17.173085,423.94
7359,2024-10-03 15:22:17.169203,426.22
7360,2024-10-03 15:42:17.168515,426.83
7361,2024-10-03 16:02:17.181063,426.33
7362,2024-10-03 16:22:17.180927,426.96
7363,2024-10-03 16:42:17.158852,426.96
7364,2024-10-03 17:02:17.035001,428.24
7365,2024-10-03 17:22:17.175409,428.21
7366,2024-10-03 17:42:17.162931,426.48
7367,2024-10-03 18:02:17.160008,427.1
7368,2024-10-03 18:22:17.166198,429.3
7369,2024-10-03 18:42:17.164827,427.78
7370,2024-10-03 19:02:17.173827,428.74
7371,2024-10-03 19:22:17.183463,427.42
7372,2024-10-03 19:42:17.167901,428.86
7373,2024-10-03 20:02:17.166582,429.64
7374,2024-10-03 20:22:17.250928,427.86
7375,2024-10-03 20:42:17.176641,428.26
7376,2024-10-03 21:02:17.164525,428.02
7377,2024-10-03 21:22:17.159424,428.06
7378,2024-10-03 21:42:17.178001,427.56
7379,2024-10-03 22:02:17.160504,427.38
7380,2024-10-03 22:22:17.158509,428.06
7381,2024-10-03 22:42:17.161547,428.62
7382,2024-10-03 23:02:17.168858,428.18
7383,2024-10-03 23:22:17.372376,429.04
7384,2024-10-03 23:42:17.177991,426.88
7385,2024-10-04 16:22:17.152341,413.75
7386,2024-10-04 16:42:17.159432,413.83
7387,2024-10-04 17:02:17.167751,410.1
7388,2024-10-04 17:22:17.168111,407.52
7389,2024-10-04 17:42:17.382643,407.62
7390,2024-10-04 18:02:17.158627,407.92
7391,2024-10-04 18:22:16.924539,409.76
7392,2024-10-04 18:42:17.168809,411.06
7393,2024-10-04 19:02:17.163132,410.26
7394,2024-10-04 19:22:17.165744,412.02
7395,2024-10-04 19:42:17.179206,412.9
7396,2024-10-04 20:02:17.159847,412.1
7397,2024-10-04 20:22:17.153196,413.28
7398,2024-10-04 20:42:16.922070,411.34
7399,2024-10-04 21:02:17.170933,410.2
7400,2024-10-04 21:22:17.162042,411.7
7401,2024-10-04 21:42:17.176668,410.62
7402,2024-10-04 22:02:17.176293,412.01
7403,2024-10-04 22:22:17.172174,412.53
7404,2024-10-04 22:42:17.168341,412.48
7405,2024-10-04 23:02:17.172422,412.48
7406,2024-10-04 23:22:17.167983,412.22
7407,2024-10-04 23:42:17.173845,412.93
7408,2024-10-05 00:02:17.151128,413.7
7409,2024-10-05 00:22:17.167173,415.34
7410,2024-10-05 00:42:17.163049,416.1
7411,2024-10-05 01:02:17.170578,417.84
7412,2024-10-05 01:22:16.957861,420.06
7413,2024-10-05 01:42:17.173317,421.11
7414,2024-10-05 02:02:17.169963,422.76
7415,2024-10-05 02:22:17.180402,423.28
7416,2024-10-05 02:42:17.169757,424.14
7417,2024-10-05 03:02:17.156516,426.65
7418,2024-10-05 03:22:17.144093,427.71
7419,2024-10-05 03:42:17.169794,427.0
7420,2024-10-05 04:02:17.159395,427.04
7421,2024-10-05 04:22:17.178638,427.28
7422,2024-10-05 04:42:17.174868,431.63
7423,2024-10-05 05:02:17.153412,429.56
7424,2024-10-05 05:22:17.156676,429.84
7425,2024-10-05 05:42:17.151738,431.46
7426,2024-10-05 06:02:17.176078,432.58
7427,2024-10-05 06:22:17.184457,432.73
7428,2024-10-05 06:42:17.152220,433.45
7429,2024-10-05 07:02:17.169127,434.89
7430,2024-10-05 07:22:17.149387,433.22
7431,2024-10-05 07:42:17.143457,434.04
7432,2024-10-05 08:02:17.163212,434.22
7433,2024-10-05 08:22:17.162191,433.8
7434,2024-10-05 08:42:17.161592,435.54
7435,2024-10-05 09:02:17.159318,434.22
7436,2024-10-05 09:22:17.166002,435.38
7437,2024-10-05 09:42:17.154942,436.32
7438,2024-10-05 10:02:17.154942,436.85
7439,2024-10-05 10:22:17.157915,437.93
7440,2024-10-05 10:42:17.173205,437.45
7441,2024-10-05 11:02:17.168690,437.1
7442,2024-10-05 11:22:17.165738,438.02
7443,2024-10-05 11:42:16.767176,438.16
7444,2024-10-05 12:02:17.153232,439.13
7445,2024-10-05 12:22:17.181951,441.12
7446,2024-10-05 12:42:17.163881,440.1
7447,2024-10-05 13:02:17.161199,440.66
7448,2024-10-05 13:22:17.149552,440.88
7449,2024-10-05 13:42:17.170120,441.12
7450,2024-10-05 14:02:17.160394,441.28
7451,2024-10-05 14:22:17.173043,442.32
7452,2024-10-05 14:42:17.172852,441.54
7453,2024-10-05 15:02:17.157688,442.66
7454,2024-10-05 15:22:17.164816,440.18
7455,2024-10-05 15:42:17.288849,439.95
7456,2024-10-05 16:22:17.161123,437.62
7457,2024-10-05 16:42:17.172574,435.68
7458,2024-10-05 17:02:17.160419,434.86
7459,2024-10-05 17:22:17.154373,434.02
7460,2024-10-05 17:42:17.170572,432.25
7461,2024-10-05 18:02:17.167821,431.08
7462,2024-10-05 18:22:17.192974,430.24
7463,2024-10-05 18:42:17.163257,429.3
7464,2024-10-05 19:02:17.178882,430.07
7465,2024-10-05 19:22:17.153295,428.3
7466,2024-10-05 19:42:16.782369,429.11
7467,2024-10-05 20:02:17.158855,428.26
7468,2024-10-05 20:22:17.165771,429.46
7469,2024-10-05 20:42:17.169692,429.78
7470,2024-10-05 21:02:17.149700,429.4
7471,2024-10-05 21:22:17.168809,427.92
7472,2024-10-05 21:42:17.150495,429.72
7473,2024-10-05 22:02:17.162409,429.88
7474,2024-10-05 22:22:17.155709,427.84
7475,2024-10-05 22:42:17.171487,429.54
7476,2024-10-05 23:02:17.170684,429.5
7477,2024-10-05 23:22:17.144066,428.94
7478,2024-10-05 23:42:17.174494,429.6
7479,2024-10-06 00:02:17.151257,431.39
7480,2024-10-06 00:22:17.096789,434.58
7481,2024-10-06 00:42:17.179933,435.22
7482,2024-10-06 01:02:17.172580,434.84
7483,2024-10-06 01:22:17.178634,438.1
7484,2024-10-06 01:42:17.161683,439.0
7485,2024-10-06 02:02:17.172913,438.75
7486,2024-10-06 02:22:17.177163,438.07
7487,2024-10-06 02:42:17.165052,440.12
7488,2024-10-06 03:02:17.161336,441.88
7489,2024-10-06 03:22:17.185096,440.96
7490,2024-10-06 03:42:17.160150,442.24
7491,2024-10-06 04:02:17.155045,443.37
7492,2024-10-06 04:22:17.155777,442.98
7493,2024-10-06 04:42:17.158665,441.18
7494,2024-10-06 05:02:17.373922,444.2
7495,2024-10-06 05:22:17.162480,444.58
7496,2024-10-06 05:42:17.162544,445.07
7497,2024-10-06 06:02:17.151734,444.36
7498,2024-10-06 06:22:17.162832,446.1
7499,2024-10-06 06:42:17.155475,445.22
7500,2024-10-06 07:02:17.170066,446.18
7501,2024-10-06 07:22:17.181793,445.97
7502,2024-10-06 07:42:17.182164,448.52
7503,2024-10-06 08:02:17.157204,448.26
7504,2024-10-06 08:22:17.166681,447.34
7505,2024-10-06 08:42:17.165334,449.58
7506,2024-10-06 09:02:17.159522,448.98
7507,2024-10-06 09:22:17.159932,450.4
7508,2024-10-06 09:42:17.175875,450.38
7509,2024-10-06 10:02:17.157318,450.0
7510,2024-10-06 10:22:17.176145,451.76
7511,2024-10-06 10:42:17.171233,451.52
7512,2024-10-06 11:02:17.153978,451.17
7513,2024-10-06 17:02:17.163248,453.98
7514,2024-10-06 17:22:17.151444,453.0
7515,2024-10-06 17:42:17.169637,452.54
7516,2024-10-06 18:02:17.156754,450.97
7517,2024-10-06 18:22:17.160507,449.9
7518,2024-10-06 18:42:17.169304,448.02
7519,2024-10-06 19:02:17.162622,443.84
7520,2024-10-06 19:22:17.162514,444.29
7521,2024-10-06 19:42:17.167903,442.64
7522,2024-10-06 20:02:17.157856,439.44
7523,2024-10-06 20:22:17.160108,438.7
7524,2024-10-06 20:42:17.164640,439.58
7525,2024-10-06 21:02:17.150537,438.02
7526,2024-10-06 21:22:17.177524,439.16
7527,2024-10-06 21:42:17.180618,440.52
7528,2024-10-06 22:02:17.157116,441.0
7529,2024-10-06 22:22:17.169527,442.44
7530,2024-10-06 22:42:17.171545,441.91
7531,2024-10-06 23:02:17.162820,442.1
7532,2024-10-06 23:22:17.367395,445.72
7533,2024-10-06 23:42:17.173713,446.8
7534,2024-10-07 00:02:17.150493,447.96
7535,2024-10-07 00:22:17.175326,447.0
7536,2024-10-07 00:42:17.156867,449.29
7537,2024-10-07 01:02:17.168141,449.78
7538,2024-10-07 01:22:17.159038,452.56
7539,2024-10-07 01:42:17.159508,451.42
7540,2024-10-07 02:02:17.194154,453.02
7541,2024-10-07 02:22:17.162920,454.31
7542,2024-10-07 02:42:17.156226,453.64
7543,2024-10-07 03:02:17.162157,453.7
7544,2024-10-07 03:22:17.161415,455.78
7545,2024-10-07 03:42:17.171322,455.76
7546,2024-10-07 04:02:17.151185,456.23
7547,2024-10-07 04:22:17.165768,456.89
7548,2024-10-07 04:42:17.160466,458.14
7549,2024-10-07 05:02:17.161589,455.0
7550,2024-10-07 05:22:17.172716,456.24
7551,2024-10-07 05:42:17.184417,456.59
7552,2024-10-07 06:02:17.158099,458.5
7553,2024-10-07 06:22:17.188709,457.2
7554,2024-10-07 06:42:17.166859,458.22
7555,2024-10-07 07:02:17.157130,457.28
7556,2024-10-07 07:22:17.163618,456.77
7557,2024-10-07 07:42:17.155105,460.2
7558,2024-10-07 08:02:17.151687,459.37
7559,2024-10-07 08:22:16.762087,461.82
7560,2024-10-07 08:42:17.194545,459.42
7561,2024-10-07 09:02:17.152042,460.1
7562,2024-10-07 09:22:17.154051,459.2
7563,2024-10-07 09:42:17.176329,460.58
7564,2024-10-07 10:02:17.164626,458.96
7565,2024-10-07 10:22:17.157799,459.46
7566,2024-10-07 10:42:17.163522,461.68
7567,2024-10-07 11:02:17.176305,462.47
7568,2024-10-07 11:22:17.160546,462.49
7569,2024-10-07 11:42:17.166055,462.53
7570,2024-10-07 12:02:17.165091,463.22
7571,2024-10-07 12:22:17.164129,463.02
7572,2024-10-07 12:42:17.165507,463.01
7573,2024-10-07 13:02:17.057150,463.29
7574,2024-10-07 13:22:17.176082,465.13
7575,2024-10-07 13:42:17.151779,463.48
7576,2024-10-07 14:02:17.159749,463.8
7577,2024-10-07 14:22:17.160695,463.9
7578,2024-10-07 14:42:17.162905,464.8
7579,2024-10-07 15:02:17.146227,464.83
7580,2024-10-07 15:22:17.167660,464.76
7581,2024-10-07 15:42:17.429212,464.9
7582,2024-10-07 16:02:17.168563,464.3
7583,2024-10-07 16:22:17.177983,466.53
7584,2024-10-07 16:42:17.172951,464.85
7585,2024-10-07 17:02:17.163851,463.26
7586,2024-10-07 17:22:17.163353,465.16
7587,2024-10-07 17:42:17.178013,465.4
7588,2024-10-07 18:02:17.189858,464.64
7589,2024-10-07 18:22:17.173183,466.44
7590,2024-10-07 18:42:17.174194,466.94
7591,2024-10-07 19:02:17.175868,464.22
7592,2024-10-07 19:22:17.163070,463.3
7593,2024-10-07 19:42:17.175927,463.62
7594,2024-10-07 20:02:17.172282,464.81
7595,2024-10-07 20:22:17.157879,461.06
7596,2024-10-07 20:42:17.166429,463.16
7597,2024-10-07 21:02:17.180092,460.14
7598,2024-10-07 21:22:17.163510,461.37
7599,2024-10-07 21:42:17.158473,460.24
7600,2024-10-07 22:02:17.193475,461.11
7601,2024-10-07 22:22:17.162982,461.6
7602,2024-10-07 22:42:17.181531,461.4
7603,2024-10-07 23:02:17.163776,462.96
7604,2024-10-07 23:22:17.147698,464.23
7605,2024-10-07 23:42:17.176872,461.84
7606,2024-10-08 00:02:17.158787,463.96
7607,2024-10-08 00:22:17.169167,464.52
7608,2024-10-08 00:42:17.163847,461.62
7609,2024-10-08 01:02:17.156152,459.63
7610,2024-10-08 01:22:17.163864,461.82
7611,2024-10-08 01:42:17.173738,459.6
7612,2024-10-08 02:02:17.161576,457.48
7613,2024-10-08 02:22:17.185672,456.6
7614,2024-10-08 02:42:16.947178,454.82
7615,2024-10-08 03:02:17.173978,455.34
7616,2024-10-08 03:22:17.165629,455.57
7617,2024-10-08 03:42:17.151843,454.24
7618,2024-10-08 04:02:17.156776,454.52
7619,2024-10-08 04:22:17.181377,452.77
7620,2024-10-08 04:42:17.182253,451.91
7621,2024-10-08 05:02:17.185326,450.41
7622,2024-10-08 05:22:17.162421,449.5
7623,2024-10-08 05:42:17.151972,449.56
7624,2024-10-08 06:02:17.178338,448.74
7625,2024-10-08 06:22:17.173325,448.81
7626,2024-10-08 06:42:17.160613,447.31
7627,2024-10-08 07:02:17.168724,447.58
7628,2024-10-08 07:22:17.084259,447.12
7629,2024-10-08 07:42:17.171868,447.98
7630,2024-10-08 08:02:17.159198,449.29
7631,2024-10-08 08:22:17.166463,449.31
7632,2024-10-08 23:42:17.170058,454.05
7633,2024-10-09 14:22:17.182613,448.23
7634,2024-10-09 14:42:17.164469,449.3
7635,2024-10-09 15:02:17.175513,448.12
7636,2024-10-09 15:22:17.175693,448.77
7637,2024-10-09 15:42:16.985794,449.75
7638,2024-10-09 16:02:17.180589,450.75
7639,2024-10-09 16:22:17.163089,448.66
7640,2024-10-09 16:42:17.177950,449.3
7641,2024-10-09 17:02:17.159824,447.76
7642,2024-10-09 17:22:17.172374,447.78
7643,2024-10-09 17:42:17.165139,449.08
7644,2024-10-09 18:02:17.169345,447.8
7645,2024-10-09 18:22:17.179794,447.56
7646,2024-10-09 18:42:17.396827,446.16
7647,2024-10-09 19:02:17.154364,448.92
7648,2024-10-09 19:22:17.164317,446.62
7649,2024-10-09 19:42:17.176306,447.52
7650,2024-10-09 20:02:17.168244,448.06
7651,2024-10-09 20:22:16.942395,447.26
7652,2024-10-09 20:42:17.187802,446.4
7653,2024-10-09 21:02:17.165121,447.35
7654,2024-10-09 21:22:17.168846,447.91
7655,2024-10-09 21:42:17.171669,447.24
7656,2024-10-09 22:02:17.150550,445.12
7657,2024-10-09 22:22:17.162497,445.43
7658,2024-10-09 22:42:17.167421,445.72
7659,2024-10-09 23:02:17.166086,445.68
7660,2024-10-09 23:22:17.164169,447.08
7661,2024-10-09 23:42:17.165668,446.86
7662,2024-10-10 00:02:17.154216,445.62
7663,2024-10-10 00:22:17.166780,445.79
7664,2024-10-10 00:42:17.184493,446.62
7665,2024-10-10 01:02:17.133631,444.82
7666,2024-10-10 01:22:17.158443,446.68
7667,2024-10-10 01:42:17.154230,444.5
7668,2024-10-10 02:02:17.173538,446.57
7669,2024-10-10 02:22:17.161994,445.5
7670,2024-10-10 02:42:17.165560,446.28
7671,2024-10-10 03:02:17.159910,448.22
7672,2024-10-10 03:22:17.158941,444.88
7673,2024-10-10 03:42:17.164387,444.01
7674,2024-10-10 04:02:17.160493,446.15
7675,2024-10-10 04:22:17.170698,445.16
7676,2024-10-10 04:42:17.182786,444.06
7677,2024-10-10 05:02:17.161595,443.82
7678,2024-10-10 05:22:17.155223,445.93
7679,2024-10-10 05:42:17.160962,444.23
7680,2024-10-10 06:02:17.154198,444.83
7681,2024-10-10 06:22:17.173307,444.16
7682,2024-10-10 06:42:17.168874,445.18
7683,2024-10-10 07:02:17.189056,446.5
7684,2024-10-10 07:22:17.191852,446.3
7685,2024-10-10 07:42:17.159540,448.17
7686,2024-10-10 08:02:17.170552,447.08
7687,2024-10-10 08:22:17.162194,445.88
7688,2024-10-10 08:42:17.177802,447.82
7689,2024-10-10 09:02:17.152716,448.83
7690,2024-10-10 09:22:17.180444,448.02
7691,2024-10-10 09:42:17.151653,447.31
7692,2024-10-10 10:02:17.164933,449.02
7693,2024-10-10 10:22:17.164184,448.44
7694,2024-10-10 10:42:17.420078,449.72
7695,2024-10-10 11:02:17.159674,449.19
7696,2024-10-10 11:22:17.192288,449.94
7697,2024-10-10 11:42:17.162767,450.46
7698,2024-10-10 12:02:17.159781,450.2
7699,2024-10-10 12:22:17.160591,450.79
7700,2024-10-10 12:42:17.181566,452.02
7701,2024-10-10 13:02:17.162400,450.24
7702,2024-10-10 13:22:17.164150,451.62
7703,2024-10-10 13:42:17.165302,451.88
7704,2024-10-10 14:02:17.166073,453.06
7705,2024-10-10 14:22:17.146523,454.42
7706,2024-10-10 14:42:17.152578,454.71
7707,2024-10-10 15:02:17.184431,456.04
7708,2024-10-10 15:22:17.141730,455.26
7709,2024-10-10 15:42:17.164505,454.94
7710,2024-10-10 16:02:17.163462,456.53
7711,2024-10-10 16:22:17.165733,455.33
7712,2024-10-10 16:42:17.162345,455.38
7713,2024-10-10 17:02:17.161362,454.3
7714,2024-10-10 17:22:17.170131,454.42
7715,2024-10-10 17:42:17.183617,453.97
7716,2024-10-10 18:02:17.166457,455.8
7717,2024-10-10 18:22:17.170179,454.96
7718,2024-10-10 18:42:17.179060,455.08
7719,2024-10-10 19:02:17.157428,457.58
7720,2024-10-10 19:22:17.153220,454.97
7721,2024-10-10 19:42:17.168169,454.95
7722,2024-10-10 20:02:17.164212,457.69
7723,2024-10-10 20:22:17.181387,456.7
7724,2024-10-10 20:42:17.167694,459.24
7725,2024-10-10 21:02:17.161863,458.72
7726,2024-10-10 21:22:17.176105,457.4
7727,2024-10-10 21:42:17.159728,457.68
7728,2024-10-10 22:02:17.160167,459.56
7729,2024-10-10 22:22:17.174710,459.56
7730,2024-10-10 22:42:17.151100,460.6
7731,2024-10-10 23:02:17.168978,459.44
7732,2024-10-10 23:22:17.163221,459.78
7733,2024-10-10 23:42:17.160793,459.08
7734,2024-10-11 00:02:16.921903,459.64
7735,2024-10-11 00:22:17.167385,461.0
7736,2024-10-11 00:42:17.151862,461.38
7737,2024-10-11 01:02:17.225620,459.62
7738,2024-10-11 01:22:17.172817,460.36
7739,2024-10-11 01:42:17.163363,462.42
7740,2024-10-11 02:02:17.159808,461.76
7741,2024-10-11 02:22:17.167111,463.37
7742,2024-10-11 02:42:17.175332,464.7
7743,2024-10-11 03:02:17.169698,463.75
7744,2024-10-11 23:42:17.163884,465.4
7745,2024-10-12 15:02:17.160588,419.64
7746,2024-10-12 15:22:17.160689,417.9
7747,2024-10-12 15:42:17.167085,414.59
7748,2024-10-12 16:02:17.178434,415.16
7749,2024-10-12 16:22:17.425073,415.18
7750,2024-10-12 16:42:17.173925,414.36
7751,2024-10-12 17:02:17.167875,417.49
7752,2024-10-12 17:22:17.225851,419.7
7753,2024-10-12 17:42:17.165839,421.62
7754,2024-10-12 18:02:17.196300,423.0
7755,2024-10-12 18:22:17.171789,425.82
7756,2024-10-12 18:42:17.155188,427.58
7757,2024-10-12 19:02:17.164096,430.79
7758,2024-10-12 19:22:17.162497,431.51
7759,2024-10-12 19:42:17.178002,432.84
7760,2024-10-12 20:02:17.153675,433.02
7761,2024-10-12 20:22:17.158655,435.42
7762,2024-10-12 20:42:17.163116,435.56
7763,2024-10-12 21:02:17.150953,435.22
7764,2024-10-12 21:22:17.171540,434.7
7765,2024-10-12 21:42:17.158912,437.14
7766,2024-10-12 22:02:17.166682,434.44
7767,2024-10-12 22:22:17.145981,436.41
7768,2024-10-12 22:42:17.180258,437.63
7769,2024-10-12 23:02:17.154894,438.6
7770,2024-10-12 23:22:17.160562,437.8
7771,2024-10-12 23:42:17.332674,438.46
7772,2024-10-13 00:02:17.162420,439.42
7773,2024-10-13 00:22:17.155492,439.58
7774,2024-10-13 00:42:17.170730,438.95
7775,2024-10-13 01:02:17.166756,439.82
7776,2024-10-13 01:22:17.151511,439.42
7777,2024-10-13 01:42:17.158081,438.69
7778,2024-10-13 02:02:17.157760,438.0
7779,2024-10-13 02:22:17.165256,439.62
7780,2024-10-13 02:42:17.167834,440.9
7781,2024-10-13 03:02:17.171801,441.0
7782,2024-10-13 03:22:17.168221,443.34
7783,2024-10-13 03:42:17.170202,444.17
7784,2024-10-13 04:02:17.166645,445.22
7785,2024-10-13 04:22:17.154692,448.0
7786,2024-10-13 04:42:17.166064,449.6
7787,2024-10-13 05:02:17.147732,448.5
7788,2024-10-13 05:22:17.179954,452.49
7789,2024-10-13 05:42:17.185828,452.39
7790,2024-10-13 06:02:17.169447,452.68
7791,2024-10-13 06:22:17.162063,454.38
7792,2024-10-13 06:42:17.179195,452.18
7793,2024-10-13 07:02:17.182025,453.74
7794,2024-10-13 07:22:17.164790,452.08
7795,2024-10-13 07:42:17.171183,449.21
7796,2024-10-13 08:02:17.194139,452.46
7797,2024-10-13 08:22:17.159272,450.28
7798,2024-10-13 08:42:17.182504,452.58
7799,2024-10-13 09:02:17.179452,452.54
7800,2024-10-13 09:22:17.166280,451.43
7801,2024-10-13 09:42:17.166513,451.34
7802,2024-10-13 10:02:17.167209,451.8
7803,2024-10-13 10:22:17.182813,453.62
7804,2024-10-13 10:42:17.159982,451.94
7805,2024-10-13 11:02:17.168224,451.87
7806,2024-10-13 23:42:17.164528,435.22
7807,2024-10-14 23:42:17.163792,408.32
7808,2024-10-15 15:22:17.192865,470.46
7809,2024-10-15 15:42:17.158524,474.19
7810,2024-10-15 16:02:17.183998,475.55
7811,2024-10-15 16:22:17.172642,474.6
7812,2024-10-15 16:42:17.169666,476.72
7813,2024-10-15 17:02:17.175510,476.67
7814,2024-10-15 17:22:17.154710,475.35
7815,2024-10-15 17:42:17.165670,477.68
7816,2024-10-15 18:02:17.178919,479.7
7817,2024-10-15 18:22:17.189783,478.44
7818,2024-10-15 18:42:17.193399,477.32
7819,2024-10-15 19:02:17.143602,478.95
7820,2024-10-15 19:22:17.159096,481.44
7821,2024-10-15 19:42:17.191200,480.88
7822,2024-10-15 20:02:17.163356,479.86
7823,2024-10-15 20:22:17.411859,478.91
7824,2024-10-15 20:42:17.164974,479.13
7825,2024-10-15 21:02:17.164855,482.27
7826,2024-10-15 21:22:17.191530,479.94
7827,2024-10-15 21:42:17.163505,481.52
7828,2024-10-15 22:02:17.173346,481.86
7829,2024-10-15 22:22:17.169641,481.97
7830,2024-10-15 22:42:17.164468,480.48
7831,2024-10-15 23:02:17.170669,479.86
7832,2024-10-15 23:22:17.165160,476.66
7833,2024-10-15 23:42:17.163309,478.7
7834,2024-10-16 00:02:16.785252,480.36
7835,2024-10-16 00:22:17.178715,479.22
7836,2024-10-16 00:42:17.152057,483.38
7837,2024-10-16 01:02:17.181620,481.82
7838,2024-10-16 01:22:17.171784,481.68
7839,2024-10-16 01:42:17.169109,480.2
7840,2024-10-16 02:02:17.171479,478.76
7841,2024-10-16 02:22:17.163946,478.49
7842,2024-10-16 02:42:17.165294,477.88
7843,2024-10-16 03:02:17.167266,478.4
7844,2024-10-16 03:22:17.162910,479.62
7845,2024-10-16 03:42:17.177519,476.25
7846,2024-10-16 04:02:17.159325,474.32
7847,2024-10-16 04:22:17.171707,472.33
7848,2024-10-16 04:42:16.972213,473.8
7849,2024-10-16 05:02:17.191280,471.26
7850,2024-10-16 05:22:17.176028,469.46
7851,2024-10-16 05:42:17.157844,469.68
7852,2024-10-16 06:02:17.181989,470.97
7853,2024-10-16 06:22:17.173556,468.92
7854,2024-10-16 06:42:17.177309,467.5
7855,2024-10-16 07:02:17.164706,467.74
7856,2024-10-16 07:22:17.174430,465.01
7857,2024-10-16 07:42:17.179502,463.99
7858,2024-10-16 08:02:17.157440,464.26
7859,2024-10-16 08:22:17.174579,464.06
7860,2024-10-16 08:42:17.152736,463.76
7861,2024-10-16 09:02:17.173737,462.3
7862,2024-10-16 09:22:17.330779,461.64
7863,2024-10-16 09:42:17.163799,459.58
7864,2024-10-16 10:02:17.164651,458.74
7865,2024-10-16 10:22:16.639795,460.82
7866,2024-10-16 10:42:17.189185,456.55
7867,2024-10-16 11:02:17.158671,457.39
7868,2024-10-16 11:22:17.178818,455.63
7869,2024-10-16 11:42:17.164352,457.44
7870,2024-10-16 12:02:17.171714,456.8
7871,2024-10-16 12:22:17.162643,455.81
7872,2024-10-16 12:42:17.153903,457.61
7873,2024-10-16 13:02:17.149530,456.69
7874,2024-10-16 13:22:17.162780,456.78
7875,2024-10-16 13:42:17.160731,455.68
7876,2024-10-16 14:02:17.152379,452.32
7877,2024-10-16 14:22:17.178065,453.29
7878,2024-10-16 14:42:17.168711,452.7
7879,2024-10-16 15:02:17.157153,451.04
7880,2024-10-16 15:22:17.161147,450.64
7881,2024-10-16 15:42:17.167675,449.86
7882,2024-10-16 16:02:17.160913,446.89
7883,2024-10-16 16:22:17.183830,448.15
7884,2024-10-16 16:42:17.162110,447.83
7885,2024-10-16 17:02:17.190051,447.7
7886,2024-10-16 17:22:17.163995,445.28
7887,2024-10-16 17:42:17.142768,446.0
7888,2024-10-16 18:02:17.155534,445.76
7889,2024-10-16 18:22:17.172625,443.93
7890,2024-10-16 18:42:17.166001,445.84
7891,2024-10-16 19:02:17.149683,444.14
7892,2024-10-16 19:22:17.165935,446.85
7893,2024-10-16 19:42:17.160526,445.04
7894,2024-10-16 20:02:17.152747,444.49
7895,2024-10-16 20:22:17.182220,445.44
7896,2024-10-16 20:42:17.167688,446.26
7897,2024-10-16 21:02:17.156597,445.44
7898,2024-10-16 21:22:17.174714,446.46
7899,2024-10-16 21:42:17.165443,448.79
7900,2024-10-16 22:02:17.160685,448.06
7901,2024-10-16 22:22:17.180970,446.28
7902,2024-10-16 22:42:17.164301,448.56
7903,2024-10-16 23:02:17.157419,447.24
7904,2024-10-16 23:22:17.161625,447.66
7905,2024-10-16 23:42:17.166249,446.86
7906,2024-10-17 00:02:17.157219,450.68
7907,2024-10-17 00:22:17.162482,449.98
7908,2024-10-17 00:42:17.160929,449.37
7909,2024-10-17 02:42:17.175211,451.44
7910,2024-10-17 03:02:17.157417,450.8
7911,2024-10-17 03:22:17.160084,451.14
7912,2024-10-17 03:42:16.774912,449.32
7913,2024-10-17 04:02:17.144236,448.92
7914,2024-10-17 04:22:17.164740,449.1
7915,2024-10-17 04:42:17.156398,448.93
7916,2024-10-17 05:02:17.156889,448.94
7917,2024-10-17 05:22:17.173515,449.06
7918,2024-10-17 05:42:17.157418,449.14
7919,2024-10-17 06:02:17.152638,450.04
7920,2024-10-17 06:22:17.171051,450.76
7921,2024-10-17 06:42:17.166992,450.38
7922,2024-10-17 07:02:17.179510,451.2
7923,2024-10-17 07:22:17.154062,451.54
7924,2024-10-17 07:42:17.166220,450.52
7925,2024-10-17 08:02:17.148866,450.67
7926,2024-10-17 08:22:16.813012,451.1
7927,2024-10-17 08:42:17.162370,453.24
7928,2024-10-17 09:02:17.175144,451.72
7929,2024-10-17 09:22:17.160956,453.13
7930,2024-10-17 09:42:17.172145,451.36
7931,2024-10-17 10:02:17.167108,452.3
7932,2024-10-17 10:22:17.143951,451.3
7933,2024-10-17 10:42:17.184728,452.42
7934,2024-10-17 11:02:17.164217,453.63
7935,2024-10-17 11:22:17.173252,453.34
7936,2024-10-17 11:42:17.159957,452.45
7937,2024-10-17 12:02:17.168385,453.72
7938,2024-10-17 12:22:17.170726,452.42
7939,2024-10-17 12:42:17.159075,452.58
7940,2024-10-17 13:02:17.161523,451.18
7941,2024-10-17 13:22:17.161486,453.11
7942,2024-10-17 13:42:17.183593,452.66
7943,2024-10-17 14:02:17.153429,453.22
7944,2024-10-17 14:22:17.167973,453.16
7945,2024-10-17 14:42:17.170766,451.78
7946,2024-10-17 15:02:17.158654,449.57
7947,2024-10-17 15:42:17.161968,450.46
7948,2024-10-17 16:02:17.159536,449.78
7949,2024-10-17 16:22:17.160726,449.05
7950,2024-10-17 16:42:17.162936,446.9
7951,2024-10-17 17:02:17.164969,446.85
7952,2024-10-17 18:22:17.376413,446.69
7953,2024-10-17 18:42:17.165128,446.09
7954,2024-10-17 19:02:17.163362,445.94
7955,2024-10-17 19:22:17.161357,445.4
7956,2024-10-17 19:42:17.166099,447.25
7957,2024-10-17 20:02:17.164974,444.82
7958,2024-10-17 20:22:17.163781,444.98
7959,2024-10-17 20:42:17.163562,443.7
7960,2024-10-17 21:02:17.158042,446.78
7961,2024-10-17 21:22:17.169561,444.52
7962,2024-10-17 21:42:17.165758,444.43
7963,2024-10-17 22:02:17.163088,446.55
7964,2024-10-17 22:22:17.158403,446.18
7965,2024-10-17 22:42:17.175739,448.1
7966,2024-10-17 23:02:17.160231,446.7
7967,2024-10-17 23:22:17.162990,447.36
7968,2024-10-17 23:42:17.153022,447.15
7969,2024-10-18 00:02:17.161973,449.36
7970,2024-10-18 00:22:17.149247,449.32
7971,2024-10-18 00:42:17.153044,450.14
7972,2024-10-18 01:02:17.166791,449.93
7973,2024-10-18 01:22:17.167320,450.4
7974,2024-10-18 01:42:17.162576,451.22
7975,2024-10-18 02:02:17.165103,450.44
7976,2024-10-18 02:22:17.155525,452.1
7977,2024-10-18 02:42:17.169264,452.92
7978,2024-10-18 03:02:17.179472,453.65
7979,2024-10-18 03:22:17.179477,452.13
7980,2024-10-18 03:42:17.167781,452.02
7981,2024-10-18 04:02:17.160367,451.64
7982,2024-10-18 04:22:17.170165,451.58
7983,2024-10-18 04:42:17.187850,450.75
7984,2024-10-18 05:02:17.152326,451.23
7985,2024-10-18 05:22:17.155079,451.46
7986,2024-10-18 05:42:17.144926,450.7
7987,2024-10-18 06:02:17.168621,449.22
7988,2024-10-18 06:22:17.162192,447.75
7989,2024-10-18 06:42:17.168487,448.49
7990,2024-10-18 07:02:17.159883,448.8
7991,2024-10-18 07:22:17.153357,448.0
7992,2024-10-18 07:42:17.168717,448.48
7993,2024-10-18 08:02:17.168317,448.86
7994,2024-10-18 08:22:17.182155,450.01
7995,2024-10-18 08:42:17.144014,450.86
7996,2024-10-18 09:02:17.170294,450.1
7997,2024-10-18 09:22:17.160643,450.42
7998,2024-10-18 09:42:17.153889,451.18
7999,2024-10-18 10:02:17.188574,453.76
8000,2024-10-18 10:22:17.151211,451.53
8001,2024-10-18 10:42:17.150767,450.9
8002,2024-10-18 11:02:17.183403,454.82
8003,2024-10-18 11:22:17.163598,452.62
8004,2024-10-18 11:42:17.160425,454.03
8005,2024-10-18 12:02:17.158892,453.39
8006,2024-10-18 12:22:17.173890,453.24
8007,2024-10-18 12:42:17.162419,454.88
8008,2024-10-18 13:02:17.164276,453.94
8009,2024-10-18 13:22:17.159917,455.3
8010,2024-10-18 13:42:17.162318,454.1
8011,2024-10-18 14:02:17.160136,456.86
8012,2024-10-18 14:22:16.748106,456.48
8013,2024-10-18 14:42:17.146262,457.36
8014,2024-10-18 15:02:17.158650,456.16
8015,2024-10-18 15:22:17.171437,456.35
8016,2024-10-18 15:42:17.148945,456.5
8017,2024-10-18 16:02:17.157929,455.64
8018,2024-10-18 16:22:17.158848,454.56
8019,2024-10-18 16:42:16.938060,453.94
8020,2024-10-18 17:02:17.151858,455.46
8021,2024-10-18 17:22:17.153673,455.38
8022,2024-10-18 17:42:17.182562,455.9
8023,2024-10-18 18:02:17.171733,453.82
8024,2024-10-18 18:22:17.385382,454.37
8025,2024-10-18 18:42:17.161747,456.44
8026,2024-10-18 19:02:17.179644,454.04
8027,2024-10-18 19:22:17.164649,454.12
8028,2024-10-18 19:42:17.151187,454.5
8029,2024-10-18 20:02:17.162617,454.38
8030,2024-10-18 20:22:17.180146,452.37
8031,2024-10-18 20:42:17.174359,452.51
8032,2024-10-18 21:02:17.162942,454.24
8033,2024-10-18 21:22:17.162180,451.42
8034,2024-10-18 21:42:17.154043,454.16
8035,2024-10-18 22:02:17.166905,452.58
8036,2024-10-18 22:22:17.176902,454.63
8037,2024-10-18 22:42:17.164003,453.12
8038,2024-10-18 23:02:17.169923,451.98
8039,2024-10-18 23:22:17.171156,453.38
8040,2024-10-18 23:42:17.170176,453.95
8041,2024-10-19 00:02:17.165201,453.25
8042,2024-10-19 00:22:17.170000,453.92
8043,2024-10-19 00:42:17.183666,455.22
8044,2024-10-19 01:02:17.179831,455.46
8045,2024-10-19 01:22:17.170652,454.98
8046,2024-10-19 01:42:17.155341,453.35
8047,2024-10-19 02:02:17.163720,451.22
8048,2024-10-19 02:22:17.177456,447.86
8049,2024-10-19 02:42:17.171313,448.58
8050,2024-10-19 03:02:17.165763,446.94
8051,2024-10-19 23:42:17.160516,452.84
8052,2024-10-20 14:22:17.160115,428.95
8053,2024-10-20 14:42:17.174205,425.89
8054,2024-10-20 15:02:17.197115,423.48
8055,2024-10-20 15:22:17.171299,419.92
8056,2024-10-20 15:42:17.158369,417.24
8057,2024-10-20 16:02:17.162574,416.6
8058,2024-10-20 16:22:17.159385,417.71
8059,2024-10-20 16:42:17.158395,416.66
8060,2024-10-20 17:02:17.178253,415.52
8061,2024-10-20 17:22:17.170594,414.66
8062,2024-10-20 17:42:17.161551,412.43
8063,2024-10-20 18:02:17.160445,411.69
8064,2024-10-20 18:22:17.179458,411.42
8065,2024-10-20 18:42:17.163684,407.8
8066,2024-10-20 19:02:17.191658,405.04
8067,2024-10-20 19:22:16.689138,404.76
8068,2024-10-20 19:42:17.168271,399.66
8069,2024-10-20 20:02:17.360964,401.94
8070,2024-10-20 20:22:17.169159,400.34
8071,2024-10-20 20:42:17.176468,397.36
8072,2024-10-20 21:02:17.048444,395.94
8073,2024-10-20 21:22:17.163328,393.52
8074,2024-10-20 21:42:17.150414,395.39
8075,2024-10-20 22:02:17.176627,393.26
8076,2024-10-20 22:22:17.153811,393.9
8077,2024-10-20 22:42:17.163941,393.8
8078,2024-10-20 23:02:17.156066,395.49
8079,2024-10-20 23:22:17.173852,393.98
8080,2024-10-20 23:42:17.160516,391.36
8081,2024-10-21 00:02:17.156065,391.8
8082,2024-10-21 00:22:17.178926,394.36
8083,2024-10-21 00:42:17.171128,397.49
8084,2024-10-21 01:02:17.187395,400.76
8085,2024-10-21 01:22:17.164380,404.62
8086,2024-10-21 01:42:17.162670,407.88
8087,2024-10-21 02:02:17.158863,410.22
8088,2024-10-21 02:22:17.180854,413.48
8089,2024-10-21 02:42:17.169748,415.8
8090,2024-10-21 03:02:17.190792,416.92
8091,2024-10-21 03:22:17.160119,419.34
8092,2024-10-21 03:42:17.159568,421.64
8093,2024-10-21 04:02:17.163942,424.26
8094,2024-10-21 04:22:17.171594,426.17
8095,2024-10-21 04:42:17.171079,428.55
8096,2024-10-21 05:02:17.160840,427.0
8097,2024-10-21 05:22:17.158352,430.3
8098,2024-10-21 05:42:17.155847,432.56
8099,2024-10-21 06:02:17.159423,433.5
8100,2024-10-21 06:22:17.158922,433.48
8101,2024-10-21 06:42:17.162937,435.06
8102,2024-10-21 07:02:17.168170,434.84
8103,2024-10-21 07:22:17.152702,434.86
8104,2024-10-21 07:42:17.150607,438.31
8105,2024-10-21 08:02:17.062275,439.21
8106,2024-10-21 08:22:17.163554,439.42
8107,2024-10-21 08:42:17.170909,440.92
8108,2024-10-21 09:02:17.179581,441.54
8109,2024-10-21 09:22:17.161343,443.46
8110,2024-10-21 09:42:17.144539,442.27
8111,2024-10-21 10:02:17.154738,443.49
8112,2024-10-21 10:22:17.158118,443.74
8113,2024-10-21 10:42:17.172816,441.96
8114,2024-10-21 11:02:17.169694,444.29
8115,2024-10-21 11:22:17.154444,442.62
8116,2024-10-21 11:42:17.165317,445.01
8117,2024-10-21 12:02:17.157716,444.8
8118,2024-10-21 12:22:17.169387,442.84
8119,2024-10-21 12:42:17.163608,445.38
8120,2024-10-21 13:02:17.363600,443.81
8121,2024-10-21 13:22:17.161429,445.05
8122,2024-10-21 13:42:17.163754,441.08
8123,2024-10-21 14:02:17.174861,439.8
8124,2024-10-21 14:22:17.163150,440.06
8125,2024-10-21 14:42:17.161004,438.07
8126,2024-10-21 15:02:17.169622,436.82
8127,2024-10-21 15:22:17.151308,436.64
8128,2024-10-21 15:42:17.158485,439.18
8129,2024-10-21 16:02:17.158497,438.1
8130,2024-10-21 16:22:17.177146,435.38
8131,2024-10-21 16:42:17.154501,432.74
8132,2024-10-21 17:02:17.161139,431.38
8133,2024-10-21 17:22:17.167076,427.72
8134,2024-10-21 17:42:17.165319,425.7
8135,2024-10-21 18:02:17.166564,419.73
8136,2024-10-21 18:22:16.913510,417.52
8137,2024-10-21 18:42:17.189695,413.9
8138,2024-10-21 19:02:17.153159,410.58
8139,2024-10-21 19:22:17.159818,409.84
8140,2024-10-21 19:42:17.193696,405.98
8141,2024-10-21 20:02:17.176888,404.41
8142,2024-10-21 20:22:17.189272,405.21
8143,2024-10-21 20:42:17.160401,405.92
8144,2024-10-21 21:02:17.159987,408.12
8145,2024-10-21 21:22:17.167571,409.52
8146,2024-10-21 21:42:17.162426,413.11
8147,2024-10-21 22:02:17.164755,415.56
8148,2024-10-21 22:22:17.165231,417.0
8149,2024-10-21 22:42:17.172467,417.84
8150,2024-10-21 23:02:17.106526,419.32
8151,2024-10-21 23:22:17.172424,419.3
8152,2024-10-21 23:42:17.151317,425.69
8153,2024-10-22 00:02:17.170505,427.65
8154,2024-10-22 00:22:17.163339,427.22
8155,2024-10-22 00:42:17.177441,431.46
8156,2024-10-22 01:02:17.158583,433.39
8157,2024-10-22 01:22:17.195539,433.22
8158,2024-10-22 01:42:17.147317,434.75
8159,2024-10-22 02:02:17.154534,437.76
8160,2024-10-22 02:22:17.453271,441.36
8161,2024-10-22 02:42:17.159986,439.24
8162,2024-10-22 03:02:17.179948,443.07
8163,2024-10-22 03:22:17.171398,442.25
8164,2024-10-22 03:42:17.162642,444.84
8165,2024-10-22 04:02:17.190578,445.66
8166,2024-10-22 04:22:17.157609,444.98
8167,2024-10-22 04:42:17.154090,447.17
8168,2024-10-22 05:02:17.175171,447.59
8169,2024-10-22 05:22:17.186837,448.44
8170,2024-10-22 05:42:17.154883,452.36
8171,2024-10-22 06:02:17.160836,450.06
8172,2024-10-22 06:22:17.164584,451.55
8173,2024-10-22 06:42:17.163636,451.52
8174,2024-10-22 07:02:17.160823,452.14
8175,2024-10-22 07:22:17.168943,452.24
8176,2024-10-22 07:42:17.168536,452.4
8177,2024-10-22 08:02:17.161173,453.02
8178,2024-10-22 08:22:17.162926,454.54
8179,2024-10-22 08:42:17.160650,454.17
8180,2024-10-22 09:02:17.160665,454.88
8181,2024-10-22 09:22:17.156325,455.3
8182,2024-10-22 09:42:17.168355,456.14
8183,2024-10-22 10:02:17.191045,456.82
8184,2024-10-22 10:22:17.165507,455.86
8185,2024-10-22 10:42:17.160296,457.64
8186,2024-10-22 11:02:17.175122,456.74
8187,2024-10-22 11:22:17.164001,455.88
8188,2024-10-22 11:42:17.167195,459.88
8189,2024-10-22 12:02:17.160461,458.95
8190,2024-10-22 12:22:17.152270,459.5
8191,2024-10-22 12:42:17.170213,457.28
8192,2024-10-22 13:02:17.168773,457.86
8193,2024-10-22 13:22:17.155098,458.41
8194,2024-10-22 13:42:17.170566,458.12
8195,2024-10-22 14:02:17.165384,459.12
8196,2024-10-22 14:22:17.161470,456.06
8197,2024-10-22 14:42:17.176555,455.5
8198,2024-10-22 15:02:17.162795,452.03
8199,2024-10-22 15:22:17.162438,449.53
8200,2024-10-22 15:42:17.157620,448.84
8201,2024-10-22 16:02:17.173282,447.06
8202,2024-10-22 16:22:17.175285,447.76
8203,2024-10-22 16:42:17.177897,447.11
8204,2024-10-22 17:02:17.163844,446.62
8205,2024-10-22 17:22:17.179129,447.04
8206,2024-10-22 17:42:17.171072,446.66
8207,2024-10-22 18:02:17.415878,445.98
8208,2024-10-22 18:22:17.143378,446.26
8209,2024-10-22 18:42:17.177556,446.22
8210,2024-10-22 19:02:17.161813,444.25
8211,2024-10-22 19:22:17.161431,443.76
8212,2024-10-22 19:42:17.158920,445.4
8213,2024-10-22 20:02:17.157560,443.68
8214,2024-10-22 20:22:17.167778,444.78
8215,2024-10-22 20:42:17.164294,444.33
8216,2024-10-22 21:02:17.186811,445.66
8217,2024-10-22 21:22:17.176677,447.08
8218,2024-10-22 21:42:17.158381,444.86
8219,2024-10-22 22:02:16.757564,444.66
8220,2024-10-22 22:22:17.178442,445.2
8221,2024-10-22 22:42:17.158821,445.18
8222,2024-10-22 23:02:17.170788,445.88
8223,2024-10-22 23:22:17.163057,444.62
8224,2024-10-22 23:42:17.170823,443.64
8225,2024-10-23 00:02:17.177234,447.46
8226,2024-10-23 00:22:17.170612,445.93
8227,2024-10-23 00:42:17.155765,445.38
8228,2024-10-23 01:02:17.164999,446.84
8229,2024-10-23 01:22:17.173843,448.22
8230,2024-10-23 01:42:17.152845,446.52
8231,2024-10-23 02:02:17.163543,451.22
8232,2024-10-23 02:22:17.149113,450.88
8233,2024-10-23 02:42:17.030674,449.4
8234,2024-10-23 03:02:17.160935,450.9
8235,2024-10-23 03:22:17.164110,451.52
8236,2024-10-23 03:42:17.166060,452.89
8237,2024-10-23 04:02:17.162565,452.64
8238,2024-10-23 04:22:17.152638,454.82
8239,2024-10-23 04:42:17.156379,456.04
8240,2024-10-23 05:02:17.158622,456.13
8241,2024-10-23 05:22:17.150966,454.52
8242,2024-10-23 05:42:17.162281,452.34
8243,2024-10-23 19:42:17.164354,392.31
8244,2024-10-23 20:02:17.160012,395.96
8245,2024-10-23 20:22:17.164071,397.0
8246,2024-10-23 20:42:17.163208,401.08
8247,2024-10-23 21:02:17.151794,402.53
8248,2024-10-23 21:22:17.172608,404.09
8249,2024-10-23 21:42:17.165671,404.76
8250,2024-10-23 22:02:17.165486,404.24
8251,2024-10-23 22:22:17.162646,404.32
8252,2024-10-23 22:42:17.159480,399.96
8253,2024-10-23 23:02:17.161317,398.23
8254,2024-10-23 23:22:17.153695,395.68
8255,2024-10-23 23:42:17.159470,395.3
8256,2024-10-24 00:02:17.162838,394.96
8257,2024-10-24 00:22:17.165513,395.65
8258,2024-10-24 00:42:17.173231,399.36
8259,2024-10-24 01:02:17.165787,398.6
8260,2024-10-24 01:22:17.172823,398.6
8261,2024-10-24 01:42:16.717950,397.64
8262,2024-10-24 02:02:17.181597,396.2
8263,2024-10-24 02:22:17.175400,397.11
8264,2024-10-24 02:42:17.160093,392.62
8265,2024-10-24 03:02:17.158614,389.7
8266,2024-10-24 03:22:17.155670,389.24
8267,2024-10-24 03:42:17.156513,388.04
8268,2024-10-24 04:02:17.164708,390.4
8269,2024-10-24 04:22:17.155318,392.45
8270,2024-10-24 04:42:17.182146,390.58
8271,2024-10-24 05:02:17.159251,387.94
8272,2024-10-24 05:22:17.164883,389.42
8273,2024-10-24 05:42:17.187405,386.22
8274,2024-10-24 06:02:17.160123,387.27
8275,2024-10-24 06:22:17.072077,391.16
8276,2024-10-24 06:42:17.177319,392.6
8277,2024-10-24 07:02:17.161838,391.14
8278,2024-10-24 07:22:17.183557,388.89
8279,2024-10-24 07:42:17.171409,389.17
8280,2024-10-24 08:02:17.169615,389.44
8281,2024-10-24 08:22:17.156455,391.42
8282,2024-10-24 08:42:17.176382,395.86
8283,2024-10-24 09:02:17.147517,399.83
8284,2024-10-24 09:22:17.443719,404.46
8285,2024-10-24 09:42:17.163181,407.74
8286,2024-10-24 10:02:17.165457,410.7
8287,2024-10-24 10:22:17.161630,414.02
8288,2024-10-24 10:42:17.159527,418.05
8289,2024-10-24 11:02:17.173280,420.37
8290,2024-10-24 11:22:17.163688,421.77
8291,2024-10-24 11:42:17.190841,423.16
8292,2024-10-24 12:02:17.163677,423.46
8293,2024-10-24 12:22:17.152816,426.68
8294,2024-10-24 12:42:17.145824,429.24
8295,2024-10-24 13:02:17.157377,431.4
8296,2024-10-24 13:22:17.161284,428.96
8297,2024-10-24 13:42:17.173764,428.08
8298,2024-10-24 14:02:17.173465,426.46
8299,2024-10-24 14:22:17.164255,426.25
8300,2024-10-24 14:42:17.166588,422.49
8301,2024-10-24 15:02:17.190336,419.52
8302,2024-10-24 15:22:17.177174,416.16
8303,2024-10-24 15:42:17.162204,414.34
8304,2024-10-24 16:02:17.155487,413.83
8305,2024-10-24 16:22:17.175070,414.07
8306,2024-10-24 16:42:17.172400,416.74
8307,2024-10-24 17:02:17.156885,418.68
8308,2024-10-24 17:22:17.166248,417.76
8309,2024-10-24 17:42:17.159363,415.57
8310,2024-10-24 18:02:17.158689,418.5
8311,2024-10-24 18:22:17.153309,414.15
8312,2024-10-24 18:42:17.168722,408.6
8313,2024-10-24 19:02:16.966111,404.04
8314,2024-10-24 19:22:17.161122,398.88
8315,2024-10-24 19:42:17.161871,397.01
8316,2024-10-24 20:02:17.179607,396.64
8317,2024-10-24 20:22:17.162393,397.0
8318,2024-10-24 20:42:17.158710,397.98
8319,2024-10-24 21:02:17.151958,397.36
8320,2024-10-24 21:22:17.204567,397.53
8321,2024-10-24 21:42:17.170245,398.52
8322,2024-10-24 22:02:17.170822,398.22
8323,2024-10-24 22:22:17.162338,399.38
8324,2024-10-24 22:42:17.168705,399.6
8325,2024-10-24 23:02:17.186520,401.81
8326,2024-10-24 23:22:17.165669,403.48
8327,2024-10-24 23:42:17.274517,407.28
8328,2024-10-25 00:02:17.403931,410.14
8329,2024-10-25 00:22:17.151138,411.72
8330,2024-10-25 00:42:17.162078,413.28
8331,2024-10-25 01:02:17.162565,412.64
8332,2024-10-25 01:22:17.159600,413.84
8333,2024-10-25 01:42:17.183285,410.64
8334,2024-10-25 02:02:17.175626,410.4
8335,2024-10-25 02:22:17.159672,411.91
8336,2024-10-25 02:42:17.162411,409.67
8337,2024-10-25 03:02:17.162347,406.45
8338,2024-10-25 03:22:17.163582,402.94
8339,2024-10-25 03:42:17.169663,400.16
8340,2024-10-25 04:02:17.161669,397.87
8341,2024-10-25 04:22:17.172594,393.94
8342,2024-10-25 04:42:17.173966,392.03
8343,2024-10-25 05:02:17.156590,388.7
8344,2024-10-25 05:22:17.161175,383.86
8345,2024-10-25 05:42:17.161726,382.52
8346,2024-10-25 06:02:17.161917,380.48
8347,2024-10-25 06:22:17.160828,384.13
8348,2024-10-25 06:42:17.160321,384.22
8349,2024-10-25 07:02:17.161505,382.38
8350,2024-10-25 07:22:17.158284,378.26
8351,2024-10-25 07:42:17.157179,374.63
8352,2024-10-25 08:02:17.163925,373.67
8353,2024-10-25 08:22:17.169351,372.25
8354,2024-10-25 08:42:17.162172,371.82
8355,2024-10-25 23:42:17.168006,363.62
8356,2024-10-26 15:42:17.176557,325.45
8357,2024-10-26 16:02:17.163454,325.54
8358,2024-10-26 16:22:17.175086,324.2
8359,2024-10-26 16:42:17.166165,323.56
8360,2024-10-26 17:02:17.169983,322.79
8361,2024-10-26 17:22:17.168984,324.54
8362,2024-10-26 17:42:17.144011,324.77
8363,2024-10-26 18:02:17.188045,325.98
8364,2024-10-26 18:22:16.828123,327.52
8365,2024-10-26 18:42:17.152059,328.21
8366,2024-10-26 19:02:17.169189,330.34
8367,2024-10-26 19:22:17.188633,331.04
8368,2024-10-26 19:42:17.177595,331.82
8369,2024-10-26 20:02:17.162337,332.32
8370,2024-10-26 20:22:17.165522,332.56
8371,2024-10-26 20:42:17.175851,334.7
8372,2024-10-26 21:02:17.180328,334.74
8373,2024-10-26 21:22:17.156882,338.94
8374,2024-10-26 21:42:17.162839,336.5
8375,2024-10-26 22:02:17.153244,336.94
8376,2024-10-26 22:22:17.170936,338.35
8377,2024-10-26 22:42:17.153119,337.9
8378,2024-10-26 23:02:17.002955,334.99
8379,2024-10-26 23:22:17.187350,334.32
8380,2024-10-26 23:42:17.164283,333.84
8381,2024-10-27 00:02:17.583343,338.8
8382,2024-10-27 00:22:17.196338,343.52
8383,2024-10-27 00:42:17.167235,347.49
8384,2024-10-27 01:02:17.166564,352.76
8385,2024-10-27 01:22:17.174032,354.92
8386,2024-10-27 01:42:17.165869,359.09
8387,2024-10-27 02:02:17.166707,361.19
8388,2024-10-27 02:22:17.159117,364.12
8389,2024-10-27 02:42:17.169533,367.98
8390,2024-10-27 03:02:17.144273,366.56
8391,2024-10-27 03:22:17.167236,366.98
8392,2024-10-27 03:42:17.081704,364.18
8393,2024-10-27 04:02:17.180239,363.21
8394,2024-10-27 04:22:17.161887,363.18
8395,2024-10-27 04:42:17.181015,363.0
8396,2024-10-27 05:02:17.161474,363.2
8397,2024-10-27 05:22:17.177166,365.15
8398,2024-10-27 05:42:17.159075,367.98
8399,2024-10-27 06:02:17.160736,369.41
8400,2024-10-27 06:22:17.164433,371.16
8401,2024-10-27 06:42:17.168294,369.76
8402,2024-10-27 07:02:17.166014,368.06
8403,2024-10-27 07:22:17.167476,365.6
8404,2024-10-27 07:42:17.170813,364.19
8405,2024-10-27 08:02:17.168396,358.68
8406,2024-10-27 08:22:17.063336,356.74
8407,2024-10-27 08:42:17.162531,356.98
8408,2024-10-27 09:02:17.178271,358.34
8409,2024-10-27 09:22:17.165792,363.6
8410,2024-10-27 09:42:17.167231,365.66
8411,2024-10-27 10:02:17.166672,367.28
8412,2024-10-27 10:22:17.166607,373.06
8413,2024-10-27 10:42:17.167016,376.12
8414,2024-10-27 11:02:17.165830,373.84
8415,2024-10-27 11:22:17.171527,369.3
8416,2024-10-27 11:42:17.178564,363.7
8417,2024-10-27 12:02:17.171259,355.28
8418,2024-10-27 12:22:17.174763,347.84
8419,2024-10-27 12:42:17.164080,341.19
8420,2024-10-27 13:02:17.066462,341.25
8421,2024-10-27 13:22:17.161413,339.11
8422,2024-10-27 13:42:17.370350,339.08
8423,2024-10-27 14:02:17.165671,341.48
8424,2024-10-27 14:22:17.163717,341.48
8425,2024-10-27 14:42:17.160894,343.26
8426,2024-10-27 15:02:17.173145,343.94
8427,2024-10-27 15:22:17.193891,344.12
8428,2024-10-27 15:42:17.170540,345.54
8429,2024-10-27 16:02:17.176212,344.02
8430,2024-10-27 16:22:17.162540,346.7
8431,2024-10-27 16:42:17.170387,347.67
8432,2024-10-27 17:02:17.165169,346.88
8433,2024-10-27 17:22:17.172560,345.34
8434,2024-10-27 17:42:17.144615,345.36
8435,2024-10-27 18:02:17.171242,344.18
8436,2024-10-27 18:22:17.159093,341.92
8437,2024-10-27 18:42:17.198473,341.25
8438,2024-10-27 19:02:17.150586,340.84
8439,2024-10-27 19:22:17.188189,341.48
8440,2024-10-27 19:42:17.158326,340.58
8441,2024-10-27 20:02:17.173872,342.91
8442,2024-10-27 20:22:17.169583,344.54
8443,2024-10-27 20:42:17.185857,342.63
8444,2024-10-27 21:02:17.165095,339.76
8445,2024-10-27 21:22:17.176831,337.64
8446,2024-10-27 21:42:17.177698,337.0
8447,2024-10-27 22:02:17.173664,333.79
8448,2024-10-27 22:22:17.165976,333.04
8449,2024-10-27 22:42:17.176306,334.04
8450,2024-10-27 23:02:17.172710,336.56
8451,2024-10-27 23:22:17.171922,340.66
8452,2024-10-27 23:42:17.175954,342.3
8453,2024-10-28 00:02:17.164224,344.37
8454,2024-10-28 00:22:17.167056,346.17
8455,2024-10-28 00:42:17.157402,349.04
8456,2024-10-28 01:02:17.166466,353.54
8457,2024-10-28 01:22:17.167163,356.38
8458,2024-10-28 01:42:17.167079,358.35
8459,2024-10-28 02:02:17.174868,360.1
8460,2024-10-28 02:22:17.152394,362.26
8461,2024-10-28 23:42:17.173660,349.8
8462,2024-10-29 14:22:17.162313,398.14
8463,2024-10-29 14:42:17.167348,396.66
8464,2024-10-29 15:02:17.169937,395.98
8465,2024-10-29 15:22:17.163956,395.67
8466,2024-10-29 15:42:16.726039,398.94
8467,2024-10-29 16:02:17.168715,396.22
8468,2024-10-29 16:22:17.174386,398.22
8469,2024-10-29 16:42:17.170877,398.82
8470,2024-10-29 17:02:17.165777,397.59
8471,2024-10-29 17:22:17.175054,400.13
8472,2024-10-29 17:42:17.175614,401.62
8473,2024-10-29 18:02:17.158128,403.38
8474,2024-10-29 18:22:17.169342,403.08
8475,2024-10-29 18:42:17.171528,402.88
8476,2024-10-29 19:02:17.171605,403.37
8477,2024-10-29 19:22:17.163574,405.28
8478,2024-10-29 19:42:17.176545,406.94
8479,2024-10-29 20:02:17.167573,407.98
8480,2024-10-29 20:22:16.966528,411.78
8481,2024-10-29 20:42:17.154782,416.91
8482,2024-10-29 21:02:17.166598,417.79
8483,2024-10-29 21:22:17.181115,420.5
8484,2024-10-29 21:42:17.180285,421.2
8485,2024-10-29 22:02:17.169155,422.48
8486,2024-10-29 22:22:17.160382,425.69
8487,2024-10-29 22:42:17.161446,427.88
8488,2024-10-29 23:02:17.155961,428.67
8489,2024-10-29 23:22:17.151819,428.46
8490,2024-10-29 23:42:17.162978,432.38
8491,2024-10-30 00:02:17.165309,432.6
8492,2024-10-30 01:22:17.166504,436.26
8493,2024-10-30 01:42:17.162912,437.06
8494,2024-10-30 02:02:17.163338,436.55
8495,2024-10-30 02:22:17.161695,438.53
8496,2024-10-30 02:42:17.156494,439.02
8497,2024-10-30 03:02:17.166036,439.94
8498,2024-10-30 03:22:17.167387,442.88
8499,2024-10-30 03:42:17.160088,445.22
8500,2024-10-30 04:02:17.161644,448.97
8501,2024-10-30 04:22:17.155851,450.49
8502,2024-10-30 04:42:17.176176,451.54
8503,2024-10-30 05:02:17.166606,454.44
8504,2024-10-30 05:42:17.182799,455.54
8505,2024-10-30 06:02:17.188923,456.99
8506,2024-10-30 06:22:17.328181,457.58
8507,2024-10-30 06:42:17.161664,458.47
8508,2024-10-30 07:02:17.164170,459.62
8509,2024-10-30 07:22:17.190230,458.4
8510,2024-10-30 07:42:17.167498,463.21
8511,2024-10-30 08:02:17.190938,465.29
8512,2024-10-30 08:22:17.155979,464.85
8513,2024-10-30 08:42:17.159394,466.16
8514,2024-10-30 09:02:17.162563,467.2
8515,2024-10-30 09:22:17.167304,466.4
8516,2024-10-30 09:42:17.165222,467.19
8517,2024-10-30 10:02:17.163380,465.76
8518,2024-10-30 10:22:17.165346,466.87
8519,2024-10-30 10:42:17.170006,467.36
8520,2024-10-30 11:02:17.163270,469.92
8521,2024-10-30 11:22:17.161925,472.98
8522,2024-10-30 11:42:17.166037,473.75
8523,2024-10-30 12:02:17.166797,478.05
8524,2024-10-30 12:22:17.176313,481.21
8525,2024-10-30 12:42:17.164179,483.46
8526,2024-10-30 13:02:17.157822,484.98
8527,2024-10-30 13:22:17.157889,487.56
8528,2024-10-30 13:42:17.169749,486.32
8529,2024-10-30 14:02:17.172586,486.43
8530,2024-10-30 14:22:17.165572,487.64
8531,2024-10-30 14:42:17.081747,485.74
8532,2024-10-30 15:02:17.173099,487.46
8533,2024-10-30 15:22:17.171256,484.45
8534,2024-10-30 15:42:17.168557,485.06
8535,2024-10-30 16:02:17.160281,481.28
8536,2024-10-30 16:22:17.150100,480.06
8537,2024-10-30 16:42:17.167195,477.36
8538,2024-10-30 17:02:17.181274,471.15
8539,2024-10-30 17:22:17.173077,472.85
8540,2024-10-30 17:42:17.166448,472.89
8541,2024-10-30 18:02:17.158345,469.34
8542,2024-10-30 18:22:17.163416,470.52
8543,2024-10-30 18:42:17.167465,469.6
8544,2024-10-30 19:02:17.162183,471.8
8545,2024-10-30 19:22:17.174487,471.2
8546,2024-10-30 19:42:17.159893,470.2
8547,2024-10-30 20:02:17.175551,471.76
8548,2024-10-30 20:22:17.189105,473.34
8549,2024-10-30 20:42:17.160008,473.96
8550,2024-10-30 21:02:17.150479,473.68
8551,2024-10-30 21:22:17.168507,476.52
8552,2024-10-30 21:42:17.162903,476.16
8553,2024-10-30 22:02:17.168367,479.52
8554,2024-10-30 22:22:17.155951,478.2
8555,2024-10-30 22:42:17.169789,478.89
8556,2024-10-30 23:02:17.179206,477.81
8557,2024-10-30 23:22:17.161666,478.26
8558,2024-10-30 23:42:17.158116,478.02
8559,2024-10-31 00:02:17.164474,477.96
8560,2024-10-31 00:22:17.174481,478.4
8561,2024-10-31 00:42:17.172152,479.49
8562,2024-10-31 01:02:17.164680,481.04
8563,2024-10-31 01:22:17.169234,482.92
8564,2024-10-31 01:42:17.162561,481.12
8565,2024-10-31 02:02:17.157885,484.24
8566,2024-10-31 23:42:17.166355,514.64
8567,2024-11-01 15:22:17.165150,526.72
8568,2024-11-01 15:42:17.165491,524.4
8569,2024-11-01 16:02:17.163730,523.62
8570,2024-11-01 16:22:17.168119,525.98
8571,2024-11-01 16:42:17.160247,525.9
8572,2024-11-01 17:02:17.158577,525.82
8573,2024-11-01 17:22:16.882167,527.38
8574,2024-11-01 17:42:17.162053,525.95
8575,2024-11-01 18:02:17.167003,526.45
8576,2024-11-01 18:42:17.165796,525.2
8577,2024-11-01 19:02:17.177863,526.18
8578,2024-11-01 19:22:17.158708,525.07
8579,2024-11-01 19:42:17.158277,524.89
8580,2024-11-01 20:02:17.159656,524.76
8581,2024-11-01 20:22:17.164184,524.14
8582,2024-11-01 20:42:17.180471,524.5
8583,2024-11-01 21:02:17.173518,524.57
8584,2024-11-01 21:22:17.165434,525.28
8585,2024-11-01 21:42:17.166694,525.9
8586,2024-11-01 22:02:16.998793,528.34
8587,2024-11-01 22:22:17.164167,527.28
8588,2024-11-01 22:42:17.160684,528.76
8589,2024-11-01 23:02:17.166158,527.48
8590,2024-11-01 23:22:17.158321,526.05
8591,2024-11-01 23:42:17.168002,527.46
8592,2024-11-02 00:02:17.162609,525.68
8593,2024-11-02 00:22:17.156052,524.42
8594,2024-11-02 00:42:17.168353,525.19
8595,2024-11-02 01:02:17.177134,524.32
8596,2024-11-02 01:22:17.158145,528.13
8597,2024-11-02 01:42:17.163535,527.52
8598,2024-11-02 02:22:17.157841,525.58
8599,2024-11-02 02:42:16.823763,525.78
8600,2024-11-02 03:02:17.166090,526.42
8601,2024-11-02 03:22:17.158457,526.28
8602,2024-11-02 03:42:17.172530,526.02
8603,2024-11-02 04:02:17.170627,526.88
8604,2024-11-02 04:22:17.168746,526.94
8605,2024-11-02 04:42:17.160809,526.1
8606,2024-11-02 05:02:17.159437,525.54
8607,2024-11-02 05:22:17.169262,526.3
8608,2024-11-02 05:42:17.161412,524.64
8609,2024-11-02 06:02:17.194882,526.02
8610,2024-11-02 06:22:17.168013,524.13
8611,2024-11-02 06:42:17.162402,526.75
8612,2024-11-02 07:02:17.173534,525.38
8613,2024-11-02 07:22:16.722773,526.86
8614,2024-11-02 07:42:17.175268,526.84
8615,2024-11-02 08:02:17.173586,523.26
8616,2024-11-02 08:22:17.183557,526.16
8617,2024-11-02 08:42:17.167698,524.73
8618,2024-11-02 09:02:17.159900,524.64
8619,2024-11-02 09:22:17.170895,525.86
8620,2024-11-02 09:42:17.158168,526.0
8621,2024-11-02 10:02:17.167921,524.94
8622,2024-11-02 10:22:17.161271,522.68
8623,2024-11-02 10:42:17.161827,521.42
8624,2024-11-02 11:02:17.151931,524.46
8625,2024-11-02 11:22:17.154955,525.96
8626,2024-11-02 11:42:17.177532,523.22
8627,2024-11-02 12:02:17.066834,525.35
8628,2024-11-02 12:22:17.156339,523.58
8629,2024-11-02 12:42:17.155785,524.94
8630,2024-11-02 13:02:17.162971,524.38
8631,2024-11-02 13:22:17.164458,526.76
8632,2024-11-02 13:42:17.168745,527.1
8633,2024-11-02 14:02:17.163446,527.23
8634,2024-11-02 14:22:17.153309,526.14
8635,2024-11-02 14:42:17.170715,527.98
8636,2024-11-02 15:02:17.176746,527.26
8637,2024-11-02 15:22:17.164732,529.82
8638,2024-11-02 15:42:17.189833,528.64
8639,2024-11-02 16:02:17.154674,528.79
8640,2024-11-02 16:22:17.169495,528.9
8641,2024-11-02 16:42:17.169471,529.08
8642,2024-11-02 17:02:17.173596,531.09
8643,2024-11-02 17:22:17.165863,531.5
8644,2024-11-02 17:42:17.163122,530.74
8645,2024-11-02 18:02:17.174522,529.82
8646,2024-11-02 18:22:17.160434,528.7
8647,2024-11-02 18:42:17.162249,528.94
8648,2024-11-02 19:02:17.184505,529.09
8649,2024-11-02 19:22:17.174029,528.83
8650,2024-11-02 19:42:17.167609,528.27
8651,2024-11-02 20:02:17.163146,528.36
8652,2024-11-02 20:22:17.174574,530.38
8653,2024-11-02 20:42:17.168319,530.16
8654,2024-11-02 21:02:17.187655,529.42
8655,2024-11-02 21:22:17.161959,529.92
8656,2024-11-02 21:42:17.169367,529.76
8657,2024-11-02 22:02:17.180890,531.46
8658,2024-11-02 22:22:17.180117,531.22
8659,2024-11-02 22:42:17.169020,529.7
8660,2024-11-02 23:02:17.169997,531.6
8661,2024-11-02 23:22:17.158093,531.3
8662,2024-11-02 23:42:17.158798,531.24
8663,2024-11-03 00:02:17.155815,531.62
8664,2024-11-03 05:02:17.165611,530.32
8665,2024-11-03 23:42:17.156900,531.92
8666,2024-11-04 16:02:17.165160,521.64
8667,2024-11-04 16:22:17.185360,523.68
8668,2024-11-04 16:42:17.162992,524.02
8669,2024-11-04 17:02:17.168412,522.58
8670,2024-11-04 17:22:17.174167,524.2
8671,2024-11-04 17:42:17.293483,523.84
8672,2024-11-04 18:02:17.172601,523.82
8673,2024-11-04 18:22:17.158614,523.27
8674,2024-11-04 18:42:17.177601,523.88
8675,2024-11-04 19:02:17.185462,523.66
8676,2024-11-04 19:22:17.170291,522.44
8677,2024-11-04 19:42:17.176072,521.83
8678,2024-11-04 20:02:17.163026,521.55
8679,2024-11-04 20:22:17.185458,522.72
8680,2024-11-04 20:42:17.154733,525.0
8681,2024-11-04 21:02:17.180568,524.46
8682,2024-11-04 21:22:16.773263,523.8
8683,2024-11-04 21:42:17.186293,525.42
8684,2024-11-04 22:02:17.176809,523.96
8685,2024-11-04 22:22:17.158554,526.38
8686,2024-11-04 22:42:17.160379,527.94
8687,2024-11-04 23:02:17.165597,526.54
8688,2024-11-04 23:22:17.161595,525.12
8689,2024-11-04 23:42:16.938122,523.96
8690,2024-11-05 00:02:17.181934,526.78
8691,2024-11-05 00:22:17.170773,525.82
8692,2024-11-05 00:42:17.180484,526.8
8693,2024-11-05 01:02:17.165014,529.64
8694,2024-11-05 01:22:17.177128,526.87
8695,2024-11-05 01:42:17.179565,525.88
8696,2024-11-05 02:02:17.173458,526.98
8697,2024-11-05 02:22:17.183947,528.26
8698,2024-11-05 02:42:17.183828,527.16
8699,2024-11-05 03:02:17.175836,526.19
8700,2024-11-05 03:22:17.173973,527.13
8701,2024-11-05 03:42:17.173343,525.68
8702,2024-11-05 04:02:17.155147,524.48
8703,2024-11-05 04:22:17.167465,527.0
8704,2024-11-05 04:42:17.170283,523.52
8705,2024-11-05 05:02:17.169713,526.04
8706,2024-11-05 05:22:17.164038,523.68
8707,2024-11-05 05:42:17.162970,524.18
8708,2024-11-05 06:02:17.171075,523.04
8709,2024-11-05 06:22:17.168895,523.77
8710,2024-11-05 06:42:17.160371,523.33
8711,2024-11-05 07:02:17.157569,522.88
8712,2024-11-05 07:22:17.164573,522.5
8713,2024-11-05 07:42:17.157603,521.48
8714,2024-11-05 08:02:17.165360,522.18
8715,2024-11-05 08:22:17.162224,523.05
8716,2024-11-05 08:42:17.170619,521.06
8717,2024-11-05 09:02:17.167584,521.62
8718,2024-11-05 10:02:17.165699,521.2
8719,2024-11-05 10:22:17.159920,519.22
8720,2024-11-05 10:42:17.160598,518.32
8721,2024-11-05 11:02:17.184617,516.32
8722,2024-11-05 11:22:17.265234,515.42
8723,2024-11-05 11:42:17.165518,515.3
8724,2024-11-05 12:02:17.170395,512.57
8725,2024-11-05 12:22:17.159571,512.53
8726,2024-11-05 12:42:17.181648,510.52
8727,2024-11-05 13:02:17.152774,507.64
8728,2024-11-05 13:22:17.164153,508.16
8729,2024-11-05 13:42:17.164627,508.97
8730,2024-11-05 14:02:17.173457,509.32
8731,2024-11-05 14:22:17.154513,508.9
8732,2024-11-05 14:42:17.181551,509.74
8733,2024-11-05 15:02:17.168433,509.54
8734,2024-11-05 15:22:17.161952,511.28
8735,2024-11-05 15:42:17.152630,511.45
8736,2024-11-05 16:02:17.031428,509.33
8737,2024-11-05 16:22:17.182706,507.86
8738,2024-11-05 16:42:17.175506,506.82
8739,2024-11-05 17:02:17.174107,504.76
8740,2024-11-05 17:22:17.174676,504.12
8741,2024-11-05 17:42:17.169442,501.83
8742,2024-11-05 18:02:16.992675,503.38
8743,2024-11-05 18:22:17.155693,499.7
8744,2024-11-05 18:42:17.158254,498.11
8745,2024-11-05 19:02:17.164362,498.45
8746,2024-11-05 19:22:17.187848,496.8
8747,2024-11-05 19:42:17.143610,494.56
8748,2024-11-05 20:02:17.153981,493.52
8749,2024-11-05 20:22:17.153336,492.36
8750,2024-11-05 20:42:17.184197,489.29
8751,2024-11-05 21:02:17.177674,488.05
8752,2024-11-05 21:22:17.172020,488.84
8753,2024-11-05 21:42:17.178921,486.96
8754,2024-11-05 22:02:17.166866,485.04
8755,2024-11-05 22:22:17.160292,485.26
8756,2024-11-05 22:42:17.192600,484.77
8757,2024-11-05 23:02:17.166222,483.37
8758,2024-11-05 23:22:17.163751,481.76
8759,2024-11-05 23:42:17.160407,480.18
8760,2024-11-06 00:02:17.177499,480.61
8761,2024-11-06 00:22:17.160027,478.08
8762,2024-11-06 00:42:17.227218,477.77
8763,2024-11-06 01:02:17.171633,476.34
8764,2024-11-06 01:22:17.180241,477.96
8765,2024-11-06 01:42:17.184419,477.52
8766,2024-11-06 02:02:17.152454,475.83
8767,2024-11-06 02:22:17.171615,477.15
8768,2024-11-06 02:42:17.157942,475.62
8769,2024-11-06 03:02:17.165847,475.48
8770,2024-11-06 03:22:17.157532,476.4
8771,2024-11-06 03:42:17.172700,476.07
8772,2024-11-06 04:02:17.162265,474.13
8773,2024-11-06 04:22:16.852797,473.81
8774,2024-11-06 04:42:17.159424,472.62
8775,2024-11-06 05:02:17.164189,472.72
8776,2024-11-06 05:22:17.163469,473.55
8777,2024-11-06 05:42:17.156784,472.68
8778,2024-11-06 06:02:17.181207,474.9
8779,2024-11-06 06:22:17.163259,473.48
8780,2024-11-06 06:42:17.168779,474.9
8781,2024-11-06 07:02:17.181039,474.66
8782,2024-11-06 07:22:17.167282,473.19
8783,2024-11-06 07:42:17.174523,472.24
8784,2024-11-06 08:02:17.165050,474.7
8785,2024-11-06 08:22:17.166520,475.7
8786,2024-11-06 08:42:17.152746,475.12
8787,2024-11-06 09:02:17.181920,473.6
8788,2024-11-06 09:22:17.144070,475.37
8789,2024-11-06 09:42:17.166386,475.76
8790,2024-11-06 10:02:17.180289,476.86
8791,2024-11-06 10:22:17.166855,476.34
8792,2024-11-06 10:42:17.166181,479.37
8793,2024-11-06 11:02:17.150167,477.59
8794,2024-11-06 11:22:17.179477,478.51
8795,2024-11-06 11:42:17.175052,479.92
8796,2024-11-06 12:02:17.155331,480.88
8797,2024-11-06 12:22:17.161945,479.56
8798,2024-11-06 12:42:17.168407,479.52
8799,2024-11-06 13:02:17.175774,480.4
8800,2024-11-06 13:22:17.165714,480.12
8801,2024-11-06 13:42:17.154628,479.9
8802,2024-11-06 14:02:17.164664,481.36
8803,2024-11-06 14:22:17.162810,481.04
8804,2024-11-06 14:42:17.165333,480.88
8805,2024-11-06 15:02:17.165263,483.3
8806,2024-11-06 15:22:17.167915,482.48
8807,2024-11-06 15:42:17.164831,483.44
8808,2024-11-06 16:02:17.163159,480.0
8809,2024-11-06 16:22:17.165735,482.41
8810,2024-11-06 16:42:17.162500,480.62
8811,2024-11-06 17:02:17.000220,480.94
8812,2024-11-06 17:22:17.168120,483.42
8813,2024-11-06 17:42:17.166196,480.45
8814,2024-11-06 18:02:17.173642,482.04
8815,2024-11-06 18:22:17.157504,481.1
8816,2024-11-06 18:42:17.184893,480.76
8817,2024-11-06 19:02:17.160226,478.16
8818,2024-11-06 19:22:17.267383,478.19
8819,2024-11-06 19:42:17.180166,479.89
8820,2024-11-06 20:02:17.174477,478.28
8821,2024-11-06 20:22:17.161703,478.78
8822,2024-11-06 20:42:17.159587,479.6
8823,2024-11-06 21:02:17.161035,478.16
8824,2024-11-06 21:22:17.153627,481.22
8825,2024-11-06 21:42:17.180936,480.79
8826,2024-11-06 22:02:16.723445,483.02
8827,2024-11-06 22:22:17.163519,481.76
8828,2024-11-06 22:42:17.160515,485.14
8829,2024-11-06 23:02:17.181810,485.97
8830,2024-11-06 23:22:17.162865,484.65
8831,2024-11-06 23:42:17.160460,486.51
8832,2024-11-07 00:02:17.172362,487.14
8833,2024-11-07 00:22:17.154768,485.66
8834,2024-11-07 00:42:17.159200,487.17
8835,2024-11-07 01:02:17.214717,488.62
8836,2024-11-07 01:22:17.160839,486.73
8837,2024-11-07 01:42:17.162529,487.16
8838,2024-11-07 02:02:17.167355,488.34
8839,2024-11-07 02:22:17.171663,488.91
8840,2024-11-07 02:42:17.173185,487.92
8841,2024-11-07 03:02:17.144402,490.78
8842,2024-11-07 03:22:17.180244,490.44
8843,2024-11-07 03:42:17.181105,491.5
8844,2024-11-07 04:02:17.166506,491.28
8845,2024-11-07 04:22:17.169331,491.96
8846,2024-11-07 04:42:17.184006,492.24
8847,2024-11-07 05:02:17.161116,493.48
8848,2024-11-07 05:22:17.156510,491.28
8849,2024-11-07 05:42:17.171762,492.96
8850,2024-11-07 06:02:17.161121,493.46
8851,2024-11-07 06:22:17.160945,494.06
8852,2024-11-07 06:42:16.830597,491.71
8853,2024-11-07 07:02:17.176955,494.96
8854,2024-11-07 07:22:17.156874,494.88
8855,2024-11-07 07:42:17.165825,495.17
8856,2024-11-07 08:02:17.178795,493.56
8857,2024-11-07 23:42:17.153612,500.92
8858,2024-11-08 23:42:17.172787,498.84
8859,2024-11-09 13:42:17.164046,477.58
8860,2024-11-09 14:02:16.984478,479.64
8861,2024-11-09 14:22:17.168241,481.04
8862,2024-11-09 14:42:17.157663,481.8
8863,2024-11-09 15:02:17.164836,479.24
8864,2024-11-09 15:22:17.184009,478.06
8865,2024-11-09 15:42:17.170173,479.14
8866,2024-11-09 16:02:17.158670,482.52
8867,2024-11-09 16:22:17.164381,482.51
8868,2024-11-09 16:42:17.163653,483.86
8869,2024-11-09 17:02:17.174251,481.84
8870,2024-11-09 17:22:17.169172,483.26
8871,2024-11-09 17:42:17.157733,481.37
8872,2024-11-09 18:02:17.173300,482.39
8873,2024-11-09 18:22:17.160406,482.62
8874,2024-11-09 18:42:17.164419,483.22
8875,2024-11-09 19:02:17.161072,482.82
8876,2024-11-09 19:22:17.150113,482.89
8877,2024-11-09 19:42:17.178105,481.9
8878,2024-11-09 20:22:17.153596,484.16
8879,2024-11-09 20:42:17.162065,484.46
8880,2024-11-09 21:02:17.163305,481.98
8881,2024-11-09 21:22:17.170899,481.13
8882,2024-11-09 21:42:17.168531,480.04
8883,2024-11-09 22:02:17.155984,476.86
8884,2024-11-09 22:22:17.164040,474.24
8885,2024-11-09 22:42:17.183170,470.5
8886,2024-11-09 23:02:17.163833,470.53
8887,2024-11-09 23:22:17.163855,471.5
8888,2024-11-09 23:42:17.153273,469.08
8889,2024-11-10 00:02:17.164912,466.04
8890,2024-11-10 00:22:17.168017,466.06
8891,2024-11-10 00:42:17.170635,465.11
8892,2024-11-10 01:02:17.169945,466.73
8893,2024-11-10 01:22:17.165141,468.16
8894,2024-11-10 01:42:17.163226,466.44
8895,2024-11-10 02:02:17.173585,469.0
8896,2024-11-10 02:22:17.174063,471.32
8897,2024-11-10 02:42:17.172372,473.11
8898,2024-11-10 03:22:17.158561,473.64
8899,2024-11-10 03:42:17.151182,474.24
8900,2024-11-10 04:02:17.167478,472.78
8901,2024-11-10 04:22:17.166988,471.86
8902,2024-11-10 04:42:17.171190,471.67
8903,2024-11-10 05:02:17.160761,469.42
8904,2024-11-10 05:22:17.166218,470.14
8905,2024-11-10 05:42:17.176574,468.21
8906,2024-11-10 06:02:17.165509,468.8
8907,2024-11-10 06:22:17.180081,466.24
8908,2024-11-10 06:42:17.150935,467.82
8909,2024-11-10 07:02:17.165737,466.76
8910,2024-11-10 07:22:17.164487,464.28
8911,2024-11-10 07:42:17.156234,464.67
8912,2024-11-10 08:02:17.160755,465.82
8913,2024-11-10 08:22:16.700104,465.21
8914,2024-11-10 08:42:17.162314,464.74
8915,2024-11-10 09:02:17.164903,464.7
8916,2024-11-10 09:22:17.173862,468.39
8917,2024-11-10 09:42:17.168702,470.27
8918,2024-11-10 10:02:17.159488,470.1
8919,2024-11-10 10:22:17.152025,470.2
8920,2024-11-10 10:42:17.157317,471.88
8921,2024-11-10 11:02:17.161288,470.62
8922,2024-11-10 11:22:17.161587,473.31
8923,2024-11-10 11:42:17.162807,473.26
8924,2024-11-10 12:02:17.165401,473.4
8925,2024-11-10 12:22:17.172036,474.68
8926,2024-11-10 12:42:17.166388,475.36
8927,2024-11-10 13:02:16.881957,477.3
8928,2024-11-10 13:22:17.189347,475.99
8929,2024-11-10 13:42:17.161086,477.34
8930,2024-11-10 14:02:17.151629,478.96
8931,2024-11-10 14:22:17.168464,477.94
8932,2024-11-10 14:42:17.169375,479.15
8933,2024-11-10 15:02:17.159193,480.85
8934,2024-11-10 15:22:17.174664,479.32
8935,2024-11-10 15:42:17.271281,481.46
8936,2024-11-10 16:02:17.169573,480.96
8937,2024-11-10 16:22:17.166322,479.76
8938,2024-11-10 16:42:17.263727,483.62
8939,2024-11-10 17:02:17.163546,483.72
8940,2024-11-10 17:22:17.163963,480.48
8941,2024-11-10 17:42:16.817235,481.78
8942,2024-11-10 18:02:17.165420,481.07
8943,2024-11-10 18:22:17.167311,482.79
8944,2024-11-10 18:42:17.170825,482.64
8945,2024-11-10 19:02:17.152666,484.08
8946,2024-11-10 19:22:17.153385,481.42
8947,2024-11-10 19:42:17.159235,483.29
8948,2024-11-10 20:02:17.164231,482.43
8949,2024-11-10 20:22:17.161523,480.87
8950,2024-11-10 20:42:17.158531,478.62
8951,2024-11-10 21:02:17.163112,479.9
8952,2024-11-10 21:42:17.156680,479.65
8953,2024-11-10 22:02:17.152908,478.78
8954,2024-11-10 22:22:17.167042,479.56
8955,2024-11-10 22:42:17.166406,482.68
8956,2024-11-10 23:02:17.164005,480.72
8957,2024-11-10 23:22:17.169144,482.19
8958,2024-11-10 23:42:17.174239,482.49
8959,2024-11-11 00:02:17.163770,482.0
8960,2024-11-11 00:22:17.157769,481.54
8961,2024-11-11 00:42:17.162465,483.18
8962,2024-11-11 01:02:17.163490,482.41
8963,2024-11-11 01:22:17.166832,482.76
8964,2024-11-11 01:42:17.170521,484.39
8965,2024-11-11 02:02:17.159972,485.22
8966,2024-11-11 02:22:17.153708,486.3
8967,2024-11-11 02:42:17.169253,486.83
8968,2024-11-11 03:02:17.163903,488.92
8969,2024-11-11 23:42:17.157362,489.76
8970,2024-11-12 23:42:17.181896,477.4
8971,2024-11-13 14:22:17.176592,461.32
8972,2024-11-13 14:42:17.159564,459.21
8973,2024-11-13 15:02:17.170181,456.85
8974,2024-11-13 15:22:17.173061,458.08
8975,2024-11-13 15:42:17.170786,457.5
8976,2024-11-13 16:02:17.176582,457.34
8977,2024-11-13 16:22:17.163232,460.72
8978,2024-11-13 16:42:17.169130,459.37
8979,2024-11-13 17:02:17.155236,457.56
8980,2024-11-13 17:22:17.159031,457.98
8981,2024-11-13 17:42:17.155471,455.86
8982,2024-11-13 18:02:17.161784,455.3
8983,2024-11-13 18:22:17.163730,456.22
8984,2024-11-13 18:42:17.161120,457.22
8985,2024-11-13 19:02:17.169627,455.04
8986,2024-11-13 19:22:17.156213,456.6
8987,2024-11-13 19:42:17.194449,454.44
8988,2024-11-13 20:02:17.169560,453.37
8989,2024-11-13 20:22:17.165369,453.45
8990,2024-11-13 20:42:17.165453,451.16
8991,2024-11-13 21:02:17.164756,451.86
8992,2024-11-13 21:22:17.163708,451.76
8993,2024-11-13 21:42:17.164987,449.82
8994,2024-11-13 22:02:17.173681,448.06
8995,2024-11-13 22:22:17.170000,447.04
8996,2024-11-13 22:42:17.151481,447.9
8997,2024-11-13 23:02:17.161412,446.78
8998,2024-11-13 23:22:17.243164,447.49
8999,2024-11-13 23:42:17.160301,446.23
9000,2024-11-14 00:02:17.167474,447.6
9001,2024-11-14 00:22:17.162895,447.92
9002,2024-11-14 00:42:17.198967,447.02
9003,2024-11-14 01:02:17.145267,448.04
9004,2024-11-14 01:22:17.169564,447.27
9005,2024-11-14 01:42:17.170921,447.61
9006,2024-11-14 02:02:17.155660,445.56
9007,2024-11-14 02:22:17.247390,445.4
9008,2024-11-14 02:42:17.162392,444.1
9009,2024-11-14 03:02:17.162169,445.97
9010,2024-11-14 03:22:17.161512,444.94
9011,2024-11-14 03:42:17.160552,445.06
9012,2024-11-14 04:02:17.160103,442.2
9013,2024-11-14 04:22:17.163028,443.66
9014,2024-11-14 04:42:17.158710,440.44
9015,2024-11-14 05:02:17.164691,442.67
9016,2024-11-14 05:22:17.202838,441.87
9017,2024-11-14 05:42:17.171790,440.38
9018,2024-11-14 06:02:17.164203,439.48
9019,2024-11-14 06:22:17.177918,439.16
9020,2024-11-14 06:42:17.161261,438.08
9021,2024-11-14 07:02:17.160552,436.33
9022,2024-11-14 07:22:17.183455,436.26
9023,2024-11-14 07:42:17.193579,436.66
9024,2024-11-14 08:02:17.164596,433.34
9025,2024-11-14 08:22:17.190820,434.64
9026,2024-11-14 08:42:17.151672,433.38
9027,2024-11-14 09:02:17.164247,432.66
9028,2024-11-14 09:22:17.165915,434.78
9029,2024-11-14 09:42:17.162124,431.14
9030,2024-11-14 10:02:17.163228,431.42
9031,2024-11-14 10:22:17.170813,431.95
9032,2024-11-14 10:42:17.166650,431.37
9033,2024-11-14 11:02:17.162038,430.72
9034,2024-11-14 11:22:17.163406,429.62
9035,2024-11-14 11:42:17.207664,429.38
9036,2024-11-14 12:02:17.182733,430.37
9037,2024-11-14 12:22:17.162166,428.97
9038,2024-11-14 12:42:17.169588,429.22
9039,2024-11-14 13:02:17.177236,428.06
9040,2024-11-14 13:22:17.174779,429.22
9041,2024-11-14 13:42:16.840617,427.22
9042,2024-11-14 14:02:17.182553,426.64
9043,2024-11-14 14:22:17.166731,425.7
9044,2024-11-14 14:42:17.170235,426.26
9045,2024-11-14 15:02:17.163940,429.46
9046,2024-11-14 15:22:17.158077,426.39
9047,2024-11-14 15:42:17.159377,426.36
9048,2024-11-14 16:02:17.168266,428.24
9049,2024-11-14 16:22:17.171126,427.34
9050,2024-11-14 16:42:17.166753,428.08
9051,2024-11-14 17:02:17.162406,426.76
9052,2024-11-14 17:22:17.175403,426.59
9053,2024-11-14 17:42:17.166340,426.06
9054,2024-11-14 18:02:17.165166,425.2
9055,2024-11-14 18:22:17.164638,425.1
9056,2024-11-14 18:42:17.170352,422.8
9057,2024-11-14 19:02:17.187466,423.3
9058,2024-11-14 19:22:17.156381,423.48
9059,2024-11-14 19:42:17.145420,422.94
9060,2024-11-14 20:02:17.172701,422.68
9061,2024-11-14 20:22:17.153907,422.26
9062,2024-11-14 20:42:17.167672,421.17
9063,2024-11-14 21:02:17.166516,421.03
9064,2024-11-14 21:22:17.168406,417.14
9065,2024-11-14 21:42:17.150940,419.56
9066,2024-11-14 22:02:17.163712,417.82
9067,2024-11-14 22:22:17.174616,415.59
9068,2024-11-14 22:42:17.160707,415.18
9069,2024-11-14 23:02:17.168151,417.53
9070,2024-11-14 23:22:17.173484,415.56
9071,2024-11-14 23:42:17.168899,413.38
9072,2024-11-15 00:02:17.165323,413.52
9073,2024-11-15 00:22:17.171926,413.72
9074,2024-11-15 00:42:17.157820,412.65
9075,2024-11-15 01:02:17.176331,410.58
9076,2024-11-15 01:22:17.163979,411.38
9077,2024-11-15 01:42:17.162262,410.4
9078,2024-11-15 02:02:17.167250,411.06
9079,2024-11-15 02:22:17.159767,410.5
9080,2024-11-15 02:42:17.163587,408.72
9081,2024-11-15 03:02:17.163529,407.12
9082,2024-11-15 03:22:17.160914,407.52
9083,2024-11-15 03:42:17.173130,406.14
9084,2024-11-15 04:02:17.178482,405.74
9085,2024-11-15 04:22:17.166158,406.95
9086,2024-11-15 04:42:17.157321,405.22
9087,2024-11-15 05:02:17.170751,403.98
9088,2024-11-15 05:22:17.164553,404.53
9089,2024-11-15 05:42:17.166184,402.15
9090,2024-11-15 06:02:17.161142,403.46
9091,2024-11-15 06:22:17.164565,402.62
9092,2024-11-15 06:42:17.162566,400.62
9093,2024-11-15 07:02:17.158584,402.16
9094,2024-11-15 07:22:17.195164,400.3
9095,2024-11-15 07:42:17.155860,398.48
9096,2024-11-15 08:02:17.012967,399.7
9097,2024-11-15 08:22:17.161138,396.94
9098,2024-11-15 08:42:17.163812,399.16
9099,2024-11-15 09:02:17.156058,398.4
9100,2024-11-15 09:22:17.160930,398.5
9101,2024-11-15 09:42:17.165328,396.76
9102,2024-11-15 10:02:17.157283,398.4
9103,2024-11-15 10:22:17.156381,398.3
9104,2024-11-15 10:42:17.164128,397.56
9105,2024-11-15 11:02:17.168835,398.78
9106,2024-11-15 11:22:17.159919,396.44
9107,2024-11-15 11:42:17.166341,396.72
9108,2024-11-15 12:02:17.169479,395.92
9109,2024-11-15 12:22:17.153056,396.18
9110,2024-11-15 12:42:17.163957,395.54
9111,2024-11-15 13:02:17.186986,395.71
9112,2024-11-15 13:22:17.175235,396.34
9113,2024-11-15 13:42:17.167090,395.52
9114,2024-11-15 14:02:17.167683,396.64
9115,2024-11-15 14:22:17.163350,395.05
9116,2024-11-15 14:42:17.142521,395.08
9117,2024-11-15 15:02:17.181789,396.5
9118,2024-11-15 15:22:17.174646,395.4
9119,2024-11-15 15:42:17.164665,394.06
9120,2024-11-15 16:02:17.181540,394.25
9121,2024-11-15 16:22:17.172938,395.01
9122,2024-11-15 16:42:17.164822,395.0
9123,2024-11-15 17:02:17.164712,394.22
9124,2024-11-15 17:22:17.176112,393.4
9125,2024-11-15 17:42:17.167042,393.93
9126,2024-11-15 18:02:17.163845,392.39
9127,2024-11-15 18:22:17.190130,393.5
9128,2024-11-15 18:42:17.176282,391.46
9129,2024-11-15 19:02:17.162608,391.62
9130,2024-11-15 19:22:17.168992,393.32
9131,2024-11-15 19:42:17.187656,392.12
9132,2024-11-15 20:02:17.163189,390.22
9133,2024-11-15 20:22:17.165647,392.5
9134,2024-11-15 20:42:17.156612,389.18
9135,2024-11-15 21:02:17.166390,387.7
9136,2024-11-15 21:22:17.170244,389.48
9137,2024-11-15 21:42:17.159051,385.56
9138,2024-11-15 22:02:17.187264,385.72
9139,2024-11-15 22:22:17.152394,387.26
9140,2024-11-15 22:42:17.215276,387.02
9141,2024-11-15 23:02:17.145599,385.75
9142,2024-11-15 23:22:17.178712,388.34
9143,2024-11-15 23:42:17.302235,385.94
9144,2024-11-16 00:02:17.163315,386.42
9145,2024-11-16 00:22:17.160291,388.36
9146,2024-11-16 00:42:17.166844,386.14
9147,2024-11-16 01:02:17.164871,385.8
9148,2024-11-16 01:22:17.174441,385.33
9149,2024-11-16 01:42:17.151547,384.52
9150,2024-11-16 02:02:17.160177,384.98
9151,2024-11-16 02:22:16.775403,384.68
9152,2024-11-16 02:42:17.171270,383.51
9153,2024-11-16 03:02:17.177710,383.98
9154,2024-11-16 03:22:17.152228,385.4
9155,2024-11-16 03:42:17.164535,383.24
9156,2024-11-16 04:02:17.166818,380.96
9157,2024-11-16 04:22:17.158525,380.62
9158,2024-11-16 04:42:17.167126,377.53
9159,2024-11-16 05:02:17.174142,380.16
9160,2024-11-16 05:22:17.172228,376.64
9161,2024-11-16 05:42:17.171617,377.44
9162,2024-11-16 06:02:17.171486,378.12
9163,2024-11-16 06:22:17.161419,376.6
9164,2024-11-16 06:42:17.167497,376.63
9165,2024-11-16 07:02:17.173950,376.84
9166,2024-11-16 07:22:17.176374,375.94
9167,2024-11-16 07:42:17.156846,375.61
9168,2024-11-16 08:02:17.188123,375.9
9169,2024-11-16 08:22:17.170891,376.05
9170,2024-11-16 08:42:17.162453,376.18
9171,2024-11-16 09:02:17.169313,375.14
9172,2024-11-16 23:42:17.168983,366.26
9173,2024-11-17 17:22:17.162058,381.15
9174,2024-11-17 17:42:17.159515,381.62
9175,2024-11-17 18:02:17.153512,382.34
9176,2024-11-17 18:22:17.155319,382.96
9177,2024-11-17 18:42:17.183666,381.42
9178,2024-11-17 19:02:17.163965,383.42
9179,2024-11-17 19:22:17.165273,383.6
9180,2024-11-17 19:42:16.704055,384.69
9181,2024-11-17 20:02:17.179975,383.74
9182,2024-11-17 20:22:17.157412,386.66
9183,2024-11-17 20:42:17.165978,385.52
9184,2024-11-17 21:02:17.163270,386.66
9185,2024-11-17 21:22:17.164978,385.64
9186,2024-11-17 21:42:17.179034,387.32
9187,2024-11-17 22:02:17.182787,387.14
9188,2024-11-17 22:22:17.254014,387.26
9189,2024-11-17 22:42:17.163549,388.55
9190,2024-11-17 23:02:17.159197,389.6
9191,2024-11-17 23:22:17.172916,388.5
9192,2024-11-17 23:42:17.165761,389.06
9193,2024-11-18 00:02:17.155036,391.99
9194,2024-11-18 00:22:16.861012,390.4
9195,2024-11-18 00:42:17.167977,392.63
9196,2024-11-18 01:02:17.160392,392.04
9197,2024-11-18 01:22:17.162720,392.54
9198,2024-11-18 01:42:17.164247,392.36
9199,2024-11-18 02:02:17.156077,391.84
9200,2024-11-18 02:22:17.162370,395.01
9201,2024-11-18 02:42:16.972126,392.64
9202,2024-11-18 03:02:17.158627,392.44
9203,2024-11-18 03:22:17.166835,391.54
9204,2024-11-18 03:42:17.151546,392.98
9205,2024-11-18 04:02:17.156577,392.02
9206,2024-11-18 04:22:17.164010,393.2
9207,2024-11-18 04:42:17.177778,393.18
9208,2024-11-18 05:02:17.155731,392.04
9209,2024-11-18 05:22:17.163343,393.42
9210,2024-11-18 05:42:17.175529,392.63
9211,2024-11-18 06:02:17.164682,392.76
9212,2024-11-18 06:22:17.166485,392.24
9213,2024-11-18 06:42:17.167239,392.26
9214,2024-11-18 07:02:17.164739,391.41
9215,2024-11-18 07:22:17.158565,390.78
9216,2024-11-18 07:42:17.158969,393.21
9217,2024-11-18 08:02:17.160453,390.64
9218,2024-11-18 08:22:17.163142,391.96
9219,2024-11-18 08:42:17.181572,392.7
9220,2024-11-18 09:02:17.169492,392.33
9221,2024-11-18 09:22:17.163235,391.09
9222,2024-11-18 09:42:17.165573,390.76
9223,2024-11-18 10:02:17.164536,393.24
9224,2024-11-18 10:22:17.162317,393.54
9225,2024-11-18 10:42:17.152845,392.0
9226,2024-11-18 11:02:17.164360,391.94
9227,2024-11-18 11:22:17.166828,391.96
9228,2024-11-18 11:42:17.171286,393.18
9229,2024-11-18 12:02:17.163344,392.48
9230,2024-11-18 12:22:17.416376,392.27
9231,2024-11-18 12:42:17.166795,393.6
9232,2024-11-18 13:02:17.177869,392.62
9233,2024-11-18 13:22:17.170877,393.28
9234,2024-11-18 13:42:17.164587,393.5
9235,2024-11-18 14:02:17.194518,394.39
9236,2024-11-18 14:22:17.153575,396.21
9237,2024-11-18 14:42:17.156211,394.59
9238,2024-11-18 15:02:17.180211,395.52
9239,2024-11-18 15:22:17.161000,396.06
9240,2024-11-18 15:42:17.162990,397.04
9241,2024-11-18 16:02:17.164732,397.91
9242,2024-11-18 16:22:17.164741,399.87
9243,2024-11-18 16:42:17.188729,397.96
9244,2024-11-18 17:02:17.161853,400.44
9245,2024-11-18 17:22:17.156495,399.04
9246,2024-11-18 17:42:17.163300,397.9
9247,2024-11-18 18:02:17.177057,398.79
9248,2024-11-18 18:22:17.162196,400.44
9249,2024-11-18 18:42:17.160181,398.2
9250,2024-11-18 19:02:17.164921,397.5
9251,2024-11-18 19:22:17.162493,399.16
9252,2024-11-18 19:42:17.170813,399.81
9253,2024-11-18 20:02:17.148133,399.02
9254,2024-11-18 20:22:17.175595,399.42
9255,2024-11-18 20:42:17.171204,398.52
9256,2024-11-18 21:02:17.168791,399.71
9257,2024-11-18 21:22:17.158766,399.39
9258,2024-11-18 21:42:17.173278,398.07
9259,2024-11-18 22:02:17.161358,399.84
9260,2024-11-18 22:22:17.164952,397.78
9261,2024-11-18 22:42:17.176118,400.7
9262,2024-11-18 23:02:17.172890,399.27
9263,2024-11-18 23:22:16.674718,399.07
9264,2024-11-18 23:42:17.172863,398.46
9265,2024-11-19 00:02:17.152390,399.36
9266,2024-11-19 00:22:17.171223,399.4
9267,2024-11-19 00:42:17.161053,401.06
9268,2024-11-19 01:02:17.161295,399.78
9269,2024-11-19 01:22:17.149029,400.36
9270,2024-11-19 01:42:17.169449,397.86
9271,2024-11-19 02:02:17.164373,401.76
9272,2024-11-19 02:22:17.178436,400.12
9273,2024-11-19 02:42:17.162245,400.26
9274,2024-11-19 03:02:17.184804,400.17
9275,2024-11-19 03:22:17.154833,401.22
9276,2024-11-19 03:42:17.171631,400.94
9277,2024-11-19 04:02:16.941168,400.74
9278,2024-11-19 04:22:17.175186,400.75
9279,2024-11-19 04:42:17.155171,400.67
9280,2024-11-19 05:02:17.158933,399.84
9281,2024-11-19 05:22:17.164342,399.1
9282,2024-11-19 05:42:17.175052,398.04
9283,2024-11-19 06:02:17.163725,400.43
9284,2024-11-19 06:22:17.173782,401.15
9285,2024-11-19 06:42:17.167283,400.78
9286,2024-11-19 07:02:17.149090,399.9
9287,2024-11-19 07:22:17.417978,401.04
9288,2024-11-19 07:42:17.169135,400.62
9289,2024-11-19 08:02:17.161294,400.67
9290,2024-11-19 08:22:17.163629,400.92
9291,2024-11-19 08:42:17.167149,401.26
9292,2024-11-19 09:02:17.162261,401.54
9293,2024-11-19 09:22:17.154788,401.88
9294,2024-11-19 09:42:17.156036,400.15
9295,2024-11-19 10:02:17.171964,404.39
9296,2024-11-19 10:22:17.168232,402.04
9297,2024-11-19 10:42:17.171857,401.66
9298,2024-11-19 11:22:17.154540,402.81
9299,2024-11-19 11:42:17.167738,401.24
9300,2024-11-19 12:02:17.161747,401.62
9301,2024-11-19 12:22:17.205951,401.5
9302,2024-11-19 12:42:17.175291,401.72
9303,2024-11-19 13:02:17.159254,403.43
9304,2024-11-19 13:22:17.182113,401.97
9305,2024-11-19 13:42:17.154286,401.06
9306,2024-11-19 14:02:17.158650,404.08
9307,2024-11-19 14:22:17.166535,402.78
9308,2024-11-19 14:42:17.163384,405.12
9309,2024-11-19 15:02:17.153859,406.2
9310,2024-11-19 15:22:17.164113,406.01
9311,2024-11-19 15:42:17.164972,406.04
9312,2024-11-19 16:02:17.152017,404.34
9313,2024-11-19 16:22:17.180565,404.47
9314,2024-11-19 16:42:17.178295,404.38
9315,2024-11-19 17:02:17.179818,403.75
9316,2024-11-19 17:22:17.175905,402.8
9317,2024-11-19 17:42:17.160836,403.5
9318,2024-11-19 18:02:17.177794,403.84
9319,2024-11-19 18:22:17.161681,403.26
9320,2024-11-19 18:42:17.183626,401.67
9321,2024-11-19 19:02:17.165406,401.54
9322,2024-11-19 19:22:17.174078,401.5
9323,2024-11-19 19:42:17.156880,401.08
9324,2024-11-19 20:02:17.171691,400.69
9325,2024-11-19 20:22:17.182517,399.72
9326,2024-11-19 20:42:17.163682,400.7
9327,2024-11-19 21:02:17.164240,399.12
9328,2024-11-19 21:22:17.167887,399.46
9329,2024-11-19 21:42:17.167310,399.16
9330,2024-11-19 22:02:17.171921,400.53
9331,2024-11-19 22:22:17.158647,398.24
9332,2024-11-19 22:42:17.165162,398.02
9333,2024-11-19 23:02:17.164493,398.88
9334,2024-11-19 23:22:17.168232,398.98
9335,2024-11-19 23:42:17.163904,399.86
9336,2024-11-20 00:02:17.423695,399.96
9337,2024-11-20 00:22:17.184804,400.88
9338,2024-11-20 00:42:17.162710,401.74
9339,2024-11-20 01:02:17.164594,402.79
9340,2024-11-20 01:22:17.161712,403.0
9341,2024-11-20 01:42:17.154229,404.13
9342,2024-11-20 02:02:17.169168,401.62
9343,2024-11-20 02:22:17.167489,407.02
9344,2024-11-20 02:42:17.161299,406.08
9345,2024-11-20 03:02:16.768400,404.46
9346,2024-11-20 03:22:17.187168,406.02
9347,2024-11-20 03:42:17.166068,405.52
9348,2024-11-20 04:02:17.158905,405.88
9349,2024-11-20 04:22:17.165209,405.38
9350,2024-11-20 04:42:17.180576,404.54
9351,2024-11-20 05:02:17.153867,406.38
9352,2024-11-20 05:22:17.173355,405.48
9353,2024-11-20 05:42:17.165652,405.16
9354,2024-11-20 06:02:17.155155,406.78
9355,2024-11-20 06:22:17.171228,406.41
9356,2024-11-20 06:42:17.169371,405.3
9357,2024-11-20 07:02:17.172843,405.98
9358,2024-11-20 07:22:17.170794,406.22
9359,2024-11-20 07:42:17.158408,407.04
9360,2024-11-20 08:02:17.163737,405.8
9361,2024-11-20 08:22:17.161892,405.98
9362,2024-11-20 08:42:17.164585,405.36
9363,2024-11-20 09:02:17.168699,406.52
9364,2024-11-20 09:22:17.154851,405.96
9365,2024-11-20 21:02:17.161379,398.42
9366,2024-11-20 21:22:17.181497,398.1
9367,2024-11-20 21:42:17.164190,399.2
9368,2024-11-20 22:02:17.161135,400.03
9369,2024-11-20 22:22:17.159740,399.84
9370,2024-11-20 22:42:17.172115,401.31
9371,2024-11-20 23:02:17.170204,401.84
9372,2024-11-20 23:22:17.167118,404.28
9373,2024-11-20 23:42:17.178965,401.53
9374,2024-11-21 00:02:17.397096,405.12
9375,2024-11-21 00:22:17.169600,404.89
9376,2024-11-21 00:42:17.160677,405.96
9377,2024-11-21 01:02:17.158639,406.62
9378,2024-11-21 01:22:17.169050,406.92
9379,2024-11-21 01:42:17.159286,407.91
9380,2024-11-21 02:02:16.765864,409.44
9381,2024-11-21 02:22:17.176720,407.6
9382,2024-11-21 02:42:17.172307,408.46
9383,2024-11-21 03:02:17.159588,408.22
9384,2024-11-21 03:22:17.165281,408.91
9385,2024-11-21 03:42:17.171498,408.48
9386,2024-11-21 04:02:17.169835,408.96
9387,2024-11-21 04:22:17.165538,408.84
9388,2024-11-21 04:42:17.195215,410.38
9389,2024-11-21 05:02:17.162720,411.01
9390,2024-11-21 05:22:17.163377,410.1
9391,2024-11-21 05:42:17.163739,410.61
9392,2024-11-21 06:02:17.175881,409.5
9393,2024-11-21 06:22:17.165840,410.68
9394,2024-11-21 06:42:17.030091,412.64
9395,2024-11-21 07:02:17.181065,413.6
9396,2024-11-21 07:22:17.167816,410.85
9397,2024-11-21 07:42:17.163570,411.62
9398,2024-11-21 08:02:16.785275,412.58
9399,2024-11-21 08:22:17.155015,413.74
9400,2024-11-21 08:42:17.158902,412.86
9401,2024-11-21 09:02:17.159972,414.21
9402,2024-11-21 09:22:17.159139,416.06
9403,2024-11-21 09:42:17.161502,414.68
9404,2024-11-21 10:02:17.160715,416.24
9405,2024-11-21 10:22:17.179087,415.01
9406,2024-11-21 10:42:17.170105,416.66
9407,2024-11-21 11:02:17.164439,416.88
9408,2024-11-21 11:22:17.137715,415.78
9409,2024-11-21 11:42:17.162059,416.34
9410,2024-11-21 12:02:17.161090,416.29
9411,2024-11-21 12:22:17.164293,415.56
9412,2024-11-21 12:42:17.164563,413.94
9413,2024-11-21 13:42:17.161544,408.21
9414,2024-11-21 14:02:17.147269,406.46
9415,2024-11-21 14:22:17.165295,404.48
9416,2024-11-21 14:42:17.163038,403.96
9417,2024-11-21 15:02:17.165160,402.58
9418,2024-11-21 15:22:17.164027,402.72
9419,2024-11-21 15:42:17.379231,403.02
9420,2024-11-21 16:02:17.163052,404.33
9421,2024-11-21 16:22:17.166319,401.12
9422,2024-11-21 16:42:17.166774,400.78
9423,2024-11-21 17:02:17.149108,398.78
9424,2024-11-21 17:22:17.173856,398.69
9425,2024-11-21 17:42:17.163352,398.75
9426,2024-11-21 18:02:17.171774,399.48
9427,2024-11-21 18:22:17.163573,401.14
9428,2024-11-21 18:42:17.170459,399.14
9429,2024-11-21 19:02:17.167279,400.46
9430,2024-11-21 19:22:17.162364,399.73
9431,2024-11-21 19:42:17.174744,399.24
9432,2024-11-21 20:02:17.159310,399.08
9433,2024-11-21 20:22:17.186265,399.86
9434,2024-11-21 20:42:17.165629,399.33
9435,2024-11-21 21:02:17.164499,401.37
9436,2024-11-21 21:22:17.169018,402.86
9437,2024-11-21 21:42:17.153957,405.62
9438,2024-11-21 22:02:17.192875,405.52
9439,2024-11-21 22:22:17.157807,406.88
9440,2024-11-21 22:42:17.170205,406.74
9441,2024-11-21 23:02:17.261319,407.38
9442,2024-11-21 23:22:17.225161,407.74
9443,2024-11-21 23:42:17.159943,410.4
9444,2024-11-22 00:02:17.181690,411.22
9445,2024-11-22 00:22:17.182145,412.39
9446,2024-11-22 00:42:17.168660,413.06
9447,2024-11-22 01:02:17.169143,413.4
9448,2024-11-22 01:22:17.189698,413.82
9449,2024-11-22 01:42:17.160492,412.56
9450,2024-11-22 02:02:17.162614,414.05
9451,2024-11-22 02:22:17.160406,415.31
9452,2024-11-22 02:42:17.195069,414.88
9453,2024-11-22 03:02:17.165919,414.7
9454,2024-11-22 03:22:17.164236,415.8
9455,2024-11-22 03:42:17.163619,417.09
9456,2024-11-22 04:02:17.170510,415.4
9457,2024-11-22 04:22:17.167558,416.8
9458,2024-11-22 04:42:17.166233,418.24
9459,2024-11-22 05:02:17.186717,416.12
9460,2024-11-22 05:22:17.174328,415.86
9461,2024-11-22 05:42:17.162427,414.19
9462,2024-11-22 06:02:17.148413,414.28
9463,2024-11-22 06:22:17.157242,413.42
9464,2024-11-22 06:42:17.158640,414.6
9465,2024-11-22 07:02:17.078837,414.86
9466,2024-11-22 07:22:17.163410,416.85
9467,2024-11-22 07:42:17.183339,415.63
9468,2024-11-22 08:02:17.190312,418.78
9469,2024-11-22 08:22:17.176774,415.54
9470,2024-11-22 08:42:17.169301,415.2
9471,2024-11-22 09:02:17.166814,414.7
9472,2024-11-22 09:22:17.158874,415.45
9473,2024-11-22 23:42:17.155832,422.56
9474,2024-11-23 15:22:17.158657,412.36
9475,2024-11-23 15:42:17.207403,414.04
9476,2024-11-23 16:02:17.157437,414.7
9477,2024-11-23 16:22:17.166100,413.76
9478,2024-11-23 16:42:17.163627,415.92
9479,2024-11-23 17:02:17.165977,417.58
9480,2024-11-23 17:22:17.170229,420.34
9481,2024-11-23 17:42:16.812239,421.48
9482,2024-11-23 18:02:17.167023,422.62
9483,2024-11-23 18:22:17.410125,422.64
9484,2024-11-23 18:42:17.161623,424.2
9485,2024-11-23 19:02:17.172038,424.96
9486,2024-11-23 19:22:17.148245,426.37
9487,2024-11-23 19:42:17.163558,426.3
9488,2024-11-23 20:02:17.167153,427.87
9489,2024-11-23 20:22:17.160936,427.92
9490,2024-11-23 20:42:17.144990,428.84
9491,2024-11-23 21:02:17.161470,429.72
9492,2024-11-23 21:22:17.164258,429.27
9493,2024-11-23 21:42:17.180590,430.74
9494,2024-11-23 22:02:17.173424,429.29
9495,2024-11-23 22:22:17.155220,425.84
9496,2024-11-23 22:42:17.154652,426.68
9497,2024-11-23 23:02:17.168374,425.18
9498,2024-11-23 23:22:17.163673,425.07
9499,2024-11-23 23:42:17.163896,423.91
9500,2024-11-24 00:02:17.164019,421.24
9501,2024-11-24 00:22:17.185243,422.94
9502,2024-11-24 00:42:17.170684,424.98
9503,2024-11-24 01:02:17.161383,424.12
9504,2024-11-24 01:22:17.168080,424.95
9505,2024-11-24 01:42:17.174056,427.64
9506,2024-11-24 02:02:17.166258,426.43
9507,2024-11-24 02:22:17.163924,427.52
9508,2024-11-24 02:42:17.171982,428.74
9509,2024-11-24 03:02:17.172880,430.36
9510,2024-11-24 03:22:17.159404,431.23
9511,2024-11-24 03:42:17.163188,433.32
9512,2024-11-24 04:02:16.798935,434.52
9513,2024-11-24 04:22:17.148009,434.6
9514,2024-11-24 04:42:17.186299,434.82
9515,2024-11-24 05:02:17.153419,436.7
9516,2024-11-24 05:22:17.169810,437.12
9517,2024-11-24 05:42:17.170433,436.02
9518,2024-11-24 06:02:17.190605,438.61
9519,2024-11-24 06:22:17.175900,437.16
9520,2024-11-24 06:42:17.190633,439.2
9521,2024-11-24 07:02:17.159125,439.32
9522,2024-11-24 07:22:17.177908,439.35
9523,2024-11-24 07:42:17.164917,440.08
9524,2024-11-24 08:02:17.228077,439.88
9525,2024-11-24 08:22:17.166071,438.78
9526,2024-11-24 08:42:16.857695,438.58
9527,2024-11-24 09:02:17.166877,439.46
9528,2024-11-24 09:22:17.163908,439.94
9529,2024-11-24 09:42:17.183878,438.82
9530,2024-11-24 10:02:17.177056,437.5
9531,2024-11-24 10:22:17.154035,436.36
9532,2024-11-24 10:42:17.163901,437.74
9533,2024-11-24 11:02:16.885702,436.44
9534,2024-11-24 11:22:17.168711,434.7
9535,2024-11-24 11:42:17.168440,435.49
9536,2024-11-24 12:02:17.175115,434.03
9537,2024-11-24 12:22:17.167522,436.42
9538,2024-11-24 12:42:17.168957,437.28
9539,2024-11-24 13:02:17.155279,436.74
9540,2024-11-24 13:22:17.063001,438.34
9541,2024-11-24 13:42:17.165670,437.28
9542,2024-11-24 14:02:17.154356,438.55
9543,2024-11-24 14:22:17.320673,435.4
9544,2024-11-24 14:42:17.163540,438.42
9545,2024-11-24 15:02:17.159518,438.54
9546,2024-11-24 15:22:17.159874,439.41
9547,2024-11-24 15:42:17.163256,438.81
9548,2024-11-24 16:02:17.159763,438.36
9549,2024-11-24 16:22:17.159911,440.18
9550,2024-11-24 16:42:17.159591,439.9
9551,2024-11-24 17:02:17.171080,438.22
9552,2024-11-24 17:22:17.166143,437.66
9553,2024-11-24 17:42:17.162958,437.04
9554,2024-11-24 18:02:17.171759,435.87
9555,2024-11-24 18:22:17.170877,435.32
9556,2024-11-24 18:42:17.157182,435.32
9557,2024-11-24 19:02:17.158255,434.18
9558,2024-11-24 19:22:17.158888,431.95
9559,2024-11-24 19:42:17.166174,432.78
9560,2024-11-24 20:02:17.178707,431.18
9561,2024-11-24 20:22:17.158709,429.96
9562,2024-11-24 20:42:17.164808,428.54
9563,2024-11-24 21:02:17.164770,428.02
9564,2024-11-24 21:22:17.173451,426.51
9565,2024-11-24 21:42:17.171207,424.21
9566,2024-11-24 22:02:17.160769,423.93
9567,2024-11-24 22:22:17.170032,424.64
9568,2024-11-24 22:42:17.173960,422.92
9569,2024-11-24 23:02:17.162075,419.16
9570,2024-11-24 23:22:17.160955,418.2
9571,2024-11-24 23:42:17.186314,415.9
9572,2024-11-25 00:02:17.174750,413.34
9573,2024-11-25 00:02:17.174750,413.34
9574,2024-11-25 00:22:17.164928,411.23
9575,2024-11-25 00:42:17.158597,409.34
9576,2024-11-25 01:02:17.172942,408.14
9577,2024-11-25 01:22:17.177901,408.88
9578,2024-11-25 01:42:17.161657,406.48
9579,2024-11-25 02:02:17.158913,406.27
9580,2024-11-25 02:22:17.157289,405.08
9581,2024-11-25 02:42:17.162456,405.15
9582,2024-11-25 03:02:17.165339,405.5
9583,2024-11-25 03:22:17.159190,405.98
9584,2024-11-25 03:42:17.155749,405.76
9585,2024-11-25 04:02:17.163028,405.58
9586,2024-11-25 04:22:17.110797,406.21
9587,2024-11-25 04:42:17.162752,403.46
9588,2024-11-25 05:02:17.297370,404.68
9589,2024-11-25 05:22:17.165465,401.7
9590,2024-11-25 05:42:17.160132,399.28
9591,2024-11-25 06:02:17.160348,398.52
9592,2024-11-25 06:22:17.167068,395.27
9593,2024-11-25 06:42:17.172757,396.17
9594,2024-11-25 07:02:17.161317,394.8
9595,2024-11-25 07:22:17.171317,394.9
9596,2024-11-25 07:42:17.165286,395.62
9597,2024-11-25 08:02:17.166053,396.96
9598,2024-11-25 08:22:17.168943,397.34
9599,2024-11-25 08:42:17.171312,395.19
9600,2024-11-25 09:02:17.176854,396.55
9601,2024-11-25 09:22:17.169283,398.06
9602,2024-11-25 23:42:17.165449,404.04
9603,2024-11-26 00:02:17.161632,406.53
9604,2024-11-26 15:42:17.159155,448.34
9605,2024-11-26 16:02:17.172803,448.18
9606,2024-11-26 16:22:17.175843,446.38
9607,2024-11-26 16:42:17.165299,447.49
9608,2024-11-26 17:02:17.168698,446.44
9609,2024-11-26 17:22:17.156247,446.25
9610,2024-11-26 17:42:17.162629,444.54
9611,2024-11-26 18:02:17.157078,444.98
9612,2024-11-26 18:22:17.175086,444.96
9613,2024-11-26 18:42:17.168813,441.09
9614,2024-11-26 19:02:17.167887,443.2
9615,2024-11-26 19:22:17.163853,438.37
9616,2024-11-26 19:42:17.164920,435.22
9617,2024-11-26 20:02:17.164456,434.64
9618,2024-11-26 20:22:17.160544,430.26
9619,2024-11-26 20:42:17.175939,430.07
9620,2024-11-26 21:02:17.167535,428.68
9621,2024-11-26 21:22:17.148002,427.99
9622,2024-11-26 21:42:17.170332,425.48
9623,2024-11-26 22:02:17.178213,425.48
9624,2024-11-26 22:22:17.175066,428.46
9625,2024-11-26 22:42:17.157498,428.91
9626,2024-11-26 23:02:17.174818,430.16
9627,2024-11-26 23:22:17.177663,432.9
9628,2024-11-26 23:42:17.148680,435.5
9629,2024-11-27 00:02:17.177798,435.96
9630,2024-11-27 00:02:17.177798,435.96
9631,2024-11-27 00:22:17.181339,436.49
9632,2024-11-27 00:42:17.163774,439.38
9633,2024-11-27 01:02:17.325182,439.46
9634,2024-11-27 01:22:17.148485,441.78
9635,2024-11-27 01:42:17.167954,443.22
9636,2024-11-27 02:02:17.161820,444.6
9637,2024-11-27 02:22:17.176675,444.55
9638,2024-11-27 02:42:17.173135,447.67
9639,2024-11-27 03:02:17.169360,445.94
9640,2024-11-27 03:22:17.157606,445.66
9641,2024-11-27 03:42:17.182574,443.84
9642,2024-11-27 04:02:17.170783,445.28
9643,2024-11-27 04:22:17.167784,448.56
9644,2024-11-27 04:42:16.978720,445.91
9645,2024-11-27 05:02:17.167028,447.28
9646,2024-11-27 05:22:17.166308,448.2
9647,2024-11-27 05:42:17.158911,448.54
9648,2024-11-27 06:02:17.167469,449.36
9649,2024-11-27 06:22:17.162141,448.01
9650,2024-11-27 06:42:17.173448,450.74
9651,2024-11-27 07:02:17.157382,449.6
9652,2024-11-27 07:22:17.166128,448.18
9653,2024-11-27 07:42:17.158411,449.7
9654,2024-11-27 08:02:17.157276,447.72
9655,2024-11-27 08:22:17.164820,449.59
9656,2024-11-27 08:42:17.162759,451.41
9657,2024-11-27 09:02:17.166511,451.91
9658,2024-11-27 10:22:17.163408,450.52
9659,2024-11-27 10:42:17.171333,452.25
9660,2024-11-27 11:02:17.171852,451.99
9661,2024-11-27 11:22:17.172719,454.4
9662,2024-11-27 11:42:17.184094,455.14
9663,2024-11-27 12:02:17.167097,455.84
9664,2024-11-27 12:22:17.154616,455.12
9665,2024-11-27 12:42:17.160017,459.01
9666,2024-11-27 13:02:17.163130,459.48
9667,2024-11-27 13:22:17.322834,458.68
9668,2024-11-27 13:42:17.194071,460.3
9669,2024-11-27 14:02:17.151982,461.64
9670,2024-11-27 14:22:17.148976,460.08
9671,2024-11-27 14:42:17.155248,461.15
9672,2024-11-27 15:02:17.165350,459.75
9673,2024-11-27 15:22:17.169442,459.34
9674,2024-11-27 15:42:17.200783,458.6
9675,2024-11-27 16:02:17.165397,457.32
9676,2024-11-27 16:22:17.172031,456.62
9677,2024-11-27 16:42:17.180440,454.95
9678,2024-11-27 17:02:17.178949,452.45
9679,2024-11-27 17:22:17.163717,452.74
9680,2024-11-27 17:42:17.165438,449.54
9681,2024-11-27 18:02:17.172665,450.32
9682,2024-11-27 18:22:17.171044,447.17
9683,2024-11-27 18:42:17.165175,448.79
9684,2024-11-27 19:22:17.163083,446.56
9685,2024-11-27 19:42:16.831879,444.84
9686,2024-11-27 20:02:17.167217,445.91
9687,2024-11-27 20:22:17.157622,441.9
9688,2024-11-27 20:42:17.165770,441.71
9689,2024-11-27 21:02:17.170333,441.84
9690,2024-11-27 21:22:17.154472,439.7
9691,2024-11-27 21:42:17.164189,436.3
9692,2024-11-27 22:02:16.879645,434.72
9693,2024-11-27 22:22:17.187306,434.76
9694,2024-11-27 22:42:17.168401,434.86
9695,2024-11-27 23:02:17.159860,434.74
9696,2024-11-27 23:22:17.166641,434.76
9697,2024-11-27 23:42:17.161209,436.04
9698,2024-11-28 00:02:17.175914,433.49
9699,2024-11-28 00:02:17.175914,433.49
9700,2024-11-28 00:22:17.014391,432.98
9701,2024-11-28 00:42:17.166333,432.94
9702,2024-11-28 01:02:17.161983,431.74
9703,2024-11-28 01:22:17.172805,433.16
9704,2024-11-28 01:42:17.159676,430.92
9705,2024-11-28 02:02:17.154267,432.14
9706,2024-11-28 02:22:17.164304,433.89
9707,2024-11-28 02:42:17.167863,432.44
9708,2024-11-28 03:02:17.171965,431.8
9709,2024-11-28 03:22:17.182516,430.18
9710,2024-11-28 03:42:17.185334,430.66
9711,2024-11-28 04:02:17.164111,430.9
9712,2024-11-28 04:22:17.180931,430.32
9713,2024-11-28 04:42:17.301427,431.2
9714,2024-11-28 05:02:17.183664,429.54
9715,2024-11-28 05:22:17.192933,431.16
9716,2024-11-28 05:42:17.153135,431.4
9717,2024-11-28 06:02:17.199473,435.22
9718,2024-11-28 06:22:17.166089,432.11
9719,2024-11-28 06:42:17.163586,391.51
9720,2024-11-28 07:02:17.152044,429.34
9721,2024-11-28 07:22:17.174948,429.72
9722,2024-11-28 07:42:17.154332,429.67
9723,2024-11-28 08:02:17.174633,427.96
9724,2024-11-28 08:22:17.177942,426.68
9725,2024-11-28 08:42:17.166180,426.68
9726,2024-11-28 09:02:17.164139,426.06
9727,2024-11-28 09:22:17.177337,424.06
9728,2024-11-28 09:42:16.958474,424.08
9729,2024-11-28 10:02:17.178605,423.75
9730,2024-11-28 10:22:17.187359,425.8
9731,2024-11-28 10:42:17.151007,424.16
9732,2024-11-28 11:02:17.168733,428.66
9733,2024-11-28 11:22:17.158782,426.7
9734,2024-11-28 11:42:17.171434,428.66
9735,2024-11-28 12:02:17.169984,429.14
9736,2024-11-28 12:22:17.161172,430.74
9737,2024-11-28 12:42:17.156667,432.31
9738,2024-11-28 13:02:17.182524,430.12
9739,2024-11-28 13:22:17.153186,428.48
9740,2024-11-28 13:42:17.152519,427.66
9741,2024-11-28 14:02:17.160853,429.53
9742,2024-11-28 14:22:17.050767,430.14
9743,2024-11-28 14:42:17.169907,430.14
9744,2024-11-28 15:02:17.194785,429.2
9745,2024-11-28 15:22:17.170147,432.28
9746,2024-11-28 15:42:17.159857,432.56
9747,2024-11-28 16:02:17.163241,432.15
9748,2024-11-28 16:22:17.180300,434.66
9749,2024-11-28 16:42:17.182127,434.32
9750,2024-11-28 17:42:17.158773,430.65
9751,2024-11-28 18:02:17.166163,427.96
9752,2024-11-28 18:22:17.162861,427.57
9753,2024-11-28 18:42:17.165413,429.72
9754,2024-11-28 19:02:17.165426,428.72
9755,2024-11-28 19:22:17.323025,428.62
9756,2024-11-28 19:42:17.164411,429.92
9757,2024-11-28 20:02:17.245003,432.87
9758,2024-11-28 20:22:17.168154,435.51
9759,2024-11-28 20:42:17.160493,435.44
9760,2024-11-28 21:02:17.171495,435.82
9761,2024-11-28 21:22:17.166577,437.24
9762,2024-11-28 21:42:17.181133,439.05
9763,2024-11-28 22:02:17.181622,439.73
9764,2024-11-28 22:22:17.172821,440.91
9765,2024-11-28 22:42:17.166857,442.62
9766,2024-11-28 23:02:17.151011,445.18
9767,2024-11-28 23:22:17.174102,446.88
9768,2024-11-28 23:42:17.164101,449.28
9769,2024-11-29 00:02:17.163478,450.25
9770,2024-11-29 00:02:17.163478,450.25
9771,2024-11-29 00:22:17.166777,451.71
9772,2024-11-29 00:42:17.166038,452.84
9773,2024-11-29 01:02:17.159992,456.28
9774,2024-11-29 01:22:17.170260,455.51
9775,2024-11-29 01:42:17.149424,458.34
9776,2024-11-29 02:02:17.179019,460.39
9777,2024-11-29 02:22:17.165136,458.0
9778,2024-11-29 02:42:17.160196,461.22
9779,2024-11-29 03:02:17.160732,462.24
9780,2024-11-29 03:22:17.175210,462.72
9781,2024-11-29 03:42:17.162541,463.51
9782,2024-11-29 04:02:17.157258,463.5
9783,2024-11-29 04:22:17.185799,463.86
9784,2024-11-29 04:42:17.231455,464.0
9785,2024-11-29 05:02:17.161563,466.06
9786,2024-11-29 20:02:17.174743,481.98
9787,2024-11-29 20:22:17.167548,481.94
9788,2024-11-29 20:42:17.148209,482.85
9789,2024-11-29 21:02:17.168131,483.74
9790,2024-11-29 21:22:17.164556,484.2
9791,2024-11-29 21:42:17.197971,484.36
9792,2024-11-29 22:02:17.168610,483.72
9793,2024-11-29 22:22:17.150959,484.64
9794,2024-11-29 22:42:17.179827,485.91
9795,2024-11-29 23:02:17.176212,483.84
9796,2024-11-29 23:22:17.175085,483.3
9797,2024-11-29 23:42:17.190500,484.86
9798,2024-11-30 00:02:17.159174,484.28
9799,2024-11-30 00:02:17.159174,484.28
9800,2024-11-30 00:22:17.171039,485.19
9801,2024-11-30 00:42:17.177168,484.47
9802,2024-11-30 01:22:17.160057,486.1
9803,2024-11-30 01:42:17.146819,483.82
9804,2024-11-30 02:02:17.191945,484.41
9805,2024-11-30 02:22:17.175060,484.91
9806,2024-11-30 02:42:17.169501,484.95
9807,2024-11-30 03:02:16.697526,485.55
9808,2024-11-30 03:22:17.406717,485.0
9809,2024-11-30 03:42:17.163492,485.64
9810,2024-11-30 04:02:17.167521,485.8
9811,2024-11-30 04:22:17.172461,487.24
9812,2024-11-30 04:42:17.232887,486.96
9813,2024-11-30 05:02:17.159600,487.38
9814,2024-11-30 05:22:17.157774,489.64
9815,2024-11-30 05:42:17.190525,486.22
9816,2024-11-30 06:02:17.167525,483.79
9817,2024-11-30 06:22:17.169509,478.13
9818,2024-11-30 06:42:17.169042,476.12
9819,2024-11-30 07:02:17.155651,473.76
9820,2024-11-30 07:22:17.165488,467.86
9821,2024-11-30 07:42:17.015183,464.92
9822,2024-11-30 08:02:17.166442,463.08
9823,2024-11-30 08:22:17.154077,460.53
9824,2024-11-30 08:42:17.167247,459.58
9825,2024-11-30 09:02:17.160081,459.68
9826,2024-11-30 09:22:17.174762,458.22
9827,2024-11-30 09:42:17.165801,457.82
9828,2024-11-30 10:02:17.158603,459.65
9829,2024-11-30 10:22:17.160755,462.78
9830,2024-11-30 10:42:17.165126,462.34
9831,2024-11-30 11:02:17.163561,466.1
9832,2024-11-30 11:22:17.168876,470.18
9833,2024-11-30 11:42:17.159642,470.8
9834,2024-11-30 12:02:17.162007,473.33
9835,2024-11-30 12:22:17.109124,474.12
9836,2024-11-30 12:42:17.173100,476.06
9837,2024-11-30 13:02:17.165971,475.78
9838,2024-11-30 13:22:17.165702,476.39
9839,2024-11-30 13:42:17.170569,475.29
9840,2024-11-30 14:02:17.154353,473.49
9841,2024-11-30 14:22:17.168062,471.48
9842,2024-11-30 14:42:17.176610,470.44
9843,2024-11-30 15:02:17.161861,470.48
9844,2024-11-30 15:22:17.164673,469.08
9845,2024-11-30 15:42:17.167385,469.37
9846,2024-11-30 16:02:17.167525,468.61
9847,2024-11-30 16:22:17.156556,467.36
9848,2024-11-30 16:42:17.172118,466.44
9849,2024-11-30 17:02:16.992481,462.06
9850,2024-11-30 17:22:17.175070,458.01
9851,2024-11-30 17:42:17.167248,455.8
9852,2024-11-30 18:02:17.177663,455.72
9853,2024-11-30 18:22:17.174306,451.16
9854,2024-11-30 18:42:17.167856,448.18
9855,2024-11-30 19:02:17.170952,446.73
9856,2024-11-30 19:22:16.714114,445.48
9857,2024-11-30 19:42:17.177254,442.34
9858,2024-11-30 20:02:17.153661,439.9
9859,2024-11-30 20:22:17.165257,440.82
9860,2024-11-30 20:42:17.161380,441.86
9861,2024-11-30 21:02:17.164310,445.22
9862,2024-11-30 21:22:17.171896,447.15
9863,2024-11-30 21:42:17.209692,447.57
9864,2024-11-30 22:02:17.166219,448.34
9865,2024-11-30 22:22:17.164048,448.0
9866,2024-11-30 22:42:17.166686,445.82
9867,2024-11-30 23:02:17.167320,446.45
9868,2024-11-30 23:22:17.170466,444.89
9869,2024-11-30 23:42:17.163789,442.88
9870,2024-12-01 00:02:17.165921,439.6
9871,2024-12-01 00:02:17.165921,439.6
9872,2024-12-01 00:22:17.173179,431.72
9873,2024-12-01 00:42:17.165307,430.4
9874,2024-12-01 01:02:17.171158,429.19
9875,2024-12-01 01:22:17.165364,425.76
9876,2024-12-01 01:42:17.155061,424.0
9877,2024-12-01 02:02:17.161613,422.76
9878,2024-12-01 02:22:17.158358,419.38
9879,2024-12-01 02:42:17.163934,418.23
9880,2024-12-01 03:02:17.163479,416.46
9881,2024-12-01 03:22:17.175662,417.74
9882,2024-12-01 03:42:17.164806,415.32
9883,2024-12-01 04:02:17.158866,417.64
9884,2024-12-01 04:22:17.161867,413.14
9885,2024-12-01 04:42:17.168688,411.31
9886,2024-12-01 05:02:17.164474,407.56
9887,2024-12-01 05:22:17.157761,405.38
9888,2024-12-01 05:42:17.164665,404.54
9889,2024-12-01 23:42:17.171151,401.33
9890,2024-12-02 00:22:17.187321,388.82
9891,2024-12-02 17:22:17.161718,393.32
9892,2024-12-02 17:42:17.164711,392.12
9893,2024-12-02 18:02:17.162156,390.39
9894,2024-12-02 18:22:17.166465,388.6
9895,2024-12-02 18:42:17.331910,389.9
9896,2024-12-02 19:02:17.164728,390.24
9897,2024-12-02 19:22:17.167628,389.38
9898,2024-12-02 19:42:16.844512,388.2
9899,2024-12-02 20:02:17.161063,386.23
9900,2024-12-02 20:22:17.161127,382.22
9901,2024-12-02 20:42:17.156583,382.94
9902,2024-12-02 21:02:17.161299,380.48
9903,2024-12-02 21:22:17.152196,380.42
9904,2024-12-02 21:42:17.155551,377.85
9905,2024-12-02 22:02:17.160588,380.17
9906,2024-12-02 22:22:17.163559,383.06
9907,2024-12-02 22:42:17.164512,383.94
9908,2024-12-02 23:02:17.160247,387.16
9909,2024-12-02 23:22:17.162020,390.18
9910,2024-12-02 23:42:17.160811,391.36
9911,2024-12-03 00:02:17.164398,392.7
9912,2024-12-03 00:02:17.164398,392.7
9913,2024-12-03 00:22:16.822253,394.62
9914,2024-12-03 00:42:17.187217,395.12
9915,2024-12-03 01:02:17.165595,396.48
9916,2024-12-03 01:22:17.158686,397.92
9917,2024-12-03 01:42:17.164922,398.79
9918,2024-12-03 02:02:17.156362,397.62
9919,2024-12-03 02:22:17.163292,394.17
9920,2024-12-03 02:42:17.170217,393.44
9921,2024-12-03 03:02:17.170307,392.12
9922,2024-12-03 03:22:17.164337,387.9
9923,2024-12-03 03:42:17.170838,383.87
9924,2024-12-03 04:02:17.165618,382.49
9925,2024-12-03 04:22:17.162018,380.98
9926,2024-12-03 04:42:17.162930,379.62
9927,2024-12-03 05:02:17.163612,379.36
9928,2024-12-03 05:22:17.190025,379.12
9929,2024-12-03 05:42:17.165805,378.1
9930,2024-12-03 06:02:17.290644,381.3
9931,2024-12-03 06:22:17.160885,383.05
9932,2024-12-03 07:02:17.163505,379.88
9933,2024-12-03 07:22:17.160490,377.8
9934,2024-12-03 07:42:17.156454,378.3
9935,2024-12-03 08:02:17.160406,377.77
9936,2024-12-03 08:22:17.160484,379.13
9937,2024-12-03 08:42:17.163178,381.15
9938,2024-12-03 09:02:17.154836,384.74
9939,2024-12-03 09:22:17.493529,385.12
9940,2024-12-03 09:42:17.164041,385.78
9941,2024-12-03 10:02:17.168450,389.35
9942,2024-12-03 10:22:17.163291,390.56
9943,2024-12-03 10:42:17.162152,393.84
9944,2024-12-03 11:02:17.167872,392.7
9945,2024-12-03 11:22:17.155210,392.7
9946,2024-12-03 11:42:17.170604,393.68
9947,2024-12-03 12:02:17.177560,394.05
9948,2024-12-03 12:22:17.173113,394.01
9949,2024-12-03 12:42:17.286012,392.1
9950,2024-12-03 13:02:17.136341,391.42
9951,2024-12-03 13:22:17.163204,389.78
9952,2024-12-03 13:42:17.169097,386.46
9953,2024-12-03 14:02:17.161488,384.44
9954,2024-12-03 14:22:17.164713,382.54
9955,2024-12-03 14:42:17.164865,381.24
9956,2024-12-03 15:02:17.165089,380.55
9957,2024-12-03 15:22:17.156525,378.22
9958,2024-12-03 15:42:17.170827,375.93
9959,2024-12-03 16:02:17.161647,375.02
9960,2024-12-03 16:22:17.166062,372.58
9961,2024-12-03 16:42:17.163279,372.72
9962,2024-12-03 17:02:17.170795,373.18
9963,2024-12-03 17:22:17.169480,374.53
9964,2024-12-03 17:42:17.157754,373.69
9965,2024-12-03 18:02:17.168277,374.02
9966,2024-12-03 18:22:17.160208,377.22
9967,2024-12-03 18:42:16.704157,373.15
9968,2024-12-03 19:02:17.166756,373.32
9969,2024-12-03 19:22:17.163077,373.28
9970,2024-12-03 19:42:17.164687,372.99
9971,2024-12-03 20:02:17.164389,374.29
9972,2024-12-03 20:22:17.153770,375.96
9973,2024-12-03 20:42:17.162935,376.66
9974,2024-12-03 21:02:17.145388,375.96
9975,2024-12-03 21:22:17.187983,379.44
9976,2024-12-03 21:42:17.199703,382.82
9977,2024-12-03 22:22:17.161239,385.02
9978,2024-12-03 22:42:17.166162,385.17
9979,2024-12-03 23:02:17.162797,385.21
9980,2024-12-04 00:02:17.163496,380.34
9981,2024-12-04 23:42:17.161579,349.36
9982,2024-12-05 00:02:17.157311,353.08
9983,2024-12-05 16:02:17.161000,378.28
9984,2024-12-05 16:22:17.162394,382.76
9985,2024-12-05 23:42:17.155263,402.1
9986,2024-12-06 00:02:17.160659,404.92
9987,2024-12-06 04:42:17.158920,363.04
9988,2024-12-06 05:02:17.342473,362.62
9989,2024-12-06 05:22:17.159960,366.08
9990,2024-12-06 05:42:17.157547,370.52
9991,2024-12-06 06:02:17.175325,374.95
9992,2024-12-06 23:42:17.162878,434.65
9993,2024-12-07 00:22:17.161071,434.35
9994,2024-12-07 07:42:17.164490,435.34
9995,2024-12-07 23:42:17.162149,341.29
9996,2024-12-08 00:02:17.167160,339.9
9997,2024-12-08 08:42:17.157805,333.73
9998,2024-12-08 09:02:17.167612,334.5
9999,2024-12-08 09:22:17.162340,337.5
10000,2024-12-08 09:42:17.164790,337.7
10001,2024-12-08 23:42:17.179378,363.71
10002,2024-12-09 00:02:17.163132,362.64
10003,2024-12-09 23:42:17.171950,382.18
10004,2024-12-10 00:02:17.182148,384.94
10005,2024-12-10 23:22:17.167041,429.29
10006,2024-12-11 00:02:17.170393,434.2
10007,2024-12-11 23:42:17.416760,398.52
10008,2024-12-12 00:02:17.158230,405.84
10009,2024-12-12 23:42:17.156435,379.21
10010,2024-12-13 00:02:17.155215,378.45
10011,2024-12-13 23:42:17.161273,342.24
10012,2024-12-14 00:02:17.161323,341.38
10013,2024-12-14 23:42:17.175905,358.9
10014,2024-12-15 00:02:17.160134,359.24
10015,2024-12-15 23:42:17.163614,411.62
10016,2024-12-16 00:02:17.159215,413.23
10017,2024-12-16 23:42:17.178978,439.38
10018,2024-12-17 00:02:17.181855,440.82
10019,2024-12-17 23:42:16.738338,419.22
10020,2024-12-18 00:02:17.161623,420.88
10021,2024-12-18 23:42:17.159275,380.2
10022,2024-12-19 00:02:17.160836,380.54
10023,2024-12-19 23:42:17.162325,394.65
10024,2024-12-20 00:02:17.171693,390.89
10025,2024-12-20 23:42:17.169030,434.76
10026,2024-12-21 00:02:17.166256,434.5
10027,2024-12-21 23:42:17.156234,378.64
10028,2024-12-22 00:02:17.167147,379.6
10029,2024-12-22 23:42:17.164343,405.07
10030,2024-12-23 00:02:17.171241,404.44
10031,2024-12-23 23:22:17.161022,381.16
10032,2024-12-24 00:02:17.159314,389.0
10033,2024-12-24 23:42:17.155833,409.12
10034,2024-12-25 00:02:17.182298,411.84
10035,2024-12-25 23:42:17.166358,411.7
10036,2024-12-26 00:02:16.895660,412.64
10037,2024-12-26 23:42:17.166889,517.5
10038,2024-12-27 00:02:17.171276,515.6
10039,2024-12-27 23:42:17.161184,514.24
10040,2024-12-28 00:02:17.163470,519.48
10041,2024-12-28 23:42:17.167051,549.62
10042,2024-12-29 00:02:17.166265,550.23
10043,2024-12-29 18:22:17.166756,571.4
10044,2024-12-29 18:42:17.152300,573.69
10045,2024-12-29 23:42:17.169973,571.59
10046,2024-12-30 00:02:17.172857,573.36
10047,2024-12-30 23:42:17.161276,588.52
10048,2024-12-31 00:02:17.154737,591.15
10049,2024-12-31 10:42:17.158683,598.79
10050,2024-12-31 15:02:17.160410,603.77
10051,2024-12-31 21:42:17.154780,595.2
10052,2024-12-31 22:02:17.155801,597.8
10053,2024-12-31 22:22:17.159686,596.48
10054,2024-12-31 22:42:17.158069,600.0
10055,2024-12-31 23:42:17.157631,599.42
0,2025-01-01 08:22:17.167453,595.8
1,2025-01-01 21:42:17.145602,568.82
2,2025-01-01 22:02:16.798867,570.45
3,2025-01-01 22:22:17.159843,573.76
4,2025-01-01 22:42:17.154004,575.86
5,2025-01-01 23:42:17.142223,570.48
6,2025-01-02 00:02:17.143447,569.45
7,2025-01-02 08:22:16.838790,560.92
8,2025-01-02 22:42:17.383259,569.02
9,2025-01-02 23:02:17.157680,568.46
10,2025-01-02 23:42:17.167426,571.04
11,2025-01-03 00:02:17.162795,570.94
12,2025-01-03 09:22:17.153000,528.12
13,2025-01-03 09:42:17.164042,534.96
14,2025-01-03 10:02:17.171905,539.26
15,2025-01-03 21:02:17.163618,568.97
16,2025-01-03 23:42:17.160533,564.2
17,2025-01-04 00:02:17.177918,561.78
18,2025-01-04 21:22:17.162529,483.92
19,2025-01-04 23:42:17.159181,476.98
20,2025-01-05 00:02:17.354666,478.02
21,2025-01-05 10:22:17.165993,428.36
22,2025-01-05 23:42:17.160254,438.16
23,2025-01-06 00:02:17.161475,440.05
24,2025-01-06 14:42:17.230341,446.61
25,2025-01-06 23:42:17.283562,446.0
26,2025-01-07 00:02:17.159435,446.64
27,2025-01-07 23:42:17.161594,411.62
28,2025-01-08 00:02:17.156128,411.71
29,2025-01-08 05:02:17.164697,392.66
30,2025-01-08 18:42:17.153224,377.53
31,2025-01-08 23:42:17.174583,365.24
32,2025-01-09 00:02:17.159395,364.1
33,2025-01-09 20:22:17.150066,371.99
34,2025-01-09 23:42:17.152459,378.72
35,2025-01-10 00:02:17.151807,381.3
36,2025-01-10 13:22:17.163263,423.83
37,2025-01-10 13:42:17.159908,427.0
38,2025-01-10 23:42:17.112886,457.23
39,2025-01-11 00:02:17.163965,460.54
40,2025-01-11 03:02:17.160219,466.44
41,2025-01-11 14:42:17.158929,487.49
42,2025-01-11 23:42:17.160710,461.88
43,2025-01-12 00:02:17.157516,464.94
44,2025-01-12 16:02:17.153238,450.16
45,2025-01-12 23:42:17.164916,449.66
46,2025-01-13 00:02:17.160116,449.68
47,2025-01-13 18:22:17.162657,425.72
48,2025-01-13 23:42:17.193366,415.26
49,2025-01-14 00:02:17.172231,421.65
50,2025-01-14 06:42:17.160903,501.86
51,2025-01-14 23:42:17.160330,464.31
52,2025-01-15 00:02:17.167124,463.49
53,2025-01-15 07:42:17.164626,469.66
54,2025-01-15 23:42:17.159807,418.82
55,2025-01-16 00:02:17.164279,418.14
56,2025-01-16 09:42:17.164420,377.5
57,2025-01-16 23:22:17.182168,419.32
58,2025-01-16 23:42:17.166565,425.68
59,2025-01-17 00:02:17.169960,428.04
60,2025-01-17 12:22:17.162110,383.89
61,2025-01-17 23:42:17.169070,376.25
62,2025-01-18 00:02:17.152687,378.53
63,2025-01-18 01:42:17.163288,383.2
64,2025-01-18 02:02:17.160379,380.17
65,2025-01-18 23:42:17.152170,378.7
66,2025-01-19 00:02:17.160131,382.27
67,2025-01-19 18:42:17.153701,452.34
68,2025-01-19 23:42:17.168088,454.12
69,2025-01-20 11:42:17.161152,513.51
70,2025-01-20 23:42:17.155330,456.18
71,2025-01-21 16:22:17.162660,402.8
72,2025-01-21 16:42:17.162989,406.46
73,2025-01-21 17:02:17.160429,410.82
74,2025-01-21 17:22:17.164041,413.14
75,2025-01-21 17:42:17.160745,415.64
76,2025-01-21 18:02:17.166065,418.43
77,2025-01-21 18:22:17.157714,421.43
78,2025-01-21 18:42:17.167445,424.34
79,2025-01-21 19:02:17.165649,429.9
80,2025-01-21 19:22:17.164336,436.02
81,2025-01-21 19:42:17.166743,440.14
82,2025-01-21 20:02:17.159478,444.58
83,2025-01-21 20:22:17.153669,449.64
84,2025-01-21 20:42:17.163621,452.66
85,2025-01-21 21:02:17.171643,452.64
86,2025-01-21 21:22:17.162998,456.48
87,2025-01-21 21:42:17.165676,456.07
88,2025-01-21 22:02:17.160868,453.51
89,2025-01-21 22:22:17.167492,453.94
90,2025-01-21 22:42:17.166740,455.01
91,2025-01-21 23:02:17.153865,456.6
92,2025-01-21 23:22:17.172430,458.44
93,2025-01-21 23:42:17.162647,457.32
94,2025-01-22 00:02:17.183617,461.47
95,2025-01-22 00:22:17.162378,467.42
96,2025-01-22 00:42:17.157015,471.41
97,2025-01-22 01:02:17.161674,473.66
98,2025-01-22 01:22:17.168925,475.22
99,2025-01-22 01:42:17.161290,477.24
100,2025-01-22 02:02:17.153884,478.5
101,2025-01-22 02:22:16.883022,480.96
102,2025-01-22 02:42:17.161396,482.95
103,2025-01-22 03:02:17.164174,486.04
104,2025-01-22 03:22:17.162765,486.98
105,2025-01-22 03:42:17.164758,486.4
106,2025-01-22 04:02:17.166394,481.68
107,2025-01-22 04:22:17.169917,476.14
108,2025-01-22 04:42:17.428090,471.13
109,2025-01-22 05:02:17.161908,468.45
110,2025-01-22 05:22:17.156113,468.68
111,2025-01-22 05:42:17.167653,469.38
112,2025-01-22 06:02:17.183678,471.94
113,2025-01-22 06:22:17.173541,475.21
114,2025-01-22 06:42:17.169813,477.0
115,2025-01-22 07:02:17.148981,479.66
116,2025-01-22 07:22:17.164877,483.64
117,2025-01-22 07:42:17.156694,485.22
118,2025-01-22 08:02:17.170420,487.96
119,2025-01-22 08:22:17.169437,487.32
120,2025-01-22 08:42:17.168191,486.75
121,2025-01-22 09:02:17.163441,479.62
122,2025-01-22 09:22:17.152457,472.12
123,2025-01-22 09:42:17.164058,461.66
124,2025-01-22 10:02:17.174404,450.68
125,2025-01-22 10:22:17.177188,436.68
126,2025-01-22 10:42:17.158802,427.71
127,2025-01-22 11:02:17.149608,422.11
128,2025-01-22 11:22:17.178990,413.78
129,2025-01-22 11:42:17.167485,404.33
130,2025-01-22 12:02:17.168535,399.78
131,2025-01-22 12:22:17.160978,393.8
132,2025-01-22 12:42:17.178389,381.46
133,2025-01-22 13:02:17.160022,374.44
134,2025-01-22 13:22:17.164608,368.02
135,2025-01-22 13:42:17.162011,363.53
136,2025-01-22 14:02:17.155613,361.6
137,2025-01-22 14:22:17.158399,360.66
138,2025-01-22 14:42:17.157912,356.88
139,2025-01-22 15:02:17.164529,354.98
140,2025-01-22 15:22:17.172966,353.76
141,2025-01-22 15:42:17.160981,355.08
142,2025-01-22 16:02:17.164610,352.98
143,2025-01-22 16:22:17.156854,352.54
144,2025-01-22 16:42:17.155023,353.54
145,2025-01-22 17:02:17.156333,351.9
146,2025-01-22 17:22:17.152832,345.99
147,2025-01-22 17:42:17.163492,342.28
148,2025-01-22 18:02:17.167242,338.85
149,2025-01-22 18:22:17.161436,335.36
150,2025-01-22 18:42:17.160240,332.94
151,2025-01-22 19:02:17.177294,331.8
152,2025-01-22 19:22:17.164492,331.72
153,2025-01-22 19:42:17.156089,332.56
154,2025-01-22 20:02:17.169482,335.6
155,2025-01-22 20:22:17.158236,342.32
156,2025-01-22 20:42:17.165359,347.06
157,2025-01-22 21:02:17.163777,352.06
158,2025-01-22 21:22:17.156293,353.56
159,2025-01-22 21:42:17.403097,356.01
160,2025-01-22 22:02:17.163245,359.31
161,2025-01-22 22:22:17.162705,363.36
162,2025-01-22 22:42:17.164907,367.98
163,2025-01-22 23:02:17.161843,368.5
164,2025-01-22 23:22:17.176039,369.96
165,2025-01-22 23:42:17.153634,368.85
166,2025-01-23 00:02:17.159633,365.99
167,2025-01-23 00:22:17.162986,361.07
168,2025-01-23 00:42:17.157926,360.38
169,2025-01-23 01:02:17.159172,356.82
170,2025-01-23 01:22:17.166764,357.54
171,2025-01-23 01:42:17.170334,353.5
172,2025-01-23 02:02:17.164112,351.25
173,2025-01-23 02:22:17.143876,347.44
174,2025-01-23 02:42:17.156848,344.89
175,2025-01-23 03:02:17.158748,338.82
176,2025-01-23 03:22:17.169997,333.32
177,2025-01-23 03:42:17.151901,331.74
178,2025-01-23 04:02:17.152147,327.51
179,2025-01-23 04:22:17.159811,324.87
180,2025-01-23 04:42:17.160081,324.16
181,2025-01-23 05:02:17.176558,323.83
182,2025-01-23 05:22:17.156683,323.34
183,2025-01-23 05:42:17.167842,324.96
184,2025-01-23 06:02:17.153506,321.88
185,2025-01-23 06:22:17.183139,322.32
186,2025-01-23 06:42:17.165279,324.92
187,2025-01-23 07:02:17.166019,323.39
188,2025-01-23 07:22:17.172748,324.58
189,2025-01-23 07:42:17.159654,327.76
190,2025-01-23 08:02:17.154266,329.18
191,2025-01-23 08:22:17.150030,328.86
192,2025-01-23 08:42:17.163759,331.36
193,2025-01-23 09:02:17.161211,333.5
194,2025-01-23 09:22:16.907953,336.65
195,2025-01-23 09:42:17.154096,338.56
196,2025-01-23 10:02:17.163798,339.32
197,2025-01-23 10:22:17.153563,341.28
198,2025-01-23 10:42:17.170633,344.3
199,2025-01-23 11:02:17.165066,349.26
200,2025-01-23 11:22:17.163340,349.43
201,2025-01-23 11:42:17.013728,351.31
202,2025-01-23 12:02:17.163611,352.82
203,2025-01-23 12:22:17.161006,352.28
204,2025-01-23 12:42:17.143047,352.98
205,2025-01-23 13:02:17.155013,353.06
206,2025-01-23 13:22:17.157601,352.32
207,2025-01-23 13:42:17.157408,347.64
208,2025-01-23 14:02:17.157969,345.12
209,2025-01-23 14:22:17.160239,342.7
210,2025-01-23 14:42:17.159648,342.76
211,2025-01-23 15:02:17.167331,344.47
212,2025-01-23 15:22:17.367344,344.38
213,2025-01-23 15:42:17.166814,344.59
214,2025-01-23 16:02:17.162053,342.13
215,2025-01-23 16:22:17.009816,342.4
216,2025-01-23 16:42:17.173383,343.44
217,2025-01-23 17:02:17.156034,344.26
218,2025-01-23 17:22:17.162309,338.68
219,2025-01-23 17:42:17.157562,339.49
220,2025-01-23 18:02:17.282181,341.24
221,2025-01-23 18:22:17.158947,344.22
222,2025-01-23 18:42:17.171175,348.02
223,2025-01-23 19:02:17.161057,351.06
224,2025-01-23 19:22:17.157754,352.74
225,2025-01-23 19:42:17.158924,353.61
226,2025-01-23 20:02:17.161107,353.55
227,2025-01-23 20:22:17.159294,353.1
228,2025-01-23 20:42:17.159548,351.84
229,2025-01-23 21:02:16.990410,352.6
230,2025-01-23 21:22:17.155879,354.12
231,2025-01-23 21:42:17.164838,354.91
232,2025-01-23 22:02:17.159869,355.06
233,2025-01-23 22:22:17.147440,354.76
234,2025-01-23 22:42:17.162254,352.43
235,2025-01-23 23:02:17.148541,353.24
236,2025-01-23 23:22:17.164646,351.46
237,2025-01-23 23:42:17.176667,351.26
238,2025-01-24 00:02:17.160494,353.74
239,2025-01-24 00:22:17.153601,356.98
240,2025-01-24 00:42:17.160936,357.12
241,2025-01-24 01:02:17.166394,359.62
242,2025-01-24 01:22:17.160903,361.82
243,2025-01-24 01:42:17.150338,362.48
244,2025-01-24 02:02:17.159887,361.14
245,2025-01-24 02:22:17.160661,361.5
246,2025-01-24 02:42:17.151485,360.72
247,2025-01-24 03:02:17.160415,359.48
248,2025-01-24 03:22:17.158211,355.34
249,2025-01-24 03:42:17.155665,354.98
250,2025-01-24 04:02:17.158714,353.02
251,2025-01-24 04:22:17.364396,351.72
252,2025-01-24 04:42:17.150610,351.08
253,2025-01-24 05:02:17.150964,352.53
254,2025-01-24 05:22:17.176808,352.26
255,2025-01-24 05:42:17.159391,351.18
256,2025-01-24 06:02:17.168184,351.08
257,2025-01-24 06:22:17.123860,350.86
258,2025-01-24 06:42:17.165748,352.97
259,2025-01-24 07:02:17.175777,353.1
260,2025-01-24 07:22:17.162557,355.2
261,2025-01-24 07:42:17.155702,356.0
262,2025-01-24 08:02:17.162349,355.94
263,2025-01-24 08:22:17.160907,355.88
264,2025-01-24 08:42:17.157078,356.48
265,2025-01-24 09:02:17.163553,359.07
266,2025-01-24 09:22:17.146726,360.87
267,2025-01-24 09:42:17.185227,360.49
268,2025-01-24 10:02:17.164920,361.34
269,2025-01-24 10:22:17.173274,361.72
270,2025-01-24 10:42:17.171548,360.62
271,2025-01-24 11:02:17.156234,362.48
272,2025-01-24 11:22:17.171321,361.24
273,2025-01-24 11:42:17.153664,360.42
274,2025-01-24 12:02:17.162431,360.67
275,2025-01-24 12:22:17.152754,358.1
276,2025-01-24 12:42:17.155704,360.08
277,2025-01-24 13:02:17.166793,357.8
278,2025-01-24 13:22:17.158997,360.02
279,2025-01-24 13:42:17.159773,362.23
280,2025-01-24 14:02:17.171621,364.08
281,2025-01-24 14:22:17.166156,363.66
282,2025-01-24 14:42:17.167633,364.62
283,2025-01-24 15:02:17.165085,363.9
284,2025-01-24 15:22:17.154722,364.32
285,2025-01-24 15:42:17.183698,364.63
286,2025-01-24 16:02:17.161332,364.45
287,2025-01-24 16:22:17.161022,364.42
288,2025-01-24 16:42:17.157699,362.33
289,2025-01-24 17:02:17.164355,363.2
290,2025-01-24 17:22:17.346659,363.3
291,2025-01-24 17:42:17.163260,361.82
292,2025-01-24 18:02:17.162810,361.97
293,2025-01-24 18:22:17.161602,361.74
294,2025-01-24 18:42:17.159823,359.62
295,2025-01-24 19:02:17.158548,359.9
296,2025-01-24 19:22:17.158084,357.14
297,2025-01-24 19:42:17.167183,356.22
298,2025-01-24 20:02:17.164103,355.68
299,2025-01-24 20:22:17.172979,352.77
300,2025-01-24 20:42:17.178919,352.41
301,2025-01-24 21:02:17.154662,350.23
302,2025-01-24 21:22:17.164907,348.5
303,2025-01-24 21:42:17.189059,348.92
304,2025-01-24 22:02:17.184273,346.92
305,2025-01-24 22:22:17.165249,344.48
306,2025-01-24 22:42:17.170879,341.75
307,2025-01-24 23:02:17.159443,339.62
308,2025-01-24 23:22:17.141960,338.35
309,2025-01-24 23:42:17.090787,337.03
310,2025-01-25 00:02:17.156825,336.34
311,2025-01-25 00:22:17.175559,336.0
312,2025-01-25 00:42:17.166513,334.52
313,2025-01-25 01:02:17.170173,332.15
314,2025-01-25 01:22:17.180620,328.98
315,2025-01-25 01:42:17.168960,328.65
316,2025-01-25 02:02:17.165700,329.89
317,2025-01-25 02:22:17.157295,326.3
318,2025-01-25 02:42:17.184798,326.08
319,2025-01-25 03:02:17.144707,325.1
320,2025-01-25 03:22:17.157181,323.32
321,2025-01-25 03:42:17.171154,324.5
322,2025-01-25 04:02:17.156496,325.65
323,2025-01-25 04:22:17.162559,328.03
324,2025-01-25 04:42:17.162487,329.7
325,2025-01-25 05:02:17.165479,329.06
326,2025-01-25 05:22:16.975903,329.52
327,2025-01-25 05:42:17.158105,332.93
328,2025-01-25 06:02:17.166012,331.09
329,2025-01-25 06:22:17.160460,333.53
330,2025-01-25 06:42:17.176091,330.14
331,2025-01-25 07:02:17.371121,334.08
332,2025-01-25 07:22:17.165578,336.3
333,2025-01-25 07:42:17.160215,337.86
334,2025-01-25 08:02:17.155071,337.11
335,2025-01-25 08:22:17.160628,336.86
336,2025-01-25 08:42:17.162363,336.29
337,2025-01-25 09:02:17.148368,336.84
338,2025-01-25 09:22:17.158252,336.4
339,2025-01-25 09:42:17.175691,334.08
340,2025-01-25 10:02:17.170873,334.24
341,2025-01-25 10:22:17.164971,333.5
342,2025-01-25 10:42:17.159637,333.08
343,2025-01-25 11:02:17.151832,333.0
344,2025-01-25 11:22:17.161900,334.33
345,2025-01-25 11:42:17.156442,335.78
346,2025-01-25 12:02:17.155499,335.74
347,2025-01-25 12:22:17.170073,336.3
348,2025-01-25 12:42:17.153803,334.56
349,2025-01-25 13:02:17.162445,331.88
350,2025-01-25 13:22:16.707772,331.68
351,2025-01-25 13:42:17.159712,332.51
352,2025-01-25 14:02:17.176251,333.39
353,2025-01-25 14:22:17.163696,331.1
354,2025-01-25 14:42:17.158254,333.34
355,2025-01-25 15:02:17.158604,332.0
356,2025-01-25 15:22:17.158732,331.6
357,2025-01-25 15:42:17.147279,329.0
358,2025-01-25 16:02:17.162405,328.74
359,2025-01-25 16:22:17.176893,327.99
360,2025-01-25 16:42:17.177508,328.44
361,2025-01-25 17:02:17.161362,327.3
362,2025-01-25 17:22:17.160024,327.62
363,2025-01-25 17:42:17.161546,327.76
364,2025-01-25 18:02:17.155327,326.26
365,2025-01-25 18:22:17.166443,327.82
366,2025-01-25 18:42:17.156097,326.92
367,2025-01-25 19:02:17.162478,326.41
368,2025-01-25 19:22:17.146516,328.51
369,2025-01-25 19:42:17.198619,328.31
370,2025-01-25 20:02:17.162088,328.06
371,2025-01-25 20:22:17.157158,327.78
372,2025-01-25 20:42:17.223354,326.28
373,2025-01-25 21:02:17.164234,329.32
374,2025-01-25 21:22:17.167091,328.34
375,2025-01-25 21:42:17.157975,327.49
376,2025-01-25 22:02:17.151980,326.05
377,2025-01-25 22:22:17.157505,325.85
378,2025-01-25 22:42:17.159721,327.58
379,2025-01-25 23:02:17.163377,326.2
380,2025-01-25 23:22:17.160369,324.8
381,2025-01-25 23:42:17.392720,324.66
382,2025-01-26 00:02:17.159557,325.06
383,2025-01-26 00:22:17.163423,325.24
384,2025-01-26 00:42:17.164259,324.41
385,2025-01-26 01:02:17.164659,324.44
386,2025-01-26 01:22:17.172106,321.54
387,2025-01-26 01:42:17.183416,320.22
388,2025-01-26 02:02:17.159228,319.86
389,2025-01-26 02:22:17.160882,319.68
390,2025-01-26 02:42:17.159338,318.42
391,2025-01-26 03:02:17.169679,318.38
392,2025-01-26 03:22:17.170690,316.74
393,2025-01-26 03:42:17.164308,315.53
394,2025-01-26 04:02:17.171298,314.87
395,2025-01-26 04:22:17.147518,314.0
396,2025-01-26 04:42:17.153692,312.24
397,2025-01-26 05:02:17.169749,313.28
398,2025-01-26 05:22:17.161281,313.12
399,2025-01-26 05:42:17.160094,312.93
400,2025-01-26 06:02:17.155268,311.81
401,2025-01-26 06:22:17.159541,313.23
402,2025-01-26 06:42:16.682090,311.71
403,2025-01-26 07:02:17.180913,311.74
404,2025-01-26 07:22:17.175634,310.58
405,2025-01-26 07:42:17.170346,312.2
406,2025-01-26 08:02:17.163254,312.64
407,2025-01-26 08:22:17.168436,312.14
408,2025-01-26 08:42:17.176460,312.59
409,2025-01-26 09:02:17.159827,311.9
410,2025-01-26 09:22:17.165281,309.88
411,2025-01-26 09:42:17.164206,311.66
412,2025-01-26 10:02:17.177658,311.66
413,2025-01-26 10:22:17.163059,311.98
414,2025-01-26 10:42:17.166696,313.53
415,2025-01-26 11:02:17.157726,314.82
416,2025-01-26 11:22:17.162480,315.12
417,2025-01-26 11:42:17.160123,316.07
418,2025-01-26 12:02:17.157495,316.48
419,2025-01-26 12:22:17.161859,319.94
420,2025-01-26 12:42:17.172396,320.92
421,2025-01-26 13:02:17.171427,322.95
422,2025-01-26 13:22:17.161041,325.55
423,2025-01-26 13:42:17.042775,326.9
424,2025-01-26 14:02:17.150165,327.93
425,2025-01-26 14:22:17.159126,328.06
426,2025-01-26 14:42:17.192165,327.86
427,2025-01-26 15:02:17.164507,328.4
428,2025-01-26 15:22:17.167519,330.98
429,2025-01-26 15:42:17.154808,332.83
430,2025-01-26 16:02:17.172323,333.67
431,2025-01-26 16:22:17.362790,334.24
432,2025-01-26 16:42:17.164770,335.6
433,2025-01-26 17:02:17.179770,337.42
434,2025-01-26 17:22:17.158550,340.02
435,2025-01-26 17:42:17.158325,340.74
436,2025-01-26 18:02:17.162206,341.19
437,2025-01-26 18:22:17.156493,342.71
438,2025-01-26 18:42:17.165414,342.63
439,2025-01-26 19:02:17.162077,345.93
440,2025-01-26 19:22:17.156551,346.4
441,2025-01-26 19:42:17.161619,347.3
442,2025-01-26 20:02:17.156196,346.44
443,2025-01-26 20:22:17.169146,348.98
444,2025-01-26 20:42:17.165106,347.45
445,2025-01-26 21:02:17.163996,349.74
446,2025-01-26 21:22:17.160687,350.68
447,2025-01-26 21:42:17.172966,352.26
448,2025-01-26 22:02:17.151080,354.82
449,2025-01-26 22:22:17.143786,353.46
450,2025-01-26 22:42:17.157448,352.84
451,2025-01-26 23:02:17.175077,349.8
452,2025-01-26 23:22:17.158283,347.16
453,2025-01-26 23:42:17.174825,343.44
454,2025-01-27 00:02:16.929094,339.75
455,2025-01-27 00:22:17.164548,342.28
456,2025-01-27 00:42:17.332951,340.2
457,2025-01-27 01:02:17.162142,342.76
458,2025-01-27 01:22:17.164043,343.22
459,2025-01-27 01:42:17.165695,340.9
460,2025-01-27 02:02:17.166054,341.52
461,2025-01-27 02:22:17.163113,340.77
462,2025-01-27 02:42:17.168214,337.38
463,2025-01-27 03:02:17.152022,335.9
464,2025-01-27 03:22:17.158815,334.0
465,2025-01-27 03:42:17.160057,330.78
466,2025-01-27 04:02:17.170050,331.09
467,2025-01-27 04:22:17.163231,329.5
468,2025-01-27 04:42:17.160131,329.2
469,2025-01-27 05:02:17.165618,329.28
470,2025-01-27 05:22:17.162715,327.68
471,2025-01-27 05:42:17.166520,330.62
472,2025-01-27 06:02:17.192808,334.26
473,2025-01-27 06:22:17.157989,336.99
474,2025-01-27 06:42:17.160291,339.47
475,2025-01-27 07:02:17.159694,341.84
476,2025-01-27 07:22:17.157681,343.49
477,2025-01-27 07:42:17.169917,345.64
478,2025-01-27 08:02:17.168584,346.1
479,2025-01-27 08:22:17.158962,350.14
480,2025-01-27 08:42:17.144532,351.93
481,2025-01-27 09:02:17.160959,353.42
482,2025-01-27 09:22:17.171717,353.78
483,2025-01-27 09:42:17.157548,354.7
484,2025-01-27 10:02:17.164674,355.4
485,2025-01-27 10:22:17.166909,358.08
486,2025-01-27 10:42:17.162419,356.8
487,2025-01-27 11:02:17.171824,358.76
488,2025-01-27 11:22:17.162617,357.23
489,2025-01-27 11:42:17.155562,357.29
490,2025-01-27 12:02:17.170261,357.57
491,2025-01-27 12:22:17.175978,357.04
492,2025-01-27 12:42:16.645134,359.0
493,2025-01-27 13:02:17.181230,358.6
494,2025-01-27 13:22:17.157142,358.16
495,2025-01-27 13:42:17.152110,357.57
496,2025-01-27 14:02:17.159590,356.74
497,2025-01-27 14:22:17.159721,354.69
498,2025-01-27 14:42:17.163352,350.68
499,2025-01-27 15:02:17.159219,347.66
500,2025-01-27 15:22:17.382763,343.92
501,2025-01-27 15:42:17.163820,342.2
502,2025-01-27 16:02:17.155996,340.8
503,2025-01-27 16:22:17.163053,339.8
504,2025-01-27 16:42:17.162518,337.28
505,2025-01-27 17:02:17.153549,335.48
506,2025-01-27 17:22:16.880505,331.46
507,2025-01-27 17:42:17.161949,333.64
508,2025-01-27 18:02:17.157819,333.82
509,2025-01-27 18:22:17.171425,334.1
510,2025-01-27 18:42:17.164923,334.16
511,2025-01-27 19:02:17.166823,336.98
512,2025-01-27 19:22:17.161098,339.96
513,2025-01-27 19:42:17.161013,343.54
514,2025-01-27 20:02:17.180260,343.86
515,2025-01-27 20:22:17.155086,340.58
516,2025-01-27 20:42:17.159914,339.11
517,2025-01-27 21:02:17.153810,337.4
518,2025-01-27 21:22:17.156126,334.58
519,2025-01-27 21:42:17.147953,331.5
520,2025-01-27 22:02:17.179310,329.94
521,2025-01-27 22:22:17.163384,331.26
522,2025-01-27 22:42:17.162255,330.88
523,2025-01-27 23:02:17.159201,329.88
524,2025-01-27 23:22:17.158355,332.16
525,2025-01-27 23:42:17.160942,333.11
526,2025-01-28 00:02:17.161184,338.3
527,2025-01-28 00:22:17.162740,343.26
528,2025-01-28 00:42:17.162672,348.2
529,2025-01-28 01:02:17.177465,351.0
530,2025-01-28 01:22:17.155293,353.9
531,2025-01-28 01:42:17.162683,357.71
532,2025-01-28 02:02:17.160498,362.27
533,2025-01-28 02:22:17.156249,365.54
534,2025-01-28 02:42:17.156992,367.96
535,2025-01-28 03:02:17.151418,370.22
536,2025-01-28 03:22:17.165713,368.32
537,2025-01-28 03:42:17.170390,368.44
538,2025-01-28 04:02:17.156504,366.45
539,2025-01-28 04:22:17.162877,367.6
540,2025-01-28 04:42:17.154862,365.56
541,2025-01-28 05:02:17.163397,367.1
542,2025-01-28 05:22:17.351010,366.48
543,2025-01-28 05:42:17.151628,367.8
544,2025-01-28 06:02:17.151042,367.69
545,2025-01-28 06:22:17.144637,368.39
546,2025-01-28 06:42:17.166725,366.17
547,2025-01-28 07:02:17.156783,363.68
548,2025-01-28 07:22:17.171208,361.3
549,2025-01-28 07:42:17.161021,360.74
550,2025-01-28 08:02:17.185260,356.46
551,2025-01-28 08:22:17.162938,352.24
552,2025-01-28 08:42:17.169314,348.09
553,2025-01-28 09:02:17.164686,346.4
554,2025-01-28 09:22:17.162736,344.27
555,2025-01-28 09:42:17.181919,344.92
556,2025-01-28 10:02:17.166150,346.64
557,2025-01-28 10:22:17.156171,345.26
558,2025-01-28 10:42:17.063981,348.88
559,2025-01-28 11:02:17.161941,351.09
560,2025-01-28 11:22:17.149438,353.84
561,2025-01-28 11:42:17.168182,357.09
562,2025-01-28 12:02:17.160630,360.14
563,2025-01-28 12:22:17.146263,363.1
564,2025-01-28 12:42:17.155936,365.9
565,2025-01-28 13:02:17.165852,365.56
566,2025-01-28 13:22:17.148931,363.06
567,2025-01-28 13:42:17.162929,362.32
568,2025-01-28 14:02:17.177836,358.32
569,2025-01-28 14:22:17.162731,355.0
570,2025-01-28 14:42:17.160049,353.5
571,2025-01-28 15:02:17.159589,351.88
572,2025-01-28 15:22:17.152201,351.66
573,2025-01-28 15:42:17.172018,351.48
574,2025-01-28 16:02:17.163130,347.5
575,2025-01-28 16:22:17.162364,347.48
576,2025-01-28 16:42:17.181931,343.52
577,2025-01-28 17:02:17.157309,343.42
578,2025-01-28 17:22:17.153685,342.16
579,2025-01-28 17:42:17.164542,342.67
580,2025-01-28 18:02:17.156049,344.04
581,2025-01-28 18:22:17.160606,343.12
582,2025-01-28 18:42:17.159296,344.8
583,2025-01-28 19:02:17.156333,349.94
584,2025-01-28 19:22:17.143422,348.38
585,2025-01-28 19:42:17.160625,346.48
586,2025-01-28 20:02:17.178178,346.92
587,2025-01-28 20:22:17.167135,346.61
588,2025-01-28 20:42:17.158153,350.63
589,2025-01-28 21:02:16.725883,351.76
590,2025-01-28 21:22:17.165460,352.12
591,2025-01-28 21:42:17.163345,353.02
592,2025-01-28 22:02:17.415713,351.9
593,2025-01-28 22:22:17.158906,352.96
594,2025-01-28 22:42:17.158401,351.95
595,2025-01-28 23:02:17.165498,352.6
596,2025-01-28 23:22:17.155993,353.22
597,2025-01-28 23:42:17.157354,354.72
598,2025-01-29 00:02:17.171106,356.9
599,2025-01-29 00:22:17.161034,359.82
600,2025-01-29 00:42:17.152512,362.01
601,2025-01-29 01:02:17.157734,362.44
602,2025-01-29 01:22:17.161662,362.78
603,2025-01-29 01:42:16.973378,361.01
604,2025-01-29 02:02:17.168098,357.78
605,2025-01-29 02:22:17.164294,352.7
606,2025-01-29 02:42:17.165107,347.84
607,2025-01-29 03:02:17.166891,344.15
608,2025-01-29 03:22:17.157303,336.53
609,2025-01-29 03:42:17.154049,335.17
610,2025-01-29 04:02:17.148070,334.94
611,2025-01-29 04:22:17.168580,331.16
612,2025-01-29 04:42:17.151835,327.56
613,2025-01-29 05:02:17.153142,326.5
614,2025-01-29 05:22:17.161289,322.34
615,2025-01-29 05:42:17.166545,322.07
616,2025-01-29 06:02:17.158308,319.9
617,2025-01-29 06:22:17.173034,317.14
618,2025-01-29 06:42:17.156879,316.52
619,2025-01-29 07:02:17.159411,314.1
620,2025-01-29 07:22:17.150072,314.96
621,2025-01-29 07:42:17.154708,314.75
622,2025-01-29 08:02:17.153481,313.58
623,2025-01-29 08:22:17.162319,313.77
624,2025-01-29 08:42:17.156116,313.06
625,2025-01-29 09:02:17.158104,313.16
626,2025-01-29 09:22:17.161330,313.8
627,2025-01-29 09:42:17.167368,313.32
628,2025-01-29 10:02:17.171310,315.62
629,2025-01-29 10:22:17.156828,316.78
630,2025-01-29 10:42:17.150196,320.69
631,2025-01-29 11:02:17.179304,323.5
632,2025-01-29 11:22:17.156575,328.72
633,2025-01-29 11:42:17.151655,332.14
634,2025-01-29 12:02:17.164428,335.44
635,2025-01-29 12:22:17.163923,335.89
636,2025-01-29 12:42:17.162193,336.93
637,2025-01-29 13:02:17.163172,339.86
638,2025-01-29 13:22:17.170504,340.9
639,2025-01-29 13:42:17.154280,343.64
640,2025-01-29 14:02:17.161222,343.08
641,2025-01-29 14:22:17.158718,342.46
642,2025-01-29 14:42:17.188642,344.73
643,2025-01-29 15:02:17.417596,342.53
644,2025-01-29 15:22:17.163614,344.25
645,2025-01-29 15:42:17.161444,343.82
646,2025-01-29 16:02:17.151852,343.74
647,2025-01-29 16:22:17.156712,340.92
648,2025-01-29 16:42:17.173450,339.88
649,2025-01-29 17:02:17.154461,338.21
650,2025-01-29 17:22:17.154474,338.31
651,2025-01-29 17:42:17.172414,339.85
652,2025-01-29 18:02:17.163699,340.26
653,2025-01-29 18:22:17.157147,339.18
654,2025-01-29 18:42:17.156510,341.18
655,2025-01-29 19:02:17.161220,344.33
656,2025-01-29 19:22:17.168617,344.32
657,2025-01-29 19:42:17.163653,347.62
658,2025-01-29 20:02:17.160900,349.11
659,2025-01-29 20:22:17.176098,349.62
660,2025-01-29 20:42:17.158771,351.84
661,2025-01-29 21:02:17.155408,355.16
662,2025-01-29 21:22:16.992946,354.34
663,2025-01-29 21:42:17.163132,355.71
664,2025-01-29 22:02:17.157176,355.71
665,2025-01-29 22:22:17.165118,354.9
666,2025-01-29 22:42:17.161915,354.92
667,2025-01-29 23:02:17.169519,352.64
668,2025-01-29 23:22:17.152855,349.36
669,2025-01-29 23:42:17.175080,347.33
670,2025-01-30 00:02:17.165739,344.65
671,2025-01-30 00:22:17.160260,344.09
672,2025-01-30 00:42:17.157620,342.6
673,2025-01-30 01:02:17.168330,340.52
674,2025-01-30 01:22:17.150743,337.94
675,2025-01-30 01:42:17.170559,339.2
676,2025-01-30 02:02:17.146625,338.41
677,2025-01-30 02:22:17.191389,337.45
678,2025-01-30 02:42:17.162037,337.63
679,2025-01-30 03:02:17.156836,336.78
680,2025-01-30 03:22:17.164331,335.32
681,2025-01-30 03:42:17.159515,337.64
682,2025-01-30 04:02:17.143517,334.88
683,2025-01-30 04:22:17.158278,335.76
684,2025-01-30 04:42:17.160265,334.6
685,2025-01-30 05:02:17.166306,335.33
686,2025-01-30 05:22:16.667484,335.06
687,2025-01-30 05:42:17.164228,335.74
688,2025-01-30 06:02:17.370821,337.58
689,2025-01-30 06:22:17.155119,336.82
690,2025-01-30 06:42:17.153053,339.04
691,2025-01-30 07:02:17.161378,340.26
692,2025-01-30 07:22:17.154841,344.9
693,2025-01-30 07:42:17.171350,346.54
694,2025-01-30 08:02:17.150874,349.12
695,2025-01-30 08:22:17.161213,352.82
696,2025-01-30 08:42:17.178560,353.34
697,2025-01-30 09:02:17.180477,356.46
698,2025-01-30 09:22:17.179481,358.27
699,2025-01-30 09:42:17.163396,359.27
700,2025-01-30 10:02:16.871118,360.36
701,2025-01-30 10:22:17.156546,358.6
702,2025-01-30 10:42:17.153790,356.26
703,2025-01-30 11:02:17.163013,353.73
704,2025-01-30 11:22:17.180742,349.36
705,2025-01-30 11:42:17.174700,347.36
706,2025-01-30 12:02:17.160324,346.59
707,2025-01-30 12:22:17.153960,342.38
708,2025-01-30 12:42:17.167349,338.02
709,2025-01-30 13:02:17.205994,333.72
710,2025-01-30 13:22:17.157563,331.57
711,2025-01-30 13:42:17.173604,328.95
712,2025-01-30 14:02:17.157718,329.44
713,2025-01-30 14:22:17.166077,326.66
714,2025-01-30 14:42:16.897804,297.49
715,2025-01-30 15:02:17.156019,329.32
716,2025-01-30 15:22:17.155601,328.74
717,2025-01-30 15:42:17.152873,330.53
718,2025-01-30 16:02:17.163941,329.71
719,2025-01-30 16:22:17.149940,328.17
720,2025-01-30 16:42:17.177093,327.9
721,2025-01-30 17:02:17.168985,328.58
722,2025-01-30 17:22:17.156108,327.04
723,2025-01-30 17:42:17.160623,324.9
724,2025-01-30 18:02:17.158658,327.16
725,2025-01-30 18:22:17.177840,326.97
726,2025-01-30 18:42:17.159730,324.53
727,2025-01-30 19:02:17.431725,328.18
728,2025-01-30 19:22:17.159846,326.52
729,2025-01-30 19:42:17.184689,326.66
730,2025-01-30 20:22:17.162229,327.85
731,2025-01-30 20:42:17.172078,328.98
732,2025-01-30 21:02:17.165115,329.54
733,2025-01-30 21:22:17.157945,331.58
734,2025-01-30 21:42:17.170092,334.18
735,2025-01-30 22:02:17.160980,335.18
736,2025-01-30 22:22:17.143834,335.54
737,2025-01-30 22:42:17.159461,337.05
738,2025-01-30 23:02:17.174417,336.84
739,2025-01-30 23:22:17.169630,340.35
740,2025-01-30 23:42:17.164432,340.5
741,2025-01-31 00:02:17.179495,341.2
742,2025-01-31 00:22:17.162744,341.92
743,2025-01-31 00:42:17.160332,343.84
744,2025-01-31 01:02:17.163085,344.51
745,2025-01-31 01:22:17.167915,344.49
746,2025-01-31 01:42:17.163005,343.34
747,2025-01-31 02:02:17.176810,342.78
748,2025-01-31 02:22:17.155325,344.74
749,2025-01-31 02:42:17.188428,346.36
750,2025-01-31 03:02:17.153513,347.76
751,2025-01-31 03:22:17.158562,351.26
752,2025-01-31 03:42:17.157865,354.3
753,2025-01-31 04:02:17.154174,357.96
754,2025-01-31 04:22:17.166247,359.22
755,2025-01-31 04:42:17.158973,358.9
756,2025-01-31 05:02:17.158297,355.86
757,2025-01-31 05:22:17.146592,355.8
758,2025-01-31 05:42:17.160615,353.73
759,2025-01-31 06:02:17.155690,351.13
760,2025-01-31 06:22:17.152874,350.22
761,2025-01-31 06:42:17.161656,347.34
762,2025-01-31 07:02:17.162350,344.48
763,2025-01-31 07:22:17.178149,341.95
764,2025-01-31 07:42:17.167848,344.41
765,2025-01-31 08:02:17.035228,346.35
766,2025-01-31 08:22:17.170291,349.94
767,2025-01-31 08:42:17.163572,352.4
768,2025-01-31 09:02:17.157203,356.12
769,2025-01-31 09:22:17.167215,360.18
770,2025-01-31 09:42:17.166023,358.71
771,2025-01-31 10:02:17.160046,353.57
772,2025-01-31 10:22:17.152016,351.77
773,2025-01-31 10:42:17.153909,348.45
774,2025-01-31 11:02:17.163789,348.88
775,2025-01-31 11:22:17.159615,349.14
776,2025-01-31 11:42:17.183331,348.82
777,2025-01-31 12:02:17.152574,347.93
778,2025-01-31 12:22:17.165601,347.35
779,2025-01-31 12:42:17.166279,348.33
780,2025-01-31 13:02:17.405855,347.48
781,2025-01-31 13:22:17.167843,346.12
782,2025-01-31 13:42:16.642816,341.92
783,2025-01-31 14:02:17.159305,342.9
784,2025-01-31 14:22:17.159906,341.36
785,2025-01-31 14:42:17.178343,340.82
786,2025-01-31 15:02:17.173318,341.73
787,2025-01-31 15:22:17.161834,342.5
788,2025-01-31 15:42:17.182925,341.98
789,2025-01-31 16:02:17.155067,342.16
790,2025-01-31 16:22:17.161538,342.31
791,2025-01-31 16:42:17.165388,344.68
792,2025-01-31 17:02:17.166597,345.62
793,2025-01-31 17:22:17.162166,344.56
794,2025-01-31 17:42:17.160348,345.26
795,2025-01-31 18:02:17.158791,341.74
796,2025-01-31 18:22:16.770856,339.8
797,2025-01-31 18:42:17.163193,337.43
798,2025-01-31 19:02:17.159349,337.73
799,2025-01-31 19:22:17.156648,337.89
800,2025-01-31 19:42:17.160900,339.44
801,2025-01-31 20:02:17.165717,338.58
802,2025-01-31 20:22:17.165531,339.02
803,2025-01-31 20:42:17.163778,337.64
804,2025-01-31 21:02:17.161941,340.39
805,2025-01-31 21:22:17.152989,343.89
806,2025-01-31 21:42:17.160227,344.73
807,2025-01-31 22:02:17.162369,346.98
808,2025-01-31 22:22:17.165382,348.68
809,2025-01-31 22:42:17.162961,350.54
810,2025-01-31 23:02:17.089358,352.18
811,2025-01-31 23:22:17.164848,351.38
812,2025-01-31 23:42:17.172071,353.69
813,2025-02-01 00:02:17.161479,355.94
814,2025-02-01 00:22:17.163643,357.16
815,2025-02-01 00:42:17.154134,360.56
816,2025-02-01 01:02:17.158292,362.9
817,2025-02-01 01:22:17.157446,364.96
818,2025-02-01 01:42:17.153539,365.12
819,2025-02-01 02:02:17.153328,367.23
820,2025-02-01 02:22:17.155785,367.21
821,2025-02-01 02:42:17.160675,369.16
822,2025-02-01 03:02:17.164469,368.3
823,2025-02-01 03:22:17.158228,369.86
824,2025-02-01 03:42:17.176469,372.03
825,2025-02-01 04:02:17.156782,371.68
826,2025-02-01 04:22:17.164022,372.56
827,2025-02-01 04:42:17.155378,372.92
828,2025-02-01 05:02:17.165836,372.52
829,2025-02-01 05:22:17.163451,371.16
830,2025-02-01 05:42:17.161680,373.76
831,2025-02-01 06:02:17.165071,370.25
832,2025-02-01 06:22:17.156527,370.46
833,2025-02-01 06:42:17.163993,370.42
834,2025-02-01 07:02:17.206182,370.44
835,2025-02-01 07:22:17.171192,367.64
836,2025-02-01 07:42:17.161112,368.18
837,2025-02-01 08:02:17.168907,367.84
838,2025-02-01 08:22:17.159884,366.62
839,2025-02-01 08:42:17.156545,366.73
840,2025-02-01 09:02:17.154499,364.6
841,2025-02-01 09:22:17.160289,362.9
842,2025-02-01 09:42:17.161420,361.6
843,2025-02-01 10:02:17.169935,361.86
844,2025-02-01 10:22:17.150106,359.16
845,2025-02-01 10:42:17.163546,358.14
846,2025-02-01 11:02:17.163959,359.71
847,2025-02-01 11:22:17.163048,358.71
848,2025-02-01 11:42:17.171918,358.62
849,2025-02-01 12:02:17.180426,359.1
850,2025-02-01 12:22:17.164309,358.7
851,2025-02-01 12:42:17.161389,357.89
852,2025-02-01 13:02:17.164300,357.95
853,2025-02-01 13:22:17.173019,357.51
854,2025-02-01 13:42:17.160268,358.4
855,2025-02-01 14:02:17.171866,357.18
856,2025-02-01 14:22:17.158680,356.06
857,2025-02-01 14:42:17.169775,356.58
858,2025-02-01 15:02:17.151158,358.32
859,2025-02-01 15:22:17.168646,357.8
860,2025-02-01 15:42:17.157964,358.15
861,2025-02-01 16:02:17.169778,358.26
862,2025-02-01 16:22:17.157144,358.52
863,2025-02-01 16:42:17.389622,358.7
864,2025-02-01 17:02:17.157849,356.4
865,2025-02-01 17:22:16.655655,355.68
866,2025-02-01 17:42:17.162186,353.06
867,2025-02-01 18:02:17.154204,351.66
868,2025-02-01 18:22:17.158842,347.77
869,2025-02-01 18:42:17.180846,345.14
870,2025-02-01 19:02:17.175808,343.3
871,2025-02-01 19:22:17.163596,339.64
872,2025-02-01 19:42:17.180083,340.06
873,2025-02-01 20:02:17.156584,338.8
874,2025-02-01 20:22:17.162752,335.69
875,2025-02-01 20:42:17.160758,334.7
876,2025-02-01 21:02:17.163032,331.64
877,2025-02-01 21:22:17.148799,329.44
878,2025-02-01 21:42:17.164288,327.8
879,2025-02-01 22:02:17.155167,327.87
880,2025-02-01 22:22:17.155830,325.25
881,2025-02-01 22:42:17.158199,324.83
882,2025-02-01 23:02:17.171014,324.54
883,2025-02-01 23:22:17.164322,325.18
884,2025-02-01 23:42:17.154834,324.48
885,2025-02-02 00:22:17.157775,330.68
886,2025-02-02 00:42:17.169382,334.21
887,2025-02-02 01:02:17.158545,338.16
888,2025-02-02 01:22:17.166092,339.48
889,2025-02-02 01:42:17.161185,339.36
890,2025-02-02 02:02:17.162836,339.6
891,2025-02-02 02:22:17.156240,338.08
892,2025-02-02 02:42:17.157942,337.14
893,2025-02-02 03:02:17.160313,334.08
894,2025-02-02 03:22:17.151787,331.23
895,2025-02-02 03:42:17.167503,330.72
896,2025-02-02 04:02:17.157579,328.86
897,2025-02-02 04:22:17.168080,330.94
898,2025-02-02 04:42:17.156802,331.02
899,2025-02-02 05:02:17.162991,331.58
900,2025-02-02 05:22:17.150611,331.42
901,2025-02-02 05:42:17.153033,332.66
902,2025-02-02 06:02:17.153154,331.96
903,2025-02-02 06:22:17.164064,332.4
904,2025-02-02 06:42:17.161488,333.5
905,2025-02-02 07:02:17.146851,336.0
906,2025-02-02 07:22:17.157888,341.39
907,2025-02-02 07:42:17.167046,344.56
908,2025-02-02 08:02:17.156337,346.1
909,2025-02-02 08:22:17.165110,350.88
910,2025-02-02 08:42:17.160509,350.92
911,2025-02-02 09:02:17.157217,353.07
912,2025-02-02 09:22:17.430280,354.26
913,2025-02-02 09:42:17.160291,356.88
914,2025-02-02 10:02:17.165741,358.34
915,2025-02-02 10:22:17.157928,360.14
916,2025-02-02 10:42:17.163367,358.34
917,2025-02-02 11:02:17.191075,356.56
918,2025-02-02 11:22:17.161359,356.26
919,2025-02-02 11:42:17.164497,358.32
920,2025-02-02 12:02:17.164500,359.56
921,2025-02-02 12:22:17.158811,356.58
922,2025-02-02 12:42:17.160365,351.46
923,2025-02-02 13:02:17.163284,346.14
924,2025-02-02 13:22:17.157916,342.12
925,2025-02-02 13:42:17.156497,338.33
926,2025-02-02 14:02:17.162794,336.88
927,2025-02-02 14:22:17.171726,334.44
928,2025-02-02 14:42:17.165188,331.52
929,2025-02-02 15:02:17.157653,329.16
930,2025-02-02 15:22:17.168296,328.62
931,2025-02-02 15:42:17.167839,330.98
932,2025-02-02 16:02:17.168675,331.5
933,2025-02-02 16:22:17.153184,333.12
934,2025-02-02 16:42:17.159840,334.19
935,2025-02-02 17:02:17.148714,333.44
936,2025-02-02 17:22:17.167777,331.94
937,2025-02-02 17:42:17.161786,327.46
938,2025-02-02 18:02:17.165367,325.73
939,2025-02-02 18:22:17.156978,322.42
940,2025-02-02 18:42:17.166033,320.92
941,2025-02-02 19:02:17.166358,319.46
942,2025-02-02 19:22:17.149395,321.52
943,2025-02-02 19:42:17.167895,320.66
944,2025-02-02 20:02:17.160129,321.32
945,2025-02-02 20:22:17.162636,320.04
946,2025-02-02 20:42:17.158915,319.57
947,2025-02-02 21:02:17.027542,320.56
948,2025-02-02 21:22:17.156759,316.26
949,2025-02-02 21:42:17.161170,319.06
950,2025-02-02 22:02:17.164051,319.34
951,2025-02-02 22:22:17.160194,319.65
952,2025-02-02 22:42:17.161785,318.54
953,2025-02-02 23:02:17.157268,317.0
954,2025-02-02 23:22:17.155968,316.18
955,2025-02-02 23:42:17.157502,317.36
956,2025-02-03 00:02:17.388739,315.52
957,2025-02-03 00:22:17.153408,314.38
958,2025-02-03 00:42:17.160385,316.86
959,2025-02-03 01:02:17.154989,315.55
960,2025-02-03 01:22:17.164097,316.58
961,2025-02-03 01:42:17.152487,316.72
962,2025-02-03 02:02:17.160673,316.78
963,2025-02-03 02:22:17.161406,316.78
964,2025-02-03 02:42:17.161072,316.46
965,2025-02-03 03:02:17.169110,314.8
966,2025-02-03 03:22:17.145548,314.81
967,2025-02-03 03:42:17.142948,315.17
968,2025-02-03 04:02:17.175554,315.6
969,2025-02-03 04:22:17.162282,317.0
970,2025-02-03 04:42:17.153423,317.0
971,2025-02-03 05:02:17.151298,317.44
972,2025-02-03 05:22:17.162719,315.36
973,2025-02-03 05:42:17.175913,315.94
974,2025-02-03 06:02:17.160189,315.53
975,2025-02-03 06:22:17.155857,314.6
976,2025-02-03 06:42:17.159200,315.44
977,2025-02-03 07:02:17.167189,314.82
978,2025-02-03 07:22:17.163919,317.34
979,2025-02-03 07:42:17.162064,318.71
980,2025-02-03 08:42:17.156634,320.7
981,2025-02-03 09:02:17.150232,320.96
982,2025-02-03 10:22:17.163029,324.42
983,2025-02-03 10:42:16.643829,323.76
984,2025-02-03 11:02:17.181209,324.94
985,2025-02-03 11:22:17.163045,324.7
986,2025-02-03 11:42:17.157247,326.02
987,2025-02-03 12:02:17.161402,329.85
988,2025-02-03 12:22:17.149592,331.44
989,2025-02-03 12:42:17.154200,334.23
990,2025-02-03 13:02:17.167607,334.34
991,2025-02-03 13:22:17.154115,330.82
992,2025-02-03 13:42:17.154238,332.08
993,2025-02-03 14:02:17.447570,331.89
994,2025-02-03 14:22:17.154515,331.87
995,2025-02-03 14:42:17.153517,332.17
996,2025-02-03 15:02:17.168644,331.0
997,2025-02-03 15:22:16.834431,331.1
998,2025-02-03 15:42:17.165897,332.38
999,2025-02-03 16:02:17.158827,331.56
1000,2025-02-03 16:22:17.165107,329.48
1001,2025-02-03 16:42:17.171885,325.93
1002,2025-02-03 17:02:17.160655,324.52
1003,2025-02-03 17:22:17.164158,323.42
1004,2025-02-03 17:42:17.156710,321.58
1005,2025-02-03 18:02:17.160380,319.62
1006,2025-02-03 18:22:17.162277,317.3
1007,2025-02-03 18:42:17.157764,317.44
1008,2025-02-03 19:02:17.191238,316.98
1009,2025-02-03 19:22:17.162555,315.61
1010,2025-02-03 19:42:17.162814,315.44
1011,2025-02-03 20:02:16.990252,316.94
1012,2025-02-03 20:22:17.175397,315.74
1013,2025-02-03 20:42:17.163111,314.15
1014,2025-02-03 21:02:17.157162,318.35
1015,2025-02-03 21:22:17.162386,316.8
1016,2025-02-03 21:42:17.159129,320.88
1017,2025-02-03 22:02:17.159563,325.1
1018,2025-02-03 22:22:17.161755,326.12
1019,2025-02-03 22:42:17.172511,327.52
1020,2025-02-03 23:02:17.160169,328.47
1021,2025-02-03 23:22:17.158818,329.36
1022,2025-02-03 23:42:17.173730,329.77
1023,2025-02-04 00:02:17.158255,333.16
1024,2025-02-04 00:22:17.165640,335.78
1025,2025-02-04 00:42:16.973090,342.44
1026,2025-02-04 01:02:17.164781,346.59
1027,2025-02-04 01:22:17.150242,353.13
1028,2025-02-04 01:42:17.162633,354.96
1029,2025-02-04 02:02:17.182848,359.76
1030,2025-02-04 02:22:17.163702,360.14
1031,2025-02-04 02:42:17.155595,362.9
1032,2025-02-04 03:02:17.177472,365.76
1033,2025-02-04 03:22:17.163127,366.97
1034,2025-02-04 03:42:17.150417,369.81
1035,2025-02-04 04:02:17.163256,370.71
1036,2025-02-04 04:22:17.162111,370.46
1037,2025-02-04 04:42:17.184404,374.24
1038,2025-02-04 05:02:17.162835,372.32
1039,2025-02-04 05:22:17.166197,372.08
1040,2025-02-04 05:42:17.172018,373.24
1041,2025-02-04 06:02:17.157949,377.05
1042,2025-02-04 06:22:17.163853,379.66
1043,2025-02-04 06:42:17.412524,383.54
1044,2025-02-04 07:02:17.154995,383.44
1045,2025-02-04 07:22:17.165455,383.84
1046,2025-02-04 07:42:17.160858,386.47
1047,2025-02-04 08:02:17.164469,386.28
1048,2025-02-04 08:22:17.176403,385.18
1049,2025-02-04 08:42:17.157347,385.33
1050,2025-02-04 09:02:17.171149,381.0
1051,2025-02-04 09:22:17.153116,377.92
1052,2025-02-04 09:42:17.188589,377.46
1053,2025-02-04 10:02:17.164822,377.66
1054,2025-02-04 10:22:17.157393,381.95
1055,2025-02-04 10:42:17.146619,385.81
1056,2025-02-04 11:02:17.158839,389.2
1057,2025-02-04 11:22:17.158373,393.14
1058,2025-02-04 11:42:17.165886,394.1
1059,2025-02-04 12:02:17.157399,396.22
1060,2025-02-04 12:22:17.163528,398.02
1061,2025-02-04 12:42:17.160646,400.68
1062,2025-02-04 13:02:17.160181,400.19
1063,2025-02-04 13:22:17.172626,399.66
1064,2025-02-04 13:42:17.165642,397.96
1065,2025-02-04 14:02:17.163036,398.7
1066,2025-02-04 14:22:17.163192,401.33
1067,2025-02-04 14:42:17.174252,405.64
1068,2025-02-04 15:02:17.155383,403.77
1069,2025-02-04 15:22:17.152686,399.17
1070,2025-02-04 15:42:17.161289,393.52
1071,2025-02-04 16:02:17.156589,386.18
1072,2025-02-04 16:22:17.158945,373.82
1073,2025-02-04 16:42:17.149357,363.19
1074,2025-02-04 17:02:17.160003,359.76
1075,2025-02-04 17:22:17.157224,359.16
1076,2025-02-04 17:42:17.172782,354.48
1077,2025-02-04 18:02:17.154273,349.44
1078,2025-02-04 18:22:17.164234,345.74
1079,2025-02-04 18:42:17.165770,341.5
1080,2025-02-04 19:02:17.158031,340.43
1081,2025-02-04 19:22:17.159647,337.77
1082,2025-02-04 19:42:17.155898,335.4
1083,2025-02-04 20:02:17.157461,334.24
1084,2025-02-04 20:22:17.146214,336.3
1085,2025-02-04 20:42:17.162644,338.92
1086,2025-02-04 21:02:17.169329,341.6
1087,2025-02-04 21:22:17.162630,340.47
1088,2025-02-04 21:42:17.162501,341.89
1089,2025-02-04 22:02:17.351362,344.8
1090,2025-02-04 22:22:17.157960,345.82
1091,2025-02-04 22:42:17.148132,348.34
1092,2025-02-04 23:02:17.182244,348.0
1093,2025-02-04 23:22:17.153332,349.44
1094,2025-02-04 23:42:17.174291,349.36
1095,2025-02-05 00:02:17.150270,350.16
1096,2025-02-05 00:22:17.152983,351.2
1097,2025-02-05 00:42:17.156343,353.18
1098,2025-02-05 01:02:17.164155,357.72
1099,2025-02-05 01:22:17.179296,358.06
1100,2025-02-05 01:42:17.155354,357.22
1101,2025-02-05 02:02:17.158332,359.18
1102,2025-02-05 02:22:17.153835,360.43
1103,2025-02-05 02:42:17.163987,358.9
1104,2025-02-05 03:02:17.158152,352.38
1105,2025-02-05 03:22:17.173597,349.38
1106,2025-02-05 03:42:17.157704,347.28
1107,2025-02-05 04:02:17.158231,341.13
1108,2025-02-05 04:22:17.151610,339.37
1109,2025-02-05 04:42:17.158883,338.48
1110,2025-02-05 05:02:17.143075,336.7
1111,2025-02-05 05:22:17.170458,338.6
1112,2025-02-05 05:42:17.164372,339.02
1113,2025-02-05 06:02:17.165034,337.04
1114,2025-02-05 06:22:17.164420,335.22
1115,2025-02-05 06:42:17.182728,335.21
1116,2025-02-05 07:02:17.155774,335.58
1117,2025-02-05 07:22:17.161189,336.54
1118,2025-02-05 07:42:17.178150,336.36
1119,2025-02-05 08:22:17.161543,342.21
1120,2025-02-05 08:42:17.156375,344.22
1121,2025-02-05 09:02:16.810682,341.21
1122,2025-02-05 09:22:17.159053,339.08
1123,2025-02-05 09:42:17.159073,336.34
1124,2025-02-05 10:02:17.429497,338.91
1125,2025-02-05 10:22:17.182676,339.2
1126,2025-02-05 10:42:17.166345,340.52
1127,2025-02-05 11:02:17.160970,339.27
1128,2025-02-05 11:22:17.148987,337.71
1129,2025-02-05 11:42:17.161101,334.3
1130,2025-02-05 12:02:17.162706,333.96
1131,2025-02-05 12:22:17.156427,332.34
1132,2025-02-05 12:42:17.163569,335.61
1133,2025-02-05 13:02:17.165186,337.51
1134,2025-02-05 13:22:17.160454,337.12
1135,2025-02-05 13:42:17.153726,334.22
1136,2025-02-05 14:02:17.158626,333.46
1137,2025-02-05 14:22:17.174389,331.88
1138,2025-02-05 14:42:17.167542,332.22
1139,2025-02-05 15:02:17.162685,331.92
1140,2025-02-05 15:22:17.163692,331.78
1141,2025-02-05 15:42:17.152369,329.24
1142,2025-02-05 16:02:17.162448,331.68
1143,2025-02-05 16:22:17.177042,330.24
1144,2025-02-05 16:42:17.156848,327.54
1145,2025-02-05 17:02:17.186119,324.96
1146,2025-02-05 17:22:17.163440,324.14
1147,2025-02-05 17:42:17.171086,324.82
1148,2025-02-05 18:02:17.161813,323.84
1149,2025-02-05 18:22:17.166746,323.86
1150,2025-02-05 18:42:17.164028,324.62
1151,2025-02-05 19:02:17.160052,325.36
1152,2025-02-05 19:22:16.827632,325.2
1153,2025-02-05 19:42:17.175697,326.39
1154,2025-02-05 20:02:17.157967,324.7
1155,2025-02-05 20:22:17.161252,325.56
1156,2025-02-05 20:42:17.156394,325.9
1157,2025-02-05 21:02:17.152889,326.16
1158,2025-02-05 21:22:17.159443,325.93
1159,2025-02-05 21:42:17.158019,326.07
1160,2025-02-05 22:02:17.160986,328.48
1161,2025-02-05 22:22:17.182624,330.88
1162,2025-02-05 22:42:17.158151,330.58
1163,2025-02-05 23:02:17.150050,334.64
1164,2025-02-05 23:22:17.162363,337.86
1165,2025-02-05 23:42:17.161290,336.55
1166,2025-02-06 00:02:17.158619,337.17
1167,2025-02-06 00:22:17.167667,336.69
1168,2025-02-06 00:42:17.154668,335.38
1169,2025-02-06 01:02:17.150769,334.4
1170,2025-02-06 01:22:17.155099,333.42
1171,2025-02-06 01:42:17.438301,333.86
1172,2025-02-06 02:02:17.168047,334.35
1173,2025-02-06 02:22:17.171082,333.83
1174,2025-02-06 02:42:17.159498,335.76
1175,2025-02-06 03:02:17.155237,333.14
1176,2025-02-06 03:22:16.877033,332.92
1177,2025-02-06 03:42:17.174367,330.88
1178,2025-02-06 04:02:17.159052,330.12
1179,2025-02-06 04:22:17.165053,330.48
1180,2025-02-06 04:42:17.163577,332.18
1181,2025-02-06 05:02:17.164251,332.55
1182,2025-02-06 05:22:17.165678,331.86
1183,2025-02-06 05:42:17.158631,333.58
1184,2025-02-06 06:02:17.174211,333.86
1185,2025-02-06 06:22:17.158818,333.59
1186,2025-02-06 06:42:17.162594,334.56
1187,2025-02-06 07:02:17.185604,333.55
1188,2025-02-06 07:22:17.154257,335.3
1189,2025-02-06 07:42:17.145917,335.36
1190,2025-02-06 08:02:17.163776,335.06
1191,2025-02-06 08:22:17.173007,334.96
1192,2025-02-06 08:42:17.161604,334.38
1193,2025-02-06 09:02:17.165902,335.65
1194,2025-02-06 09:22:17.163478,336.41
1195,2025-02-06 09:42:17.163102,334.54
1196,2025-02-06 10:02:17.162323,334.62
1197,2025-02-06 10:22:17.172529,334.84
1198,2025-02-06 10:42:17.164309,335.77
1199,2025-02-06 11:02:17.160061,334.4
1200,2025-02-06 11:22:17.174747,336.35
1201,2025-02-06 11:42:17.160686,336.52
1202,2025-02-06 12:02:17.160655,336.1
1203,2025-02-06 12:22:17.160000,336.14
1204,2025-02-06 12:42:17.164568,338.16
1205,2025-02-06 13:02:17.163585,337.59
1206,2025-02-06 13:22:17.161469,339.65
1207,2025-02-06 13:42:17.158834,337.34
1208,2025-02-06 14:02:17.168235,336.82
1209,2025-02-06 14:22:17.151993,334.82
1210,2025-02-06 14:42:17.144628,337.02
1211,2025-02-06 15:02:17.166507,334.46
1212,2025-02-06 15:22:17.157774,335.24
1213,2025-02-06 15:42:17.167634,334.54
1214,2025-02-06 16:02:17.158744,333.65
1215,2025-02-06 16:22:17.172496,334.14
1216,2025-02-06 16:42:17.350257,332.02
1217,2025-02-06 17:02:17.160610,332.32
1218,2025-02-06 17:22:17.179327,333.58
1219,2025-02-06 17:42:17.156901,331.68
1220,2025-02-06 18:02:17.157802,326.43
1221,2025-02-06 18:22:17.173488,327.4
1222,2025-02-06 18:42:17.163171,324.54
1223,2025-02-06 19:02:17.160042,324.9
1224,2025-02-06 19:22:17.161281,323.42
1225,2025-02-06 19:42:17.159181,324.37
1226,2025-02-06 20:02:17.172490,325.44
1227,2025-02-06 20:22:17.152736,326.85
1228,2025-02-06 20:42:17.163175,327.82
1229,2025-02-06 21:02:17.160331,328.06
1230,2025-02-06 21:22:17.160214,328.86
1231,2025-02-06 21:42:16.660695,328.46
1232,2025-02-06 22:02:17.163746,329.67
1233,2025-02-06 22:22:17.165577,329.86
1234,2025-02-06 22:42:17.157845,329.03
1235,2025-02-06 23:02:17.188199,328.6
1236,2025-02-06 23:22:17.164814,327.78
1237,2025-02-06 23:42:17.160774,327.56
1238,2025-02-07 00:02:17.162801,327.51
1239,2025-02-07 00:22:17.160115,328.45
1240,2025-02-07 00:42:17.167914,334.27
1241,2025-02-07 01:02:17.168246,334.3
1242,2025-02-07 01:22:17.184831,338.54
1243,2025-02-07 01:42:17.170159,341.5
1244,2025-02-07 02:02:17.157750,342.92
1245,2025-02-07 02:22:17.160395,341.81
1246,2025-02-07 02:42:17.164127,340.4
1247,2025-02-07 03:02:17.162311,340.48
1248,2025-02-07 03:22:17.157215,338.3
1249,2025-02-07 03:42:17.183374,334.92
1250,2025-02-07 04:02:17.154444,334.1
1251,2025-02-07 04:22:17.173392,333.76
1252,2025-02-07 04:42:17.171246,330.1
1253,2025-02-07 05:02:17.154382,330.75
1254,2025-02-07 05:22:17.170478,330.26
1255,2025-02-07 05:42:17.158736,331.86
1256,2025-02-07 06:02:17.171762,334.5
1257,2025-02-07 06:22:17.180604,333.72
1258,2025-02-07 06:42:17.186124,334.02
1259,2025-02-07 07:02:17.010914,333.06
1260,2025-02-07 07:22:17.183424,333.32
1261,2025-02-07 07:42:17.178103,332.24
1262,2025-02-07 08:02:17.164613,332.4
1263,2025-02-07 08:22:17.159098,334.08
1264,2025-02-07 08:42:17.166726,333.16
1265,2025-02-07 09:02:17.163761,333.27
1266,2025-02-07 09:22:17.163670,334.98
1267,2025-02-07 09:42:17.159952,335.27
1268,2025-02-07 10:02:17.167779,333.94
1269,2025-02-07 10:22:17.166389,334.6
1270,2025-02-07 10:42:17.360636,338.63
1271,2025-02-07 11:02:17.159712,337.74
1272,2025-02-07 11:22:17.170423,337.41
1273,2025-02-07 11:42:16.925522,336.63
1274,2025-02-07 12:02:17.165154,336.14
1275,2025-02-07 12:22:17.165145,336.3
1276,2025-02-07 12:42:17.167731,338.1
1277,2025-02-07 13:02:17.164436,336.28
1278,2025-02-07 13:22:17.160311,335.21
1279,2025-02-07 13:42:17.153195,330.6
1280,2025-02-07 14:02:17.145106,332.96
1281,2025-02-07 14:22:17.164449,331.96
1282,2025-02-07 14:42:17.163646,331.46
1283,2025-02-07 15:02:17.180116,333.14
1284,2025-02-07 15:22:17.162464,333.34
1285,2025-02-07 15:42:17.168051,334.31
1286,2025-02-07 16:02:17.160014,332.27
1287,2025-02-07 16:22:17.159173,336.3
1288,2025-02-07 16:42:17.179027,337.08
1289,2025-02-07 17:02:17.153088,335.56
1290,2025-02-07 17:22:17.156894,335.16
1291,2025-02-07 17:42:17.173313,335.11
1292,2025-02-07 18:02:17.151859,335.41
1293,2025-02-07 18:22:17.154693,335.31
1294,2025-02-07 18:42:17.163592,333.66
1295,2025-02-07 19:02:17.164388,331.06
1296,2025-02-07 19:22:17.172293,327.64
1297,2025-02-07 19:42:16.832079,329.02
1298,2025-02-07 20:02:17.171073,328.42
1299,2025-02-07 20:22:17.164173,329.48
1300,2025-02-07 20:42:17.153931,330.56
1301,2025-02-07 21:02:17.172483,330.42
1302,2025-02-07 21:22:17.165306,331.14
1303,2025-02-07 21:42:17.156308,330.52
1304,2025-02-07 22:02:17.164928,331.09
1305,2025-02-07 22:22:17.170437,332.02
1306,2025-02-07 22:42:17.169642,330.25
1307,2025-02-07 23:02:17.142977,329.62
1308,2025-02-07 23:22:17.171176,328.18
1309,2025-02-07 23:42:17.161114,323.56
1310,2025-02-08 00:02:17.160511,322.99
1311,2025-02-08 00:22:17.370680,324.22
1312,2025-02-08 00:42:17.160291,324.84
1313,2025-02-08 01:02:17.161166,324.1
1314,2025-02-08 01:22:17.168443,323.4
1315,2025-02-08 01:42:17.157436,323.48
1316,2025-02-08 02:02:17.163407,323.5
1317,2025-02-08 02:22:17.161866,325.37
1318,2025-02-08 02:42:17.161499,323.92
1319,2025-02-08 03:02:17.168633,321.93
1320,2025-02-08 03:22:17.158300,320.88
1321,2025-02-08 03:42:17.151960,321.56
1322,2025-02-08 04:02:17.161860,321.5
1323,2025-02-08 04:22:17.159136,322.32
1324,2025-02-08 04:42:17.163725,322.31
1325,2025-02-08 05:02:17.172334,324.39
1326,2025-02-08 05:22:17.153447,328.73
1327,2025-02-08 05:42:17.164033,331.44
1328,2025-02-08 06:02:16.886787,332.58
1329,2025-02-08 06:22:17.165048,334.34
1330,2025-02-08 06:42:17.161954,334.34
1331,2025-02-08 07:02:17.172307,335.24
1332,2025-02-08 07:22:17.160416,334.56
1333,2025-02-08 07:42:17.155880,336.06
1334,2025-02-08 08:02:17.160003,335.18
1335,2025-02-08 08:22:17.168569,336.34
1336,2025-02-08 08:42:17.164116,334.1
1337,2025-02-08 09:02:17.162967,332.76
1338,2025-02-08 09:22:17.159132,333.47
1339,2025-02-08 09:42:17.159078,336.3
1340,2025-02-08 10:02:17.162761,335.72
1341,2025-02-08 10:22:17.165237,337.94
1342,2025-02-08 10:42:17.166180,337.24
1343,2025-02-08 11:02:17.163945,338.63
1344,2025-02-08 11:22:17.160202,341.19
1345,2025-02-08 11:42:17.171136,340.51
1346,2025-02-08 12:02:17.163529,340.94
1347,2025-02-08 12:22:17.159521,339.82
1348,2025-02-08 12:42:17.178265,340.92
1349,2025-02-08 13:02:17.161134,339.14
1350,2025-02-08 13:22:17.161145,341.67
1351,2025-02-08 13:42:17.163215,344.27
1352,2025-02-08 14:02:17.160734,347.34
1353,2025-02-08 14:22:17.167464,352.18
1354,2025-02-08 14:42:17.149637,354.52
1355,2025-02-08 15:02:17.156266,359.16
1356,2025-02-08 15:22:17.166124,361.04
1357,2025-02-08 15:42:17.152341,360.36
1358,2025-02-08 16:02:17.168051,359.07
1359,2025-02-08 16:22:17.162756,359.42
1360,2025-02-08 16:42:17.170709,354.6
1361,2025-02-08 17:02:17.176839,353.96
1362,2025-02-08 17:22:17.152382,351.8
1363,2025-02-08 17:42:17.158069,352.3
1364,2025-02-08 18:02:17.377514,352.92
1365,2025-02-08 18:22:17.168703,352.77
1366,2025-02-08 18:42:17.166175,355.5
1367,2025-02-08 19:02:17.174669,357.36
1368,2025-02-08 19:22:17.159877,358.5
1369,2025-02-08 19:42:17.158571,357.17
1370,2025-02-08 20:02:17.160353,357.0
1371,2025-02-08 20:22:17.173673,356.0
1372,2025-02-08 20:42:17.161314,356.72
1373,2025-02-08 21:02:17.157536,357.96
1374,2025-02-08 21:22:17.174879,357.3
1375,2025-02-08 21:42:17.160766,359.86
1376,2025-02-08 22:02:17.162889,359.53
1377,2025-02-08 22:22:17.160692,362.16
1378,2025-02-08 22:42:17.163423,362.78
1379,2025-02-08 23:02:17.160144,362.9
1380,2025-02-08 23:22:17.164203,366.96
1381,2025-02-08 23:42:17.154405,367.36
1382,2025-02-09 00:02:17.173789,372.58
1383,2025-02-09 00:22:16.998709,374.78
1384,2025-02-09 00:42:17.164795,380.46
1385,2025-02-09 01:02:17.170895,382.3
1386,2025-02-09 01:22:17.144068,385.52
1387,2025-02-09 01:42:17.166777,385.28
1388,2025-02-09 02:02:17.174196,387.36
1389,2025-02-09 02:22:17.171015,390.8
1390,2025-02-09 02:42:17.177999,393.02
1391,2025-02-09 03:02:17.163511,393.3
1392,2025-02-09 03:22:17.155516,393.46
1393,2025-02-09 03:42:17.162381,392.96
1394,2025-02-09 04:02:17.168390,386.9
1395,2025-02-09 04:22:17.155713,383.24
1396,2025-02-09 04:42:17.161833,378.17
1397,2025-02-09 05:02:17.187124,374.95
1398,2025-02-09 05:22:17.163984,370.44
1399,2025-02-09 05:42:17.163329,368.22
1400,2025-02-09 06:02:17.165168,363.34
1401,2025-02-09 06:22:17.170746,357.6
1402,2025-02-09 06:42:17.181153,352.12
1403,2025-02-09 07:02:17.153350,349.57
1404,2025-02-09 07:22:17.157790,348.56
1405,2025-02-09 07:42:17.155991,345.74
1406,2025-02-09 08:02:17.162623,349.58
1407,2025-02-09 08:22:17.157367,351.54
1408,2025-02-09 08:42:17.420362,352.68
1409,2025-02-09 09:02:17.165404,352.34
1410,2025-02-09 09:22:17.155523,354.01
1411,2025-02-09 09:42:17.157491,352.1
1412,2025-02-09 10:02:17.165346,353.52
1413,2025-02-09 10:22:17.164187,349.96
1414,2025-02-09 10:42:17.157035,352.38
1415,2025-02-09 11:02:17.164837,350.81
1416,2025-02-09 11:22:17.173401,351.63
1417,2025-02-09 11:42:17.160467,352.47
1418,2025-02-09 12:02:17.177991,356.02
1419,2025-02-09 12:22:17.153020,359.46
1420,2025-02-09 12:42:17.174856,359.04
1421,2025-02-09 13:02:17.168201,361.04
1422,2025-02-09 13:22:17.162406,359.39
1423,2025-02-09 13:42:17.156086,360.76
1424,2025-02-09 14:02:17.162693,357.23
1425,2025-02-09 14:22:17.159736,355.34
1426,2025-02-09 14:42:17.162127,353.02
1427,2025-02-09 15:02:17.154164,348.2
1428,2025-02-09 15:22:17.167257,345.64
1429,2025-02-09 15:42:17.156300,342.7
1430,2025-02-09 16:02:17.168076,342.14
1431,2025-02-09 16:22:17.163824,343.72
1432,2025-02-09 16:42:17.174514,346.16
1433,2025-02-09 17:02:17.164119,345.2
1434,2025-02-09 17:22:17.150251,344.49
1435,2025-02-09 17:42:17.164333,341.37
1436,2025-02-09 18:02:17.184717,341.67
1437,2025-02-09 18:22:17.156499,339.82
1438,2025-02-09 18:42:17.162667,339.26
1439,2025-02-09 19:02:17.167399,340.26
1440,2025-02-09 19:22:17.156354,342.28
1441,2025-02-09 19:42:17.152188,341.94
1442,2025-02-09 20:02:17.163831,341.17
1443,2025-02-09 20:22:17.149242,341.58
1444,2025-02-09 20:42:17.159269,339.84
1445,2025-02-09 21:02:17.153838,341.42
1446,2025-02-09 21:22:17.162935,342.24
1447,2025-02-09 21:42:17.165245,344.19
1448,2025-02-09 22:02:17.167250,345.64
1449,2025-02-09 22:22:17.179335,347.85
1450,2025-02-09 22:42:17.155008,348.1
1451,2025-02-09 23:02:17.154794,352.86
1452,2025-02-09 23:22:17.024729,354.5
1453,2025-02-10 00:02:17.160670,361.52
1454,2025-02-10 00:22:17.154845,363.72
1455,2025-02-10 00:42:17.172550,366.39
1456,2025-02-10 01:02:17.362426,370.24
1457,2025-02-10 01:22:17.159968,371.6
1458,2025-02-10 01:42:17.157260,373.38
1459,2025-02-10 02:02:17.159991,372.93
1460,2025-02-10 02:22:17.164729,375.97
1461,2025-02-10 02:42:17.160738,375.8
1462,2025-02-10 03:02:17.170801,376.04
1463,2025-02-10 03:22:17.151704,376.14
1464,2025-02-10 03:42:17.164462,373.88
1465,2025-02-10 04:02:17.170141,375.68
1466,2025-02-10 04:22:17.164374,378.79
1467,2025-02-10 04:42:17.168328,379.08
1468,2025-02-10 05:02:17.165198,380.4
1469,2025-02-10 05:22:17.158900,378.74
1470,2025-02-10 05:42:17.155195,375.3
1471,2025-02-10 06:02:17.156315,376.4
1472,2025-02-10 06:22:17.152802,368.97
1473,2025-02-10 06:42:17.156651,362.76
1474,2025-02-10 07:02:17.159993,358.59
1475,2025-02-10 07:22:17.163003,356.44
1476,2025-02-10 07:42:17.163758,351.7
1477,2025-02-10 08:02:17.144193,348.4
1478,2025-02-10 08:22:17.155435,346.06
1479,2025-02-10 08:42:17.170685,346.63
1480,2025-02-10 09:02:17.165322,350.23
1481,2025-02-10 09:22:17.165514,349.85
1482,2025-02-10 09:42:16.644634,349.46
1483,2025-02-10 10:02:17.177841,348.7
1484,2025-02-10 10:22:17.158936,346.98
1485,2025-02-10 10:42:17.158446,347.47
1486,2025-02-10 11:02:17.163210,348.47
1487,2025-02-10 11:22:17.164990,352.35
1488,2025-02-10 11:42:17.162341,351.26
1489,2025-02-10 12:02:17.155687,350.74
1490,2025-02-10 12:22:17.160966,349.54
1491,2025-02-10 12:42:17.157493,348.96
1492,2025-02-10 13:02:17.158988,351.53
1493,2025-02-10 13:22:17.158079,353.07
1494,2025-02-10 13:42:17.175089,358.85
1495,2025-02-10 14:02:17.266191,360.26
1496,2025-02-10 14:22:17.250619,362.84
1497,2025-02-10 14:42:17.150723,367.5
1498,2025-02-10 15:02:17.349383,364.96
1499,2025-02-10 15:22:17.157161,362.56
1500,2025-02-10 15:42:17.164708,357.52
1501,2025-02-10 16:02:17.166038,357.52
1502,2025-02-10 16:22:17.168822,357.6
1503,2025-02-10 16:42:17.156160,357.72
1504,2025-02-10 17:02:17.172771,360.75
1505,2025-02-10 17:22:17.170214,354.36
1506,2025-02-10 17:42:17.161269,350.29
1507,2025-02-10 18:02:17.165597,346.3
1508,2025-02-10 18:22:17.167197,343.74
1509,2025-02-10 18:42:17.175717,342.98
1510,2025-02-10 19:02:17.153290,343.6
1511,2025-02-10 19:22:17.182946,341.32
1512,2025-02-10 19:42:17.158689,343.14
1513,2025-02-10 20:02:17.172397,342.16
1514,2025-02-10 20:22:17.165232,344.12
1515,2025-02-10 20:42:17.169995,344.9
1516,2025-02-10 21:02:17.178405,346.66
1517,2025-02-10 21:22:17.166092,348.07
1518,2025-02-10 21:42:17.163315,351.84
1519,2025-02-10 22:02:17.158576,353.38
1520,2025-02-10 22:22:17.149770,358.11
1521,2025-02-10 22:42:17.165462,362.7
1522,2025-02-10 23:02:17.165908,363.26
1523,2025-02-10 23:22:17.157571,368.5
1524,2025-02-10 23:42:17.185467,372.07
1525,2025-02-11 00:02:17.161136,373.06
1526,2025-02-11 00:22:17.151879,377.12
1527,2025-02-11 00:42:17.163535,376.06
1528,2025-02-11 01:02:17.166762,381.2
1529,2025-02-11 01:22:17.166531,382.48
1530,2025-02-11 01:42:17.159495,382.4
1531,2025-02-11 02:02:17.167727,380.24
1532,2025-02-11 02:22:17.146253,382.26
1533,2025-02-11 02:42:17.163328,378.86
1534,2025-02-11 03:02:16.919711,373.26
1535,2025-02-11 03:22:17.157455,371.54
1536,2025-02-11 03:42:17.155286,372.1
1537,2025-02-11 04:02:17.162362,374.96
1538,2025-02-11 04:22:17.164609,378.08
1539,2025-02-11 04:42:17.160698,380.52
1540,2025-02-11 05:02:17.158746,386.22
1541,2025-02-11 05:22:17.166728,385.88
1542,2025-02-11 05:42:17.189603,388.3
1543,2025-02-11 06:02:17.163630,389.41
1544,2025-02-11 06:22:17.144960,387.33
1545,2025-02-11 06:42:17.192770,387.52
1546,2025-02-11 07:02:17.159270,387.46
1547,2025-02-11 07:22:17.164844,388.82
1548,2025-02-11 07:42:17.103769,387.86
1549,2025-02-11 08:02:17.163897,385.28
1550,2025-02-11 08:22:17.544684,384.75
1551,2025-02-11 08:42:17.157067,388.76
1552,2025-02-11 09:02:17.153571,388.91
1553,2025-02-11 09:22:17.162720,386.1
1554,2025-02-11 09:42:17.159738,381.38
1555,2025-02-11 10:02:17.186282,380.08
1556,2025-02-11 10:22:17.167400,376.07
1557,2025-02-11 10:42:17.151309,373.47
1558,2025-02-11 11:02:17.158397,373.16
1559,2025-02-11 11:22:17.156905,373.14
1560,2025-02-11 11:42:17.170274,374.82
1561,2025-02-11 12:02:17.155872,372.9
1562,2025-02-11 12:22:17.164499,372.02
1563,2025-02-11 12:42:17.163907,368.23
1564,2025-02-11 13:02:17.153376,364.01
1565,2025-02-11 13:22:17.159203,362.17
1566,2025-02-11 13:42:17.162113,356.88
1567,2025-02-11 14:02:17.165394,357.18
1568,2025-02-11 14:22:17.164746,358.52
1569,2025-02-11 14:42:17.160120,358.86
1570,2025-02-11 15:02:17.178463,356.47
1571,2025-02-11 15:22:17.145788,356.67
1572,2025-02-11 15:42:17.151037,356.62
1573,2025-02-11 16:02:17.161344,352.28
1574,2025-02-11 16:22:17.167971,349.62
1575,2025-02-11 16:42:17.158619,345.18
1576,2025-02-11 17:02:17.160674,345.59
1577,2025-02-11 17:22:17.165006,344.92
1578,2025-02-11 17:42:17.177019,343.94
1579,2025-02-11 18:02:17.147080,346.52
1580,2025-02-11 18:22:17.160334,347.54
1581,2025-02-11 18:42:17.165851,349.7
1582,2025-02-11 19:02:17.162551,349.06
1583,2025-02-11 19:22:17.158898,349.53
1584,2025-02-11 19:42:17.157917,348.45
1585,2025-02-11 20:02:17.159462,347.04
1586,2025-02-11 20:22:16.927882,345.04
1587,2025-02-11 20:42:17.167748,341.12
1588,2025-02-11 21:42:17.164645,346.9
1589,2025-02-11 22:02:17.163643,349.84
1590,2025-02-11 22:22:17.162425,354.8
1591,2025-02-11 22:42:17.157454,357.52
1592,2025-02-11 23:02:17.158104,362.16
1593,2025-02-11 23:22:17.159409,366.48
1594,2025-02-11 23:42:17.157830,370.13
1595,2025-02-12 00:02:17.162948,372.72
1596,2025-02-12 00:22:17.154977,373.8
1597,2025-02-12 00:42:17.164356,377.82
1598,2025-02-12 01:02:17.242119,374.86
1599,2025-02-12 01:22:17.162976,376.03
1600,2025-02-12 01:42:17.160236,376.88
1601,2025-02-12 02:02:17.158284,381.45
1602,2025-02-12 02:22:17.182280,382.62
1603,2025-02-12 02:42:17.160834,384.14
1604,2025-02-12 03:02:17.164381,384.1
1605,2025-02-12 03:22:17.159636,384.02
1606,2025-02-12 03:42:17.164769,383.59
1607,2025-02-12 04:02:17.156466,383.47
1608,2025-02-12 04:22:17.166405,385.78
1609,2025-02-12 04:42:17.163978,385.56
1610,2025-02-12 05:02:17.166678,387.06
1611,2025-02-12 05:22:17.179757,394.16
1612,2025-02-12 05:42:17.220084,395.49
1613,2025-02-12 06:02:17.179197,398.85
1614,2025-02-12 06:22:17.180062,400.57
1615,2025-02-12 06:42:16.682122,400.96
1616,2025-02-12 07:02:17.162517,401.92
1617,2025-02-12 07:22:17.159639,401.9
1618,2025-02-12 07:42:17.160398,401.74
1619,2025-02-12 08:02:17.159262,399.62
1620,2025-02-12 08:22:17.179223,400.48
1621,2025-02-12 08:42:17.157804,399.47
1622,2025-02-12 09:02:17.162454,400.16
1623,2025-02-12 09:22:17.170521,400.58
1624,2025-02-12 09:42:17.151809,398.78
1625,2025-02-12 10:02:17.164016,397.34
1626,2025-02-12 10:22:17.156582,395.14
1627,2025-02-12 10:42:17.159438,390.83
1628,2025-02-12 11:02:17.169081,390.66
1629,2025-02-12 11:22:16.662135,389.46
1630,2025-02-12 11:42:17.165045,387.7
1631,2025-02-12 12:02:17.181548,392.12
1632,2025-02-12 12:22:17.152888,394.11
1633,2025-02-12 12:42:17.161668,398.46
1634,2025-02-12 13:02:17.181097,401.96
1635,2025-02-12 13:22:17.168298,403.54
1636,2025-02-12 13:42:16.773380,404.12
1637,2025-02-12 14:02:17.168123,404.16
1638,2025-02-12 14:22:17.162059,403.18
1639,2025-02-12 14:42:17.449789,402.54
1640,2025-02-12 15:02:17.164443,402.3
1641,2025-02-12 15:22:17.170940,399.96
1642,2025-02-12 15:42:17.160525,397.74
1643,2025-02-12 16:02:16.955099,400.14
1644,2025-02-12 16:22:17.179746,402.19
1645,2025-02-12 16:42:17.146006,401.57
1646,2025-02-12 17:02:17.153122,401.29
1647,2025-02-12 17:22:17.168010,400.83
1648,2025-02-12 17:42:17.144172,398.3
1649,2025-02-12 18:02:17.167579,396.42
1650,2025-02-12 18:22:17.159841,398.54
1651,2025-02-12 18:42:17.180283,400.39
1652,2025-02-12 19:02:17.177208,403.14
1653,2025-02-12 19:22:17.152850,405.6
1654,2025-02-12 19:42:17.165242,406.66
1655,2025-02-12 20:02:17.154492,408.7
1656,2025-02-12 20:22:17.176795,406.68
1657,2025-02-12 20:42:17.163259,408.8
1658,2025-02-12 21:02:17.151847,408.55
1659,2025-02-12 21:22:17.165739,409.48
1660,2025-02-12 21:42:17.172219,410.18
1661,2025-02-12 22:02:17.168045,411.4
1662,2025-02-12 22:22:17.164178,412.82
1663,2025-02-12 22:42:17.164752,414.68
1664,2025-02-12 23:02:17.163745,417.68
1665,2025-02-12 23:22:17.180778,419.3
1666,2025-02-12 23:42:17.159282,418.05
1667,2025-02-13 00:02:17.178344,420.66
1668,2025-02-13 00:22:17.160887,422.38
1669,2025-02-13 00:42:17.158532,421.94
1670,2025-02-13 01:02:17.173376,424.28
1671,2025-02-13 01:22:17.174967,426.48
1672,2025-02-13 01:42:17.150972,426.64
1673,2025-02-13 02:02:17.161338,428.2
1674,2025-02-13 02:22:17.157229,428.74
1675,2025-02-13 02:42:17.167450,429.82
1676,2025-02-13 03:02:17.155462,430.5
1677,2025-02-13 03:22:17.167259,433.34
1678,2025-02-13 03:42:17.173629,433.53
1679,2025-02-13 04:02:17.162856,434.86
1680,2025-02-13 04:22:17.161016,434.22
1681,2025-02-13 04:42:17.160463,436.38
1682,2025-02-13 05:02:17.162047,436.9
1683,2025-02-13 05:22:17.173641,440.07
1684,2025-02-13 05:42:17.158277,439.34
1685,2025-02-13 06:02:17.165690,439.78
1686,2025-02-13 06:22:17.169864,440.42
1687,2025-02-13 06:42:17.143040,441.28
1688,2025-02-13 07:02:17.051284,441.72
1689,2025-02-13 07:22:17.167840,442.7
1690,2025-02-13 07:42:17.389392,443.49
1691,2025-02-13 08:02:17.164971,443.65
1692,2025-02-13 08:22:17.160967,446.55
1693,2025-02-13 08:42:17.155886,444.34
1694,2025-02-13 09:02:17.179338,444.84
1695,2025-02-13 09:22:17.156813,446.7
1696,2025-02-13 09:42:17.169022,447.83
1697,2025-02-13 10:02:17.162859,448.85
1698,2025-02-13 10:22:17.157108,449.01
1699,2025-02-13 10:42:17.170627,447.66
1700,2025-02-13 11:02:17.151774,448.88
1701,2025-02-13 11:22:17.168451,449.48
1702,2025-02-13 11:42:17.156106,450.83
1703,2025-02-13 12:02:17.156866,450.78
1704,2025-02-13 12:22:17.162728,450.55
1705,2025-02-13 12:42:17.160978,451.61
1706,2025-02-13 13:02:17.164299,453.86
1707,2025-02-13 13:22:17.160413,454.92
1708,2025-02-13 14:02:17.177389,455.97
1709,2025-02-13 14:22:17.152378,455.63
1710,2025-02-13 14:42:17.155043,454.87
1711,2025-02-13 15:02:17.003562,455.46
1712,2025-02-13 15:22:17.173958,453.48
1713,2025-02-13 15:42:17.164949,451.9
1714,2025-02-13 16:02:17.163460,449.97
1715,2025-02-13 16:22:17.162052,447.32
1716,2025-02-13 16:42:17.160798,444.64
1717,2025-02-13 17:02:17.171037,440.1
1718,2025-02-13 17:22:17.148791,439.62
1719,2025-02-13 17:42:17.167337,437.82
1720,2025-02-13 18:02:17.151959,437.86
1721,2025-02-13 18:22:17.184522,438.44
1722,2025-02-13 18:42:17.159944,438.23
1723,2025-02-13 19:02:17.184715,440.4
1724,2025-02-13 19:22:17.173368,441.7
1725,2025-02-13 19:42:17.167501,442.0
1726,2025-02-13 20:02:17.168119,440.96
1727,2025-02-13 20:22:17.138683,443.32
1728,2025-02-13 20:42:17.164811,443.09
1729,2025-02-13 21:02:17.161132,445.19
1730,2025-02-13 21:22:17.160764,445.0
1731,2025-02-13 21:42:17.162089,446.4
1732,2025-02-13 22:02:17.167851,445.36
1733,2025-02-13 22:22:17.190355,444.71
1734,2025-02-13 22:42:17.182931,443.18
1735,2025-02-13 23:02:17.155199,445.52
1736,2025-02-13 23:22:17.166541,445.62
1737,2025-02-13 23:42:17.158273,447.78
1738,2025-02-14 00:02:17.152913,446.34
1739,2025-02-14 00:02:17.152913,446.34
1740,2025-02-14 00:22:17.146079,444.16
1741,2025-02-14 00:42:17.156483,443.57
1742,2025-02-14 01:02:17.160264,443.57
1743,2025-02-14 01:22:17.353808,445.3
1744,2025-02-14 01:42:17.162045,444.82
1745,2025-02-14 02:02:17.154734,447.8
1746,2025-02-14 02:22:17.158870,448.68
1747,2025-02-14 02:42:17.165338,448.47
1748,2025-02-14 03:02:17.180044,450.13
1749,2025-02-14 03:22:17.186909,448.18
1750,2025-02-14 03:42:17.155380,446.2
1751,2025-02-14 04:22:17.157990,438.88
1752,2025-02-14 04:42:17.167881,437.49
1753,2025-02-14 05:02:17.164590,433.98
1754,2025-02-14 05:22:17.167778,433.99
1755,2025-02-14 05:42:17.145772,434.24
1756,2025-02-14 06:02:17.159891,430.48
1757,2025-02-14 06:22:17.161584,425.88
1758,2025-02-14 06:42:17.160036,426.84
1759,2025-02-14 07:02:17.157554,427.8
1760,2025-02-14 07:22:17.181263,427.46
1761,2025-02-14 07:42:17.157121,428.36
1762,2025-02-14 08:02:17.158852,429.6
1763,2025-02-14 08:22:17.172955,430.5
1764,2025-02-14 08:42:17.170771,430.14
1765,2025-02-14 09:02:17.170617,432.92
1766,2025-02-14 09:22:17.157899,432.31
1767,2025-02-14 09:42:17.166827,433.64
1768,2025-02-14 10:02:17.171694,434.28
1769,2025-02-14 10:22:17.154742,434.8
1770,2025-02-14 10:42:17.163543,438.18
1771,2025-02-14 11:02:17.159253,440.58
1772,2025-02-14 11:22:17.159937,442.01
1773,2025-02-14 11:42:17.155772,444.81
1774,2025-02-14 12:02:17.155674,445.85
1775,2025-02-14 12:22:17.095966,447.52
1776,2025-02-14 12:42:17.165244,450.3
1777,2025-02-14 13:02:16.693735,451.28
1778,2025-02-14 13:22:17.159040,456.02
1779,2025-02-14 13:42:17.166676,455.52
1780,2025-02-14 14:02:16.896129,457.25
1781,2025-02-14 14:22:17.394385,456.72
1782,2025-02-14 14:42:17.162711,455.18
1783,2025-02-14 15:02:17.172714,455.06
1784,2025-02-14 15:22:17.166374,447.9
1785,2025-02-14 15:42:17.151355,438.54
1786,2025-02-14 16:02:17.158782,433.84
1787,2025-02-14 16:22:17.152299,429.65
1788,2025-02-14 16:42:17.164909,428.14
1789,2025-02-14 17:02:17.154262,424.84
1790,2025-02-14 17:22:17.158322,420.56
1791,2025-02-14 17:42:17.157528,417.65
1792,2025-02-14 18:02:17.160726,417.45
1793,2025-02-14 18:22:16.752370,419.86
1794,2025-02-14 18:42:17.183589,423.6
1795,2025-02-14 19:02:17.155634,423.98
1796,2025-02-14 19:22:17.162507,426.76
1797,2025-02-14 19:42:17.164308,427.43
1798,2025-02-14 20:02:17.157150,432.88
1799,2025-02-14 20:22:17.173569,432.76
1800,2025-02-14 20:42:17.163917,436.24
1801,2025-02-14 21:02:17.153339,438.3
1802,2025-02-14 21:22:17.170349,440.42
1803,2025-02-14 21:42:17.157066,440.33
1804,2025-02-14 22:02:17.165817,438.99
1805,2025-02-14 22:22:17.161598,440.63
1806,2025-02-14 22:42:17.152076,438.94
1807,2025-02-14 23:02:17.157354,436.8
1808,2025-02-14 23:22:17.162347,436.08
1809,2025-02-14 23:42:17.161879,438.66
1810,2025-02-15 00:02:16.643438,438.78
1811,2025-02-15 00:22:17.155199,443.95
1812,2025-02-15 00:42:17.162106,444.05
1813,2025-02-15 01:02:17.379992,445.88
1814,2025-02-15 01:22:17.209778,448.96
1815,2025-02-15 01:42:17.159793,452.92
1816,2025-02-15 02:02:17.165787,455.37
1817,2025-02-15 02:22:17.160049,457.59
1818,2025-02-15 02:42:17.157478,459.03
1819,2025-02-15 03:02:17.170723,463.8
1820,2025-02-15 03:22:17.160379,463.02
1821,2025-02-15 03:42:17.164517,463.58
1822,2025-02-15 04:02:17.167040,466.37
1823,2025-02-15 04:22:17.163479,468.38
1824,2025-02-15 05:42:17.167373,471.56
1825,2025-02-15 06:02:17.158539,472.98
1826,2025-02-15 06:22:17.159213,473.92
1827,2025-02-15 06:42:17.154115,475.89
1828,2025-02-15 07:02:17.163652,475.21
1829,2025-02-15 07:22:17.175723,478.34
1830,2025-02-15 07:42:17.165152,478.54
1831,2025-02-15 08:02:17.156201,477.08
1832,2025-02-15 08:22:16.792957,477.72
1833,2025-02-15 08:42:17.163753,477.07
1834,2025-02-15 09:02:17.163605,480.24
1835,2025-02-15 09:22:17.152470,482.78
1836,2025-02-15 09:42:17.174278,480.94
1837,2025-02-15 10:02:17.160633,481.5
1838,2025-02-15 10:22:17.177518,483.42
1839,2025-02-15 10:42:17.163116,485.01
1840,2025-02-15 11:02:17.181439,486.24
1841,2025-02-15 11:22:17.157500,487.13
1842,2025-02-15 11:42:17.169008,487.04
1843,2025-02-15 12:02:17.403493,488.88
1844,2025-02-15 12:22:17.156199,488.46
1845,2025-02-15 12:42:17.157707,492.44
1846,2025-02-15 13:02:17.162403,491.43
1847,2025-02-15 13:22:17.168523,492.73
1848,2025-02-15 13:42:17.158820,494.44
1849,2025-02-15 14:02:17.166587,494.32
1850,2025-02-15 14:22:17.163844,494.9
1851,2025-02-15 14:42:17.186442,496.23
1852,2025-02-15 15:02:17.146599,497.52
1853,2025-02-15 15:22:17.174869,497.29
1854,2025-02-15 15:42:17.156736,495.25
1855,2025-02-15 16:02:17.158524,495.8
1856,2025-02-15 16:22:17.174157,496.0
1857,2025-02-15 16:42:17.161316,494.96
1858,2025-02-15 17:02:17.174132,495.13
1859,2025-02-15 17:22:17.163689,495.18
1860,2025-02-15 17:42:17.163306,494.47
1861,2025-02-15 18:02:17.207610,495.24
1862,2025-02-15 18:22:17.177361,494.2
1863,2025-02-15 18:42:17.161267,494.14
1864,2025-02-15 19:02:17.167837,494.13
1865,2025-02-15 19:22:17.179576,493.07
1866,2025-02-15 19:42:17.156701,493.69
1867,2025-02-15 20:02:17.169033,493.8
1868,2025-02-15 20:22:17.156633,490.52
1869,2025-02-15 20:42:17.155611,489.38
1870,2025-02-15 21:02:16.829683,486.24
1871,2025-02-15 21:22:17.156611,481.9
1872,2025-02-15 21:42:17.154515,487.0
1873,2025-02-15 22:02:17.157972,487.8
1874,2025-02-15 22:22:17.158161,487.86
1875,2025-02-15 22:42:17.157217,487.2
1876,2025-02-15 23:02:17.146122,485.8
1877,2025-02-15 23:22:17.160644,486.29
1878,2025-02-15 23:42:17.161951,484.19
1879,2025-02-16 00:02:17.169307,485.1
1880,2025-02-16 00:02:17.169307,485.1
1881,2025-02-16 00:22:17.156771,484.4
1882,2025-02-16 00:42:17.159534,485.04
1883,2025-02-16 01:02:17.176399,482.0
1884,2025-02-16 01:22:17.163373,479.43
1885,2025-02-16 01:42:17.158826,478.35
1886,2025-02-16 02:02:17.152046,477.36
1887,2025-02-16 02:22:17.171984,477.34
1888,2025-02-16 02:42:17.168437,481.02
1889,2025-02-16 03:02:17.162262,477.88
1890,2025-02-16 03:22:17.169291,476.8
1891,2025-02-16 03:42:17.156318,477.52
1892,2025-02-16 04:02:17.158856,478.53
1893,2025-02-16 04:22:17.161668,477.73
1894,2025-02-16 04:42:17.159787,473.76
1895,2025-02-16 05:02:17.163239,475.16
1896,2025-02-16 05:22:17.367813,473.88
1897,2025-02-16 05:42:17.176469,473.32
1898,2025-02-16 06:02:17.159378,478.14
1899,2025-02-16 06:22:17.161197,477.98
1900,2025-02-16 06:42:17.165715,482.74
1901,2025-02-16 07:02:17.159858,479.32
1902,2025-02-16 07:22:17.157484,477.38
1903,2025-02-16 07:42:17.165642,478.02
1904,2025-02-16 08:02:17.163373,477.34
1905,2025-02-16 08:22:17.159919,476.02
1906,2025-02-16 08:42:17.169761,478.5
1907,2025-02-16 09:02:17.163286,477.72
1908,2025-02-16 09:22:17.153247,479.8
1909,2025-02-16 09:42:17.174162,477.79
1910,2025-02-16 10:02:17.161179,479.35
1911,2025-02-16 10:22:17.157476,479.58
1912,2025-02-16 10:42:17.162162,484.01
1913,2025-02-16 11:02:17.160746,485.04
1914,2025-02-16 11:22:17.170815,486.46
1915,2025-02-16 11:42:17.159567,486.68
1916,2025-02-16 12:02:17.152293,486.64
1917,2025-02-16 12:22:17.158982,487.19
1918,2025-02-16 12:42:17.170086,483.77
1919,2025-02-16 13:02:17.159804,482.64
1920,2025-02-16 13:22:17.171293,479.88
1921,2025-02-16 13:42:17.164536,476.9
1922,2025-02-16 14:02:17.158292,474.59
1923,2025-02-16 14:22:17.157807,474.3
1924,2025-02-16 14:42:17.162740,466.78
1925,2025-02-16 15:02:17.165485,462.28
1926,2025-02-16 15:22:17.162866,456.76
1927,2025-02-16 15:42:17.163811,456.7
1928,2025-02-16 16:02:17.171370,457.96
1929,2025-02-16 16:22:17.165391,456.77
1930,2025-02-16 16:42:17.167377,452.26
1931,2025-02-16 17:02:17.159545,449.55
1932,2025-02-16 17:22:17.183444,446.9
1933,2025-02-16 17:42:17.157006,444.92
1934,2025-02-16 18:02:17.143474,447.68
1935,2025-02-16 18:22:17.171194,450.67
1936,2025-02-16 18:42:17.156730,450.98
1937,2025-02-16 19:02:17.156457,449.92
1938,2025-02-16 19:22:17.163535,451.92
1939,2025-02-16 19:42:17.169718,449.78
1940,2025-02-16 20:02:17.163452,448.7
1941,2025-02-16 20:22:17.158772,449.63
1942,2025-02-16 20:42:17.165865,453.68
1943,2025-02-16 21:02:17.179274,457.6
1944,2025-02-16 21:22:17.155429,456.96
1945,2025-02-16 21:42:17.176210,459.3
1946,2025-02-16 22:02:17.153208,461.98
1947,2025-02-16 22:42:17.151389,466.18
1948,2025-02-16 23:02:17.154936,466.34
1949,2025-02-16 23:22:17.168422,466.9
1950,2025-02-16 23:42:17.189065,469.44
1951,2025-02-17 00:02:17.352369,472.66
1952,2025-02-17 00:02:17.352369,472.66
1953,2025-02-17 00:22:17.163117,469.7
1954,2025-02-17 00:42:17.157945,468.94
1955,2025-02-17 01:02:17.158493,462.38
1956,2025-02-17 01:22:17.165845,458.25
1957,2025-02-17 01:42:17.168887,452.74
1958,2025-02-17 02:02:17.013283,452.8
1959,2025-02-17 02:22:17.162416,448.14
1960,2025-02-17 02:42:17.159107,444.84
1961,2025-02-17 03:02:17.167717,444.51
1962,2025-02-17 03:22:17.158258,444.08
1963,2025-02-17 03:42:17.160023,443.8
1964,2025-02-17 04:02:17.148029,441.72
1965,2025-02-17 04:22:17.153596,441.32
1966,2025-02-17 04:42:17.172618,440.72
1967,2025-02-17 05:02:17.161306,445.92
1968,2025-02-17 05:22:17.159963,446.28
1969,2025-02-17 05:42:17.158836,445.52
1970,2025-02-17 06:02:17.153381,443.74
1971,2025-02-17 06:22:17.156640,444.58
1972,2025-02-17 06:42:17.159365,447.16
1973,2025-02-17 07:02:17.169269,446.33
1974,2025-02-17 07:22:17.426384,448.1
1975,2025-02-17 07:42:16.678900,450.85
1976,2025-02-17 08:02:17.163145,454.08
1977,2025-02-17 08:22:17.160672,453.64
1978,2025-02-17 08:42:17.161668,453.56
1979,2025-02-17 09:02:17.164388,453.79
1980,2025-02-17 09:22:17.156131,452.81
1981,2025-02-17 09:42:17.151612,455.01
1982,2025-02-17 10:02:17.162136,453.5
1983,2025-02-17 10:22:17.155913,454.44
1984,2025-02-17 10:42:17.157976,456.82
1985,2025-02-17 11:02:17.165947,455.22
1986,2025-02-17 11:22:17.163170,455.06
1987,2025-02-17 11:42:17.161268,456.48
1988,2025-02-17 12:02:17.155476,455.87
1989,2025-02-17 12:22:17.154126,455.06
1990,2025-02-17 12:42:17.164049,453.82
1991,2025-02-17 13:02:17.158581,456.72
1992,2025-02-17 13:22:17.172867,456.0
1993,2025-02-17 13:42:17.173507,454.34
1994,2025-02-17 14:02:17.160417,451.84
1995,2025-02-17 14:22:17.163153,448.58
1996,2025-02-17 14:42:17.162469,445.38
1997,2025-02-17 15:02:17.167580,443.82
1998,2025-02-17 15:22:17.152529,444.92
1999,2025-02-17 15:42:17.158143,444.14
2000,2025-02-17 16:02:17.387631,440.29
2001,2025-02-17 16:22:17.162638,437.48
2002,2025-02-17 16:42:17.159207,436.8
2003,2025-02-17 17:02:17.161026,434.54
2004,2025-02-17 17:22:17.167146,434.56
2005,2025-02-17 17:42:17.155234,434.42
2006,2025-02-17 18:02:17.166655,436.38
2007,2025-02-17 18:22:17.175709,434.13
2008,2025-02-17 18:42:17.158523,436.74
2009,2025-02-17 19:02:17.159068,440.52
2010,2025-02-17 19:22:17.166092,442.12
2011,2025-02-17 19:42:17.162737,444.58
2012,2025-02-17 20:02:17.163324,448.18
2013,2025-02-17 20:22:16.810181,450.57
2014,2025-02-17 20:42:17.170611,450.1
2015,2025-02-17 21:02:17.152653,454.58
2016,2025-02-17 21:22:17.166666,454.72
2017,2025-02-17 21:42:17.176902,454.76
2018,2025-02-17 22:02:17.154474,455.83
2019,2025-02-17 22:22:17.157439,459.62
2020,2025-02-17 22:42:17.155882,462.6
2021,2025-02-17 23:02:17.207681,462.42
2022,2025-02-17 23:22:17.163518,463.3
2023,2025-02-17 23:42:17.159484,462.66
2024,2025-02-18 00:02:17.164318,460.59
2025,2025-02-18 00:02:17.164318,460.59
2026,2025-02-18 00:22:17.154451,460.04
2027,2025-02-18 00:42:17.319383,459.58
2028,2025-02-18 01:02:17.049372,456.52
2029,2025-02-18 01:22:17.168624,451.94
2030,2025-02-18 01:42:17.162877,448.48
2031,2025-02-18 02:02:17.160904,437.75
2032,2025-02-18 02:22:17.167425,432.54
2033,2025-02-18 02:42:17.155108,436.65
2034,2025-02-18 03:02:17.156663,442.66
2035,2025-02-18 03:22:17.158581,446.62
2036,2025-02-18 03:42:17.156526,448.66
2037,2025-02-18 04:02:17.159113,450.83
2038,2025-02-18 04:22:17.163453,449.49
2039,2025-02-18 04:42:17.165787,441.92
2040,2025-02-18 05:02:17.151481,442.38
2041,2025-02-18 05:22:17.164033,443.62
2042,2025-02-18 05:42:17.161090,450.26
2043,2025-02-18 06:02:17.160362,453.28
2044,2025-02-18 06:22:17.165309,458.85
2045,2025-02-18 06:42:17.164213,461.4
2046,2025-02-18 07:02:17.153077,464.49
2047,2025-02-18 07:22:17.160536,461.6
2048,2025-02-18 07:42:17.157413,458.64
2049,2025-02-18 08:02:17.164892,451.22
2050,2025-02-18 08:22:17.163363,445.15
2051,2025-02-18 09:22:17.169750,438.74
2052,2025-02-18 09:42:17.363514,429.36
2053,2025-02-18 10:22:17.155433,420.42
2054,2025-02-18 10:42:17.160076,415.96
2055,2025-02-18 11:02:17.161372,412.75
2056,2025-02-18 11:22:17.155090,370.56
2057,2025-02-18 11:42:17.166615,412.98
2058,2025-02-18 12:02:17.163620,419.26
2059,2025-02-18 12:22:17.164283,421.72
2060,2025-02-18 12:42:17.163209,428.4
2061,2025-02-18 13:02:16.763826,431.8
2062,2025-02-18 13:22:17.152187,439.25
2063,2025-02-18 13:42:17.165688,441.1
2064,2025-02-18 14:02:17.156175,441.34
2065,2025-02-18 14:22:17.158283,445.1
2066,2025-02-18 14:42:17.162662,446.83
2067,2025-02-18 15:02:17.165524,446.09
2068,2025-02-18 15:22:17.158066,443.32
2069,2025-02-18 15:42:17.153244,435.42
2070,2025-02-18 16:02:17.155892,425.36
2071,2025-02-18 16:22:17.162346,412.9
2072,2025-02-18 16:42:17.162163,402.27
2073,2025-02-18 17:02:17.167099,395.45
2074,2025-02-18 17:22:17.160714,392.63
2075,2025-02-18 17:42:17.153149,392.86
2076,2025-02-18 18:02:17.158165,394.28
2077,2025-02-18 18:22:16.927879,396.96
2078,2025-02-18 18:42:17.165489,400.91
2079,2025-02-18 19:02:17.162865,400.82
2080,2025-02-18 19:22:17.170750,402.7
2081,2025-02-18 19:42:17.168779,405.21
2082,2025-02-18 20:02:17.161417,404.72
2083,2025-02-18 20:22:17.426981,407.54
2084,2025-02-18 20:42:17.167464,410.82
2085,2025-02-18 21:02:17.167162,409.43
2086,2025-02-18 21:22:17.163395,411.43
2087,2025-02-18 21:42:17.167289,411.27
2088,2025-02-18 22:02:17.157545,410.7
2089,2025-02-18 22:22:17.156315,411.7
2090,2025-02-18 22:42:17.168444,414.4
2091,2025-02-18 23:02:17.157103,418.71
2092,2025-02-18 23:22:17.168439,422.52
2093,2025-02-18 23:42:17.223200,427.11
2094,2025-02-19 00:02:17.160769,428.22
2095,2025-02-19 00:02:17.160769,428.22
2096,2025-02-19 00:22:17.155753,427.38
2097,2025-02-19 00:42:17.163602,429.0
2098,2025-02-19 01:02:17.156236,430.49
2099,2025-02-19 01:22:17.163542,429.07
2100,2025-02-19 01:42:17.168357,426.05
2101,2025-02-19 02:02:17.160688,422.54
2102,2025-02-19 02:22:17.158074,421.5
2103,2025-02-19 02:42:17.162531,420.16
2104,2025-02-19 03:02:17.156102,423.28
2105,2025-02-19 03:22:17.165110,428.34
2106,2025-02-19 03:42:17.152863,430.72
2107,2025-02-19 04:02:17.167392,434.09
2108,2025-02-19 04:22:17.167975,434.34
2109,2025-02-19 04:42:17.156999,434.42
2110,2025-02-19 05:02:17.174985,434.08
2111,2025-02-19 05:22:17.158139,429.35
2112,2025-02-19 05:42:17.161036,421.41
2113,2025-02-19 06:02:17.160485,419.32
2114,2025-02-19 06:22:17.165641,419.8
2115,2025-02-19 06:42:17.153427,421.86
2116,2025-02-19 07:02:17.142565,424.52
2117,2025-02-19 07:22:17.166115,427.76
2118,2025-02-19 07:42:17.446485,427.59
2119,2025-02-19 08:02:17.162838,427.76
2120,2025-02-19 08:22:17.175250,431.24
2121,2025-02-19 08:42:17.162787,434.76
2122,2025-02-19 09:02:17.161383,439.18
2123,2025-02-19 09:22:16.742208,444.46
2124,2025-02-19 09:42:17.163581,446.55
2125,2025-02-19 10:02:17.171626,449.19
2126,2025-02-19 10:22:17.163971,452.38
2127,2025-02-19 10:42:17.167730,452.96
2128,2025-02-19 11:02:17.154537,456.32
2129,2025-02-19 11:22:17.175896,457.32
2130,2025-02-19 11:42:16.857448,456.6
2131,2025-02-19 12:02:17.160398,460.1
2132,2025-02-19 12:22:17.169618,462.6
2133,2025-02-19 12:42:17.170429,461.08
2134,2025-02-19 13:02:17.162753,460.48
2135,2025-02-19 13:22:17.156403,462.26
2136,2025-02-19 13:42:17.161777,457.81
2137,2025-02-19 14:02:16.851804,460.24
2138,2025-02-19 14:22:17.167483,459.1
2139,2025-02-19 14:42:17.430110,457.16
2140,2025-02-19 15:02:17.171417,458.74
2141,2025-02-19 15:22:17.174697,456.66
2142,2025-02-19 15:42:17.159127,456.34
2143,2025-02-19 16:02:17.168278,452.49
2144,2025-02-19 16:22:17.172881,447.29
2145,2025-02-19 16:42:17.163423,444.93
2146,2025-02-19 17:02:17.156294,443.12
2147,2025-02-19 17:22:17.165784,442.28
2148,2025-02-19 17:42:17.168129,446.8
2149,2025-02-19 18:02:17.165781,444.92
2150,2025-02-19 18:22:17.161510,449.0
2151,2025-02-19 18:42:17.167241,446.7
2152,2025-02-19 19:02:17.164111,443.0
2153,2025-02-19 19:22:17.154415,443.62
2154,2025-02-19 19:42:17.163472,442.56
2155,2025-02-19 20:02:17.159438,440.59
2156,2025-02-19 20:22:17.163041,443.61
2157,2025-02-19 20:42:17.154054,445.13
2158,2025-02-19 21:02:17.172126,447.36
2159,2025-02-19 21:22:17.156241,449.16
2160,2025-02-19 21:42:17.163855,451.1
2161,2025-02-19 22:02:17.154798,451.62
2162,2025-02-19 22:22:17.167958,450.4
2163,2025-02-19 22:42:17.167878,455.48
2164,2025-02-19 23:02:17.156647,458.64
2165,2025-02-19 23:22:17.157266,459.2
2166,2025-02-19 23:42:17.162449,460.48
2167,2025-02-20 00:02:17.161489,462.89
2168,2025-02-20 00:22:17.168468,466.16
2169,2025-02-20 00:42:17.153710,468.11
2170,2025-02-20 01:02:17.158709,469.92
2171,2025-02-20 01:22:17.147954,473.22
2172,2025-02-20 01:42:17.154874,474.58
2173,2025-02-20 02:02:17.178774,477.82
2174,2025-02-20 02:22:17.182936,479.71
2175,2025-02-20 02:42:17.173386,482.13
2176,2025-02-20 03:02:17.191689,481.67
2177,2025-02-20 03:22:17.157528,484.64
2178,2025-02-20 03:42:17.371081,486.52
2179,2025-02-20 04:02:17.159767,486.96
2180,2025-02-20 04:22:17.160704,486.3
2181,2025-02-20 04:42:17.169839,487.36
2182,2025-02-20 05:02:17.164636,486.72
2183,2025-02-20 05:22:17.158973,482.76
2184,2025-02-20 05:42:17.163796,480.06
2185,2025-02-20 06:02:17.158378,479.94
2186,2025-02-20 06:22:17.162815,474.35
2187,2025-02-20 06:42:17.166348,474.48
2188,2025-02-20 07:02:17.168840,471.38
2189,2025-02-20 07:22:17.179386,470.4
2190,2025-02-20 07:42:17.163750,468.34
2191,2025-02-20 08:02:17.157511,463.94
2192,2025-02-20 08:22:17.150594,465.85
2193,2025-02-20 08:42:17.164640,463.37
2194,2025-02-20 09:02:17.167087,462.1
2195,2025-02-20 09:22:17.184211,462.36
2196,2025-02-20 09:42:17.157835,458.1
2197,2025-02-20 10:02:17.156443,457.16
2198,2025-02-20 10:22:17.162806,457.02
2199,2025-02-20 10:42:17.146494,455.29
2200,2025-02-20 11:02:17.159218,451.31
2201,2025-02-20 11:22:17.156769,448.64
2202,2025-02-20 11:42:17.165395,445.2
2203,2025-02-20 12:02:17.166232,444.8
2204,2025-02-20 12:22:17.176687,441.5
2205,2025-02-20 12:42:17.160171,440.28
2206,2025-02-20 13:02:17.157668,437.08
2207,2025-02-20 13:22:17.175057,433.74
2208,2025-02-20 13:42:17.168305,428.78
2209,2025-02-20 14:02:17.175167,421.42
2210,2025-02-20 14:22:17.161377,415.74
2211,2025-02-20 14:42:17.160198,416.39
2212,2025-02-20 15:02:17.170283,414.9
2213,2025-02-20 15:22:17.162599,413.57
2214,2025-02-20 15:42:17.169130,417.26
2215,2025-02-20 16:02:17.162678,416.7
2216,2025-02-20 16:22:17.153177,418.08
2217,2025-02-20 16:42:17.170487,419.31
2218,2025-02-20 17:02:17.154803,422.96
2219,2025-02-20 17:22:17.159572,424.93
2220,2025-02-20 17:42:16.800706,425.17
2221,2025-02-20 18:02:17.164590,424.98
2222,2025-02-20 18:22:17.157062,426.46
2223,2025-02-20 18:42:17.166757,425.76
2224,2025-02-20 19:02:16.881660,424.22
2225,2025-02-20 19:22:17.172808,428.18
2226,2025-02-20 19:42:17.157254,429.23
2227,2025-02-20 20:02:17.184455,431.48
2228,2025-02-20 20:22:17.170823,434.46
2229,2025-02-20 20:42:17.155443,435.06
2230,2025-02-20 21:02:17.155535,435.57
2231,2025-02-20 21:22:17.147398,434.82
2232,2025-02-20 21:42:17.155073,434.45
2233,2025-02-20 22:02:17.146108,434.78
2234,2025-02-20 22:22:17.144123,433.9
2235,2025-02-20 22:42:17.180634,432.64
2236,2025-02-20 23:02:17.163926,429.41
2237,2025-02-20 23:22:17.168264,430.41
2238,2025-02-20 23:42:17.165687,427.75
2239,2025-02-21 00:02:17.161232,425.82
2240,2025-02-21 00:22:17.163241,423.28
2241,2025-02-21 00:42:17.161204,422.4
2242,2025-02-21 01:02:17.155245,417.52
2243,2025-02-21 01:22:17.173100,414.67
2244,2025-02-21 01:42:17.162289,415.45
2245,2025-02-21 02:02:17.156355,415.78
2246,2025-02-21 02:22:17.173476,417.66
2247,2025-02-21 02:42:17.156879,418.26
2248,2025-02-21 03:02:17.177047,420.08
2249,2025-02-21 03:22:17.171127,420.31
2250,2025-02-21 03:42:17.158121,417.5
2251,2025-02-21 04:02:17.166671,418.01
2252,2025-02-21 04:22:17.157980,421.78
2253,2025-02-21 04:42:17.155148,423.5
2254,2025-02-21 05:02:17.156349,425.74
2255,2025-02-21 05:22:17.162481,426.46
2256,2025-02-21 05:42:17.154663,427.38
2257,2025-02-21 06:42:17.160361,418.46
2258,2025-02-21 07:02:17.152364,413.62
2259,2025-02-21 07:22:17.159330,406.42
2260,2025-02-21 07:42:17.151455,397.76
2261,2025-02-21 08:02:17.161970,395.94
2262,2025-02-21 08:22:17.172764,393.36
2263,2025-02-21 08:42:17.147463,392.4
2264,2025-02-21 09:02:17.171709,388.72
2265,2025-02-21 09:42:17.156182,390.08
2266,2025-02-21 10:02:17.164414,390.89
2267,2025-02-21 10:22:17.161168,389.72
2268,2025-02-21 10:42:17.163275,386.74
2269,2025-02-21 11:02:17.172603,389.14
2270,2025-02-21 11:22:17.178202,390.56
2271,2025-02-21 11:42:17.155444,388.69
2272,2025-02-21 12:02:17.164316,389.95
2273,2025-02-21 12:22:17.168180,384.86
2274,2025-02-21 12:42:17.166048,379.88
2275,2025-02-21 13:02:17.157086,378.06
2276,2025-02-21 13:22:17.439703,377.47
2277,2025-02-21 13:42:17.164826,374.41
2278,2025-02-21 14:02:17.159160,370.53
2279,2025-02-21 14:22:17.159567,367.69
2280,2025-02-21 14:42:17.167117,368.76
2281,2025-02-21 15:02:17.161749,371.84
2282,2025-02-21 15:22:17.143876,373.28
2283,2025-02-21 15:42:17.123882,376.43
2284,2025-02-21 16:02:17.168958,378.43
2285,2025-02-21 16:22:17.156187,382.38
2286,2025-02-21 16:42:17.159441,377.28
2287,2025-02-21 17:02:17.164899,373.86
2288,2025-02-21 17:22:17.154960,371.1
2289,2025-02-21 17:42:17.168489,369.28
2290,2025-02-21 18:02:17.172716,368.87
2291,2025-02-21 18:22:17.161735,365.31
2292,2025-02-21 18:42:17.162137,364.0
2293,2025-02-21 19:02:17.168600,363.62
2294,2025-02-21 19:22:17.173376,363.26
2295,2025-02-21 19:42:17.154102,361.66
2296,2025-02-21 20:02:17.154622,361.41
2297,2025-02-21 20:22:17.161215,362.23
2298,2025-02-21 20:42:17.152067,359.72
2299,2025-02-21 21:02:17.142244,354.86
2300,2025-02-21 21:22:16.722319,352.08
2301,2025-02-21 21:42:17.168535,354.46
2302,2025-02-21 22:02:17.177879,356.56
2303,2025-02-21 22:22:17.166465,358.2
2304,2025-02-21 22:42:17.171368,359.45
2305,2025-02-21 23:02:17.150974,360.48
2306,2025-02-21 23:22:17.156056,358.42
2307,2025-02-21 23:42:17.156612,358.44
2308,2025-02-22 00:02:17.180247,356.14
2309,2025-02-22 00:22:17.159165,355.07
2310,2025-02-22 00:42:17.160300,351.32
2311,2025-02-22 01:02:17.151938,348.84
2312,2025-02-22 01:22:17.155382,347.94
2313,2025-02-22 01:42:17.165467,344.82
2314,2025-02-22 02:02:16.977081,344.4
2315,2025-02-22 02:22:17.175031,343.67
2316,2025-02-22 02:42:17.160739,343.94
2317,2025-02-22 03:02:17.162805,346.6
2318,2025-02-22 03:22:17.168042,348.46
2319,2025-02-22 03:42:17.153962,346.52
2320,2025-02-22 04:02:17.164928,346.28
2321,2025-02-22 04:22:17.174276,343.32
2322,2025-02-22 04:42:17.157938,338.11
2323,2025-02-22 05:02:17.181978,338.17
2324,2025-02-22 05:22:17.151384,336.5
2325,2025-02-22 05:42:17.370272,337.0
2326,2025-02-22 06:02:17.158294,337.82
2327,2025-02-22 06:22:17.161092,340.59
2328,2025-02-22 06:42:17.164768,339.82
2329,2025-02-22 07:02:17.164029,340.04
2330,2025-02-22 07:22:17.153272,338.24
2331,2025-02-22 07:42:17.163793,338.26
2332,2025-02-22 08:02:17.160959,339.38
2333,2025-02-22 09:02:17.161540,339.5
2334,2025-02-22 09:22:17.155974,342.58
2335,2025-02-22 09:42:17.166061,343.24
2336,2025-02-22 10:02:17.163576,345.32
2337,2025-02-22 10:22:17.159365,344.44
2338,2025-02-22 10:42:17.155602,344.72
2339,2025-02-22 11:02:17.163095,342.48
2340,2025-02-22 11:22:17.161320,344.4
2341,2025-02-22 11:42:17.164180,343.24
2342,2025-02-22 12:02:17.164786,342.52
2343,2025-02-22 12:22:17.169797,342.96
2344,2025-02-22 12:42:17.158609,343.45
2345,2025-02-22 13:02:17.159676,345.36
2346,2025-02-22 13:22:17.156214,348.24
2347,2025-02-22 13:42:17.164189,351.26
2348,2025-02-22 14:02:17.160660,349.8
2349,2025-02-22 14:22:17.160230,349.08
2350,2025-02-22 14:42:17.174505,349.0
2351,2025-02-22 15:02:17.152681,345.68
2352,2025-02-22 15:22:17.160340,342.86
2353,2025-02-22 15:42:16.972838,340.84
2354,2025-02-22 16:02:17.176597,343.54
2355,2025-02-22 16:22:17.158202,342.18
2356,2025-02-22 16:42:17.160540,340.76
2357,2025-02-22 17:02:17.169556,338.4
2358,2025-02-22 17:22:17.168145,337.48
2359,2025-02-22 17:42:17.161690,337.02
2360,2025-02-22 18:02:17.148749,337.12
2361,2025-02-22 18:22:17.168338,337.54
2362,2025-02-22 18:42:17.156676,339.16
2363,2025-02-22 19:02:17.163772,342.76
2364,2025-02-22 19:22:17.173467,343.33
2365,2025-02-22 19:42:17.346856,346.9
2366,2025-02-22 20:02:17.172851,343.42
2367,2025-02-22 20:22:17.165843,342.3
2368,2025-02-22 20:42:17.187803,341.92
2369,2025-02-22 21:02:17.156999,343.68
2370,2025-02-22 21:22:17.160302,345.38
2371,2025-02-22 21:42:17.153236,348.35
2372,2025-02-22 22:02:17.153354,349.96
2373,2025-02-22 22:22:17.167109,352.1
2374,2025-02-22 22:42:17.161133,353.6
2375,2025-02-22 23:02:17.173418,353.63
2376,2025-02-22 23:22:17.142776,356.07
2377,2025-02-22 23:42:17.157905,358.29
2378,2025-02-23 00:02:17.155793,356.4
2379,2025-02-23 00:22:17.167276,354.78
2380,2025-02-23 00:42:17.156850,358.6
2381,2025-02-23 01:02:17.165536,360.32
2382,2025-02-23 01:22:17.149127,363.04
2383,2025-02-23 01:42:17.151755,364.39
2384,2025-02-23 02:02:17.163092,366.42
2385,2025-02-23 02:22:17.162055,371.12
2386,2025-02-23 02:42:17.158743,369.72
2387,2025-02-23 03:02:17.165579,369.79
2388,2025-02-23 03:22:17.165733,370.0
2389,2025-02-23 03:42:17.175151,371.84
2390,2025-02-23 04:02:17.155256,373.8
2391,2025-02-23 04:22:17.166732,374.32
2392,2025-02-23 04:42:17.172342,375.52
2393,2025-02-23 05:02:17.161886,376.0
2394,2025-02-23 05:22:17.154663,372.52
2395,2025-02-23 05:42:17.163415,373.4
2396,2025-02-23 06:02:17.161263,374.93
2397,2025-02-23 06:22:17.150069,376.16
2398,2025-02-23 06:42:17.157632,379.78
2399,2025-02-23 07:02:17.173311,384.42
2400,2025-02-23 07:22:17.169041,387.03
2401,2025-02-23 07:42:17.163327,386.82
2402,2025-02-23 08:02:17.414617,387.12
2403,2025-02-23 08:22:17.157814,387.86
2404,2025-02-23 08:42:17.158877,386.88
2405,2025-02-23 09:02:17.155865,387.5
2406,2025-02-23 09:22:17.160841,388.89
2407,2025-02-23 09:42:17.165536,389.88
2408,2025-02-23 10:02:16.759051,390.77
2409,2025-02-23 10:22:17.168751,389.48
2410,2025-02-23 10:42:17.171059,387.54
2411,2025-02-23 11:02:17.158416,386.34
2412,2025-02-23 11:22:17.164197,382.09
2413,2025-02-23 11:42:17.153279,382.45
2414,2025-02-23 12:02:17.167172,380.59
2415,2025-02-23 12:22:16.932079,379.49
2416,2025-02-23 12:42:17.159524,377.32
2417,2025-02-23 13:02:17.151166,374.54
2418,2025-02-23 13:22:17.161587,371.22
2419,2025-02-23 13:42:17.157334,368.68
2420,2025-02-23 14:02:17.146243,368.83
2421,2025-02-23 14:22:17.160386,367.08
2422,2025-02-23 14:42:17.165938,366.26
2423,2025-02-23 15:02:17.162161,365.24
2424,2025-02-23 15:22:17.159723,364.84
2425,2025-02-23 15:42:17.153566,363.0
2426,2025-02-23 16:02:17.166334,358.53
2427,2025-02-23 16:22:17.156833,358.0
2428,2025-02-23 16:42:17.163315,355.4
2429,2025-02-23 17:42:17.161020,356.41
2430,2025-02-23 18:02:17.166736,356.89
2431,2025-02-23 18:22:17.154312,358.89
2432,2025-02-23 18:42:17.167302,358.72
2433,2025-02-23 19:02:17.158131,363.48
2434,2025-02-23 19:22:17.163780,365.94
2435,2025-02-23 19:42:17.166619,364.8
2436,2025-02-23 20:02:17.163117,366.17
2437,2025-02-23 20:22:17.161000,368.02
2438,2025-02-23 20:42:17.163580,372.3
2439,2025-02-23 21:02:17.163346,374.1
2440,2025-02-23 21:22:17.160988,378.12
2441,2025-02-23 21:42:17.161108,383.22
2442,2025-02-23 22:02:17.167083,387.75
2443,2025-02-23 22:22:17.157861,389.35
2444,2025-02-23 22:42:17.164897,394.16
2445,2025-02-23 23:02:17.193598,398.46
2446,2025-02-23 23:22:17.180041,402.88
2447,2025-02-23 23:42:17.170210,406.6
2448,2025-02-24 00:02:17.158575,408.29
2449,2025-02-24 00:22:17.312878,410.56
2450,2025-02-24 00:42:17.157771,413.92
2451,2025-02-24 01:02:17.157493,416.86
2452,2025-02-24 01:22:17.165884,419.6
2453,2025-02-24 01:42:17.158494,424.38
2454,2025-02-24 02:02:17.187277,427.21
2455,2025-02-24 02:22:17.174148,428.92
2456,2025-02-24 02:42:17.165014,427.73
2457,2025-02-24 03:02:17.170014,428.18
2458,2025-02-24 03:22:17.161440,429.74
2459,2025-02-24 03:42:17.154963,429.02
2460,2025-02-24 04:02:17.158190,429.14
2461,2025-02-24 04:22:17.161258,433.72
2462,2025-02-24 04:42:17.175503,434.22
2463,2025-02-24 05:02:17.158590,432.9
2464,2025-02-24 05:22:17.147973,435.12
2465,2025-02-24 05:42:17.151724,434.94
2466,2025-02-24 06:02:17.160982,437.04
2467,2025-02-24 06:22:17.182877,436.71
2468,2025-02-24 06:42:17.150828,435.31
2469,2025-02-24 07:02:17.156804,435.1
2470,2025-02-24 07:22:17.158156,436.68
2471,2025-02-24 07:42:17.162609,437.2
2472,2025-02-24 08:02:17.156399,437.62
2473,2025-02-24 08:22:17.173740,440.2
2474,2025-02-24 08:42:17.168656,438.59
2475,2025-02-24 09:02:16.900371,439.97
2476,2025-02-24 09:22:17.165931,435.96
2477,2025-02-24 09:42:17.154907,431.6
2478,2025-02-24 10:02:17.167103,429.54
2479,2025-02-24 10:22:17.153925,426.94
2480,2025-02-24 10:42:17.164277,425.2
2481,2025-02-24 11:02:17.160410,425.8
2482,2025-02-24 11:22:17.145033,421.3
2483,2025-02-24 11:42:17.161324,416.0
2484,2025-02-24 12:02:17.150882,410.26
2485,2025-02-24 12:22:17.153237,408.07
2486,2025-02-24 12:42:17.160762,405.43
2487,2025-02-24 13:02:17.158017,402.43
2488,2025-02-24 13:22:17.154549,398.34
2489,2025-02-24 13:42:17.161378,397.58
2490,2025-02-24 14:02:17.395740,401.82
2491,2025-02-24 14:22:17.157269,402.74
2492,2025-02-24 14:42:17.167217,402.33
2493,2025-02-24 15:02:17.171693,401.67
2494,2025-02-24 15:22:17.151946,399.05
2495,2025-02-24 15:42:17.165625,400.52
2496,2025-02-24 16:02:17.145708,405.68
2497,2025-02-24 16:22:17.158361,406.08
2498,2025-02-24 17:02:17.162617,412.24
2499,2025-02-24 17:22:17.156803,414.62
2500,2025-02-24 17:42:17.180243,418.82
2501,2025-02-24 18:02:17.176507,421.66
2502,2025-02-24 18:22:17.171544,423.32
2503,2025-02-24 18:42:17.165631,421.65
2504,2025-02-24 19:02:17.152924,424.24
2505,2025-02-24 19:22:17.152874,426.15
2506,2025-02-24 19:42:17.169021,426.98
2507,2025-02-24 20:02:17.161225,430.3
2508,2025-02-24 20:22:17.154415,434.34
2509,2025-02-24 20:42:17.162994,436.21
2510,2025-02-24 21:02:17.162508,437.55
2511,2025-02-24 21:22:17.153584,440.37
2512,2025-02-24 21:42:17.160390,443.92
2513,2025-02-24 22:02:17.174982,447.56
2514,2025-02-24 22:22:17.160270,449.14
2515,2025-02-24 22:42:17.161783,453.44
2516,2025-02-24 23:02:17.199212,457.1
2517,2025-02-24 23:22:17.162562,456.23
2518,2025-02-24 23:42:17.153925,459.3
2519,2025-02-25 00:02:17.168462,458.38
2520,2025-02-25 00:22:17.156439,461.32
2521,2025-02-25 00:42:17.157851,460.78
2522,2025-02-25 01:02:17.164400,462.21
2523,2025-02-25 01:22:17.163792,459.76
2524,2025-02-25 01:42:17.163093,461.92
2525,2025-02-25 02:02:17.155717,458.7
2526,2025-02-25 02:22:17.153732,462.62
2527,2025-02-25 02:42:17.162782,459.25
2528,2025-02-25 03:02:17.165853,455.65
2529,2025-02-25 03:22:16.794231,453.34
2530,2025-02-25 03:42:17.164970,452.23
2531,2025-02-25 04:02:17.161003,451.96
2532,2025-02-25 04:22:17.167725,455.48
2533,2025-02-25 04:42:17.156075,457.3
2534,2025-02-25 05:02:17.154278,458.94
2535,2025-02-25 05:22:17.165877,462.17
2536,2025-02-25 05:42:17.164732,464.32
2537,2025-02-25 06:02:17.157548,468.36
2538,2025-02-25 06:22:17.160343,471.08
2539,2025-02-25 06:42:17.428779,474.67
2540,2025-02-25 07:02:17.160513,477.87
2541,2025-02-25 07:22:17.157827,481.4
2542,2025-02-25 07:42:17.167582,482.67
2543,2025-02-25 08:02:17.164224,485.16
2544,2025-02-25 08:22:17.161034,485.94
2545,2025-02-25 08:42:17.148369,488.44
2546,2025-02-25 09:02:16.706503,489.02
2547,2025-02-25 09:22:17.163180,489.91
2548,2025-02-25 09:42:17.162541,493.13
2549,2025-02-25 10:02:17.160937,494.16
2550,2025-02-25 10:22:17.153685,495.76
2551,2025-02-25 10:42:17.164022,494.12
2552,2025-02-25 11:02:17.170030,497.42
2553,2025-02-25 11:22:17.154418,499.36
2554,2025-02-25 11:42:17.159889,499.91
2555,2025-02-25 12:02:17.162789,502.64
2556,2025-02-25 12:22:17.160574,502.66
2557,2025-02-25 12:42:17.167399,503.12
2558,2025-02-25 13:02:17.176424,505.76
2559,2025-02-25 13:22:17.159360,505.17
2560,2025-02-25 13:42:17.154139,507.11
2561,2025-02-25 14:02:17.186724,506.27
2562,2025-02-25 14:22:17.164224,507.84
2563,2025-02-25 14:42:17.158258,507.26
2564,2025-02-25 15:02:17.159483,505.0
2565,2025-02-25 15:22:17.144862,505.27
2566,2025-02-25 15:42:17.158893,502.36
2567,2025-02-25 16:02:17.164822,497.36
2568,2025-02-25 16:22:17.164899,497.78
2569,2025-02-25 16:42:17.156961,494.1
2570,2025-02-25 17:02:17.165972,494.54
2571,2025-02-25 17:22:17.163103,494.01
2572,2025-02-25 17:42:17.152485,490.55
2573,2025-02-25 18:02:17.150868,490.61
2574,2025-02-25 18:22:17.156705,491.0
2575,2025-02-25 18:42:17.163608,490.0
2576,2025-02-25 19:02:17.166736,492.64
2577,2025-02-25 19:22:17.170528,500.54
2578,2025-02-25 19:42:17.162189,504.14
2579,2025-02-25 20:02:17.157560,509.36
2580,2025-02-25 20:22:17.158961,514.3
2581,2025-02-25 20:42:17.170014,515.98
2582,2025-02-25 21:02:17.152230,517.96
2583,2025-02-25 21:22:17.160170,522.32
2584,2025-02-25 21:42:16.810869,524.39
2585,2025-02-25 22:02:17.166823,525.19
2586,2025-02-25 22:22:17.310601,528.46
2587,2025-02-25 22:42:17.159234,528.92
2588,2025-02-25 23:02:17.160379,529.74
2589,2025-02-25 23:22:17.163113,529.12
2590,2025-02-25 23:42:17.159933,529.82
2591,2025-02-26 00:02:17.158257,529.66
2592,2025-02-26 00:22:17.162874,529.6
2593,2025-02-26 00:42:17.156211,530.82
2594,2025-02-26 01:02:17.156169,528.96
2595,2025-02-26 01:22:17.154784,528.91
2596,2025-02-26 01:42:17.167944,528.88
2597,2025-02-26 02:02:17.153865,529.59
2598,2025-02-26 02:22:17.144685,529.9
2599,2025-02-26 02:42:17.158173,526.42
2600,2025-02-26 03:02:17.154203,521.28
2601,2025-02-26 03:22:17.152886,521.3
2602,2025-02-26 03:42:17.162043,519.71
2603,2025-02-26 04:02:17.154763,522.67
2604,2025-02-26 04:22:17.164446,525.53
2605,2025-02-26 04:42:17.151973,527.1
2606,2025-02-26 05:02:17.164145,529.5
2607,2025-02-26 05:22:17.162123,529.86
2608,2025-02-26 05:42:17.154905,529.06
2609,2025-02-26 06:02:17.171888,532.08
2610,2025-02-26 06:22:17.163817,532.29
2611,2025-02-26 06:42:17.163170,535.16
2612,2025-02-26 07:02:17.160314,535.86
2613,2025-02-26 07:22:17.165780,535.54
2614,2025-02-26 07:42:17.160878,537.44
2615,2025-02-26 08:02:17.153721,540.01
2616,2025-02-26 08:22:17.157724,539.54
2617,2025-02-26 08:42:17.172614,539.86
2618,2025-02-26 09:02:17.167336,540.88
2619,2025-02-26 09:22:17.150698,542.48
2620,2025-02-26 09:42:17.155182,544.16
2621,2025-02-26 10:02:17.154898,545.54
2622,2025-02-26 10:22:17.156539,543.64
2623,2025-02-26 10:42:17.157715,546.34
2624,2025-02-26 11:02:17.156148,544.86
2625,2025-02-26 11:22:17.175029,545.42
2626,2025-02-26 11:42:17.163019,547.02
2627,2025-02-26 12:02:17.162516,549.69
2628,2025-02-26 12:22:17.168377,546.15
2629,2025-02-26 12:42:17.154686,548.46
2630,2025-02-26 13:02:17.172343,548.2
2631,2025-02-26 13:22:17.159198,545.76
2632,2025-02-26 13:42:17.436641,545.88
2633,2025-02-26 14:02:17.154566,547.72
2634,2025-02-26 14:22:17.171473,545.55
2635,2025-02-26 14:42:17.152910,544.08
2636,2025-02-26 15:02:17.159292,542.0
2637,2025-02-26 15:22:17.162603,535.92
2638,2025-02-26 15:42:17.168083,534.62
2639,2025-02-26 16:02:17.165317,529.0
2640,2025-02-26 16:22:17.164983,522.26
2641,2025-02-26 16:42:17.158554,520.11
2642,2025-02-26 17:02:17.152101,517.18
2643,2025-02-26 17:22:17.148362,516.52
2644,2025-02-26 17:42:17.172714,514.42
2645,2025-02-26 18:02:17.168728,513.65
2646,2025-02-26 18:22:17.168238,515.53
2647,2025-02-26 18:42:17.169229,516.07
2648,2025-02-26 19:02:17.156622,514.26
2649,2025-02-26 19:22:17.156461,516.68
2650,2025-02-26 19:42:17.163862,515.58
2651,2025-02-26 20:02:17.184907,511.66
2652,2025-02-26 20:22:17.162862,505.1
2653,2025-02-26 20:42:17.168750,503.08
2654,2025-02-26 21:02:17.163184,502.92
2655,2025-02-26 21:22:17.155804,502.68
2656,2025-02-26 21:42:17.141209,502.12
2657,2025-02-26 22:02:17.168069,503.91
2658,2025-02-26 22:22:17.157159,509.02
2659,2025-02-26 22:42:17.162050,506.83
2660,2025-02-26 23:02:17.156886,508.44
2661,2025-02-26 23:22:17.169570,510.7
2662,2025-02-26 23:42:17.154034,510.14
2663,2025-02-27 00:02:17.152831,510.16
2664,2025-02-27 00:22:17.161709,512.47
2665,2025-02-27 00:42:17.157135,514.93
2666,2025-02-27 01:02:17.158757,514.6
2667,2025-02-27 01:22:16.696469,508.89
2668,2025-02-27 01:42:17.157649,505.42
2669,2025-02-27 02:02:17.152516,496.85
2670,2025-02-27 02:22:17.164847,490.47
2671,2025-02-27 02:42:17.167512,490.22
2672,2025-02-27 03:02:17.163945,493.8
2673,2025-02-27 03:22:17.162518,493.2
2674,2025-02-27 03:42:17.163451,496.0
2675,2025-02-27 04:02:17.173443,495.97
2676,2025-02-27 04:22:17.158375,494.44
2677,2025-02-27 04:42:17.156813,496.8
2678,2025-02-27 05:02:17.155764,497.58
2679,2025-02-27 05:22:17.158497,500.9
2680,2025-02-27 05:42:17.159112,504.94
2681,2025-02-27 06:02:17.028724,506.28
2682,2025-02-27 06:22:17.372859,508.74
2683,2025-02-27 06:42:17.151385,512.65
2684,2025-02-27 07:02:17.157379,515.16
2685,2025-02-27 07:22:17.157327,517.42
2686,2025-02-27 07:42:17.182911,517.88
2687,2025-02-27 08:02:17.160175,518.82
2688,2025-02-27 08:22:17.154591,520.0
2689,2025-02-27 08:42:17.161825,521.73
2690,2025-02-27 09:02:17.141743,522.53
2691,2025-02-27 09:22:17.161419,522.54
2692,2025-02-27 09:42:17.153323,521.44
2693,2025-02-27 10:02:17.188505,525.48
2694,2025-02-27 10:22:17.155420,525.68
2695,2025-02-27 10:42:17.164190,527.63
2696,2025-02-27 11:02:17.165310,529.99
2697,2025-02-27 11:22:17.160450,530.02
2698,2025-02-27 11:42:17.175839,527.04
2699,2025-02-27 12:02:17.161709,525.02
2700,2025-02-27 12:22:17.156528,524.66
2701,2025-02-27 12:42:17.148430,518.85
2702,2025-02-27 13:02:17.165797,516.52
2703,2025-02-27 13:22:17.158785,514.38
2704,2025-02-27 13:42:17.161492,512.94
2705,2025-02-27 14:02:17.156163,510.76
2706,2025-02-27 14:22:17.163186,505.71
2707,2025-02-27 14:42:17.156493,501.09
2708,2025-02-27 15:02:17.157642,495.17
2709,2025-02-27 15:22:17.164261,490.48
2710,2025-02-27 15:42:17.170978,484.1
2711,2025-02-27 16:02:17.144611,478.96
2712,2025-02-27 16:22:17.156566,479.93
2713,2025-02-27 16:42:17.180506,479.15
2714,2025-02-27 17:02:17.164431,481.66
2715,2025-02-27 17:22:17.156547,483.08
2716,2025-02-27 17:42:17.152692,487.2
2717,2025-02-27 18:02:17.159270,486.62
2718,2025-02-27 18:22:17.160732,485.4
2719,2025-02-27 18:42:17.155757,487.15
2720,2025-02-27 19:02:17.170682,486.97
2721,2025-02-27 19:22:17.157941,488.22
2722,2025-02-27 19:42:17.162873,485.54
2723,2025-02-27 20:02:17.183109,484.94
2724,2025-02-27 20:22:17.167431,483.8
2725,2025-02-27 20:42:17.152705,480.78
2726,2025-02-27 21:02:17.158508,477.91
2727,2025-02-27 21:22:17.156795,478.82
2728,2025-02-27 21:42:17.165641,480.9
2729,2025-02-27 22:02:17.161590,481.48
2730,2025-02-27 22:22:17.172141,482.79
2731,2025-02-27 22:42:17.157671,483.39
2732,2025-02-27 23:02:17.388462,484.41
2733,2025-02-27 23:22:17.159206,485.93
2734,2025-02-27 23:42:17.173234,487.44
2735,2025-02-28 00:02:17.160027,488.72
2736,2025-02-28 00:22:17.160233,493.68
2737,2025-02-28 00:42:17.182397,493.97
2738,2025-02-28 01:02:17.162084,497.76
2739,2025-02-28 01:22:17.156032,495.73
2740,2025-02-28 01:42:17.170376,497.2
2741,2025-02-28 02:02:17.152388,495.08
2742,2025-02-28 02:22:17.160889,492.04
2743,2025-02-28 02:42:17.164001,489.84
2744,2025-02-28 03:02:17.161693,492.04
2745,2025-02-28 03:22:17.161485,492.12
2746,2025-02-28 03:42:17.154945,493.38
2747,2025-02-28 04:02:17.164501,493.54
2748,2025-02-28 04:22:17.154586,498.48
2749,2025-02-28 04:42:17.154443,496.67
2750,2025-02-28 05:02:16.876846,499.83
2751,2025-02-28 05:22:17.180622,503.06
2752,2025-02-28 05:42:17.166519,507.0
2753,2025-02-28 06:02:17.170128,509.68
2754,2025-02-28 06:22:17.153436,512.26
2755,2025-02-28 06:42:17.174661,514.86
2756,2025-02-28 07:02:17.157999,515.25
2757,2025-02-28 07:22:17.162462,518.48
2758,2025-02-28 07:42:17.177856,514.98
2759,2025-02-28 08:02:17.152473,511.52
2760,2025-02-28 08:22:17.153182,511.56
2761,2025-02-28 08:42:17.164508,511.55
2762,2025-02-28 09:02:17.163241,517.98
2763,2025-02-28 09:22:17.163338,519.69
2764,2025-02-28 09:42:17.141156,520.4
2765,2025-02-28 10:02:17.158590,520.9
2766,2025-02-28 10:22:17.150927,524.16
2767,2025-02-28 10:42:17.162504,527.98
2768,2025-02-28 11:02:17.155558,531.19
2769,2025-02-28 11:22:17.157202,534.28
2770,2025-02-28 11:42:17.163123,537.46
2771,2025-02-28 12:02:17.156663,540.62
2772,2025-02-28 12:22:17.158189,543.38
2773,2025-02-28 12:42:17.138932,544.8
2774,2025-02-28 13:02:17.158513,544.29
2775,2025-02-28 13:22:17.163338,542.72
2776,2025-02-28 13:42:17.166274,540.74
2777,2025-02-28 14:02:17.169361,535.86
2778,2025-02-28 14:22:17.341956,526.22
2779,2025-02-28 14:42:17.165320,515.14
2780,2025-02-28 15:02:17.160420,510.74
2781,2025-02-28 15:22:17.160296,507.47
2782,2025-02-28 15:42:17.158134,499.84
2783,2025-02-28 16:02:17.164276,493.94
2784,2025-02-28 16:22:17.160748,493.26
2785,2025-02-28 16:42:17.156811,488.46
2786,2025-02-28 17:02:17.180617,484.35
2787,2025-02-28 17:22:17.152280,483.34
2788,2025-02-28 17:42:17.151472,489.35
2789,2025-02-28 18:02:17.157767,490.66
2790,2025-02-28 18:22:17.162658,491.98
2791,2025-02-28 18:42:17.162653,488.84
2792,2025-02-28 19:02:17.170559,483.15
2793,2025-02-28 19:22:17.161397,482.05
2794,2025-02-28 19:42:17.145230,484.22
2795,2025-02-28 20:02:16.782900,486.8
2796,2025-02-28 20:22:17.159961,489.26
2797,2025-02-28 20:42:17.167822,487.52
2798,2025-02-28 21:02:17.164441,487.32
2799,2025-02-28 21:22:17.158557,483.64
2800,2025-02-28 21:42:17.158337,478.39
2801,2025-02-28 22:02:17.155112,480.3
2802,2025-02-28 22:22:17.169016,482.98
2803,2025-02-28 22:42:17.167331,481.26
2804,2025-02-28 23:02:17.159182,480.73
2805,2025-02-28 23:22:17.163158,478.39
2806,2025-02-28 23:42:17.163940,480.65
2807,2025-03-01 00:02:17.156404,483.06
2808,2025-03-01 00:22:17.162589,483.42
2809,2025-03-01 00:42:17.168265,481.66
2810,2025-03-01 01:02:17.171955,477.52
2811,2025-03-01 01:22:17.154123,478.98
2812,2025-03-01 01:42:17.159450,480.29
2813,2025-03-01 02:02:17.172405,484.56
2814,2025-03-01 02:22:17.162812,484.84
2815,2025-03-01 02:42:17.161544,483.86
2816,2025-03-01 03:02:17.155340,482.26
2817,2025-03-01 03:22:17.168859,482.83
2818,2025-03-01 03:42:17.420408,480.8
2819,2025-03-01 04:02:17.157595,480.88
2820,2025-03-01 04:22:17.164577,472.38
2821,2025-03-01 04:42:17.168423,473.72
2822,2025-03-01 05:02:17.167388,470.76
2823,2025-03-01 05:22:17.161038,466.04
2824,2025-03-01 05:42:17.158193,464.06
2825,2025-03-01 06:02:17.145939,460.46
2826,2025-03-01 06:22:17.179731,459.54
2827,2025-03-01 06:42:17.159259,459.22
2828,2025-03-01 07:02:17.162568,459.12
2829,2025-03-01 07:22:17.152501,459.98
2830,2025-03-01 07:42:17.161165,459.54
2831,2025-03-01 08:02:17.172881,463.58
2832,2025-03-01 08:22:17.153491,466.2
2833,2025-03-01 08:42:17.171507,467.88
2834,2025-03-01 09:02:17.155503,471.78
2835,2025-03-01 09:22:17.156838,480.54
2836,2025-03-01 09:42:17.167019,485.06
2837,2025-03-01 10:02:17.156355,490.51
2838,2025-03-01 10:22:17.168452,493.66
2839,2025-03-01 10:42:17.157140,495.34
2840,2025-03-01 11:02:17.162663,498.66
2841,2025-03-01 11:22:17.167997,501.21
2842,2025-03-01 11:42:17.257808,505.77
2843,2025-03-01 12:02:17.158308,505.31
2844,2025-03-01 12:22:17.156730,506.98
2845,2025-03-01 12:42:17.165130,501.62
2846,2025-03-01 13:02:17.172009,490.68
2847,2025-03-01 13:22:17.160937,479.62
2848,2025-03-01 13:42:17.151574,463.76
2849,2025-03-01 14:02:17.159015,445.68
2850,2025-03-01 14:22:17.152288,430.28
2851,2025-03-01 14:42:17.161718,420.04
2852,2025-03-01 15:02:17.166341,406.06
2853,2025-03-01 15:22:17.155000,395.57
2854,2025-03-01 15:42:17.158028,385.81
2855,2025-03-01 16:02:17.166454,378.29
2856,2025-03-01 16:22:17.164799,375.72
2857,2025-03-01 16:42:17.154435,373.44
2858,2025-03-01 17:02:16.697991,377.2
2859,2025-03-01 17:22:17.152634,376.75
2860,2025-03-01 17:42:17.155009,381.78
2861,2025-03-01 18:02:17.160935,388.44
2862,2025-03-01 18:22:17.164206,396.58
2863,2025-03-01 19:22:17.171153,416.0
2864,2025-03-01 19:42:17.419604,421.13
2865,2025-03-01 20:02:17.162320,418.95
2866,2025-03-01 20:22:17.159866,420.2
2867,2025-03-01 20:42:17.171988,424.56
2868,2025-03-01 21:02:17.167344,425.94
2869,2025-03-01 21:22:17.156641,429.0
2870,2025-03-01 21:42:17.164563,433.92
2871,2025-03-01 22:02:17.160283,432.44
2872,2025-03-01 22:22:17.160121,434.86
2873,2025-03-01 22:42:17.156174,438.34
2874,2025-03-01 23:02:17.162089,439.74
2875,2025-03-01 23:22:17.149940,441.98
2876,2025-03-01 23:42:17.162087,446.18
2877,2025-03-02 00:02:17.155368,447.61
2878,2025-03-02 00:22:17.160056,449.2
2879,2025-03-02 00:42:17.155979,451.24
2880,2025-03-02 01:02:17.171733,458.52
2881,2025-03-02 01:22:17.148963,462.59
2882,2025-03-02 01:42:17.158705,465.83
2883,2025-03-02 02:02:17.166304,464.53
2884,2025-03-02 02:22:17.154783,465.26
2885,2025-03-02 02:42:17.165865,463.12
2886,2025-03-02 03:02:17.157989,463.32
2887,2025-03-02 03:22:17.158687,461.3
2888,2025-03-02 03:42:17.170735,455.79
2889,2025-03-02 04:02:17.169259,453.18
2890,2025-03-02 04:22:17.155492,455.1
2891,2025-03-02 04:42:17.164316,456.98
2892,2025-03-02 05:02:17.153593,459.26
2893,2025-03-02 05:22:17.173133,463.78
2894,2025-03-02 05:42:17.160984,466.36
2895,2025-03-02 06:02:17.164679,470.36
2896,2025-03-02 06:22:17.161431,471.46
2897,2025-03-02 06:42:17.162974,470.62
2898,2025-03-02 07:02:17.160784,469.62
2899,2025-03-02 07:22:17.165356,475.53
2900,2025-03-02 07:42:17.152431,478.93
2901,2025-03-02 08:02:17.157938,480.28
2902,2025-03-02 08:22:17.171866,483.08
2903,2025-03-02 08:42:17.162377,484.02
2904,2025-03-02 09:02:17.159868,485.88
2905,2025-03-02 09:22:17.152895,488.68
2906,2025-03-02 09:42:17.167208,490.91
2907,2025-03-02 10:02:17.170599,490.46
2908,2025-03-02 10:22:17.151990,492.17
2909,2025-03-02 10:42:17.162107,495.06
2910,2025-03-02 11:02:17.160224,497.02
2911,2025-03-02 11:22:17.161259,500.92
2912,2025-03-02 11:42:17.157671,500.67
2913,2025-03-02 12:02:17.157254,502.89
2914,2025-03-02 12:22:17.154789,501.14
2915,2025-03-02 12:42:17.163717,496.76
2916,2025-03-02 13:02:17.166660,491.86
2917,2025-03-02 13:22:17.379261,486.59
2918,2025-03-02 13:42:17.160455,485.29
2919,2025-03-02 14:02:17.159079,479.15
2920,2025-03-02 14:22:17.153236,476.08
2921,2025-03-02 14:42:17.159233,465.72
2922,2025-03-02 15:02:17.170872,456.02
2923,2025-03-02 15:22:17.161248,446.82
2924,2025-03-02 15:42:17.161094,442.26
2925,2025-03-02 16:02:17.162647,436.09
2926,2025-03-02 16:22:17.160956,434.32
2927,2025-03-02 16:42:17.159153,432.98
2928,2025-03-02 17:02:17.170144,432.72
2929,2025-03-02 17:22:16.692855,435.44
2930,2025-03-02 17:42:17.160272,436.84
2931,2025-03-02 18:02:17.162240,437.27
2932,2025-03-02 18:22:17.168717,435.37
2933,2025-03-02 18:42:17.159970,441.2
2934,2025-03-02 19:02:17.169160,444.28
2935,2025-03-02 19:22:17.173186,446.98
2936,2025-03-02 19:42:17.163350,448.14
2937,2025-03-02 20:02:17.163445,451.08
2938,2025-03-02 20:22:17.180399,451.81
2939,2025-03-02 20:42:17.163924,451.0
2940,2025-03-02 21:02:17.159847,454.14
2941,2025-03-02 21:22:17.154437,455.16
2942,2025-03-02 21:42:17.161089,459.1
2943,2025-03-02 22:02:17.168615,459.77
2944,2025-03-02 22:22:17.168524,462.72
2945,2025-03-02 22:42:17.165245,469.3
2946,2025-03-02 23:02:17.153808,471.58
2947,2025-03-02 23:22:17.162550,476.12
2948,2025-03-02 23:42:17.155028,479.87
2949,2025-03-03 00:02:17.157291,483.28
2950,2025-03-03 00:22:17.169538,486.77
2951,2025-03-03 00:42:17.156545,486.92
2952,2025-03-03 01:02:17.161076,488.14
2953,2025-03-03 01:22:17.192282,490.18
2954,2025-03-03 01:42:17.159914,488.78
2955,2025-03-03 02:02:17.161934,492.16
2956,2025-03-03 02:22:17.162338,491.73
2957,2025-03-03 02:42:17.160919,490.7
2958,2025-03-03 03:02:17.162887,488.96
2959,2025-03-03 03:22:17.157462,484.1
2960,2025-03-03 03:42:16.835858,482.86
2961,2025-03-03 04:02:17.152432,486.36
2962,2025-03-03 04:22:17.159974,488.62
2963,2025-03-03 04:42:17.173694,492.84
2964,2025-03-03 05:02:17.382229,496.86
2965,2025-03-03 05:22:17.154076,495.3
2966,2025-03-03 05:42:17.165177,492.39
2967,2025-03-03 06:02:17.156657,494.21
2968,2025-03-03 06:22:17.156906,495.17
2969,2025-03-03 06:42:17.160727,497.28
2970,2025-03-03 07:02:17.158420,492.04
2971,2025-03-03 07:22:17.161027,490.44
2972,2025-03-03 07:42:17.156494,496.69
2973,2025-03-03 08:02:17.150847,495.48
2974,2025-03-03 08:22:17.178245,499.85
2975,2025-03-03 08:42:17.154592,504.14
2976,2025-03-03 09:02:17.182340,503.82
2977,2025-03-03 09:22:17.162089,507.88
2978,2025-03-03 09:42:17.172906,504.23
2979,2025-03-03 10:02:17.164660,501.63
2980,2025-03-03 10:22:17.163382,500.0
2981,2025-03-03 10:42:17.165979,499.72
2982,2025-03-03 11:02:17.158844,497.54
2983,2025-03-03 11:22:17.149632,495.7
2984,2025-03-03 11:42:16.738713,493.26
2985,2025-03-03 12:02:17.161486,489.36
2986,2025-03-03 12:22:17.151718,488.37
2987,2025-03-03 12:42:17.163992,486.39
2988,2025-03-03 13:02:17.167562,480.04
2989,2025-03-03 13:22:17.160200,475.78
2990,2025-03-03 13:42:17.164169,467.72
2991,2025-03-03 14:02:17.156257,466.27
2992,2025-03-03 14:22:17.168585,460.31
2993,2025-03-03 14:42:17.184568,454.0
2994,2025-03-03 15:02:17.160127,449.52
2995,2025-03-03 15:22:17.192230,445.5
2996,2025-03-03 15:42:17.153843,440.96
2997,2025-03-03 16:02:17.152719,438.39
2998,2025-03-03 16:22:17.154963,434.53
2999,2025-03-03 16:42:17.162271,434.34
3000,2025-03-03 17:02:17.159937,435.42
3001,2025-03-03 17:22:17.159886,436.18
3002,2025-03-03 17:42:17.170441,435.98
3003,2025-03-03 18:02:17.380583,435.74
3004,2025-03-03 18:22:17.157729,433.1
3005,2025-03-03 18:42:17.164023,433.43
3006,2025-03-03 19:02:17.174266,433.82
3007,2025-03-03 19:22:17.164176,428.62
3008,2025-03-03 19:42:17.170078,427.16
3009,2025-03-03 20:02:17.164832,430.29
3010,2025-03-03 20:22:17.159837,425.31
3011,2025-03-03 20:42:17.180088,419.26
3012,2025-03-03 21:02:17.160464,415.28
3013,2025-03-03 21:22:17.182032,415.44
3014,2025-03-03 21:42:17.161355,416.52
3015,2025-03-03 22:02:17.151570,418.63
3016,2025-03-03 22:22:17.157995,419.21
3017,2025-03-03 22:42:17.158623,421.15
3018,2025-03-03 23:02:17.156418,424.64
3019,2025-03-03 23:22:17.159464,428.96
3020,2025-03-03 23:42:17.171254,435.16
3021,2025-03-04 00:02:17.150399,442.99
3022,2025-03-04 00:22:17.164747,450.99
3023,2025-03-04 00:42:17.173935,457.38
3024,2025-03-04 01:02:17.166365,463.88
3025,2025-03-04 01:22:17.161327,469.02
3026,2025-03-04 01:42:17.164504,473.14
3027,2025-03-04 02:02:17.156775,473.41
3028,2025-03-04 02:22:17.174445,473.84
3029,2025-03-04 02:42:17.169045,474.4
3030,2025-03-04 03:02:17.172308,473.88
3031,2025-03-04 03:22:17.159923,475.3
3032,2025-03-04 03:42:17.160091,478.54
3033,2025-03-04 04:02:17.169152,482.4
3034,2025-03-04 04:22:17.163215,482.89
3035,2025-03-04 04:42:17.162134,485.94
3036,2025-03-04 05:02:17.163168,490.52
3037,2025-03-04 05:22:17.177665,495.18
3038,2025-03-04 05:42:17.153270,499.82
3039,2025-03-04 06:02:17.160295,504.46
3040,2025-03-04 06:22:17.164924,504.59
3041,2025-03-04 06:42:17.416431,505.62
3042,2025-03-04 07:02:17.158140,505.92
3043,2025-03-04 07:22:17.160213,505.48
3044,2025-03-04 07:42:17.166143,505.44
3045,2025-03-04 08:02:17.168117,504.58
3046,2025-03-04 08:22:17.171514,505.67
3047,2025-03-04 08:42:17.162579,505.74
3048,2025-03-04 09:02:17.152841,509.7
3049,2025-03-04 09:22:17.159047,512.38
3050,2025-03-04 09:42:17.161180,514.24
3051,2025-03-04 10:02:17.180809,521.14
3052,2025-03-04 10:22:17.159962,520.53
3053,2025-03-04 10:42:17.174359,523.19
3054,2025-03-04 11:02:17.166681,528.38
3055,2025-03-04 11:22:17.163327,529.78
3056,2025-03-04 11:42:17.160918,532.12
3057,2025-03-04 12:02:17.163431,532.73
3058,2025-03-04 12:22:17.159880,533.97
3059,2025-03-04 12:42:17.161736,534.66
3060,2025-03-04 13:02:17.165273,535.88
3061,2025-03-04 13:22:17.157875,538.38
3062,2025-03-04 13:42:17.165166,535.44
3063,2025-03-04 14:02:17.160826,533.56
3064,2025-03-04 14:22:17.155111,529.59
3065,2025-03-04 14:42:17.168512,533.33
3066,2025-03-04 15:02:17.151930,529.88
3067,2025-03-04 15:22:17.047664,526.7
3068,2025-03-04 15:42:17.172217,523.26
3069,2025-03-04 16:02:17.151958,513.83
3070,2025-03-04 16:22:17.389935,510.89
3071,2025-03-04 16:42:17.157334,509.74
3072,2025-03-04 17:02:17.176695,507.84
3073,2025-03-04 17:22:17.155310,502.38
3074,2025-03-04 17:42:17.153412,500.88
3075,2025-03-04 18:02:17.163786,502.17
3076,2025-03-04 18:22:17.164226,503.61
3077,2025-03-04 18:42:17.163158,510.83
3078,2025-03-04 19:02:17.167926,513.18
3079,2025-03-04 19:22:17.155315,519.3
3080,2025-03-04 19:42:17.166543,525.12
3081,2025-03-04 20:02:17.088215,532.4
3082,2025-03-04 20:22:17.157487,535.04
3083,2025-03-04 20:42:17.147642,539.74
3084,2025-03-04 21:02:17.170014,541.12
3085,2025-03-04 21:22:17.158987,545.58
3086,2025-03-04 21:42:17.177351,546.8
3087,2025-03-04 22:02:17.159038,552.11
3088,2025-03-04 22:22:17.168599,551.37
3089,2025-03-04 22:42:17.174511,552.38
3090,2025-03-04 23:02:17.157698,554.04
3091,2025-03-04 23:22:17.164415,551.64
3092,2025-03-04 23:42:17.150893,551.12
3093,2025-03-05 00:02:17.169920,551.43
3094,2025-03-05 00:22:17.162373,552.68
3095,2025-03-05 00:42:17.158052,552.59
3096,2025-03-05 01:02:17.170440,552.56
3097,2025-03-05 01:22:17.163072,556.48
3098,2025-03-05 01:42:17.163321,554.2
3099,2025-03-05 02:02:17.155318,550.82
3100,2025-03-05 02:22:17.428929,553.48
3101,2025-03-05 02:42:17.157791,554.58
3102,2025-03-05 03:02:17.146746,552.98
3103,2025-03-05 03:22:17.164393,554.08
3104,2025-03-05 03:42:17.182945,554.76
3105,2025-03-05 04:02:17.153113,557.9
3106,2025-03-05 04:22:17.164220,557.09
3107,2025-03-05 04:42:17.148835,560.5
3108,2025-03-05 05:02:17.155401,559.14
3109,2025-03-05 05:22:17.167530,557.94
3110,2025-03-05 05:42:17.166246,555.28
3111,2025-03-05 06:02:17.162200,556.72
3112,2025-03-05 06:22:17.157214,558.49
3113,2025-03-05 06:42:17.157392,556.89
3114,2025-03-05 07:02:17.145831,552.4
3115,2025-03-05 07:22:17.145244,551.08
3116,2025-03-05 07:42:17.165570,550.84
3117,2025-03-05 08:02:17.150457,553.61
3118,2025-03-05 08:22:17.166990,548.82
3119,2025-03-05 08:42:17.157278,545.86
3120,2025-03-05 09:02:17.162174,539.2
3121,2025-03-05 09:22:17.162218,527.1
3122,2025-03-05 09:42:17.161898,513.04
3123,2025-03-05 10:02:17.163084,499.62
3124,2025-03-05 10:22:17.178149,494.97
3125,2025-03-05 10:42:17.182686,494.72
3126,2025-03-05 11:02:17.156313,493.42
3127,2025-03-05 11:22:17.155408,492.18
3128,2025-03-05 11:42:17.153518,498.14
3129,2025-03-05 12:02:17.171740,502.01
3130,2025-03-05 12:22:17.160089,506.05
3131,2025-03-05 12:42:17.156636,510.43
3132,2025-03-05 13:02:17.163352,517.48
3133,2025-03-05 13:22:17.155134,525.94
3134,2025-03-05 13:42:17.155441,526.1
3135,2025-03-05 14:02:17.166808,524.39
3136,2025-03-05 14:22:17.161412,523.36
3137,2025-03-05 14:42:17.161071,525.02
3138,2025-03-05 15:02:17.160456,524.1
3139,2025-03-05 15:22:17.160002,523.48
3140,2025-03-05 15:42:17.154925,524.48
3141,2025-03-05 16:02:17.154392,521.33
3142,2025-03-05 16:22:17.167501,519.14
3143,2025-03-05 16:42:17.164326,517.6
3144,2025-03-05 17:02:17.152552,516.3
3145,2025-03-05 17:22:17.164317,518.2
3146,2025-03-05 17:42:17.160577,517.88
3147,2025-03-05 18:02:17.153370,517.7
3148,2025-03-05 18:22:17.172155,521.06
3149,2025-03-05 18:42:17.152688,526.85
3150,2025-03-05 19:02:16.899211,527.4
3151,2025-03-05 19:22:17.172902,530.2
3152,2025-03-05 19:42:17.165732,526.8
3153,2025-03-05 20:02:17.172273,517.58
3154,2025-03-05 20:22:17.157396,513.32
3155,2025-03-05 20:42:17.164837,508.88
3156,2025-03-05 21:02:17.411078,503.96
3157,2025-03-05 21:22:17.110342,501.18
3158,2025-03-05 21:42:17.158940,494.82
3159,2025-03-05 22:02:17.158853,489.15
3160,2025-03-05 22:22:17.162505,490.95
3161,2025-03-05 22:42:17.186051,492.39
3162,2025-03-05 23:02:17.138237,496.3
3163,2025-03-05 23:22:17.152503,499.76
3164,2025-03-05 23:42:17.176887,506.32
3165,2025-03-06 00:02:17.173823,511.58
3166,2025-03-06 00:22:17.154066,514.84
3167,2025-03-06 00:42:17.175601,518.82
3168,2025-03-06 01:02:17.152353,523.72
3169,2025-03-06 01:22:17.156242,527.88
3170,2025-03-06 01:42:17.160792,531.72
3171,2025-03-06 02:02:17.171739,531.17
3172,2025-03-06 02:22:17.164235,533.34
3173,2025-03-06 02:42:17.159031,535.79
3174,2025-03-06 03:02:17.166136,541.66
3175,2025-03-06 03:22:17.164897,539.84
3176,2025-03-06 03:42:17.157835,543.3
3177,2025-03-06 04:02:17.153874,545.13
3178,2025-03-06 04:22:17.163821,548.19
3179,2025-03-06 04:42:17.159151,548.77
3180,2025-03-06 05:02:17.166518,550.94
3181,2025-03-06 05:22:17.155761,550.6
3182,2025-03-06 05:42:17.169953,553.16
3183,2025-03-06 06:02:17.155479,558.33
3184,2025-03-06 06:22:17.158102,558.73
3185,2025-03-06 06:42:17.148176,562.12
3186,2025-03-06 07:02:17.157532,564.54
3187,2025-03-06 07:22:17.168008,563.74
3188,2025-03-06 07:42:17.174353,568.8
3189,2025-03-06 08:02:17.165439,566.83
3190,2025-03-06 08:22:17.175764,568.57
3191,2025-03-06 08:42:17.167993,568.02
3192,2025-03-06 09:02:17.166690,571.0
3193,2025-03-06 09:22:17.160242,570.3
3194,2025-03-06 09:42:17.167374,571.7
3195,2025-03-06 10:02:17.158155,572.85
3196,2025-03-06 10:22:17.152610,573.95
3197,2025-03-06 10:42:17.168632,572.97
3198,2025-03-06 11:02:16.777110,572.48
3199,2025-03-06 11:22:17.157434,569.76
3200,2025-03-06 11:42:17.155061,571.8
3201,2025-03-06 12:02:17.169610,564.12
3202,2025-03-06 12:22:17.164288,554.91
3203,2025-03-06 12:42:17.154929,542.8
3204,2025-03-06 13:02:17.159851,538.02
3205,2025-03-06 13:22:16.987515,534.4
3206,2025-03-06 13:42:17.161106,534.18
3207,2025-03-06 14:02:17.156183,529.04
3208,2025-03-06 14:22:17.168171,521.57
3209,2025-03-06 14:42:17.164636,512.68
3210,2025-03-06 15:02:17.416724,496.64
3211,2025-03-06 15:22:17.158346,488.7
3212,2025-03-06 15:42:17.160080,489.52
3213,2025-03-06 16:02:17.156732,488.3
3214,2025-03-06 16:22:17.163438,485.54
3215,2025-03-06 16:42:17.159609,476.27
3216,2025-03-06 17:02:17.185671,469.66
3217,2025-03-06 17:22:17.158719,457.18
3218,2025-03-06 17:42:17.151293,441.24
3219,2025-03-06 18:02:17.155480,427.31
3220,2025-03-06 18:22:17.173085,416.43
3221,2025-03-06 18:42:17.171597,414.19
3222,2025-03-06 19:02:17.157821,416.28
3223,2025-03-06 19:22:17.181029,420.04
3224,2025-03-06 19:42:17.154645,431.04
3225,2025-03-06 20:02:17.160959,439.77
3226,2025-03-06 20:22:17.174024,448.55
3227,2025-03-06 20:42:17.173492,455.12
3228,2025-03-06 21:02:17.165133,462.46
3229,2025-03-06 21:22:17.144090,470.6
3230,2025-03-06 21:42:17.161086,474.74
3231,2025-03-06 22:02:17.158409,479.2
3232,2025-03-06 22:22:17.155513,483.28
3233,2025-03-06 22:42:17.158362,485.25
3234,2025-03-06 23:02:17.151864,488.78
3235,2025-03-06 23:22:17.158654,493.62
3236,2025-03-06 23:42:17.167617,496.76
3237,2025-03-07 00:02:17.181274,498.46
3238,2025-03-07 00:22:17.157523,503.97
3239,2025-03-07 00:42:17.159658,511.04
3240,2025-03-07 01:02:17.161086,516.54
3241,2025-03-07 01:22:17.147749,522.34
3242,2025-03-07 01:42:17.171810,526.74
3243,2025-03-07 02:02:17.161243,533.27
3244,2025-03-07 02:22:17.162240,534.48
3245,2025-03-07 02:42:17.153406,539.57
3246,2025-03-07 03:02:17.153926,541.04
3247,2025-03-07 03:22:17.158447,541.24
3248,2025-03-07 03:42:17.148564,544.1
3249,2025-03-07 04:02:17.163884,549.54
3250,2025-03-07 04:22:17.164889,552.55
3251,2025-03-07 04:42:17.157502,551.73
3252,2025-03-07 05:02:17.397334,553.2
3253,2025-03-07 05:22:17.160346,555.26
3254,2025-03-07 05:42:17.160897,556.78
3255,2025-03-07 06:02:17.167889,560.05
3256,2025-03-07 06:22:17.163521,562.1
3257,2025-03-07 06:42:17.180831,562.98
3258,2025-03-07 07:02:17.163759,561.4
3259,2025-03-07 07:22:17.155698,564.14
3260,2025-03-07 07:42:17.061565,567.06
3261,2025-03-07 08:02:17.158282,565.29
3262,2025-03-07 08:22:17.161070,567.68
3263,2025-03-07 08:42:17.152153,567.31
3264,2025-03-07 09:02:17.173576,567.54
3265,2025-03-07 09:22:17.160850,559.98
3266,2025-03-07 09:42:17.160072,535.66
3267,2025-03-07 10:02:17.157873,514.93
3268,2025-03-07 10:22:17.173904,512.2
3269,2025-03-07 10:42:17.167059,516.21
3270,2025-03-07 11:02:17.165280,526.16
3271,2025-03-07 11:22:17.182283,528.92
3272,2025-03-07 11:42:17.159579,533.6
3273,2025-03-07 12:02:17.180715,533.71
3274,2025-03-07 12:22:17.158820,537.0
3275,2025-03-07 12:42:17.159083,537.56
3276,2025-03-07 13:02:17.157389,538.52
3277,2025-03-07 13:22:17.153881,536.12
3278,2025-03-07 13:42:17.164414,531.14
3279,2025-03-07 14:02:17.157243,524.34
3280,2025-03-07 14:22:17.156198,508.99
3281,2025-03-07 14:42:17.174519,507.48
3282,2025-03-07 15:02:17.155769,507.5
3283,2025-03-07 15:22:17.157738,501.94
3284,2025-03-07 15:42:17.155273,500.1
3285,2025-03-07 16:02:17.167272,494.0
3286,2025-03-07 16:22:17.156662,488.28
3287,2025-03-07 16:42:17.158703,488.5
3288,2025-03-07 17:02:17.159855,486.3
3289,2025-03-07 17:22:17.427968,487.0
3290,2025-03-07 17:42:17.166022,486.2
3291,2025-03-07 18:02:16.841222,487.52
3292,2025-03-07 18:22:17.167187,477.8
3293,2025-03-07 18:42:17.156826,469.43
3294,2025-03-07 19:02:17.157833,465.32
3295,2025-03-07 19:22:17.157476,466.04
3296,2025-03-07 19:42:17.158988,466.2
3297,2025-03-07 20:02:17.158105,467.44
3298,2025-03-07 20:22:17.167534,469.38
3299,2025-03-07 20:42:17.165369,476.75
3300,2025-03-07 21:02:17.168234,477.84
3301,2025-03-07 21:22:17.155638,481.84
3302,2025-03-07 22:22:17.155798,492.77
3303,2025-03-07 22:42:17.155669,499.16
3304,2025-03-07 23:02:17.165032,498.8
3305,2025-03-07 23:22:17.162966,503.96
3306,2025-03-07 23:42:17.164390,506.08
3307,2025-03-08 00:02:17.161247,508.66
3308,2025-03-08 00:22:17.152775,513.93
3309,2025-03-08 00:42:17.158605,521.79
3310,2025-03-08 01:02:17.163824,527.38
3311,2025-03-08 01:22:17.168434,530.32
3312,2025-03-08 01:42:17.155090,529.34
3313,2025-03-08 02:02:17.165195,525.64
3314,2025-03-08 02:22:17.163147,522.21
3315,2025-03-08 02:42:17.160363,518.7
3316,2025-03-08 03:02:17.160250,507.12
3317,2025-03-08 03:22:17.158723,497.84
3318,2025-03-08 03:42:17.194456,484.48
3319,2025-03-08 04:02:17.157316,482.12
3320,2025-03-08 04:22:17.162640,488.08
3321,2025-03-08 04:42:17.169478,492.55
3322,2025-03-08 05:02:17.159005,500.2
3323,2025-03-08 05:22:17.160218,502.86
3324,2025-03-08 05:42:17.156769,509.82
3325,2025-03-08 06:02:17.156845,512.81
3326,2025-03-08 06:22:17.144856,517.4
3327,2025-03-08 06:42:17.164304,517.71
3328,2025-03-08 07:02:17.172565,518.22
3329,2025-03-08 07:22:17.161237,516.7
3330,2025-03-08 07:42:17.172499,515.66
3331,2025-03-08 08:02:17.157946,515.7
3332,2025-03-08 08:22:17.154980,519.05
3333,2025-03-08 08:42:17.173315,523.65
3334,2025-03-08 09:02:17.152242,529.3
3335,2025-03-08 09:22:17.153705,535.26
3336,2025-03-08 09:42:17.170252,534.72
3337,2025-03-08 10:02:17.160974,535.16
3338,2025-03-08 10:22:17.357834,536.63
3339,2025-03-08 10:42:17.152832,536.38
3340,2025-03-08 11:02:17.160751,537.38
3341,2025-03-08 11:22:16.898313,539.58
3342,2025-03-08 11:42:17.169243,538.82
3343,2025-03-08 12:02:17.152575,539.42
3344,2025-03-08 12:22:17.179843,537.25
3345,2025-03-08 12:42:17.166063,535.68
3346,2025-03-08 13:02:17.177696,535.12
3347,2025-03-08 13:22:17.167366,531.18
3348,2025-03-08 13:42:17.157102,528.8
3349,2025-03-08 14:02:17.175780,521.83
3350,2025-03-08 14:22:17.155381,515.89
3351,2025-03-08 14:42:17.152418,508.62
3352,2025-03-08 15:02:17.155301,506.62
3353,2025-03-08 15:22:17.156709,502.56
3354,2025-03-08 15:42:17.157348,502.56
3355,2025-03-08 16:02:17.160225,505.09
3356,2025-03-08 16:22:17.163778,507.67
3357,2025-03-08 16:42:17.177257,511.47
3358,2025-03-08 17:02:17.163119,515.16
3359,2025-03-08 17:22:17.175903,519.88
3360,2025-03-08 17:42:17.167836,525.56
3361,2025-03-08 18:02:17.162558,529.92
3362,2025-03-08 18:22:17.148518,532.47
3363,2025-03-08 18:42:17.157413,534.28
3364,2025-03-08 19:02:17.161389,537.02
3365,2025-03-08 19:22:17.179720,540.8
3366,2025-03-08 19:42:17.175563,542.18
3367,2025-03-08 20:02:17.174141,544.79
3368,2025-03-08 20:22:17.162999,545.34
3369,2025-03-08 20:42:17.168797,547.97
3370,2025-03-08 21:02:17.161507,549.34
3371,2025-03-08 21:22:17.159551,550.62
3372,2025-03-08 21:42:17.166622,552.94
3373,2025-03-08 22:02:17.158000,553.52
3374,2025-03-08 22:22:17.169761,555.36
3375,2025-03-08 22:42:17.157659,556.33
3376,2025-03-08 23:02:17.163661,556.78
3377,2025-03-08 23:22:17.155281,555.7
3378,2025-03-09 00:02:17.153690,552.19
3379,2025-03-09 00:22:17.152086,553.75
3380,2025-03-09 00:42:17.158928,552.78
3381,2025-03-09 02:02:17.177061,560.79
3382,2025-03-09 02:22:17.161770,563.15
3383,2025-03-09 02:42:17.156795,566.46
3384,2025-03-09 03:02:17.160298,566.14
3385,2025-03-09 03:22:17.161944,569.94
3386,2025-03-09 03:42:17.158390,571.22
3387,2025-03-09 04:02:17.166976,571.77
3388,2025-03-09 04:22:17.173459,570.7
3389,2025-03-09 04:42:17.152238,573.14
3390,2025-03-09 05:02:17.186835,574.78
3391,2025-03-09 05:22:17.160759,576.52
3392,2025-03-09 05:42:17.166582,578.93
3393,2025-03-09 06:02:17.168807,579.69
3394,2025-03-09 06:22:17.161463,578.11
3395,2025-03-09 06:42:17.156586,582.06
3396,2025-03-09 07:02:17.180369,581.08
3397,2025-03-09 07:22:17.169723,582.68
3398,2025-03-09 07:42:17.159498,582.84
3399,2025-03-09 08:02:17.156048,585.72
3400,2025-03-09 08:22:17.157202,587.48
3401,2025-03-09 08:42:17.160946,586.56
3402,2025-03-09 09:02:17.162448,590.12
3403,2025-03-09 09:22:17.162403,592.82
3404,2025-03-09 09:42:17.172573,591.35
3405,2025-03-09 10:02:17.156175,592.63
3406,2025-03-09 10:22:17.160081,593.13
3407,2025-03-09 10:42:17.334112,595.68
3408,2025-03-09 11:02:17.169853,596.86
3409,2025-03-09 11:22:17.155532,597.56
3410,2025-03-09 11:42:17.163879,600.18
3411,2025-03-09 12:02:17.153132,600.42
3412,2025-03-09 12:22:17.152479,600.61
3413,2025-03-09 12:42:17.150321,601.82
3414,2025-03-09 13:02:17.164560,604.12
3415,2025-03-09 13:22:17.171294,605.32
3416,2025-03-09 13:42:17.156584,608.57
3417,2025-03-09 14:02:17.183781,607.71
3418,2025-03-09 14:22:17.161543,609.37
3419,2025-03-09 14:42:17.156461,610.78
3420,2025-03-09 15:02:17.160211,611.22
3421,2025-03-09 15:22:17.182151,614.36
3422,2025-03-09 15:42:17.162531,611.55
3423,2025-03-09 16:02:17.179677,614.07
3424,2025-03-09 16:22:17.166071,614.33
3425,2025-03-09 16:42:17.157685,616.26
3426,2025-03-09 17:02:17.158623,620.5
3427,2025-03-09 17:22:17.155637,619.44
3428,2025-03-09 17:42:17.160136,619.11
3429,2025-03-09 18:02:17.160762,620.86
3430,2025-03-09 18:22:17.160506,623.21
3431,2025-03-09 18:42:17.185625,623.5
3432,2025-03-09 19:02:17.164213,627.34
3433,2025-03-09 19:22:17.162348,629.9
3434,2025-03-09 19:42:17.125775,631.83
3435,2025-03-09 20:02:17.158945,633.04
3436,2025-03-09 20:22:17.167230,634.69
3437,2025-03-09 20:42:17.157527,635.5
3438,2025-03-09 21:02:17.161110,639.18
3439,2025-03-09 21:22:17.165150,641.88
3440,2025-03-09 21:42:17.160572,643.2
3441,2025-03-09 22:02:17.157481,643.03
3442,2025-03-09 22:22:17.163944,644.51
3443,2025-03-09 22:42:17.159172,646.06
3444,2025-03-09 23:02:17.154446,645.92
3445,2025-03-09 23:22:17.164518,646.34
3446,2025-03-09 23:42:17.166469,646.37
3447,2025-03-10 00:02:17.164943,647.52
3448,2025-03-10 00:22:17.164842,648.03
3449,2025-03-10 00:42:17.156214,644.62
3450,2025-03-10 01:02:17.156522,645.0
3451,2025-03-10 01:22:17.172244,645.94
3452,2025-03-10 01:42:17.174404,644.58
3453,2025-03-10 02:02:17.154828,646.96
3454,2025-03-10 02:22:17.163716,647.79
3455,2025-03-10 02:42:17.160676,648.54
3456,2025-03-10 03:02:17.169111,646.42
3457,2025-03-10 03:22:17.162690,646.68
3458,2025-03-10 03:42:17.163607,644.75
3459,2025-03-10 04:02:17.154211,645.88
3460,2025-03-10 04:22:17.158608,646.18
3461,2025-03-10 04:42:16.700141,645.91
3462,2025-03-10 05:02:17.416424,646.7
3463,2025-03-10 05:22:17.161929,647.82
3464,2025-03-10 05:42:17.156202,647.16
3465,2025-03-10 06:02:17.160250,648.34
3466,2025-03-10 06:22:17.162615,642.96
3467,2025-03-10 06:42:17.160508,640.56
3468,2025-03-10 07:02:17.163040,641.9
3469,2025-03-10 07:22:17.163902,642.58
3470,2025-03-10 07:42:17.161364,644.99
3471,2025-03-10 08:02:17.158244,643.7
3472,2025-03-10 08:22:17.160412,646.64
3473,2025-03-10 08:42:17.163728,647.36
3474,2025-03-10 09:02:17.152504,648.52
3475,2025-03-10 09:22:17.011444,649.74
3476,2025-03-10 09:42:17.167185,650.04
3477,2025-03-10 10:02:17.180141,653.67
3478,2025-03-10 10:22:17.151435,655.6
3479,2025-03-10 10:42:17.157936,656.34
3480,2025-03-10 11:02:17.153734,654.86
3481,2025-03-10 11:22:17.159741,658.12
3482,2025-03-10 11:42:17.143790,659.15
3483,2025-03-10 12:02:17.177125,660.15
3484,2025-03-10 12:22:17.155291,659.56
3485,2025-03-10 12:42:17.160232,662.08
3486,2025-03-10 13:02:17.172057,661.1
3487,2025-03-10 13:22:17.153731,662.48
3488,2025-03-10 13:42:17.160924,661.79
3489,2025-03-10 14:02:17.160549,661.66
3490,2025-03-10 14:22:17.166961,663.56
3491,2025-03-10 14:42:17.160789,661.18
3492,2025-03-10 15:02:17.186270,661.96
3493,2025-03-10 15:22:17.173502,661.58
3494,2025-03-10 15:42:17.177088,660.86
3495,2025-03-10 16:02:17.165293,660.94
3496,2025-03-10 16:22:17.191936,661.22
3497,2025-03-10 16:42:17.155113,659.74
3498,2025-03-10 17:02:17.158803,656.0
3499,2025-03-10 17:22:17.155271,657.3
3500,2025-03-10 17:42:17.157612,652.66
3501,2025-03-10 18:02:17.162595,647.62
3502,2025-03-10 18:22:17.152450,642.95
3503,2025-03-10 18:42:17.157908,634.66
3504,2025-03-10 19:02:17.159250,626.04
3505,2025-03-10 19:22:17.163892,621.13
3506,2025-03-10 19:42:17.184226,618.01
3507,2025-03-10 20:02:17.177586,615.01
3508,2025-03-10 20:22:17.162847,613.0
3509,2025-03-10 20:42:17.163837,616.42
3510,2025-03-10 21:02:17.168353,611.04
3511,2025-03-10 21:22:17.152253,607.04
3512,2025-03-10 21:42:17.162554,602.24
3513,2025-03-10 22:02:17.165219,590.58
3514,2025-03-10 22:22:17.156089,582.22
3515,2025-03-10 22:42:17.162341,575.18
3516,2025-03-10 23:02:16.640773,572.9
3517,2025-03-10 23:22:17.390625,574.44
3518,2025-03-10 23:42:17.161051,577.7
3519,2025-03-11 00:02:17.185536,583.2
3520,2025-03-11 00:22:17.158318,586.16
3521,2025-03-11 00:42:17.185236,590.72
3522,2025-03-11 01:02:17.139531,589.44
3523,2025-03-11 01:22:16.782163,592.42
3524,2025-03-11 01:42:17.154407,594.46
3525,2025-03-11 02:02:17.146046,587.32
3526,2025-03-11 02:22:17.162184,585.34
3527,2025-03-11 02:42:17.164700,584.0
3528,2025-03-11 03:02:17.157115,578.38
3529,2025-03-11 03:22:17.152455,584.09
3530,2025-03-11 03:42:17.150112,586.78
3531,2025-03-11 04:02:17.174287,585.46
3532,2025-03-11 04:22:17.176203,585.4
3533,2025-03-11 04:42:17.161633,583.0
3534,2025-03-11 05:02:17.186291,582.84
3535,2025-03-11 05:22:17.161125,587.0
3536,2025-03-11 05:42:17.154993,588.93
3537,2025-03-11 06:02:17.164738,588.39
3538,2025-03-11 06:22:17.166238,586.76
3539,2025-03-11 06:42:17.164515,594.66
3540,2025-03-11 07:02:17.169218,600.1
3541,2025-03-11 07:22:17.163218,603.7
3542,2025-03-11 07:42:17.161897,610.76
3543,2025-03-11 08:02:17.163376,614.43
3544,2025-03-11 08:22:17.166711,616.72
3545,2025-03-11 08:42:17.158315,620.24
3546,2025-03-11 09:02:17.166992,624.44
3547,2025-03-11 09:22:17.167746,628.17
3548,2025-03-11 09:42:17.167357,632.3
3549,2025-03-11 10:02:17.158877,633.01
3550,2025-03-11 10:22:17.162039,634.68
3551,2025-03-11 10:42:17.154988,636.62
3552,2025-03-11 11:42:17.153743,639.72
3553,2025-03-11 12:02:17.166276,640.85
3554,2025-03-11 12:22:17.160678,643.04
3555,2025-03-11 12:42:17.162282,645.7
3556,2025-03-11 13:02:17.158296,647.66
3557,2025-03-11 13:22:17.154749,648.99
3558,2025-03-11 13:42:17.179104,648.5
3559,2025-03-11 14:02:17.157131,649.99
3560,2025-03-11 14:22:17.169147,648.12
3561,2025-03-11 14:42:17.161165,650.6
3562,2025-03-11 15:02:17.154476,645.08
3563,2025-03-11 15:22:17.161619,642.22
3564,2025-03-11 15:42:17.360643,643.43
3565,2025-03-11 16:02:17.157251,643.71
3566,2025-03-11 16:22:17.162581,643.44
3567,2025-03-11 16:42:17.159850,643.06
3568,2025-03-11 17:02:17.173111,643.48
3569,2025-03-11 17:22:16.744897,640.5
3570,2025-03-11 17:42:17.161315,638.67
3571,2025-03-11 18:02:17.164224,638.01
3572,2025-03-11 18:22:17.160411,637.46
3573,2025-03-11 18:42:17.164061,642.96
3574,2025-03-11 19:02:17.157559,642.92
3575,2025-03-11 19:22:17.151376,644.34
3576,2025-03-11 19:42:17.163143,643.72
3577,2025-03-11 20:02:17.171680,643.32
3578,2025-03-11 20:22:17.162094,640.26
3579,2025-03-11 20:42:17.161409,639.58
3580,2025-03-11 21:02:17.178394,636.5
3581,2025-03-11 21:22:17.163880,635.38
3582,2025-03-11 21:42:17.164833,630.02
3583,2025-03-11 22:02:17.163978,627.58
3584,2025-03-11 22:22:17.159506,630.12
3585,2025-03-11 22:42:17.167633,628.98
3586,2025-03-11 23:02:17.158992,635.28
3587,2025-03-11 23:22:17.159664,637.15
3588,2025-03-11 23:42:17.144399,637.62
3589,2025-03-12 00:02:17.154498,639.76
3590,2025-03-12 00:22:17.162278,639.44
3591,2025-03-12 00:42:17.163199,641.72
3592,2025-03-12 01:02:17.170486,644.2
3593,2025-03-12 01:22:17.169830,647.12
3594,2025-03-12 01:42:17.163269,651.07
3595,2025-03-12 02:02:17.165760,649.54
3596,2025-03-12 02:22:17.407942,650.96
3597,2025-03-12 02:42:17.156101,650.34
3598,2025-03-12 03:02:17.174299,653.4
3599,2025-03-12 03:22:17.158817,654.37
3600,2025-03-12 03:42:17.150437,653.22
3601,2025-03-12 04:02:17.164573,654.85
3602,2025-03-12 04:22:17.155927,655.14
3603,2025-03-12 04:42:17.181093,654.44
3604,2025-03-12 05:02:17.160079,658.22
3605,2025-03-12 05:22:17.156093,657.97
3606,2025-03-12 05:42:17.185650,658.84
3607,2025-03-12 06:02:17.160321,658.15
3608,2025-03-12 06:22:17.164253,659.48
3609,2025-03-12 06:42:17.156852,661.0
3610,2025-03-12 07:02:17.166034,659.06
3611,2025-03-12 07:22:17.176551,658.73
3612,2025-03-12 07:42:17.155801,659.86
3613,2025-03-12 08:02:17.160355,659.41
3614,2025-03-12 08:22:17.179187,656.9
3615,2025-03-12 08:42:17.159004,651.06
3616,2025-03-12 09:02:17.177340,648.2
3617,2025-03-12 09:22:17.150777,646.57
3618,2025-03-12 09:42:17.160518,642.75
3619,2025-03-12 10:02:17.153827,643.19
3620,2025-03-12 10:22:17.153923,641.74
3621,2025-03-12 10:42:17.176439,643.56
3622,2025-03-12 11:02:17.163959,649.28
3623,2025-03-12 11:22:17.159344,651.77
3624,2025-03-12 11:42:16.709020,654.3
3625,2025-03-12 12:02:17.167226,655.34
3626,2025-03-12 12:22:17.163330,655.4
3627,2025-03-12 12:42:17.157668,655.76
3628,2025-03-12 13:02:16.847077,657.7
3629,2025-03-12 13:22:17.177939,657.12
3630,2025-03-12 13:42:17.157060,655.34
3631,2025-03-12 14:02:17.154026,652.48
3632,2025-03-12 14:22:17.180254,648.18
3633,2025-03-12 14:42:17.156811,641.68
3634,2025-03-12 15:02:17.177525,636.86
3635,2025-03-12 15:22:17.161818,626.13
3636,2025-03-12 15:42:17.167972,619.91
3637,2025-03-12 16:02:17.166460,607.66
3638,2025-03-12 16:22:17.026952,604.46
3639,2025-03-12 16:42:17.165336,595.96
3640,2025-03-12 17:02:17.160934,590.16
3641,2025-03-12 17:22:17.161334,577.86
3642,2025-03-12 17:42:17.405876,570.83
3643,2025-03-12 18:02:17.160187,564.02
3644,2025-03-12 18:22:17.152330,570.14
3645,2025-03-12 18:42:17.162714,576.06
3646,2025-03-12 19:02:17.171614,580.27
3647,2025-03-12 19:22:17.158719,583.8
3648,2025-03-12 19:42:17.160571,587.49
3649,2025-03-12 20:02:17.165606,593.52
3650,2025-03-12 20:22:17.162140,595.74
3651,2025-03-12 20:42:17.189139,600.1
3652,2025-03-12 21:02:17.173464,598.0
3653,2025-03-12 21:22:17.161174,596.34
3654,2025-03-12 21:42:17.156301,593.47
3655,2025-03-12 22:02:16.665788,598.08
3656,2025-03-12 22:22:17.152165,604.88
3657,2025-03-12 22:42:17.157034,606.7
3658,2025-03-12 23:02:17.151680,609.94
3659,2025-03-12 23:22:17.161360,611.78
3660,2025-03-12 23:42:17.154364,611.14
3661,2025-03-13 00:02:17.162341,611.66
3662,2025-03-13 00:22:17.164995,613.46
3663,2025-03-13 00:42:17.188071,616.6
3664,2025-03-13 01:02:17.169608,619.76
3665,2025-03-13 01:22:17.155409,619.38
3666,2025-03-13 01:42:17.173777,623.14
3667,2025-03-13 02:02:17.154909,623.72
3668,2025-03-13 02:22:17.163139,627.1
3669,2025-03-13 02:42:17.157171,628.1
3670,2025-03-13 03:02:17.166512,629.69
3671,2025-03-13 03:22:17.162652,627.16
3672,2025-03-13 03:42:17.152585,627.91
3673,2025-03-13 04:02:17.154807,629.32
3674,2025-03-13 04:22:17.162613,632.24
3675,2025-03-13 04:42:17.162889,632.38
3676,2025-03-13 05:02:17.170845,634.07
3677,2025-03-13 05:22:17.355765,636.13
3678,2025-03-13 05:42:17.154230,638.18
3679,2025-03-13 06:02:17.161971,638.98
3680,2025-03-13 06:22:17.163108,643.2
3681,2025-03-13 06:42:17.161150,643.94
3682,2025-03-13 07:02:17.155485,645.94
3683,2025-03-13 07:22:17.153430,647.19
3684,2025-03-13 07:42:17.164761,646.99
3685,2025-03-13 08:02:17.152853,648.12
3686,2025-03-13 08:22:17.152596,646.44
3687,2025-03-13 08:42:17.155889,647.72
3688,2025-03-13 09:02:17.150990,650.41
3689,2025-03-13 09:22:17.183813,651.68
3690,2025-03-13 09:42:17.159856,652.58
3691,2025-03-13 10:02:17.163852,651.92
3692,2025-03-13 10:22:17.162143,654.92
3693,2025-03-13 10:42:16.644344,655.5
3694,2025-03-13 11:02:17.179143,654.44
3695,2025-03-13 11:22:17.151635,655.91
3696,2025-03-13 11:42:17.159959,656.38
3697,2025-03-13 12:02:17.172470,658.5
3698,2025-03-13 12:22:17.160657,661.3
3699,2025-03-13 12:42:17.174045,662.5
3700,2025-03-13 13:02:17.161697,663.86
3701,2025-03-13 13:22:17.163882,662.85
3702,2025-03-13 13:42:17.160755,668.22
3703,2025-03-13 14:02:17.154148,666.22
3704,2025-03-13 14:22:17.161772,666.44
3705,2025-03-13 14:42:17.171775,666.96
3706,2025-03-13 15:02:17.168064,667.05
3707,2025-03-13 15:22:16.680817,670.85
3708,2025-03-13 15:42:17.178911,669.74
3709,2025-03-13 16:02:17.156843,672.34
3710,2025-03-13 16:22:17.164064,672.88
3711,2025-03-13 16:42:17.152462,674.31
3712,2025-03-13 17:02:17.172488,674.28
3713,2025-03-13 17:22:17.168127,675.87
3714,2025-03-13 17:42:17.166147,675.7
3715,2025-03-13 18:02:17.171853,678.28
3716,2025-03-13 18:22:17.157196,677.18
3717,2025-03-13 18:42:17.171301,676.45
3718,2025-03-13 19:02:17.177375,676.95
3719,2025-03-13 19:22:17.158799,675.78
3720,2025-03-13 19:42:17.166440,676.72
3721,2025-03-13 20:02:16.875543,677.6
3722,2025-03-13 20:22:17.172328,677.34
3723,2025-03-13 20:42:17.160849,679.5
3724,2025-03-13 21:02:17.155286,682.62
3725,2025-03-13 21:22:17.175294,681.53
3726,2025-03-13 21:42:17.187552,682.38
3727,2025-03-13 22:02:17.161335,682.42
3728,2025-03-13 22:22:17.158813,680.06
3729,2025-03-13 22:42:17.158143,682.44
3730,2025-03-13 23:02:17.155617,684.4
3731,2025-03-13 23:22:17.422687,685.06
3732,2025-03-13 23:42:17.166612,687.22
3733,2025-03-14 00:02:17.163090,688.24
3734,2025-03-14 00:22:17.159063,688.66
3735,2025-03-14 00:42:17.048607,688.38
3736,2025-03-14 01:02:17.173849,688.23
3737,2025-03-14 01:22:17.157907,684.62
3738,2025-03-14 01:42:17.160474,684.3
3739,2025-03-14 02:02:17.172092,681.58
3740,2025-03-14 02:22:17.150744,680.02
3741,2025-03-14 02:42:17.155902,678.64
3742,2025-03-14 03:02:17.153711,677.32
3743,2025-03-14 03:22:17.154298,675.92
3744,2025-03-14 03:42:17.168194,678.6
3745,2025-03-14 04:02:17.149568,677.66
3746,2025-03-14 04:22:17.168296,678.68
3747,2025-03-14 04:42:17.165125,681.19
3748,2025-03-14 05:02:17.164792,681.11
3749,2025-03-14 05:22:17.175333,685.58
3750,2025-03-14 05:42:17.159805,685.24
3751,2025-03-14 06:02:17.175051,688.84
3752,2025-03-14 06:22:17.165840,691.18
3753,2025-03-14 06:42:17.165650,692.55
3754,2025-03-14 07:02:17.180688,693.95
3755,2025-03-14 07:22:17.138662,692.66
3756,2025-03-14 07:42:17.168502,695.2
3757,2025-03-14 08:02:17.149236,696.24
3758,2025-03-14 08:22:17.157148,695.37
3759,2025-03-14 08:42:17.148849,696.26
3760,2025-03-14 09:02:17.162457,699.53
3761,2025-03-14 09:22:17.159128,697.94
3762,2025-03-14 09:42:17.152873,697.98
3763,2025-03-14 10:02:17.160293,696.76
3764,2025-03-14 10:22:17.175090,699.77
3765,2025-03-14 10:42:17.169690,702.29
3766,2025-03-14 11:02:17.159977,702.33
3767,2025-03-14 11:22:17.180128,701.64
3768,2025-03-14 11:42:17.160657,700.62
3769,2025-03-14 12:02:17.156187,703.7
3770,2025-03-14 12:22:17.150633,705.08
3771,2025-03-14 12:42:17.157090,705.31
3772,2025-03-14 13:02:17.161487,707.32
3773,2025-03-14 13:22:17.169801,706.24
3774,2025-03-14 13:42:17.164157,707.66
3775,2025-03-14 14:02:17.160016,709.2
3776,2025-03-14 14:22:17.152647,709.49
3777,2025-03-14 14:42:17.162832,709.47
3778,2025-03-14 15:02:17.142286,709.89
3779,2025-03-14 15:22:17.161366,707.5
3780,2025-03-14 15:42:17.380887,709.64
3781,2025-03-14 16:02:17.176307,707.82
3782,2025-03-14 16:22:17.157496,707.85
3783,2025-03-14 16:42:17.171180,705.64
3784,2025-03-14 17:02:17.158416,704.15
3785,2025-03-14 17:22:17.167440,698.72
3786,2025-03-14 17:42:17.162590,695.86
3787,2025-03-14 18:02:17.160842,693.99
3788,2025-03-14 18:22:17.164340,691.49
3789,2025-03-14 18:42:17.157190,690.92
3790,2025-03-14 19:02:17.170249,686.84
3791,2025-03-14 19:22:17.168525,686.22
3792,2025-03-14 19:42:17.162489,683.36
3793,2025-03-14 20:02:17.153207,678.18
3794,2025-03-14 20:50:34.735354,663.4
3795,2025-03-14 21:08:38.555502,662.02
3796,2025-03-14 21:22:16.916407,661.34
3797,2025-03-14 21:42:16.904402,659.52
3798,2025-03-14 22:02:16.652389,661.86
3799,2025-03-14 22:22:16.929129,655.6
3800,2025-03-14 22:42:16.695332,655.37
3801,2025-03-14 23:02:16.677276,658.52
3802,2025-03-14 23:22:16.933178,657.68
3803,2025-03-14 23:42:16.898430,661.06
3804,2025-03-15 00:02:16.684433,665.34
3805,2025-03-15 00:22:16.954069,671.82
3806,2025-03-15 00:42:16.656007,672.75
3807,2025-03-15 01:02:16.896168,679.12
3808,2025-03-15 01:22:16.667228,681.16
3809,2025-03-15 01:42:16.915430,687.2
3810,2025-03-15 02:02:16.936650,691.62
3811,2025-03-15 02:22:16.662985,693.37
3812,2025-03-15 02:42:16.691350,696.15
3813,2025-03-15 03:02:16.921897,700.46
3814,2025-03-15 03:22:16.658804,699.26
3815,2025-03-15 03:42:16.950903,697.18
3816,2025-03-15 04:02:16.908442,697.53
3817,2025-03-15 04:22:16.909131,697.43
3818,2025-03-15 04:42:16.666166,700.35
3819,2025-03-15 05:02:16.661725,700.97
3820,2025-03-15 05:22:16.919753,700.38
3821,2025-03-15 05:42:16.915672,699.0
3822,2025-03-15 06:02:16.907518,697.87
3823,2025-03-15 06:22:16.705300,698.6
3824,2025-03-15 06:42:16.655817,701.21
3825,2025-03-15 07:02:16.889917,699.74
3826,2025-03-15 07:22:16.904825,701.52
3827,2025-03-15 07:42:16.897393,702.28
3828,2025-03-15 08:02:16.714101,701.63
3829,2025-03-15 08:22:16.899104,702.72
3830,2025-03-15 08:42:16.917011,703.8
3831,2025-03-15 09:02:16.907080,703.68
3832,2025-03-15 09:22:16.896622,705.78
3833,2025-03-15 09:42:16.675485,705.2
3834,2025-03-15 10:02:16.920243,706.5
3835,2025-03-15 10:22:16.899143,707.61
3836,2025-03-15 10:42:16.902031,707.79
3837,2025-03-15 11:02:16.908474,708.88
3838,2025-03-15 11:22:16.669336,709.22
3839,2025-03-15 11:42:16.652149,708.58
3840,2025-03-15 12:02:16.914370,710.5
3841,2025-03-15 12:22:16.907378,709.5
3842,2025-03-15 12:42:16.645458,710.25
3843,2025-03-15 13:02:16.903880,713.04
3844,2025-03-15 13:22:16.925305,711.96
3845,2025-03-15 13:42:16.653256,711.36
3846,2025-03-15 14:02:16.665613,713.2
3847,2025-03-15 14:22:16.684898,708.76
3848,2025-03-15 14:42:16.667874,702.95
3849,2025-03-15 15:02:16.898770,695.62
3850,2025-03-15 15:22:16.910095,691.92
3851,2025-03-15 15:42:16.669263,685.9
3852,2025-03-15 16:02:16.659981,680.91
3853,2025-03-15 16:22:16.905344,677.6
3854,2025-03-15 16:42:16.899321,672.62
3855,2025-03-15 17:02:16.654137,669.6
3856,2025-03-15 17:22:16.659830,670.66
3857,2025-03-15 17:42:16.921759,674.0
3858,2025-03-15 18:02:16.910520,677.21
3859,2025-03-15 18:22:16.662137,678.29
3860,2025-03-15 18:42:16.665184,678.71
3861,2025-03-15 19:02:16.909728,682.9
3862,2025-03-15 19:22:16.910672,681.36
3863,2025-03-15 19:42:16.903737,677.85
3864,2025-03-15 20:02:16.662187,678.27
3865,2025-03-15 20:22:16.650069,683.51
3866,2025-03-15 20:42:16.653115,684.12
3867,2025-03-15 21:02:16.918429,688.58
3868,2025-03-15 21:22:16.908034,691.06
3869,2025-03-15 21:42:16.673434,694.42
3870,2025-03-15 22:02:16.649439,697.63
3871,2025-03-15 22:22:16.901702,704.04
3872,2025-03-15 22:42:16.889926,706.94
3873,2025-03-15 23:02:16.660627,709.2
3874,2025-03-15 23:22:16.652021,711.24
3875,2025-03-15 23:42:16.652159,709.85
3876,2025-03-16 00:02:16.678116,713.36
3877,2025-03-16 00:22:16.916342,713.52
3878,2025-03-16 00:42:16.912399,714.9
3879,2025-03-16 01:02:16.681853,713.82
3880,2025-03-16 01:22:16.662066,716.8
3881,2025-03-16 01:42:16.917209,715.2
3882,2025-03-16 02:02:16.659815,717.15
3883,2025-03-16 02:22:16.654591,717.94
3884,2025-03-16 02:42:16.672232,718.82
3885,2025-03-16 03:02:16.659150,715.26
3886,2025-03-16 03:22:16.658499,718.6
3887,2025-03-16 03:42:16.671141,718.21
3888,2025-03-16 04:02:16.899288,717.46
3889,2025-03-16 04:22:16.910952,720.38
3890,2025-03-16 04:42:16.903810,721.36
3891,2025-03-16 05:02:16.653074,720.88
3892,2025-03-16 05:22:16.666365,719.98
3893,2025-03-16 05:42:16.914979,722.43
3894,2025-03-16 06:02:16.905068,723.49
3895,2025-03-16 06:22:16.687517,725.68
3896,2025-03-16 06:42:16.671378,725.56
3897,2025-03-16 07:02:16.904128,726.84
3898,2025-03-16 07:22:16.912033,728.78
3899,2025-03-16 07:42:16.896283,728.87
3900,2025-03-16 08:02:16.904460,729.76
3901,2025-03-16 08:22:16.850144,728.96
3902,2025-03-16 08:42:16.651820,731.66
3903,2025-03-16 09:02:16.667289,730.72
3904,2025-03-16 09:22:16.899937,732.01
3905,2025-03-16 09:42:16.665800,733.93
3906,2025-03-16 10:02:16.654367,731.88
3907,2025-03-16 10:22:16.647391,735.76
3908,2025-03-16 10:42:16.651144,734.54
3909,2025-03-16 11:02:16.902164,736.12
3910,2025-03-16 11:22:16.654514,735.77
3911,2025-03-16 11:42:16.941303,738.67
3912,2025-03-16 12:02:16.902631,740.46
3913,2025-03-16 12:22:16.907805,738.98
3914,2025-03-16 12:42:16.651867,742.14
3915,2025-03-16 13:02:16.900102,740.64
3916,2025-03-16 13:22:16.917450,742.32
3917,2025-03-16 13:42:16.678676,739.97
3918,2025-03-16 14:02:16.652000,740.66
3919,2025-03-16 14:22:16.659300,740.68
3920,2025-03-16 14:42:16.668189,739.42
3921,2025-03-16 15:02:16.909815,737.78
3922,2025-03-16 15:22:16.900940,739.4
3923,2025-03-16 15:42:16.902045,736.81
3924,2025-03-16 16:02:16.903448,737.04
3925,2025-03-16 16:22:16.649653,736.26
3926,2025-03-16 16:42:16.652525,735.94
3927,2025-03-16 17:02:16.909133,735.66
3928,2025-03-16 17:22:16.916048,736.03
3929,2025-03-16 17:42:16.899223,730.86
3930,2025-03-16 18:02:16.670166,731.78
3931,2025-03-16 18:22:16.648054,732.22
3932,2025-03-16 18:42:16.683962,731.74
3933,2025-03-16 19:02:16.933513,727.6
3934,2025-03-16 19:22:16.764491,725.98
3935,2025-03-16 19:42:16.719485,726.6
3936,2025-03-16 20:02:16.721645,725.82
3937,2025-03-16 20:22:16.731913,723.4
3938,2025-03-16 20:42:16.973167,719.48
3939,2025-03-16 21:02:16.722487,718.5
3940,2025-03-16 21:22:16.725600,714.94
3941,2025-03-16 21:42:16.982311,711.76
3942,2025-03-16 22:02:16.720546,709.42
3943,2025-03-16 22:22:16.980363,710.64
3944,2025-03-16 22:42:16.966138,710.99
3945,2025-03-16 23:02:16.714061,710.15
3946,2025-03-16 23:22:16.964934,709.58
3947,2025-03-16 23:42:16.966696,711.5
3948,2025-03-17 00:02:16.734423,711.12
3949,2025-03-17 00:22:16.713644,716.66
3950,2025-03-17 00:42:16.727275,715.94
3951,2025-03-17 01:02:16.732659,716.18
3952,2025-03-17 01:22:16.968528,719.72
3953,2025-03-17 01:42:16.751069,718.04
3954,2025-03-17 02:02:16.724307,718.54
3955,2025-03-17 02:22:16.729652,716.8
3956,2025-03-17 02:42:16.729700,719.74
3957,2025-03-17 03:02:16.976376,719.19
3958,2025-03-17 03:22:16.966408,720.22
3959,2025-03-17 03:42:16.724520,719.36
3960,2025-03-17 04:02:16.722983,717.26
3961,2025-03-17 04:22:16.745050,716.62
3962,2025-03-17 04:42:16.719001,710.51
3963,2025-03-17 05:02:16.971421,708.04
3964,2025-03-17 05:22:16.974569,704.48
3965,2025-03-17 05:42:16.964659,707.04
3966,2025-03-17 06:02:16.733105,704.86
3967,2025-03-17 06:22:16.965437,701.66
3968,2025-03-17 06:42:17.006366,687.99
3969,2025-03-17 07:02:16.977061,677.58
3970,2025-03-17 07:22:16.725317,664.52
3971,2025-03-17 07:42:16.736501,652.86
3972,2025-03-17 08:02:16.970010,645.88
3973,2025-03-17 08:22:16.977546,636.44
3974,2025-03-17 08:42:16.719961,629.5
3975,2025-03-17 09:02:16.720777,623.49
3976,2025-03-17 09:22:16.722294,622.6
3977,2025-03-17 09:42:16.974533,624.46
3978,2025-03-17 10:02:16.976685,624.06
3979,2025-03-17 10:22:16.720263,620.74
3980,2025-03-17 10:42:16.725360,613.6
3981,2025-03-17 11:02:16.974254,616.36
3982,2025-03-17 11:22:16.992298,622.12
3983,2025-03-17 11:42:16.719157,623.9
3984,2025-03-17 12:02:16.856154,629.83
3985,2025-03-17 12:22:16.974285,627.3
3986,2025-03-17 12:42:16.964871,627.39
3987,2025-03-17 13:02:16.725041,630.55
3988,2025-03-17 13:22:16.716812,636.72
3989,2025-03-17 13:42:16.975443,639.32
3990,2025-03-17 14:02:16.973775,637.37
3991,2025-03-17 14:22:16.745961,637.15
3992,2025-03-17 14:42:17.010231,638.04
3993,2025-03-17 15:02:16.725641,627.72
3994,2025-03-17 15:22:16.977097,618.8
3995,2025-03-17 15:42:16.718728,607.54
3996,2025-03-17 16:02:16.721664,598.29
3997,2025-03-17 16:22:16.968891,597.21
3998,2025-03-17 16:42:16.969487,595.4
3999,2025-03-17 17:02:16.899190,597.08
4000,2025-03-17 17:22:16.998622,594.42
4001,2025-03-17 17:42:16.977848,598.94
4002,2025-03-17 18:02:16.976053,598.68
4003,2025-03-17 18:22:16.722357,597.69
4004,2025-03-17 18:42:16.972026,593.08
4005,2025-03-17 19:02:16.679783,587.74
4006,2025-03-17 19:22:16.723940,575.94
4007,2025-03-17 19:42:16.981090,567.65
4008,2025-03-17 20:02:16.722445,559.88
4009,2025-03-17 20:22:16.710229,557.66
4010,2025-03-17 20:42:16.721252,560.0
4011,2025-03-17 21:02:16.969198,567.8
4012,2025-03-17 21:22:16.976015,575.54
4013,2025-03-17 21:42:16.751593,581.57
4014,2025-03-17 22:02:16.723640,586.66
4015,2025-03-17 22:22:16.727397,590.2
4016,2025-03-17 22:42:16.716809,597.66
4017,2025-03-17 23:02:16.982249,603.08
4018,2025-03-17 23:22:16.981690,610.74
4019,2025-03-17 23:42:16.988734,617.28
4020,2025-03-18 00:02:16.717546,627.02
4021,2025-03-18 00:22:16.716338,634.17
4022,2025-03-18 00:42:16.717313,642.72
4023,2025-03-18 01:02:16.963647,647.38
4024,2025-03-18 01:22:17.087626,651.58
4025,2025-03-18 01:42:16.967815,660.23
4026,2025-03-18 02:02:16.720005,666.99
4027,2025-03-18 02:22:16.725458,671.27
4028,2025-03-18 02:42:16.736089,674.3
4029,2025-03-18 03:02:16.974908,678.0
4030,2025-03-18 03:22:16.971769,677.65
4031,2025-03-18 03:42:16.965730,677.09
4032,2025-03-18 04:02:16.833091,676.6
4033,2025-03-18 04:22:16.726079,671.22
4034,2025-03-18 04:42:16.988321,660.9
4035,2025-03-18 05:02:16.958205,642.32
4036,2025-03-18 05:22:16.731332,619.28
4037,2025-03-18 05:42:16.976091,591.51
4038,2025-03-18 06:02:16.720683,563.81
4039,2025-03-18 06:22:17.003356,545.08
4040,2025-03-18 06:42:16.704121,526.28
4041,2025-03-18 07:02:16.719904,517.02
4042,2025-03-18 07:22:16.722849,511.84
4043,2025-03-18 07:42:16.977346,509.0
4044,2025-03-18 08:02:16.974551,500.66
4045,2025-03-18 08:22:16.719120,493.32
4046,2025-03-18 08:42:16.724496,484.76
4047,2025-03-18 09:02:16.724109,481.44
4048,2025-03-18 09:22:16.756201,477.85
4049,2025-03-18 09:42:16.729547,477.58
4050,2025-03-18 10:02:16.971150,478.79
4051,2025-03-18 10:22:16.965791,484.22
4052,2025-03-18 10:42:16.972178,499.38
4053,2025-03-18 11:02:16.972778,511.75
4054,2025-03-18 11:22:16.729093,526.66
4055,2025-03-18 11:42:16.714679,534.5
4056,2025-03-18 12:02:16.828334,533.02
4057,2025-03-18 12:22:16.733045,538.68
4058,2025-03-18 12:42:16.711389,551.2
4059,2025-03-18 13:02:16.789854,553.66
4060,2025-03-18 13:22:16.979045,545.6
4061,2025-03-18 13:42:16.966851,537.86
4062,2025-03-18 14:02:16.982342,530.54
4063,2025-03-18 14:22:16.720435,519.68
4064,2025-03-18 15:22:16.720958,501.41
4065,2025-03-18 15:42:16.715332,503.4
4066,2025-03-18 16:02:16.965104,504.44
4067,2025-03-18 16:22:16.980539,503.02
4068,2025-03-18 16:42:16.717241,494.52
4069,2025-03-18 17:02:16.713410,483.06
4070,2025-03-18 17:22:16.720262,473.26
4071,2025-03-18 17:42:16.714685,464.37
4072,2025-03-18 18:02:16.725085,464.54
4073,2025-03-18 18:22:16.768826,458.12
4074,2025-03-18 18:42:16.740558,461.76
4075,2025-03-18 19:02:16.983095,465.43
4076,2025-03-18 19:22:16.970962,464.77
4077,2025-03-18 19:42:16.981889,467.3
4078,2025-03-18 20:02:16.728747,471.92
4079,2025-03-18 20:22:16.974798,480.44
4080,2025-03-18 20:42:16.969581,486.56
4081,2025-03-18 21:02:16.713008,498.65
4082,2025-03-18 21:22:16.724411,510.05
4083,2025-03-18 21:42:16.712709,517.43
4084,2025-03-18 22:02:16.972621,515.12
4085,2025-03-18 22:22:16.997528,518.12
4086,2025-03-18 22:42:16.970427,528.29
4087,2025-03-18 23:02:16.724939,532.93
4088,2025-03-18 23:22:16.723150,537.91
4089,2025-03-18 23:42:16.718176,544.92
4090,2025-03-19 00:02:16.970991,545.92
4091,2025-03-19 00:22:16.751012,543.0
4092,2025-03-19 00:42:16.974669,536.97
4093,2025-03-19 01:02:16.720662,528.08
4094,2025-03-19 01:22:16.979809,519.14
4095,2025-03-19 01:42:16.980413,514.7
4096,2025-03-19 02:02:16.715354,515.9
4097,2025-03-19 02:22:16.747814,516.04
4098,2025-03-19 02:42:16.717622,522.63
4099,2025-03-19 03:02:16.972471,526.81
4100,2025-03-19 03:22:16.973762,527.52
4101,2025-03-19 03:42:16.966669,528.66
4102,2025-03-19 04:02:16.722054,532.92
4103,2025-03-19 04:22:16.974727,536.48
4104,2025-03-19 04:42:16.962521,541.07
4105,2025-03-19 05:02:16.723332,546.44
4106,2025-03-19 05:22:17.202855,552.42
4107,2025-03-19 05:42:17.201357,556.64
4108,2025-03-19 06:02:17.193565,560.22
4109,2025-03-19 06:22:17.204052,560.76
4110,2025-03-19 06:42:17.199126,555.99
4111,2025-03-19 07:02:17.194962,557.5
4112,2025-03-19 07:22:17.209228,561.68
4113,2025-03-19 07:42:17.208793,571.62
4114,2025-03-19 08:02:17.192485,575.74
4115,2025-03-19 08:22:17.196741,578.03
4116,2025-03-19 08:42:16.963531,583.27
4117,2025-03-19 09:02:17.207842,589.34
4118,2025-03-19 09:22:17.201430,592.22
4119,2025-03-19 09:42:17.201413,597.96
4120,2025-03-19 10:02:17.195066,603.37
4121,2025-03-19 10:22:17.199521,606.63
4122,2025-03-19 10:42:17.202070,605.61
4123,2025-03-19 11:02:17.193600,600.68
4124,2025-03-19 11:22:17.209788,597.9
4125,2025-03-19 11:42:17.196177,592.16
4126,2025-03-19 12:02:17.214404,590.53
4127,2025-03-19 12:22:17.210429,585.17
4128,2025-03-19 12:42:17.202019,580.98
4129,2025-03-19 13:02:17.199396,571.74
4130,2025-03-19 13:22:17.094861,560.78
4131,2025-03-19 13:42:17.211494,548.34
4132,2025-03-19 14:02:17.196947,537.86
4133,2025-03-19 14:22:17.204605,526.63
4134,2025-03-19 14:42:17.197510,511.78
4135,2025-03-19 15:02:17.197669,498.96
4136,2025-03-19 15:22:17.196527,485.48
4137,2025-03-19 15:42:17.195568,472.66
4138,2025-03-19 16:02:17.200333,465.64
4139,2025-03-19 16:22:17.194223,455.01
4140,2025-03-19 16:42:17.197837,445.04
4141,2025-03-19 17:02:17.202284,439.82
4142,2025-03-19 17:22:17.203273,436.48
4143,2025-03-19 17:42:17.198338,435.99
4144,2025-03-19 18:02:17.197324,438.58
4145,2025-03-19 18:22:17.201899,446.04
4146,2025-03-19 18:42:17.200486,451.2
4147,2025-03-19 19:02:17.193897,460.06
4148,2025-03-19 19:22:17.199215,463.24
4149,2025-03-19 19:42:17.201138,463.67
4150,2025-03-19 20:02:17.212130,463.54
4151,2025-03-19 20:22:17.197436,464.9
4152,2025-03-19 20:42:17.198541,470.58
4153,2025-03-19 21:02:17.210144,468.64
4154,2025-03-19 21:22:17.196630,469.7
4155,2025-03-19 21:42:17.206047,474.05
4156,2025-03-19 22:02:17.199144,477.41
4157,2025-03-19 22:22:17.200056,482.48
4158,2025-03-19 22:42:17.168913,489.48
4159,2025-03-19 23:02:17.209723,492.88
4160,2025-03-19 23:22:17.199109,498.66
4161,2025-03-19 23:42:17.201405,503.67
4162,2025-03-20 00:02:17.211417,511.85
4163,2025-03-20 00:22:17.196424,522.06
4164,2025-03-20 00:42:17.196654,530.78
4165,2025-03-20 01:02:17.211818,538.26
4166,2025-03-20 01:22:17.201766,544.04
4167,2025-03-20 01:42:17.204622,544.66
4168,2025-03-20 02:02:17.210358,545.73
4169,2025-03-20 02:22:17.203352,545.64
4170,2025-03-20 02:42:17.201065,546.34
4171,2025-03-20 03:02:17.208021,545.88
4172,2025-03-20 03:22:17.201132,543.79
4173,2025-03-20 03:42:17.198097,544.6
4174,2025-03-20 04:02:17.205648,538.79
4175,2025-03-20 04:22:17.193985,533.54
4176,2025-03-20 04:42:17.194429,527.14
4177,2025-03-20 05:02:17.197954,523.39
4178,2025-03-20 05:22:17.196849,521.81
4179,2025-03-20 05:42:17.198797,517.4
4180,2025-03-20 06:02:17.197553,516.0
4181,2025-03-20 06:22:17.193874,517.72
4182,2025-03-20 06:42:17.205181,526.18
4183,2025-03-20 07:02:17.194452,530.63
4184,2025-03-20 07:22:17.203270,534.51
4185,2025-03-20 07:42:17.186739,538.61
4186,2025-03-20 08:02:17.216570,541.38
4187,2025-03-20 08:22:17.204275,543.54
4188,2025-03-20 08:42:17.197076,548.46
4189,2025-03-20 09:02:17.200828,551.87
4190,2025-03-20 09:22:17.201453,551.5
4191,2025-03-20 09:42:17.202564,555.63
4192,2025-03-20 10:02:17.197587,556.04
4193,2025-03-20 10:22:17.203442,558.0
4194,2025-03-20 10:42:17.216520,561.02
4195,2025-03-20 11:02:17.202642,566.22
4196,2025-03-20 11:22:17.197239,572.16
4197,2025-03-20 11:42:17.190989,574.03
4198,2025-03-20 12:02:17.196483,575.24
4199,2025-03-20 12:22:17.201709,576.02
4200,2025-03-20 12:42:17.206656,577.68
4201,2025-03-20 13:02:17.193693,579.66
4202,2025-03-20 13:22:17.201726,578.58
4203,2025-03-20 13:42:17.204630,571.94
4204,2025-03-20 14:02:17.207084,561.92
4205,2025-03-20 14:22:17.199202,553.48
4206,2025-03-20 14:42:17.199585,547.32
4207,2025-03-20 15:02:17.198453,542.91
4208,2025-03-20 15:22:17.198170,543.19
4209,2025-03-20 15:42:17.206371,538.28
4210,2025-03-20 16:02:17.208350,535.38
4211,2025-03-20 16:22:17.203515,529.78
4212,2025-03-20 16:42:17.200991,525.04
4213,2025-03-20 17:02:17.198230,521.85
4214,2025-03-20 17:22:17.195754,522.42
4215,2025-03-20 17:42:17.200073,520.96
4216,2025-03-20 18:02:17.196966,516.4
4217,2025-03-20 18:22:17.203826,520.84
4218,2025-03-20 18:42:17.199126,527.92
4219,2025-03-20 19:02:17.210990,529.75
4220,2025-03-20 19:22:17.193676,478.58
4221,2025-03-20 19:42:17.196216,535.56
4222,2025-03-20 20:02:17.194240,536.32
4223,2025-03-20 20:22:17.206247,537.67
4224,2025-03-20 20:42:17.192205,539.92
4225,2025-03-20 21:02:17.208280,545.78
4226,2025-03-20 21:22:17.201134,550.5
4227,2025-03-20 21:42:17.196663,557.1
4228,2025-03-20 22:02:17.203776,563.44
4229,2025-03-20 22:22:17.205330,562.04
4230,2025-03-20 22:42:17.205603,564.05
4231,2025-03-20 23:02:17.215566,560.68
4232,2025-03-20 23:22:17.204499,553.44
4233,2025-03-20 23:42:17.209328,548.76
4234,2025-03-21 00:02:17.203514,549.68
4235,2025-03-21 00:22:17.208193,552.05
4236,2025-03-21 00:42:17.205223,555.05
4237,2025-03-21 01:02:17.200037,555.82
4238,2025-03-21 01:22:17.208184,552.9
4239,2025-03-21 01:42:17.197335,544.12
4240,2025-03-21 02:02:17.196507,544.8
4241,2025-03-21 02:22:16.819386,539.8
4242,2025-03-21 02:42:17.199037,541.89
4243,2025-03-21 03:02:17.198543,538.66
4244,2025-03-21 03:22:17.206032,533.56
4245,2025-03-21 03:42:17.199466,525.4
4246,2025-03-21 04:02:17.200001,510.89
4247,2025-03-21 04:22:17.199624,505.44
4248,2025-03-21 04:42:17.197793,497.96
4249,2025-03-21 05:02:17.202256,496.7
4250,2025-03-21 05:22:17.205833,504.2
4251,2025-03-21 05:42:17.193862,511.66
4252,2025-03-21 06:02:17.199332,514.43
4253,2025-03-21 06:22:17.206249,520.37
4254,2025-03-21 06:42:17.198020,533.85
4255,2025-03-21 07:02:17.184802,543.56
4256,2025-03-21 07:22:17.205389,554.04
4257,2025-03-21 07:42:17.195454,563.4
4258,2025-03-21 08:02:17.195634,567.16
4259,2025-03-21 08:22:17.205604,571.34
4260,2025-03-21 08:42:17.208049,569.95
4261,2025-03-21 09:02:17.193652,572.04
4262,2025-03-21 09:22:17.198653,574.84
4263,2025-03-21 09:42:17.203558,580.04
4264,2025-03-21 10:02:17.196150,581.22
4265,2025-03-21 10:22:17.205060,585.38
4266,2025-03-21 10:42:17.204447,587.3
4267,2025-03-21 11:02:17.204469,589.92
4268,2025-03-21 11:22:17.207283,591.58
4269,2025-03-21 11:42:17.202348,585.52
4270,2025-03-21 12:02:17.198120,582.05
4271,2025-03-21 12:22:17.195477,575.14
4272,2025-03-21 12:42:16.658249,565.59
4273,2025-03-21 13:02:17.209191,546.02
4274,2025-03-21 13:22:17.206508,528.22
4275,2025-03-21 13:42:17.196714,514.39
4276,2025-03-21 14:02:17.197019,502.57
4277,2025-03-21 14:22:17.202981,495.39
4278,2025-03-21 14:42:17.196736,491.68
4279,2025-03-21 15:02:17.205496,483.02
4280,2025-03-21 15:22:17.187800,476.6
4281,2025-03-21 15:42:17.197490,471.83
4282,2025-03-21 16:02:17.191514,468.38
4283,2025-03-21 16:22:17.200530,462.61
4284,2025-03-21 16:42:17.205483,468.34
4285,2025-03-21 17:02:17.195787,469.12
4286,2025-03-21 17:22:17.197144,463.5
4287,2025-03-21 17:42:17.195740,463.82
4288,2025-03-21 18:02:17.203658,471.56
4289,2025-03-21 18:22:17.200058,474.96
4290,2025-03-21 18:42:17.215336,469.2
4291,2025-03-21 19:02:17.221413,458.06
4292,2025-03-21 19:22:17.196490,447.37
4293,2025-03-21 19:42:17.224807,439.07
4294,2025-03-21 20:02:17.204603,434.31
4295,2025-03-21 20:22:17.204239,431.32
4296,2025-03-21 20:42:16.688643,430.24
4297,2025-03-21 21:02:17.206037,428.74
4298,2025-03-21 21:22:17.204406,424.61
4299,2025-03-21 21:42:17.207809,424.55
4300,2025-03-21 22:02:17.196244,421.06
4301,2025-03-21 22:22:17.194771,413.92
4302,2025-03-21 22:42:17.198162,408.12
4303,2025-03-21 23:02:17.202308,401.58
4304,2025-03-21 23:22:17.204914,403.53
4305,2025-03-21 23:42:17.204322,408.1
4306,2025-03-22 00:02:17.206798,407.02
4307,2025-03-22 00:22:17.201668,405.5
4308,2025-03-22 00:42:17.209423,402.54
4309,2025-03-22 01:02:17.199536,397.65
4310,2025-03-22 01:22:17.066694,393.98
4311,2025-03-22 01:42:17.319153,387.09
4312,2025-03-22 02:02:17.207803,384.96
4313,2025-03-22 02:22:17.206435,385.66
4314,2025-03-22 02:42:17.205675,388.2
4315,2025-03-22 03:02:17.197348,391.87
4316,2025-03-22 03:22:17.197916,395.09
4317,2025-03-22 04:02:17.200168,396.88
4318,2025-03-22 04:22:16.715834,390.78
4319,2025-03-22 04:42:17.197020,387.26
4320,2025-03-22 05:02:16.970222,394.75
4321,2025-03-22 05:22:16.725395,401.77
4322,2025-03-22 05:42:16.964600,404.85
4323,2025-03-22 06:02:16.979941,399.06
4324,2025-03-22 06:22:16.717768,398.02
4325,2025-03-22 06:42:16.973037,399.84
4326,2025-03-22 07:02:17.201540,401.64
4327,2025-03-22 07:22:17.207088,397.64
4328,2025-03-22 07:42:17.203175,394.1
4329,2025-03-22 08:02:17.191615,388.88
4330,2025-03-22 08:22:17.221653,384.5
4331,2025-03-22 08:42:17.212054,383.49
4332,2025-03-22 09:02:17.199957,389.5
4333,2025-03-22 09:22:17.192439,401.45
4334,2025-03-22 09:42:17.209422,411.38
4335,2025-03-22 10:02:17.198981,420.32
4336,2025-03-22 10:22:17.211575,420.84
4337,2025-03-22 10:42:17.205663,418.54
4338,2025-03-22 11:02:17.199485,418.65
4339,2025-03-22 11:22:17.209312,417.82
4340,2025-03-22 11:42:17.200039,414.5
4341,2025-03-22 12:02:17.203228,412.22
4342,2025-03-22 12:22:17.195360,409.36
4343,2025-03-22 12:42:17.207779,402.37
4344,2025-03-22 13:02:17.203190,398.03
4345,2025-03-22 13:22:17.204596,397.7
4346,2025-03-22 13:42:17.204554,401.22
4347,2025-03-22 14:02:17.196108,403.18
4348,2025-03-22 14:22:17.206844,404.56
4349,2025-03-22 14:42:17.197111,397.64
4350,2025-03-22 15:02:17.198687,395.54
4351,2025-03-22 15:22:17.199285,391.78
4352,2025-03-22 15:42:17.210385,388.48
4353,2025-03-22 16:02:17.203707,387.22
4354,2025-03-22 16:22:17.201107,387.0
4355,2025-03-22 16:42:17.207310,383.31
4356,2025-03-22 17:02:17.202873,385.95
4357,2025-03-22 17:22:17.194563,388.24
4358,2025-03-22 17:42:17.197135,388.78
4359,2025-03-22 18:02:17.200756,385.04
4360,2025-03-22 18:22:17.212661,385.39
4361,2025-03-22 18:42:17.195471,388.82
4362,2025-03-22 19:02:17.207495,391.34
4363,2025-03-22 19:22:17.200737,393.3
4364,2025-03-22 19:42:17.196961,394.14
4365,2025-03-22 20:02:16.942744,397.72
4366,2025-03-22 20:22:17.219125,397.65
4367,2025-03-22 20:42:17.202760,394.15
4368,2025-03-22 21:02:17.194278,392.91
4369,2025-03-22 21:22:17.203941,392.0
4370,2025-03-22 21:42:17.197428,392.1
4371,2025-03-22 22:02:17.206085,394.54
4372,2025-03-22 22:22:17.204806,395.9
4373,2025-03-22 22:42:17.205220,396.96
4374,2025-03-22 23:02:17.202545,392.36
4375,2025-03-22 23:22:16.655911,390.32
4376,2025-03-22 23:42:17.202437,386.5
4377,2025-03-23 00:02:17.207556,385.35
4378,2025-03-23 00:22:17.206395,387.43
4379,2025-03-23 00:42:17.197497,388.38
4380,2025-03-23 01:02:17.194465,383.48
4381,2025-03-23 01:22:17.190387,384.4
4382,2025-03-23 01:42:17.202349,386.5
4383,2025-03-23 02:02:17.199589,384.93
4384,2025-03-23 02:22:17.201233,392.87
4385,2025-03-23 02:42:17.197159,396.32
4386,2025-03-23 03:02:17.204191,397.7
4387,2025-03-23 03:22:17.200122,397.74
4388,2025-03-23 03:42:17.196553,398.9
4389,2025-03-23 04:02:17.194898,400.77
4390,2025-03-23 04:22:17.202414,399.77
4391,2025-03-23 04:42:17.201864,399.92
4392,2025-03-23 05:02:17.208284,399.36
4393,2025-03-23 05:22:17.200545,396.6
4394,2025-03-23 05:42:17.197605,392.4
4395,2025-03-23 06:02:17.199991,386.81
4396,2025-03-23 06:22:17.195750,383.63
4397,2025-03-23 06:42:17.354593,381.86
4398,2025-03-23 07:02:17.196030,382.32
4399,2025-03-23 07:22:17.192165,380.96
4400,2025-03-23 08:02:17.194923,377.91
4401,2025-03-23 08:22:17.198036,374.04
4402,2025-03-23 08:42:17.207173,370.68
4403,2025-03-23 09:02:17.204148,367.92
4404,2025-03-23 09:22:17.191823,367.94
4405,2025-03-23 09:42:16.968363,366.02
4406,2025-03-23 10:02:17.219268,367.51
4407,2025-03-23 10:22:17.198311,366.95
4408,2025-03-23 10:42:17.203025,371.64
4409,2025-03-23 11:02:17.204118,372.32
4410,2025-03-23 11:22:17.192429,375.62
4411,2025-03-23 11:42:17.202902,374.66
4412,2025-03-23 12:02:17.201575,375.67
4413,2025-03-23 12:22:17.200511,378.75
4414,2025-03-23 12:42:17.203885,379.42
4415,2025-03-23 13:02:16.642524,383.26
4416,2025-03-23 13:22:17.202268,382.9
4417,2025-03-23 13:42:17.198064,380.87
4418,2025-03-23 14:02:17.213012,380.84
4419,2025-03-23 14:22:17.195227,378.95
4420,2025-03-23 14:42:17.214104,379.28
4421,2025-03-23 15:02:17.205349,380.38
4422,2025-03-23 15:22:17.202338,380.08
4423,2025-03-23 15:42:17.198040,375.97
4424,2025-03-23 16:02:17.194465,373.77
4425,2025-03-23 16:22:17.194972,375.98
4426,2025-03-23 16:42:17.202538,374.86
4427,2025-03-23 17:02:17.202456,372.58
4428,2025-03-23 17:22:17.193859,374.96
4429,2025-03-23 17:42:17.206037,377.73
4430,2025-03-23 18:02:17.200211,380.37
4431,2025-03-23 18:22:17.185895,386.09
4432,2025-03-23 18:42:17.197402,388.24
4433,2025-03-23 19:02:17.202672,393.12
4434,2025-03-23 19:22:17.199118,398.13
4435,2025-03-23 19:42:17.196042,399.31
4436,2025-03-23 20:02:17.201107,402.85
4437,2025-03-23 20:22:17.210863,406.96
4438,2025-03-23 20:42:17.199481,414.78
4439,2025-03-23 21:02:17.190678,418.94
4440,2025-03-23 21:22:17.201662,423.88
4441,2025-03-23 21:42:17.200670,427.44
4442,2025-03-23 22:02:17.196031,429.97
4443,2025-03-23 22:22:17.198823,431.22
4444,2025-03-23 22:42:17.210859,430.26
4445,2025-03-23 23:02:17.205894,427.74
4446,2025-03-23 23:22:17.213158,429.59
4447,2025-03-23 23:42:17.202021,427.57
4448,2025-03-24 00:02:17.201697,428.71
4449,2025-03-24 00:22:17.195617,428.14
4450,2025-03-24 00:42:17.199251,429.96
4451,2025-03-24 01:02:17.200327,430.22
4452,2025-03-24 01:22:17.196811,424.08
4453,2025-03-24 01:42:17.193439,422.6
4454,2025-03-24 02:02:17.212231,422.72
4455,2025-03-24 02:22:17.199685,426.96
4456,2025-03-24 02:42:17.201181,425.96
4457,2025-03-24 03:02:17.198779,418.58
4458,2025-03-24 03:22:17.196477,415.44
4459,2025-03-24 03:42:17.202387,421.28
4460,2025-03-24 04:02:16.745539,423.96
4461,2025-03-24 04:22:17.195704,426.8
4462,2025-03-24 04:42:17.195218,433.78
4463,2025-03-24 05:02:17.199273,439.95
4464,2025-03-24 05:22:17.202117,441.42
4465,2025-03-24 05:42:17.204717,444.58
4466,2025-03-24 06:02:17.205486,445.02
4467,2025-03-24 06:22:17.026214,442.88
4468,2025-03-24 06:42:17.199801,440.0
4469,2025-03-24 07:02:17.197896,436.67
4470,2025-03-24 07:22:17.202076,433.91
4471,2025-03-24 07:42:17.202078,436.12
4472,2025-03-24 08:02:17.202660,436.76
4473,2025-03-24 08:22:17.207423,438.04
4474,2025-03-24 08:42:17.198119,436.5
4475,2025-03-24 09:02:17.207314,435.57
4476,2025-03-24 09:22:17.207435,436.14
4477,2025-03-24 09:42:17.199098,437.08
4478,2025-03-24 10:02:17.205582,442.4
4479,2025-03-24 10:22:17.195358,447.12
4480,2025-03-24 10:42:17.204303,449.4
4481,2025-03-24 11:02:17.216338,456.45
4482,2025-03-24 11:22:17.201940,460.96
4483,2025-03-24 11:42:17.204207,464.26
4484,2025-03-24 12:02:17.193731,469.54
4485,2025-03-24 12:22:17.198896,472.06
4486,2025-03-24 12:42:17.193929,468.0
4487,2025-03-24 13:02:17.203888,468.05
4488,2025-03-24 13:22:17.207368,468.69
4489,2025-03-24 13:42:17.203060,467.2
4490,2025-03-24 14:02:17.203266,463.28
4491,2025-03-24 14:22:17.204841,461.86
4492,2025-03-24 14:42:17.205322,456.12
4493,2025-03-24 15:02:17.195136,454.48
4494,2025-03-24 15:22:17.204208,450.03
4495,2025-03-24 15:42:17.210587,446.04
4496,2025-03-24 16:02:17.203647,443.66
4497,2025-03-24 16:22:17.276679,445.74
4498,2025-03-24 16:42:17.195997,449.21
4499,2025-03-24 17:02:17.198541,449.1
4500,2025-03-24 17:22:17.192366,451.51
4501,2025-03-24 17:42:17.201699,452.74
4502,2025-03-24 18:02:17.202138,453.14
4503,2025-03-24 18:22:17.206654,456.92
4504,2025-03-24 18:42:17.194393,455.67
4505,2025-03-24 19:02:17.210086,459.07
4506,2025-03-24 19:22:17.209461,457.08
4507,2025-03-24 19:42:17.192501,457.28
4508,2025-03-24 20:02:16.682642,456.68
4509,2025-03-24 20:22:17.209156,459.0
4510,2025-03-24 20:42:17.191572,456.18
4511,2025-03-24 21:02:17.201271,455.39
4512,2025-03-24 21:22:17.211093,452.84
4513,2025-03-24 21:42:17.205746,449.56
4514,2025-03-24 22:02:17.211633,446.38
4515,2025-03-24 22:22:17.199701,447.14
4516,2025-03-24 22:42:17.197917,446.06
4517,2025-03-24 23:02:17.201071,449.56
4518,2025-03-24 23:22:17.204964,448.65
4519,2025-03-24 23:42:17.198499,452.48
4520,2025-03-25 00:02:17.209273,453.78
4521,2025-03-25 00:22:17.188455,457.44
4522,2025-03-25 00:42:17.201909,462.01
4523,2025-03-25 01:02:17.200395,464.72
4524,2025-03-25 01:22:17.200961,469.11
4525,2025-03-25 01:42:17.204476,471.7
4526,2025-03-25 02:02:17.204078,472.9
4527,2025-03-25 02:22:17.205839,475.92
4528,2025-03-25 02:42:17.192109,476.72
4529,2025-03-25 03:02:17.050805,480.04
4530,2025-03-25 03:22:17.201507,482.59
4531,2025-03-25 03:42:17.201508,486.16
4532,2025-03-25 04:02:17.195645,487.82
4533,2025-03-25 04:22:17.199958,489.84
4534,2025-03-25 04:42:17.192107,493.85
4535,2025-03-25 05:02:17.190770,495.14
4536,2025-03-25 05:22:17.199810,498.64
4537,2025-03-25 05:42:17.195385,500.92
4538,2025-03-25 06:02:17.201755,503.46
4539,2025-03-25 06:22:17.201934,505.14
4540,2025-03-25 06:42:17.209750,505.29
4541,2025-03-25 07:02:17.192795,505.42
4542,2025-03-25 07:22:17.195256,507.88
4543,2025-03-25 07:42:17.026499,507.83
4544,2025-03-25 08:02:17.223329,512.84
4545,2025-03-25 08:22:17.202351,514.4
4546,2025-03-25 08:42:17.202168,516.91
4547,2025-03-25 09:02:17.197860,519.56
4548,2025-03-25 09:22:17.203559,520.26
4549,2025-03-25 09:42:17.198659,524.82
4550,2025-03-25 10:02:17.199534,525.2
4551,2025-03-25 10:22:17.194736,524.12
4552,2025-03-25 10:42:17.204192,528.23
4553,2025-03-25 11:02:17.200183,528.4
4554,2025-03-25 11:22:17.196033,529.09
4555,2025-03-25 11:42:17.202316,530.92
4556,2025-03-25 12:02:17.204973,532.1
4557,2025-03-25 12:22:17.213184,530.12
4558,2025-03-25 12:42:17.202357,531.37
4559,2025-03-25 13:02:17.208713,529.0
4560,2025-03-25 13:22:16.878671,532.4
4561,2025-03-25 13:42:17.196943,529.36
4562,2025-03-25 14:02:17.198974,527.94
4563,2025-03-25 14:22:17.204523,528.0
4564,2025-03-25 14:42:17.207086,524.16
4565,2025-03-25 15:02:17.196868,523.55
4566,2025-03-25 15:22:17.195544,519.1
4567,2025-03-25 15:42:17.198544,516.72
4568,2025-03-25 16:02:17.197510,513.9
4569,2025-03-25 16:22:17.201229,509.48
4570,2025-03-25 16:42:17.207754,503.66
4571,2025-03-25 17:02:17.203928,498.56
4572,2025-03-25 17:22:17.201174,499.17
4573,2025-03-25 17:42:17.201393,498.62
4574,2025-03-25 18:02:17.200299,496.42
4575,2025-03-25 18:22:17.202222,498.4
4576,2025-03-25 18:42:17.198046,497.03
4577,2025-03-25 19:02:17.193625,497.06
4578,2025-03-25 19:22:17.206264,497.16
4579,2025-03-25 19:42:17.193624,493.8
4580,2025-03-25 20:02:17.197623,493.76
4581,2025-03-25 20:22:17.195913,494.5
4582,2025-03-25 20:42:17.202491,497.26
4583,2025-03-25 21:02:17.204809,499.28
4584,2025-03-25 21:22:17.201603,502.43
4585,2025-03-25 21:42:17.211372,500.74
4586,2025-03-25 22:02:17.200463,500.14
4587,2025-03-25 22:22:17.195537,500.12
4588,2025-03-25 22:42:17.197113,498.35
4589,2025-03-25 23:02:17.200440,496.86
4590,2025-03-25 23:22:17.212572,492.32
4591,2025-03-25 23:42:17.191359,489.06
4592,2025-03-26 00:02:17.212935,489.78
4593,2025-03-26 00:22:17.197581,486.26
4594,2025-03-26 00:42:17.199758,482.58
4595,2025-03-26 01:02:17.190119,479.87
4596,2025-03-26 01:22:17.207897,483.01
4597,2025-03-26 01:42:17.194880,479.72
4598,2025-03-26 02:02:17.207858,477.26
4599,2025-03-26 02:22:17.213772,476.08
4600,2025-03-26 02:42:17.194768,474.98
4601,2025-03-26 03:02:17.198840,473.3
4602,2025-03-26 03:22:17.201172,473.15
4603,2025-03-26 03:42:17.201423,469.3
4604,2025-03-26 04:02:17.451508,463.24
4605,2025-03-26 04:22:17.195781,456.68
4606,2025-03-26 04:42:17.193515,457.42
4607,2025-03-26 05:02:17.199371,452.36
4608,2025-03-26 05:22:17.200090,451.9
4609,2025-03-26 05:42:17.205395,448.18
4610,2025-03-26 06:02:17.198511,447.46
4611,2025-03-26 06:22:17.193511,443.04
4612,2025-03-26 06:42:16.637930,445.14
4613,2025-03-26 07:02:17.209648,441.49
4614,2025-03-26 07:22:17.204324,442.09
4615,2025-03-26 07:42:17.207668,439.46
4616,2025-03-26 08:02:17.193362,440.12
4617,2025-03-26 08:22:17.191775,438.82
4618,2025-03-26 08:42:17.213736,439.84
4619,2025-03-26 09:02:17.202633,442.7
4620,2025-03-26 09:22:17.207872,443.6
4621,2025-03-26 09:42:17.200357,442.14
4622,2025-03-26 10:02:17.193795,444.54
4623,2025-03-26 10:22:17.206394,444.82
4624,2025-03-26 10:42:17.203255,444.31
4625,2025-03-26 11:02:17.199336,445.95
4626,2025-03-26 11:22:17.086416,446.61
4627,2025-03-26 11:42:17.204735,448.3
4628,2025-03-26 12:02:17.205371,449.1
4629,2025-03-26 12:22:17.202631,450.42
4630,2025-03-26 12:42:17.201370,449.57
4631,2025-03-26 13:02:17.199369,444.75
4632,2025-03-26 13:22:17.194804,436.11
4633,2025-03-26 13:42:17.189852,427.86
4634,2025-03-26 14:02:17.200582,424.08
4635,2025-03-26 14:22:17.204881,421.04
4636,2025-03-26 14:42:17.203869,417.77
4637,2025-03-26 15:02:17.209277,411.63
4638,2025-03-26 15:22:17.204576,400.53
4639,2025-03-26 15:42:17.220098,395.34
4640,2025-03-26 16:02:17.179859,394.42
4641,2025-03-26 16:22:17.205170,392.6
4642,2025-03-26 16:42:17.198682,392.3
4643,2025-03-26 17:02:17.206766,394.68
4644,2025-03-26 17:22:17.204710,393.43
4645,2025-03-26 17:42:17.200686,397.02
4646,2025-03-26 18:02:17.501394,393.92
4647,2025-03-26 18:22:17.202544,391.4
4648,2025-03-26 18:42:17.207178,388.37
4649,2025-03-26 19:02:17.199906,389.15
4650,2025-03-26 19:22:17.201578,392.12
4651,2025-03-26 19:42:17.210792,393.78
4652,2025-03-26 20:02:17.195819,399.16
4653,2025-03-26 20:22:17.214019,404.5
4654,2025-03-26 20:42:17.097258,405.22
4655,2025-03-26 21:02:17.204031,404.63
4656,2025-03-26 21:22:17.201204,403.64
4657,2025-03-26 21:42:17.194206,404.72
4658,2025-03-26 22:02:17.206334,409.72
4659,2025-03-26 22:22:17.199746,415.41
4660,2025-03-26 22:42:17.199302,419.18
4661,2025-03-26 23:02:17.204975,426.83
4662,2025-03-26 23:22:17.198630,433.22
4663,2025-03-26 23:42:17.204120,436.62
4664,2025-03-27 00:02:17.203471,439.76
4665,2025-03-27 00:22:17.201186,441.23
4666,2025-03-27 00:42:17.209407,437.32
4667,2025-03-27 01:02:17.294776,431.57
4668,2025-03-27 01:22:17.209675,425.44
4669,2025-03-27 01:42:17.215707,418.0
4670,2025-03-27 02:02:17.205800,413.6
4671,2025-03-27 02:22:17.194690,407.04
4672,2025-03-27 02:42:17.201834,401.59
4673,2025-03-27 03:02:17.206344,392.49
4674,2025-03-27 03:22:17.205777,383.7
4675,2025-03-27 03:42:17.203571,373.66
4676,2025-03-27 04:02:17.199894,367.24
4677,2025-03-27 04:22:17.204534,362.39
4678,2025-03-27 04:42:17.197275,357.86
4679,2025-03-27 05:02:17.204849,355.17
4680,2025-03-27 05:22:17.194588,353.08
4681,2025-03-27 05:42:17.205743,351.3
4682,2025-03-27 06:02:17.638927,348.25
4683,2025-03-27 06:22:17.203444,347.52
4684,2025-03-27 06:42:17.196381,346.2
4685,2025-03-27 07:02:17.200901,345.64
4686,2025-03-27 07:22:17.197457,347.04
4687,2025-03-27 07:42:17.204278,347.22
4688,2025-03-27 08:02:17.205223,347.32
4689,2025-03-27 08:22:17.196021,349.64
4690,2025-03-27 08:42:17.191581,350.49
4691,2025-03-27 09:02:17.201453,351.12
4692,2025-03-27 09:22:17.198790,350.0
4693,2025-03-27 09:42:17.202884,350.54
4694,2025-03-27 10:02:17.203958,351.58
4695,2025-03-27 10:22:17.206257,351.73
4696,2025-03-27 10:42:17.201110,350.04
4697,2025-03-27 11:02:17.198825,349.4
4698,2025-03-27 11:22:17.197599,351.2
4699,2025-03-27 11:42:17.200022,353.3
4700,2025-03-27 12:02:17.204719,353.78
4701,2025-03-27 12:22:17.721754,356.47
4702,2025-03-27 12:42:17.191891,358.01
4703,2025-03-27 13:02:17.200089,358.62
4704,2025-03-27 13:22:17.340005,358.1
4705,2025-03-27 13:42:17.199463,358.24
4706,2025-03-27 14:02:17.197577,358.95
4707,2025-03-27 14:22:17.196622,361.43
4708,2025-03-27 14:42:17.201714,361.01
4709,2025-03-27 15:02:16.752286,365.14
4710,2025-03-27 15:22:17.206284,365.24
4711,2025-03-27 15:42:17.195741,366.5
4712,2025-03-27 16:02:17.205073,366.34
4713,2025-03-27 16:22:17.208198,368.2
4714,2025-03-27 16:42:17.209893,368.99
4715,2025-03-27 17:02:17.192525,371.6
4716,2025-03-27 17:22:16.814651,372.81
4717,2025-03-27 17:42:17.202510,375.34
4718,2025-03-27 18:02:17.204363,376.27
4719,2025-03-27 18:22:17.200733,377.14
4720,2025-03-27 18:42:17.195663,379.37
4721,2025-03-27 19:02:17.221321,378.08
4722,2025-03-27 19:22:17.191188,377.82
4723,2025-03-27 19:42:16.778958,379.1
4724,2025-03-27 20:02:17.195049,377.97
4725,2025-03-27 20:22:17.210403,378.26
4726,2025-03-27 20:42:17.207231,377.0
4727,2025-03-27 21:02:17.200763,377.58
4728,2025-03-27 21:22:17.197384,380.64
4729,2025-03-27 21:42:17.200192,383.64
4730,2025-03-27 22:02:17.201031,389.33
4731,2025-03-27 22:22:17.200048,390.59
4732,2025-03-27 22:42:17.205055,393.18
4733,2025-03-27 23:02:17.200098,391.32
4734,2025-03-27 23:22:17.205997,392.12
4735,2025-03-27 23:42:17.202319,391.86
4736,2025-03-28 00:02:17.669220,391.9
4737,2025-03-28 00:22:16.810464,394.5
4738,2025-03-28 00:42:17.209006,394.58
4739,2025-03-28 01:02:17.204617,396.66
4740,2025-03-28 01:22:17.199571,394.56
4741,2025-03-28 01:42:17.196586,393.86
4742,2025-03-28 02:02:17.206865,392.61
4743,2025-03-28 02:22:17.194963,386.49
4744,2025-03-28 02:42:17.205174,385.57
4745,2025-03-28 03:02:17.221906,386.74
4746,2025-03-28 03:22:17.197191,385.52
4747,2025-03-28 03:42:17.206221,385.08
4748,2025-03-28 04:02:17.200872,383.79
4749,2025-03-28 04:22:17.194894,385.61
4750,2025-03-28 04:42:17.200146,387.95
4751,2025-03-28 05:02:16.797365,392.56
4752,2025-03-28 05:22:17.219272,394.5
4753,2025-03-28 05:42:17.204487,397.38
4754,2025-03-28 06:02:17.194190,398.48
4755,2025-03-28 06:22:17.203769,399.31
4756,2025-03-28 06:42:17.205977,397.61
4757,2025-03-28 07:02:17.213043,397.6
4758,2025-03-28 07:22:17.196643,400.16
4759,2025-03-28 07:42:17.199713,402.38
4760,2025-03-28 08:02:17.193650,402.55
4761,2025-03-28 08:22:17.190586,403.33
4762,2025-03-28 08:42:17.207191,404.78
4763,2025-03-28 09:02:17.198362,405.52
4764,2025-03-28 09:22:17.203414,406.04
4765,2025-03-28 09:42:16.738929,407.78
4766,2025-03-28 10:02:17.196974,410.04
4767,2025-03-28 10:22:17.194754,411.17
4768,2025-03-28 10:42:17.202002,412.47
4769,2025-03-28 11:02:17.218111,413.54
4770,2025-03-28 11:22:17.206139,415.08
4771,2025-03-28 11:42:17.215448,414.16
4772,2025-03-28 12:02:17.202462,412.88
4773,2025-03-28 12:22:17.208805,413.51
4774,2025-03-28 12:42:17.206127,413.24
4775,2025-03-28 13:02:17.195738,414.26
4776,2025-03-28 13:22:17.199838,413.84
4777,2025-03-28 13:42:17.887098,412.21
4778,2025-03-28 14:02:17.199992,412.27
4779,2025-03-28 14:22:17.195495,413.51
4780,2025-03-28 14:42:17.202639,412.27
4781,2025-03-28 15:02:17.201434,408.78
4782,2025-03-28 15:22:17.201472,405.3
4783,2025-03-28 15:42:17.211626,402.2
4784,2025-03-28 16:02:17.206266,403.95
4785,2025-03-28 16:22:17.226782,406.19
4786,2025-03-28 16:42:17.211391,407.07
4787,2025-03-28 17:02:17.207305,407.84
4788,2025-03-28 17:22:17.199874,407.78
4789,2025-03-28 17:42:17.206051,407.34
4790,2025-03-28 18:02:17.201567,410.31
4791,2025-03-28 18:22:17.210586,409.54
4792,2025-03-28 18:42:17.202597,412.5
4793,2025-03-28 19:02:17.201244,413.9
4794,2025-03-28 19:22:17.201671,417.54
4795,2025-03-28 19:42:17.197375,420.22
4796,2025-03-28 20:02:17.200208,424.13
4797,2025-03-28 20:22:17.194787,423.94
4798,2025-03-28 20:42:17.195790,426.41
4799,2025-03-28 21:02:17.203883,424.66
4800,2025-03-28 21:22:17.208198,424.88
4801,2025-03-28 21:42:17.203203,427.32
4802,2025-03-28 22:02:17.199527,428.07
4803,2025-03-28 22:22:17.198715,426.43
4804,2025-03-28 22:42:17.204310,426.58
4805,2025-03-28 23:02:17.685431,428.54
4806,2025-03-28 23:22:17.201714,430.98
4807,2025-03-28 23:42:17.208042,430.66
4808,2025-03-29 00:02:17.206368,432.59
4809,2025-03-29 00:22:17.191547,432.31
4810,2025-03-29 00:42:17.201446,434.67
4811,2025-03-29 01:02:17.207350,435.54
4812,2025-03-29 01:22:17.204735,437.1
4813,2025-03-29 01:42:17.205742,437.38
4814,2025-03-29 02:02:17.204782,439.75
4815,2025-03-29 02:22:17.211856,440.11
4816,2025-03-29 02:42:17.194936,441.61
4817,2025-03-29 03:02:17.208203,441.38
4818,2025-03-29 03:22:17.196944,439.44
4819,2025-03-29 03:42:17.208775,440.74
4820,2025-03-29 04:02:17.011213,437.1
4821,2025-03-29 04:22:17.204205,437.37
4822,2025-03-29 04:42:17.198358,439.03
4823,2025-03-29 05:02:17.203212,436.22
4824,2025-03-29 05:22:17.203873,436.52
4825,2025-03-29 05:42:17.201080,437.72
4826,2025-03-29 06:02:17.200012,440.45
4827,2025-03-29 06:22:17.204849,438.22
4828,2025-03-29 06:42:17.202888,438.1
4829,2025-03-29 07:02:17.205043,436.44
4830,2025-03-29 07:22:17.205586,437.6
4831,2025-03-29 07:42:17.213321,437.3
4832,2025-03-29 08:02:17.209404,440.19
4833,2025-03-29 08:22:17.194463,442.72
4834,2025-03-29 08:42:17.203717,445.07
4835,2025-03-29 09:02:17.202944,447.02
4836,2025-03-29 09:22:17.199638,448.3
4837,2025-03-29 09:42:17.197800,451.98
4838,2025-03-29 10:02:17.222233,455.17
4839,2025-03-29 10:22:17.784972,457.14
4840,2025-03-29 10:42:17.207759,458.46
4841,2025-03-29 11:02:17.203217,461.1
4842,2025-03-29 11:22:17.198840,459.92
4843,2025-03-29 11:42:17.204593,459.18
4844,2025-03-29 12:02:17.210804,457.79
4845,2025-03-29 12:22:17.204882,460.46
4846,2025-03-29 12:42:17.191946,460.66
4847,2025-03-29 13:02:17.206313,459.62
4848,2025-03-29 13:22:17.209478,458.7
4849,2025-03-29 13:42:17.205530,460.09
4850,2025-03-29 14:02:17.194938,459.22
4851,2025-03-29 14:22:17.201854,455.46
4852,2025-03-29 14:42:17.198348,454.3
4853,2025-03-29 15:02:17.196766,453.3
4854,2025-03-29 15:22:17.196495,451.08
4855,2025-03-29 15:42:17.197556,450.56
4856,2025-03-29 16:02:17.208795,448.99
4857,2025-03-29 16:22:17.207612,444.9
4858,2025-03-29 16:42:17.186184,435.86
4859,2025-03-29 17:02:17.201105,428.74
4860,2025-03-29 17:22:17.199176,427.82
4861,2025-03-29 17:42:17.197294,421.9
4862,2025-03-29 18:02:17.219662,419.58
4863,2025-03-29 18:22:17.196195,418.49
4864,2025-03-29 18:42:17.200719,421.32
4865,2025-03-29 19:02:17.202865,423.78
4866,2025-03-29 19:22:17.195181,424.98
4867,2025-03-29 19:42:17.194657,426.24
4868,2025-03-29 20:02:17.204863,431.03
4869,2025-03-29 20:22:17.220354,432.18
4870,2025-03-29 20:42:17.209072,428.22
4871,2025-03-29 21:02:17.285199,426.98
4872,2025-03-29 21:22:16.980725,426.54
4873,2025-03-29 21:42:17.201783,426.44
4874,2025-03-29 22:02:17.201538,424.11
4875,2025-03-29 22:22:17.209133,421.58
4876,2025-03-29 22:42:16.724980,421.38
4877,2025-03-29 23:02:17.202220,424.9
4878,2025-03-29 23:42:16.973788,426.99
4879,2025-03-30 00:02:17.198929,428.65
4880,2025-03-30 00:42:16.968752,432.32
4881,2025-03-30 01:02:17.212629,434.0
4882,2025-03-30 01:22:17.198900,437.38
4883,2025-03-30 01:42:17.192430,441.61
4884,2025-03-30 02:02:17.200852,445.41
4885,2025-03-30 02:22:17.204680,448.76
4886,2025-03-30 02:42:17.193541,453.2
4887,2025-03-30 03:02:16.739944,455.9
4888,2025-03-30 03:22:17.202731,458.93
4889,2025-03-30 03:42:17.206388,458.91
4890,2025-03-30 04:02:17.214269,461.09
4891,2025-03-30 04:22:17.204087,463.02
4892,2025-03-30 04:42:17.202749,466.54
4893,2025-03-30 05:02:17.196123,470.26
4894,2025-03-30 05:22:17.203602,472.82
4895,2025-03-30 05:42:17.202097,473.89
4896,2025-03-30 06:02:17.219768,474.44
4897,2025-03-30 06:22:17.197956,475.52
4898,2025-03-30 06:42:17.197253,475.98
4899,2025-03-30 07:02:17.191932,475.9
4900,2025-03-30 07:22:17.193743,478.7
4901,2025-03-30 07:42:17.065950,474.58
4902,2025-03-30 08:02:17.211602,474.1
4903,2025-03-30 08:22:17.204171,475.98
4904,2025-03-30 08:42:17.204527,475.92
4905,2025-03-30 09:02:17.196989,476.44
4906,2025-03-30 09:22:17.192734,476.28
4907,2025-03-30 09:42:17.527908,475.69
4908,2025-03-30 10:02:17.202400,473.55
4909,2025-03-30 10:22:17.204359,472.04
4910,2025-03-30 10:42:17.201105,471.84
4911,2025-03-30 11:02:16.785745,471.68
4912,2025-03-30 11:22:17.201213,476.4
4913,2025-03-30 11:42:17.193515,477.76
4914,2025-03-30 12:02:17.203658,481.37
4915,2025-03-30 12:22:17.199341,485.32
4916,2025-03-30 12:42:17.196111,486.62
4917,2025-03-30 13:02:17.201024,488.28
4918,2025-03-30 13:22:17.181685,490.34
4919,2025-03-30 13:42:17.198845,490.23
4920,2025-03-30 14:02:17.195926,485.72
4921,2025-03-30 14:22:17.199365,480.18
4922,2025-03-30 14:42:17.199829,474.76
4923,2025-03-30 15:02:17.200891,469.54
4924,2025-03-30 15:22:17.203229,466.15
4925,2025-03-30 15:42:17.204781,462.83
4926,2025-03-30 16:02:17.198606,461.44
4927,2025-03-30 16:22:17.198087,463.68
4928,2025-03-30 16:42:16.727351,460.32
4929,2025-03-30 17:02:17.207469,456.05
4930,2025-03-30 17:22:17.194906,450.36
4931,2025-03-30 17:42:17.200423,449.68
4932,2025-03-30 18:02:17.197941,451.34
4933,2025-03-30 18:22:17.205358,455.14
4934,2025-03-30 18:42:17.207707,462.08
4935,2025-03-30 19:02:17.224386,469.22
4936,2025-03-30 19:22:17.198342,481.97
4937,2025-03-30 19:42:17.196426,492.21
4938,2025-03-30 20:02:17.194644,495.0
4939,2025-03-30 20:22:17.204975,500.62
4940,2025-03-30 20:42:17.208645,500.06
4941,2025-03-30 21:02:17.206656,506.13
4942,2025-03-30 21:22:17.821291,507.02
4943,2025-03-30 21:42:17.202155,505.47
4944,2025-03-30 22:02:17.216364,509.26
4945,2025-03-30 22:22:17.205263,511.62
4946,2025-03-30 22:42:17.204910,513.42
4947,2025-03-30 23:02:17.209180,514.37
4948,2025-03-30 23:22:17.196874,516.17
4949,2025-03-30 23:42:17.195405,516.78
4950,2025-03-31 00:02:17.196384,518.62
4951,2025-03-31 00:22:17.202113,516.5
4952,2025-03-31 00:42:17.201682,515.19
4953,2025-03-31 01:02:17.204293,516.96
4954,2025-03-31 01:22:17.211977,516.94
4955,2025-03-31 01:42:17.194014,518.02
4956,2025-03-31 02:02:17.200189,519.04
4957,2025-03-31 02:22:17.196811,519.52
4958,2025-03-31 02:42:17.205376,521.44
4959,2025-03-31 03:02:17.204383,524.49
4960,2025-03-31 03:22:17.205763,525.86
4961,2025-03-31 03:42:17.205380,527.2
4962,2025-03-31 04:02:17.200999,528.58
4963,2025-03-31 04:22:17.205650,529.22
4964,2025-03-31 04:42:17.204785,533.89
4965,2025-03-31 05:02:17.196063,534.88
4966,2025-03-31 05:22:17.200634,536.23
4967,2025-03-31 05:42:17.199796,536.34
4968,2025-03-31 06:02:17.194337,538.7
4969,2025-03-31 06:22:17.197732,538.56
4970,2025-03-31 06:42:17.200512,535.62
4971,2025-03-31 07:02:17.225930,540.22
4972,2025-03-31 07:22:17.195044,541.1
4973,2025-03-31 07:42:17.213532,542.72
4974,2025-03-31 08:02:17.208962,543.16
4975,2025-03-31 08:22:17.854613,542.04
4976,2025-03-31 08:42:17.201033,542.78
4977,2025-03-31 09:02:17.202804,542.23
4978,2025-03-31 09:22:17.210166,544.78
4979,2025-03-31 09:42:17.198700,545.04
4980,2025-03-31 10:02:17.210161,545.06
4981,2025-03-31 10:22:17.193928,542.9
4982,2025-03-31 10:42:17.213903,543.83
4983,2025-03-31 11:02:17.195927,541.55
4984,2025-03-31 11:22:17.208880,542.34
4985,2025-03-31 11:42:17.208028,543.26
4986,2025-03-31 12:02:17.202239,541.6
4987,2025-03-31 12:22:17.209363,540.2
4988,2025-03-31 12:42:17.208845,538.35
4989,2025-03-31 13:02:17.198991,536.57
4990,2025-03-31 13:22:17.204668,536.9
4991,2025-03-31 13:42:17.208127,531.5
4992,2025-03-31 14:02:17.207753,531.36
4993,2025-03-31 14:22:17.194094,529.19
4994,2025-03-31 14:42:17.192319,524.27
4995,2025-03-31 15:02:17.194842,516.99
4996,2025-03-31 15:22:17.202490,502.24
4997,2025-03-31 15:42:17.200941,491.94
4998,2025-03-31 16:02:17.201888,487.76
4999,2025-03-31 16:22:17.193800,486.35
5000,2025-03-31 16:42:17.195281,483.49
5001,2025-03-31 17:02:17.214149,483.29
5002,2025-03-31 17:22:17.197177,484.52
5003,2025-03-31 17:42:17.207487,484.92
5004,2025-03-31 18:02:16.832660,487.02
5005,2025-03-31 18:22:17.203305,493.57
5006,2025-03-31 18:42:17.195359,500.0
5007,2025-03-31 19:02:17.185274,504.62
5008,2025-03-31 19:22:17.213551,508.9
5009,2025-03-31 19:42:17.205475,512.64
5010,2025-03-31 20:02:17.206591,518.75
5011,2025-03-31 20:22:16.736699,522.94
5012,2025-03-31 20:42:17.212824,525.68
5013,2025-03-31 21:02:17.381472,524.16
5014,2025-03-31 21:22:17.203600,521.74
5015,2025-03-31 21:42:17.196428,520.48
5016,2025-03-31 22:02:17.214866,521.71
5017,2025-03-31 22:22:17.203692,521.3
5018,2025-03-31 22:42:17.199503,523.24
5019,2025-03-31 23:02:17.206712,525.04
5020,2025-03-31 23:22:17.201777,526.3
5021,2025-03-31 23:42:17.220784,528.92
5022,2025-04-01 00:02:17.213904,532.21
5023,2025-04-01 00:22:17.208523,536.05
5024,2025-04-01 00:42:17.197509,536.71
5025,2025-04-01 01:02:17.211952,538.4
5026,2025-04-01 01:22:17.204425,538.38
5027,2025-04-01 01:42:17.206152,540.12
5028,2025-04-01 02:02:17.211469,539.81
5029,2025-04-01 02:22:17.193543,542.65
5030,2025-04-01 02:42:17.200338,542.78
5031,2025-04-01 03:02:17.197254,542.88
5032,2025-04-01 03:22:17.205081,543.24
5033,2025-04-01 03:42:17.199776,548.54
5034,2025-04-01 04:02:17.203248,547.39
5035,2025-04-01 04:22:17.193840,546.42
5036,2025-04-01 04:42:17.204233,549.84
5037,2025-04-01 05:02:17.236179,550.72
5038,2025-04-01 05:22:17.203262,551.56
5039,2025-04-01 05:42:17.202304,552.82
5040,2025-04-01 06:02:17.193590,554.06
5041,2025-04-01 06:22:17.203043,555.57
5042,2025-04-01 06:42:17.200095,553.64
5043,2025-04-01 07:02:17.208356,556.88
5044,2025-04-01 07:22:17.194712,555.26
5045,2025-04-01 07:42:17.459740,557.74
5046,2025-04-01 08:02:17.340639,558.04
5047,2025-04-01 08:22:17.199853,559.3
5048,2025-04-01 08:42:17.205211,558.34
5049,2025-04-01 09:02:17.208336,557.56
5050,2025-04-01 09:22:17.207756,555.13
5051,2025-04-01 09:42:17.200282,552.77
5052,2025-04-01 10:02:16.944889,552.01
5053,2025-04-01 10:22:17.205961,552.94
5054,2025-04-01 10:42:17.201410,550.62
5055,2025-04-01 11:02:17.207356,549.74
5056,2025-04-01 11:22:17.206709,550.82
5057,2025-04-01 11:42:17.211931,550.19
5058,2025-04-01 12:02:17.195761,550.5
5059,2025-04-01 12:22:17.200186,549.86
5060,2025-04-01 12:42:17.201817,546.72
5061,2025-04-01 13:02:17.203829,544.28
5062,2025-04-01 13:22:17.201361,540.99
5063,2025-04-01 13:42:17.198771,536.91
5064,2025-04-01 14:02:17.204688,535.34
5065,2025-04-01 14:22:17.199184,530.04
5066,2025-04-01 14:42:17.207778,522.7
5067,2025-04-01 15:02:17.203864,514.68
5068,2025-04-01 15:22:17.202951,505.63
5069,2025-04-01 15:42:17.192588,495.91
5070,2025-04-01 16:02:17.194925,488.73
5071,2025-04-01 16:22:17.198250,484.52
5072,2025-04-01 16:42:17.200207,480.2
5073,2025-04-01 17:02:17.206011,479.69
5074,2025-04-01 17:22:17.200214,476.86
5075,2025-04-01 17:42:17.452731,476.71
5076,2025-04-01 18:02:17.203278,476.88
5077,2025-04-01 18:22:17.198235,475.76
5078,2025-04-01 18:42:17.195459,471.12
5079,2025-04-01 19:02:17.204737,471.35
5080,2025-04-01 19:22:17.204242,469.38
5081,2025-04-01 19:42:17.198318,465.9
5082,2025-04-01 20:02:17.195321,465.58
5083,2025-04-01 20:22:17.207988,466.2
5084,2025-04-01 20:42:17.197206,464.4
5085,2025-04-01 21:02:17.205419,463.07
5086,2025-04-01 21:22:16.715105,461.88
5087,2025-04-01 21:42:17.221103,464.4
5088,2025-04-01 22:02:17.192251,468.98
5089,2025-04-01 22:22:17.207782,473.68
5090,2025-04-01 22:42:17.212832,477.88
5091,2025-04-01 23:02:17.206179,482.91
5092,2025-04-01 23:22:17.204151,484.8
5093,2025-04-01 23:42:16.873692,487.2
5094,2025-04-02 00:02:17.201348,488.66
5095,2025-04-02 00:22:17.202501,493.74
5096,2025-04-02 00:42:17.205648,494.29
5097,2025-04-02 01:02:17.199068,501.84
5098,2025-04-02 01:22:17.205202,503.66
5099,2025-04-02 01:42:17.203781,506.52
5100,2025-04-02 02:02:17.204332,509.06
5101,2025-04-02 02:22:17.204529,509.88
5102,2025-04-02 02:42:17.195621,513.03
5103,2025-04-02 03:02:17.200484,513.69
5104,2025-04-02 03:22:17.204584,515.56
5105,2025-04-02 03:42:17.199531,518.86
5106,2025-04-02 04:02:17.203831,520.26
5107,2025-04-02 04:22:17.198144,519.54
5108,2025-04-02 04:42:17.713772,519.51
5109,2025-04-02 05:02:17.203997,519.18
5110,2025-04-02 05:22:17.196650,518.54
5111,2025-04-02 05:42:17.199399,518.02
5112,2025-04-02 06:02:17.201450,513.9
5113,2025-04-02 06:22:17.201603,516.22
5114,2025-04-02 06:42:17.210057,512.55
5115,2025-04-02 07:02:17.204596,511.82
5116,2025-04-02 07:22:17.202665,513.32
5117,2025-04-02 07:42:17.202511,512.24
5118,2025-04-02 08:02:17.205883,510.14
5119,2025-04-02 08:22:17.214199,513.52
5120,2025-04-02 08:42:17.209269,514.92
5121,2025-04-02 09:02:17.216620,515.96
5122,2025-04-02 09:22:17.192508,515.26
5123,2025-04-02 09:42:17.197208,517.12
5124,2025-04-02 10:02:17.202631,514.96
5125,2025-04-02 10:22:17.203115,511.83
5126,2025-04-02 10:42:17.191578,508.69
5127,2025-04-02 11:02:17.198370,503.34
5128,2025-04-02 11:22:17.199687,503.78
5129,2025-04-02 11:42:17.201444,500.34
5130,2025-04-02 12:02:17.215598,495.04
5131,2025-04-02 12:22:17.197067,485.34
5132,2025-04-02 12:42:17.215089,472.02
5133,2025-04-02 13:02:17.205829,462.86
5134,2025-04-02 13:22:17.206193,457.2
5135,2025-04-02 13:42:17.207976,447.58
5136,2025-04-02 14:02:17.201357,440.39
5137,2025-04-02 14:22:17.192458,436.77
5138,2025-04-02 14:42:16.769124,433.07
5139,2025-04-02 15:02:17.196401,426.32
5140,2025-04-02 15:22:17.431897,418.2
5141,2025-04-02 15:42:17.205008,413.46
5142,2025-04-02 16:02:17.216667,411.53
5143,2025-04-02 16:22:17.208899,412.08
5144,2025-04-02 16:42:17.202760,414.34
5145,2025-04-02 17:02:17.195010,411.42
5146,2025-04-02 17:22:17.206609,413.82
5147,2025-04-02 17:42:17.205831,415.44
5148,2025-04-02 18:02:17.208364,413.35
5149,2025-04-02 18:22:17.207623,411.59
5150,2025-04-02 18:42:17.195852,407.42
5151,2025-04-02 19:02:17.201377,404.0
5152,2025-04-02 19:22:17.204629,403.72
5153,2025-04-02 19:42:17.204144,407.2
5154,2025-04-02 20:02:17.200750,409.47
5155,2025-04-02 20:22:17.203786,411.56
5156,2025-04-02 20:42:17.200423,413.88
5157,2025-04-02 21:02:17.205224,418.48
5158,2025-04-02 21:22:17.194455,423.5
5159,2025-04-02 21:42:17.480484,425.58
5160,2025-04-02 22:02:17.219614,433.6
5161,2025-04-02 22:22:17.214605,437.4
5162,2025-04-02 22:42:17.204329,440.82
5163,2025-04-02 23:02:17.210551,444.28
5164,2025-04-02 23:22:17.210127,450.14
5165,2025-04-02 23:42:17.209714,454.79
5166,2025-04-03 00:02:17.223020,460.92
5167,2025-04-03 00:22:17.234395,465.44
5168,2025-04-03 00:42:17.193716,471.06
5169,2025-04-03 01:02:17.202122,475.7
5170,2025-04-03 01:22:17.216133,480.82
5171,2025-04-03 01:42:17.210252,483.79
5172,2025-04-03 02:02:17.206556,487.82
5173,2025-04-03 02:22:17.197859,490.12
5174,2025-04-03 02:42:17.202078,494.48
5175,2025-04-03 03:02:17.198816,498.96
5176,2025-04-03 03:22:16.687122,500.3
5177,2025-04-03 03:42:17.208721,502.24
5178,2025-04-03 04:02:17.203124,505.06
5179,2025-04-03 04:22:17.235793,506.64
5180,2025-04-03 04:42:17.204154,506.46
5181,2025-04-03 05:02:17.195234,510.24
5182,2025-04-03 05:22:17.204288,514.92
5183,2025-04-03 05:42:17.198241,517.73
5184,2025-04-03 06:02:17.205738,519.26
5185,2025-04-03 06:22:17.212278,522.74
5186,2025-04-03 06:42:17.205203,524.78
5187,2025-04-03 07:02:17.194873,525.28
5188,2025-04-03 07:22:17.204516,525.5
5189,2025-04-03 07:42:17.196110,525.17
5190,2025-04-03 08:02:17.251298,524.76
5191,2025-04-03 08:22:17.202470,525.6
5192,2025-04-03 08:42:17.214266,528.32
5193,2025-04-03 09:02:17.218304,528.91
5194,2025-04-03 09:22:17.213884,531.3
5195,2025-04-03 09:42:17.208130,533.26
5196,2025-04-03 10:02:17.212939,532.04
5197,2025-04-03 10:22:17.195745,533.32
5198,2025-04-03 10:42:17.219067,532.26
5199,2025-04-03 11:02:17.198820,534.46
5200,2025-04-03 11:22:17.212570,531.92
5201,2025-04-03 11:42:17.207293,535.4
5202,2025-04-03 12:02:17.194363,533.44
5203,2025-04-03 12:22:17.206872,537.52
5204,2025-04-03 12:42:17.109757,535.34
5205,2025-04-03 13:02:17.214139,535.87
5206,2025-04-03 13:22:17.197214,533.6
5207,2025-04-03 13:42:17.197160,529.28
5208,2025-04-03 14:02:17.698171,523.36
5209,2025-04-03 14:22:17.203553,516.78
5210,2025-04-03 14:42:17.224130,510.37
5211,2025-04-03 15:02:17.208299,505.12
5212,2025-04-03 15:22:17.208895,501.96
5213,2025-04-03 15:42:17.206033,492.3
5214,2025-04-03 16:02:17.199352,491.32
5215,2025-04-03 16:22:17.205441,486.92
5216,2025-04-03 16:42:17.220191,484.38
5217,2025-04-03 17:02:17.205210,479.57
5218,2025-04-03 17:22:17.208439,472.52
5219,2025-04-03 17:42:17.202654,468.32
5220,2025-04-03 18:02:17.205011,469.5
5221,2025-04-03 18:22:17.209993,474.9
5222,2025-04-03 18:42:17.201357,480.58
5223,2025-04-03 19:02:17.194842,477.92
5224,2025-04-03 19:22:17.209351,472.88
5225,2025-04-03 19:42:17.195221,471.3
5226,2025-04-03 20:02:17.230069,477.4
5227,2025-04-03 20:22:17.213554,481.8
5228,2025-04-03 20:42:17.207250,486.66
5229,2025-04-03 21:02:17.208369,487.93
5230,2025-04-03 21:22:17.201249,485.86
5231,2025-04-03 21:42:16.688789,477.58
5232,2025-04-03 22:02:17.222293,467.52
5233,2025-04-03 22:22:17.195727,463.93
5234,2025-04-03 22:42:17.203022,467.36
5235,2025-04-03 23:02:17.206694,477.57
5236,2025-04-03 23:22:17.208118,479.52
5237,2025-04-03 23:42:17.216703,479.04
5238,2025-04-04 00:02:17.200600,478.42
5239,2025-04-04 00:22:17.687744,482.56
5240,2025-04-04 00:42:17.198596,486.39
5241,2025-04-04 01:02:17.196486,489.64
5242,2025-04-04 01:22:17.213677,493.12
5243,2025-04-04 01:42:17.194354,496.08
5244,2025-04-04 02:02:17.191896,498.42
5245,2025-04-04 02:22:17.114907,499.23
5246,2025-04-04 02:42:17.219685,502.65
5247,2025-04-04 03:02:17.212912,503.9
5248,2025-04-04 03:22:17.194184,509.68
5249,2025-04-04 03:42:17.199972,513.3
5250,2025-04-04 04:02:17.225436,514.05
5251,2025-04-04 04:22:17.202282,512.31
5252,2025-04-04 04:42:17.230986,511.45
5253,2025-04-04 05:02:17.207749,512.7
5254,2025-04-04 05:22:17.196373,512.68
5255,2025-04-04 05:42:17.197606,512.36
5256,2025-04-04 06:02:17.204359,512.01
5257,2025-04-04 06:22:17.198781,512.54
5258,2025-04-04 06:42:17.198836,510.8
5259,2025-04-04 07:02:17.204345,509.58
5260,2025-04-04 07:22:17.196547,505.56
5261,2025-04-04 07:42:17.190087,503.97
5262,2025-04-04 08:02:17.214176,500.45
5263,2025-04-04 08:22:17.205730,495.82
5264,2025-04-04 08:42:17.211470,493.44
5265,2025-04-04 09:02:17.206518,488.4
5266,2025-04-04 09:22:17.193982,483.3
5267,2025-04-04 09:42:17.193414,482.71
5268,2025-04-04 10:02:17.193872,482.14
5269,2025-04-04 10:22:17.204928,484.68
5270,2025-04-04 10:42:17.202626,487.06
5271,2025-04-04 11:02:17.199061,488.04
5272,2025-04-04 11:22:17.202241,487.26
5273,2025-04-04 11:42:17.232550,479.7
5274,2025-04-04 12:02:17.191565,474.07
5275,2025-04-04 12:22:17.364426,464.12
5276,2025-04-04 12:42:17.192840,459.36
5277,2025-04-04 13:02:17.201534,457.58
5278,2025-04-04 13:22:17.201027,456.23
5279,2025-04-04 13:42:17.192687,456.95
5280,2025-04-04 14:02:17.200546,461.15
5281,2025-04-04 14:22:17.205785,465.48
5282,2025-04-04 14:42:17.197681,463.5
5283,2025-04-04 15:02:17.217504,460.18
5284,2025-04-04 15:22:17.198099,461.91
5285,2025-04-04 15:42:17.202453,460.7
5286,2025-04-04 16:02:16.788002,461.24
5287,2025-04-04 16:22:17.207316,460.14
5288,2025-04-04 16:42:17.195396,458.44
5289,2025-04-04 17:02:17.200066,456.22
5290,2025-04-04 17:22:17.203204,457.53
5291,2025-04-04 17:42:17.207858,452.28
5292,2025-04-04 18:02:17.196063,453.39
5293,2025-04-04 18:22:17.204522,453.32
5294,2025-04-04 18:42:17.214229,457.94
5295,2025-04-04 19:02:17.191676,460.27
5296,2025-04-04 19:22:17.238137,459.38
5297,2025-04-04 19:42:17.209947,458.35
5298,2025-04-04 20:02:17.217544,459.06
5299,2025-04-04 20:22:17.215413,458.94
5300,2025-04-04 20:42:16.917766,461.02
5301,2025-04-04 21:02:17.207928,463.87
5302,2025-04-04 21:22:17.204688,465.04
5303,2025-04-04 21:42:17.208168,464.89
5304,2025-04-04 22:02:17.213597,465.76
5305,2025-04-04 22:22:17.197801,470.62
5306,2025-04-04 22:42:17.202918,469.22
5307,2025-04-04 23:02:17.195562,469.99
5308,2025-04-04 23:22:17.214491,467.27
5309,2025-04-04 23:42:17.209066,465.08
5310,2025-04-05 00:02:17.739408,461.56
5311,2025-04-05 00:22:17.218291,456.62
5312,2025-04-05 00:42:17.210303,454.14
5313,2025-04-05 01:02:17.199957,450.45
5314,2025-04-05 01:22:17.209787,450.73
5315,2025-04-05 01:42:17.223062,446.92
5316,2025-04-05 02:02:17.207206,441.22
5317,2025-04-05 02:22:17.213298,438.7
5318,2025-04-05 02:42:17.203689,434.68
5319,2025-04-05 03:02:17.198155,425.8
5320,2025-04-05 03:22:17.210005,416.4
5321,2025-04-05 03:42:17.217078,410.7
5322,2025-04-05 04:02:17.188860,404.56
5323,2025-04-05 04:22:17.194589,398.76
5324,2025-04-05 04:42:16.924214,396.89
5325,2025-04-05 05:02:17.227113,394.79
5326,2025-04-05 05:22:17.205065,395.74
5327,2025-04-05 05:42:17.217010,396.66
5328,2025-04-05 06:02:17.214694,399.02
5329,2025-04-05 06:22:17.195554,402.64
5330,2025-04-05 06:42:17.209249,404.78
5331,2025-04-05 07:02:17.206230,407.98
5332,2025-04-05 07:22:17.203582,413.42
5333,2025-04-05 07:42:17.209502,421.3
5334,2025-04-05 08:02:17.203349,424.12
5335,2025-04-05 08:22:17.211656,425.98
5336,2025-04-05 08:42:17.193702,429.88
5337,2025-04-05 09:02:17.196200,428.14
5338,2025-04-05 09:22:17.198465,432.36
5339,2025-04-05 09:42:17.975910,436.53
5340,2025-04-05 10:02:17.239122,440.42
5341,2025-04-05 10:22:16.912612,437.26
5342,2025-04-05 10:42:17.196520,432.77
5343,2025-04-05 11:02:17.199047,426.28
5344,2025-04-05 11:22:17.211838,421.8
5345,2025-04-05 11:42:17.205097,419.5
5346,2025-04-05 12:02:17.217354,417.35
5347,2025-04-05 12:22:17.205054,415.86
5348,2025-04-05 12:42:17.198904,414.81
5349,2025-04-05 13:02:17.199613,410.12
5350,2025-04-05 13:22:17.198073,406.32
5351,2025-04-05 13:42:17.208752,404.38
5352,2025-04-05 14:02:17.202519,404.79
5353,2025-04-05 14:22:17.209740,406.39
5354,2025-04-05 14:42:17.212448,408.98
5355,2025-04-05 15:02:17.201293,406.9
5356,2025-04-05 15:22:17.207969,405.58
5357,2025-04-05 15:42:17.192533,404.36
5358,2025-04-05 16:02:17.202603,403.69
5359,2025-04-05 16:22:17.198816,404.17
5360,2025-04-05 16:42:17.201683,404.66
5361,2025-04-05 17:02:17.206689,406.7
5362,2025-04-05 17:22:17.199032,405.72
5363,2025-04-05 17:42:17.199326,405.73
5364,2025-04-05 18:02:17.206449,408.3
5365,2025-04-05 18:22:16.858085,410.93
5366,2025-04-05 18:42:17.194801,414.58
5367,2025-04-05 19:02:17.200387,419.76
5368,2025-04-05 19:22:17.203806,422.2
5369,2025-04-05 19:42:17.217512,419.01
5370,2025-04-05 20:02:17.199235,417.95
5371,2025-04-05 20:22:17.201302,416.72
5372,2025-04-05 20:42:17.183641,418.64
5373,2025-04-05 21:02:17.201047,420.12
5374,2025-04-05 21:22:17.201766,421.8
5375,2025-04-05 21:42:17.213601,421.81
5376,2025-04-05 22:02:17.209822,424.26
5377,2025-04-05 22:22:17.432478,424.52
5378,2025-04-05 22:42:17.199290,429.16
5379,2025-04-05 23:02:17.226096,430.5
5380,2025-04-05 23:22:17.215156,435.1
5381,2025-04-05 23:42:17.199617,435.01
5382,2025-04-06 00:02:16.890818,434.17
5383,2025-04-06 00:22:17.200508,433.8
5384,2025-04-06 00:42:17.208583,433.86
5385,2025-04-06 01:02:17.203941,434.88
5386,2025-04-06 01:22:17.201588,435.19
5387,2025-04-06 01:42:17.217173,434.53
5388,2025-04-06 02:22:17.206299,434.48
5389,2025-04-06 02:42:17.201378,430.86
5390,2025-04-06 03:02:17.210147,430.76
5391,2025-04-06 03:22:17.204838,427.24
5392,2025-04-06 03:42:17.202093,426.66
5393,2025-04-06 04:02:17.198892,426.26
5394,2025-04-06 04:22:17.208796,423.82
5395,2025-04-06 04:42:16.719632,423.6
5396,2025-04-06 05:42:16.966914,419.9
5397,2025-04-06 06:02:17.197882,418.04
5398,2025-04-06 06:22:17.483213,417.34
5399,2025-04-06 06:42:17.198248,412.54
5400,2025-04-06 07:02:17.215787,412.46
5401,2025-04-06 07:22:17.211933,412.56
5402,2025-04-06 07:42:17.216221,412.04
5403,2025-04-06 08:02:16.885590,412.5
5404,2025-04-06 08:22:17.201194,413.86
5405,2025-04-06 08:42:17.222931,415.59
5406,2025-04-06 09:02:17.206040,417.88
5407,2025-04-06 09:22:17.205977,421.51
5408,2025-04-06 09:42:17.193671,423.06
5409,2025-04-06 10:02:17.202059,421.14
5410,2025-04-06 10:22:17.189347,422.38
5411,2025-04-06 10:42:17.206252,421.18
5412,2025-04-06 11:02:17.202547,421.64
5413,2025-04-06 11:22:17.194131,423.61
5414,2025-04-06 11:42:17.202596,424.94
5415,2025-04-06 12:02:17.200485,430.1
5416,2025-04-06 12:22:17.204549,430.56
5417,2025-04-06 12:42:17.201166,430.19
5418,2025-04-06 13:02:17.204648,434.52
5419,2025-04-06 13:22:17.194291,434.32
5420,2025-04-06 13:42:17.199181,436.02
5421,2025-04-06 14:02:17.201233,435.5
5422,2025-04-06 14:22:17.201381,435.2
5423,2025-04-06 14:42:16.822337,437.29
5424,2025-04-06 15:02:17.199466,441.5
5425,2025-04-06 15:22:17.199079,442.7
5426,2025-04-06 15:42:17.209661,443.46
5427,2025-04-06 16:02:17.198211,444.2
5428,2025-04-06 16:22:17.206302,445.88
5429,2025-04-06 16:42:17.202396,446.01
5430,2025-04-06 17:02:17.200493,449.96
5431,2025-04-06 17:22:17.215369,451.48
5432,2025-04-06 17:42:17.192721,453.66
5433,2025-04-06 18:22:16.641930,457.46
5434,2025-04-06 18:42:17.206779,458.46
5435,2025-04-06 19:02:17.217425,462.84
5436,2025-04-06 19:22:17.209011,464.46
5437,2025-04-06 19:42:17.199667,464.52
5438,2025-04-06 20:02:17.205024,467.96
5439,2025-04-06 20:22:17.203509,468.38
5440,2025-04-06 20:42:17.289124,470.01
5441,2025-04-06 21:02:17.224943,470.92
5442,2025-04-06 21:22:17.203226,476.1
5443,2025-04-06 21:42:17.196837,478.12
5444,2025-04-06 22:02:17.230079,482.8
5445,2025-04-06 22:22:17.200671,482.3
5446,2025-04-06 22:42:17.197380,484.98
5447,2025-04-06 23:02:17.196774,483.9
5448,2025-04-06 23:22:17.206212,481.42
5449,2025-04-06 23:42:17.202045,481.2
5450,2025-04-07 00:02:17.209390,479.6
5451,2025-04-07 00:22:17.217183,480.07
5452,2025-04-07 00:42:17.208064,481.42
5453,2025-04-07 01:02:17.229960,479.96
5454,2025-04-07 01:22:17.205776,482.12
5455,2025-04-07 01:42:17.206986,482.04
5456,2025-04-07 02:02:17.208087,483.39
5457,2025-04-07 02:22:17.193744,484.63
5458,2025-04-07 02:42:17.230944,482.82
5459,2025-04-07 03:02:17.223961,483.38
5460,2025-04-07 03:22:17.214531,480.34
5461,2025-04-07 03:42:16.916814,480.71
5462,2025-04-07 04:02:17.201347,477.56
5463,2025-04-07 04:22:17.206202,477.44
5464,2025-04-07 04:42:17.194273,479.86
5465,2025-04-07 05:02:17.199702,481.84
5466,2025-04-07 05:22:17.221862,485.26
5467,2025-04-07 05:42:17.208366,491.14
5468,2025-04-07 06:02:17.192275,494.67
5469,2025-04-07 06:22:17.209811,497.0
5470,2025-04-07 06:42:17.454104,501.32
5471,2025-04-07 07:02:17.203011,500.86
5472,2025-04-07 07:22:17.205787,506.23
5473,2025-04-07 07:42:17.215930,508.79
5474,2025-04-07 08:02:17.235717,510.0
5475,2025-04-07 08:22:17.200379,513.82
5476,2025-04-07 08:42:17.201314,512.7
5477,2025-04-07 09:02:17.197694,515.15
5478,2025-04-07 09:22:17.210573,516.44
5479,2025-04-07 09:42:17.202765,518.57
5480,2025-04-07 10:02:17.208628,517.98
5481,2025-04-07 10:22:17.198628,522.48
5482,2025-04-07 10:42:17.200272,524.3
5483,2025-04-07 11:02:17.205183,522.76
5484,2025-04-07 11:22:17.205345,525.95
5485,2025-04-07 11:42:17.201471,528.27
5486,2025-04-07 12:02:17.199325,528.04
5487,2025-04-07 12:22:17.197154,529.54
5488,2025-04-07 12:42:17.200014,528.68
5489,2025-04-07 13:02:17.207897,526.99
5490,2025-04-07 13:22:17.209441,530.69
5491,2025-04-07 13:42:17.207763,529.77
5492,2025-04-07 14:02:17.198053,526.4
5493,2025-04-07 14:22:17.204571,525.42
5494,2025-04-07 14:42:17.195932,523.66
5495,2025-04-07 15:02:17.206055,525.08
5496,2025-04-07 15:22:17.204311,527.35
5497,2025-04-07 15:42:17.203069,529.7
5498,2025-04-07 16:02:17.206618,529.04
5499,2025-04-07 16:22:17.189528,530.44
5500,2025-04-07 16:42:17.212242,532.92
5501,2025-04-07 17:02:17.201874,532.17
5502,2025-04-07 17:22:17.204402,531.04
5503,2025-04-07 17:42:17.210328,528.36
5504,2025-04-07 18:02:17.216742,528.48
5505,2025-04-07 18:22:17.207541,524.67
5506,2025-04-07 18:42:17.197090,522.75
5507,2025-04-07 19:02:17.200774,521.26
5508,2025-04-07 19:22:17.482300,519.74
5509,2025-04-07 19:42:17.199578,517.24
5510,2025-04-07 20:02:17.200127,517.74
5511,2025-04-07 20:22:17.205515,517.38
5512,2025-04-07 20:42:17.196467,517.39
5513,2025-04-07 21:02:17.199700,517.14
5514,2025-04-07 21:22:17.212191,513.76
5515,2025-04-07 21:42:17.202031,515.44
5516,2025-04-07 22:02:17.221059,514.2
5517,2025-04-07 22:22:17.203196,514.62
5518,2025-04-07 22:42:17.197509,512.98
5519,2025-04-07 23:02:17.199096,514.26
5520,2025-04-07 23:22:17.202708,513.26
5521,2025-04-07 23:42:17.213879,514.0
5522,2025-04-08 00:02:17.209456,514.94
5523,2025-04-08 00:22:17.204685,512.3
5524,2025-04-08 00:42:17.208913,514.56
5525,2025-04-08 01:02:17.199017,519.32
5526,2025-04-08 01:22:17.205616,518.72
5527,2025-04-08 01:42:17.203247,519.74
5528,2025-04-08 02:02:17.210812,519.35
5529,2025-04-08 02:22:17.207817,519.28
5530,2025-04-08 02:42:17.197195,521.54
5531,2025-04-08 03:02:17.205161,518.16
5532,2025-04-08 03:22:17.194821,512.58
5533,2025-04-08 03:42:17.200444,512.35
5534,2025-04-08 04:02:17.193684,509.94
5535,2025-04-08 04:22:17.210113,512.79
5536,2025-04-08 04:42:17.195650,514.1
5537,2025-04-08 05:02:17.677852,515.98
5538,2025-04-08 05:42:17.421634,519.5
5539,2025-04-08 06:02:16.932403,522.78
5540,2025-04-08 06:22:16.975814,521.04
5541,2025-04-08 06:42:16.978415,522.48
5542,2025-04-08 07:02:34.389014,523.84
5543,2025-04-08 07:22:17.186704,527.1
5544,2025-04-08 07:42:17.195391,527.31
5545,2025-04-08 08:02:17.194152,528.44
5546,2025-04-08 08:22:16.962110,528.61
5547,2025-04-08 08:42:17.484281,530.76
5548,2025-04-08 09:02:16.930324,534.24
5549,2025-04-08 09:22:17.067773,532.88
5550,2025-04-08 09:42:17.023611,529.58
5551,2025-04-08 10:22:16.938330,530.34
5552,2025-04-08 10:42:16.928341,531.62
5553,2025-04-08 11:02:16.941537,530.6
5554,2025-04-08 11:22:16.862599,529.2
5555,2025-04-08 11:42:16.863790,524.9
5556,2025-04-08 12:02:16.868321,523.8
5557,2025-04-08 12:22:16.890533,517.94
5558,2025-04-08 12:42:16.860396,512.68
5559,2025-04-08 13:02:16.858761,506.61
5560,2025-04-08 13:22:16.862818,499.76
5561,2025-04-08 13:42:16.858904,491.66
5562,2025-04-08 14:02:16.862062,484.2
5563,2025-04-08 14:22:16.862232,475.64
5564,2025-04-08 14:42:16.880572,473.91
5565,2025-04-08 15:02:16.660778,472.48
5566,2025-04-08 15:22:16.857537,470.23
5567,2025-04-08 15:42:16.869870,463.26
5568,2025-04-08 16:02:16.898683,458.32
5569,2025-04-08 17:42:17.592573,469.44
5570,2025-04-08 18:02:17.594394,473.04
5571,2025-04-08 19:02:17.599983,476.62
5572,2025-04-09 11:22:17.602824,505.03
5573,2025-04-09 14:22:17.597681,479.78
5574,2025-04-09 14:42:17.583277,463.32
5575,2025-04-09 15:02:17.589076,446.28
5576,2025-04-09 15:22:17.591526,439.68
5577,2025-04-09 15:42:17.591824,435.1
5578,2025-04-09 16:02:17.588806,432.48
5579,2025-04-09 16:22:17.592989,430.25
5580,2025-04-09 17:02:17.588680,432.64
5581,2025-04-09 17:22:17.589719,436.84
5582,2025-04-09 17:42:17.595551,436.22
5583,2025-04-09 18:02:17.315240,439.92
5584,2025-04-09 18:42:17.591139,445.29
5585,2025-04-09 19:02:17.594954,453.14
5586,2025-04-09 19:22:17.597955,459.68
5587,2025-04-09 19:42:17.598115,468.78
5588,2025-04-09 20:02:17.589883,475.2
5589,2025-04-09 20:22:17.589957,480.79
5590,2025-04-09 20:42:17.592291,484.78
5591,2025-04-09 21:02:17.594355,486.09
5592,2025-04-09 21:22:17.602842,486.88
5593,2025-04-09 21:42:17.594929,487.0
5594,2025-04-09 22:02:17.597397,480.58
5595,2025-04-09 22:22:17.596236,476.8
5596,2025-04-09 22:42:17.594517,477.88
5597,2025-04-09 23:22:56.553062,479.27
5598,2025-04-10 03:02:17.070114,430.72
5599,2025-04-10 03:22:16.937458,423.08
5600,2025-04-10 03:42:16.933523,418.52
5601,2025-04-10 04:22:16.721502,415.46
5602,2025-04-10 04:42:17.451950,416.45
5603,2025-04-10 09:02:16.857380,399.98
5604,2025-04-10 09:22:16.902508,401.78
5605,2025-04-10 09:42:16.911088,400.34
5606,2025-04-10 10:02:16.911352,396.79
5607,2025-04-10 10:22:16.905046,393.14
5608,2025-04-10 10:42:16.900132,387.59
5609,2025-04-10 14:22:17.505976,385.96
5610,2025-04-10 14:42:17.503971,392.1
5611,2025-04-10 15:02:17.499633,401.14
5612,2025-04-10 15:22:17.511604,408.51
5613,2025-04-10 15:42:17.502730,413.15
5614,2025-04-10 16:02:17.508362,419.5
5615,2025-04-10 16:22:17.520216,424.62
5616,2025-04-10 16:42:17.506560,427.16
5617,2025-04-10 17:02:17.506046,430.14
5618,2025-04-10 17:42:17.504743,436.06
5619,2025-04-10 18:02:17.499461,435.49
5620,2025-04-10 18:22:17.498027,437.22
5621,2025-04-10 18:42:17.486868,442.28
5622,2025-04-10 19:02:17.505802,441.08
5623,2025-04-10 19:22:17.499756,444.12
5624,2025-04-10 19:42:16.815546,446.98
5625,2025-04-10 20:02:17.503731,448.11
5626,2025-04-10 20:22:17.496277,453.23
5627,2025-04-10 20:42:17.493109,453.26
5628,2025-04-10 21:02:17.501992,456.24
5629,2025-04-10 21:22:17.502154,456.7
5630,2025-04-10 21:42:17.505652,455.65
5631,2025-04-10 22:02:17.499669,456.27
5632,2025-04-10 22:22:17.497685,452.19
5633,2025-04-10 22:42:17.499203,451.78
5634,2025-04-10 23:02:17.503545,452.1
5635,2025-04-10 23:22:17.509694,452.92
5636,2025-04-10 23:42:17.508106,457.68
5637,2025-04-11 00:02:17.500708,458.3
5638,2025-04-11 00:22:16.970169,460.45
5639,2025-04-11 00:42:17.514722,463.54
5640,2025-04-11 01:02:17.500773,465.4
5641,2025-04-11 01:22:17.510160,470.08
5642,2025-04-11 01:42:17.501010,472.2
5643,2025-04-11 04:02:17.500265,495.75
5644,2025-04-11 04:22:17.495672,495.69
5645,2025-04-11 05:42:16.957818,501.76
5646,2025-04-11 06:22:16.970410,505.76
5647,2025-04-11 06:42:16.969497,506.74
5648,2025-04-11 07:02:16.705335,506.51
5649,2025-04-11 07:22:17.504157,506.08
5650,2025-04-11 07:42:17.508982,507.18
5651,2025-04-11 08:02:17.503574,508.48
5652,2025-04-11 08:22:17.497826,507.61
5653,2025-04-11 08:42:17.503042,507.82
5654,2025-04-11 09:02:17.498232,509.38
5655,2025-04-11 09:22:17.499075,508.06
5656,2025-04-11 09:42:17.289509,506.92
5657,2025-04-11 10:02:17.499160,511.34
5658,2025-04-11 10:22:16.952512,510.76
5659,2025-04-11 10:42:16.961685,512.61
5660,2025-04-11 15:42:16.965006,505.16
5661,2025-04-11 16:02:16.709986,504.48
5662,2025-04-11 16:22:16.710493,500.02
5663,2025-04-11 16:42:16.697613,499.68
5664,2025-04-11 17:02:17.629983,497.82
5665,2025-04-11 17:22:17.509559,496.2
5666,2025-04-11 17:42:17.504991,496.72
5667,2025-04-11 18:22:17.499761,494.39
5668,2025-04-11 18:42:17.501735,492.14
5669,2025-04-11 19:02:17.510638,493.62
5670,2025-04-11 19:22:17.500701,490.68
5671,2025-04-11 19:42:17.501288,491.06
5672,2025-04-11 20:22:17.498732,490.37
5673,2025-04-11 20:42:17.500900,493.84
5674,2025-04-11 21:02:17.501031,496.74
5675,2025-04-11 21:22:17.500828,499.1
5676,2025-04-11 21:42:17.500853,501.18
5677,2025-04-11 22:02:17.511762,506.44
5678,2025-04-11 22:22:17.498271,506.7
5679,2025-04-11 22:42:17.511344,508.26
5680,2025-04-11 23:02:17.500394,511.48
5681,2025-04-11 23:42:16.954589,516.24
5682,2025-04-12 02:22:16.701563,513.94
5683,2025-04-12 05:42:16.702375,497.44
5684,2025-04-12 23:42:16.955220,460.54
5685,2025-04-13 02:42:16.848255,398.28
5686,2025-05-21 16:42:17.072645,506.46
5687,2025-05-21 18:02:16.936532,487.31
5688,2025-05-21 19:02:17.081390,489.25
5689,2025-05-21 19:22:17.071335,490.86
5690,2025-05-21 19:42:17.096397,493.52
5691,2025-05-21 20:02:16.685302,493.19
5692,2025-05-21 20:22:17.083746,497.93
5693,2025-05-21 20:42:17.106329,499.87
5694,2025-05-21 21:02:17.073955,498.86
5695,2025-05-21 21:22:17.150181,501.68
5696,2025-05-21 21:42:17.086164,500.72
5697,2025-05-21 22:22:17.094862,495.68
5698,2025-05-21 22:42:17.081060,496.32
5699,2025-05-21 23:02:17.091829,496.12
5700,2025-05-21 23:22:17.082716,497.68
5701,2025-05-21 23:42:17.080248,500.62
5702,2025-05-22 00:02:17.081125,506.64
5703,2025-05-22 00:22:17.144092,514.96
5704,2025-05-22 00:42:17.002060,516.46
5705,2025-05-22 01:02:17.088470,521.9
5706,2025-05-22 01:22:17.080634,523.54
5707,2025-05-22 01:42:17.078189,528.68
5708,2025-05-22 02:02:17.108152,528.42
5709,2025-05-22 02:22:17.089616,529.22
5710,2025-05-22 02:42:17.090830,527.22
5711,2025-05-22 03:02:17.078050,526.5
5712,2025-05-22 03:22:17.096993,526.8
5713,2025-05-22 03:42:17.075893,527.88
5714,2025-05-22 04:02:17.084476,520.71
5715,2025-05-22 04:22:17.086303,512.49
5716,2025-05-22 04:42:17.082670,508.48
5717,2025-05-22 05:02:17.081515,509.04
5718,2025-05-22 05:22:17.094136,507.29
5719,2025-05-22 05:42:17.094110,506.32
5720,2025-05-22 06:02:17.074939,502.82
5721,2025-05-22 06:22:17.070655,496.05
5722,2025-05-22 06:42:17.093149,487.32
5723,2025-05-22 07:02:17.073594,473.7
5724,2025-05-22 07:22:17.095757,457.24
5725,2025-05-22 07:42:17.107396,450.82
5726,2025-05-22 08:02:17.095633,446.2
5727,2025-05-22 08:22:17.082302,437.86
5728,2025-05-22 08:42:17.101123,433.84
5729,2025-05-22 09:02:17.196406,428.1
5730,2025-05-22 09:22:17.105637,428.18
5731,2025-05-22 09:42:17.084465,430.26
5732,2025-05-22 10:02:17.237089,433.47
5733,2025-05-22 10:22:17.080627,434.55
5734,2025-05-22 10:42:17.081871,437.2
5735,2025-05-22 11:02:17.095312,441.9
5736,2025-05-22 11:22:17.105471,446.84
5737,2025-05-22 11:42:17.087920,452.13
5738,2025-05-22 12:02:17.091798,454.74
5739,2025-05-22 12:22:17.090113,450.03
5740,2025-05-22 12:42:17.088088,441.04
5741,2025-05-22 13:02:17.079370,432.06
5742,2025-05-22 13:22:17.117546,428.72
5743,2025-05-22 13:42:17.101639,418.58
5744,2025-05-22 14:02:17.095051,415.58
5745,2025-05-22 14:22:17.114702,415.66
5746,2025-05-22 14:42:17.109212,411.4
5747,2025-05-22 15:02:17.075285,407.38
5748,2025-05-22 15:22:17.072590,407.03
5749,2025-05-22 15:42:17.091810,405.24
5750,2025-05-22 16:02:17.089558,401.9
5751,2025-05-22 16:22:17.076752,399.27
5752,2025-05-22 16:42:17.080929,398.63
5753,2025-05-22 17:02:17.080474,398.86
5754,2025-05-22 17:22:17.086000,403.11
5755,2025-05-22 18:02:17.186669,406.54
5756,2025-05-22 18:22:17.093457,410.62
5757,2025-05-22 18:42:17.086332,412.3
5758,2025-05-22 19:02:16.786566,414.44
5759,2025-05-22 19:22:17.078272,418.26
5760,2025-05-22 19:42:17.081567,416.02
5761,2025-05-22 20:02:17.090022,421.43
5762,2025-05-22 20:22:17.083630,427.6
5763,2025-05-22 20:42:17.072415,434.56
5764,2025-05-22 21:02:17.086199,439.44
5765,2025-05-22 21:22:17.083537,441.92
5766,2025-05-22 21:42:17.095993,442.77
5767,2025-05-22 22:02:17.093884,440.44
5768,2025-05-22 22:22:17.093026,442.16
5769,2025-05-22 22:42:17.101128,435.12
5770,2025-05-22 23:02:17.090980,432.34
5771,2025-05-22 23:22:17.094839,430.7
5772,2025-05-22 23:42:17.027354,428.08
5773,2025-05-23 00:02:17.081519,423.66
5774,2025-05-23 00:22:17.075177,419.37
5775,2025-05-23 00:42:17.077104,415.48
5776,2025-05-23 01:02:17.076173,414.66
5777,2025-05-23 01:22:17.077517,418.7
5778,2025-05-23 01:42:17.080480,424.99
5779,2025-05-23 02:02:17.081636,430.2
5780,2025-05-23 02:22:17.079522,435.68
5781,2025-05-23 02:42:17.088807,439.5
5782,2025-05-23 03:02:17.090537,440.82
5783,2025-05-23 03:22:17.085376,444.66
5784,2025-05-23 03:42:17.078827,441.48
5785,2025-05-23 04:02:17.081423,435.24
5786,2025-05-23 04:42:17.073983,429.72
5787,2025-05-23 05:02:17.089759,425.92
5788,2025-05-23 05:22:17.078190,427.08
5789,2025-05-23 05:42:17.099929,423.36
5790,2025-05-23 06:02:17.086059,423.55
5791,2025-05-23 06:22:17.081645,421.25
5792,2025-05-23 06:42:17.077362,417.2
5793,2025-05-23 07:02:17.073241,411.88
5794,2025-05-23 07:22:17.091328,405.44
5795,2025-05-23 07:42:17.083757,399.82
5796,2025-05-23 08:02:17.074649,397.54
5797,2025-05-23 08:22:17.089599,394.85
5798,2025-05-23 08:42:17.112006,399.17
5799,2025-05-23 09:02:17.100590,401.73
5800,2025-05-23 09:22:17.074472,396.87
5801,2025-05-23 09:42:17.096264,396.21
5802,2025-05-23 10:02:17.076049,395.44
5803,2025-05-23 10:22:17.087414,390.9
5804,2025-05-23 10:42:17.099390,389.44
5805,2025-05-23 11:02:17.149027,387.5
5806,2025-05-23 11:22:17.083269,383.82
5807,2025-05-23 11:42:17.146086,385.94
5808,2025-05-23 12:02:17.099577,386.74
5809,2025-05-23 12:22:17.109234,382.71
5810,2025-05-23 12:42:17.080798,383.38
5811,2025-05-23 13:02:17.084718,375.93
5812,2025-05-23 13:22:17.094871,372.88
5813,2025-05-23 13:42:17.181906,369.89
5814,2025-05-23 14:02:17.187653,369.72
5815,2025-05-23 14:22:17.095179,368.6
5816,2025-05-23 14:42:17.087268,366.32
5817,2025-05-23 15:02:17.088126,371.5
5818,2025-05-23 15:22:17.111529,373.36
5819,2025-05-23 15:42:17.163689,375.58
5820,2025-05-23 16:02:17.112361,378.59
5821,2025-05-23 16:22:17.087717,380.07
5822,2025-05-23 16:42:17.130501,380.2
5823,2025-05-23 17:02:17.097121,380.93
5824,2025-05-23 17:22:17.093262,380.68
5825,2025-05-23 17:42:17.144868,382.46
5826,2025-05-23 18:02:16.718049,382.59
5827,2025-05-23 18:22:17.078277,378.94
5828,2025-05-23 18:42:17.092451,378.16
5829,2025-05-23 19:02:17.093176,381.64
5830,2025-05-23 19:22:17.092712,386.84
5831,2025-05-23 19:42:17.081415,392.31
5832,2025-05-23 20:02:17.072274,394.89
5833,2025-05-23 20:22:16.930948,397.18
5834,2025-05-23 20:42:17.086527,401.58
5835,2025-05-23 21:02:17.095116,404.94
5836,2025-05-23 21:22:17.098535,408.94
5837,2025-05-23 21:42:17.078503,408.36
5838,2025-05-23 22:02:17.086200,408.9
5839,2025-05-23 22:22:17.078611,409.48
5840,2025-05-23 22:42:17.065314,410.97
5841,2025-05-23 23:02:17.097488,413.88
5842,2025-05-23 23:22:17.084742,416.65
5843,2025-05-23 23:42:17.083801,420.82
5844,2025-05-24 00:02:17.079896,422.59
5845,2025-05-24 00:22:17.077668,426.58
5846,2025-05-24 00:42:17.089885,431.08
5847,2025-05-24 01:02:17.083337,435.12
5848,2025-05-24 01:22:17.097437,439.24
5849,2025-05-24 01:42:17.082625,442.44
5850,2025-05-24 02:02:17.091563,446.92
5851,2025-05-24 02:22:17.091150,445.88
5852,2025-05-24 02:42:17.083871,447.39
5853,2025-05-24 03:02:17.088975,448.75
5854,2025-05-24 03:22:16.912820,454.42
5855,2025-05-24 03:42:17.086403,456.6
5856,2025-05-24 04:02:17.087687,457.44
5857,2025-05-24 04:22:17.094073,459.28
5858,2025-05-24 04:42:17.090477,464.84
5859,2025-05-24 05:02:17.083738,465.1
5860,2025-05-24 05:22:17.082673,464.69
5861,2025-05-24 05:42:17.087525,463.46
5862,2025-05-24 06:02:17.081507,463.77
5863,2025-05-24 06:22:17.084443,466.48
5864,2025-05-24 06:42:17.081915,467.31
5865,2025-05-24 07:02:17.085194,466.32
5866,2025-05-24 07:22:17.103148,470.14
5867,2025-05-24 07:42:17.084920,468.82
5868,2025-05-24 08:02:17.020332,468.72
5869,2025-05-24 08:22:17.097828,461.54
5870,2025-05-24 08:42:17.122949,457.47
5871,2025-05-24 09:02:17.071220,453.4
5872,2025-05-24 09:22:17.104999,450.99
5873,2025-05-24 09:42:17.092254,447.23
5874,2025-05-24 10:02:17.108549,439.76
5875,2025-05-24 10:22:17.071337,436.04
5876,2025-05-24 10:42:17.115082,426.38
5877,2025-05-24 11:02:17.074941,422.38
5878,2025-05-24 11:22:17.082594,419.56
5879,2025-05-24 11:42:17.080512,416.42
5880,2025-05-24 12:02:17.092981,415.6
5881,2025-05-24 12:22:17.190607,420.29
5882,2025-05-24 12:42:17.157751,422.66
5883,2025-05-24 13:02:17.104619,422.91
5884,2025-05-24 13:22:17.101216,420.26
5885,2025-05-24 13:42:17.094247,413.28
5886,2025-05-24 14:02:17.104766,406.72
5887,2025-05-24 14:22:17.076924,403.66
5888,2025-05-24 14:42:17.082056,396.14
5889,2025-05-24 15:02:17.079619,385.11
5890,2025-05-24 15:22:17.086909,380.82
5891,2025-05-24 15:42:17.095467,372.53
5892,2025-05-24 16:02:17.080656,366.6
5893,2025-05-24 16:22:17.075497,365.47
5894,2025-05-24 16:42:17.091160,364.62
5895,2025-05-24 17:02:17.075149,368.02
5896,2025-05-24 17:22:17.076782,365.6
5897,2025-05-24 17:42:17.087677,364.9
5898,2025-05-24 18:02:17.167611,364.71
5899,2025-05-24 18:22:17.080444,365.62
5900,2025-05-24 18:42:17.097461,369.02
5901,2025-05-24 19:02:17.078520,370.51
5902,2025-05-24 19:22:17.065627,376.26
5903,2025-05-24 19:42:17.096671,379.82
5904,2025-05-24 20:02:17.104243,385.62
5905,2025-05-24 20:22:17.090407,390.22
5906,2025-05-24 20:42:17.085551,396.74
5907,2025-05-24 21:02:17.091115,401.2
5908,2025-05-24 21:22:17.087551,408.11
5909,2025-05-24 21:42:17.102472,408.79
5910,2025-05-24 22:02:17.082753,409.46
5911,2025-05-24 22:22:17.087314,411.35
5912,2025-05-24 22:42:17.091402,416.52
5913,2025-05-24 23:02:17.083238,423.16
5914,2025-05-24 23:22:17.076514,427.68
5915,2025-05-24 23:42:17.084545,430.66
5916,2025-05-25 00:02:17.085385,434.8
5917,2025-05-25 00:22:17.080434,441.46
5918,2025-05-25 00:42:17.083198,447.12
5919,2025-05-25 01:02:17.077821,452.5
5920,2025-05-25 01:22:17.090281,457.19
5921,2025-05-25 01:42:17.082846,465.15
5922,2025-05-25 02:02:17.079240,469.98
5923,2025-05-25 02:22:17.077997,477.98
5924,2025-05-25 02:42:17.082907,482.04
5925,2025-05-25 03:02:17.073563,486.38
5926,2025-05-25 03:22:17.084082,488.35
5927,2025-05-25 03:42:17.080452,490.42
5928,2025-05-25 04:02:17.089153,491.99
5929,2025-05-25 04:22:17.081640,493.07
5930,2025-05-25 04:42:17.074032,497.27
5931,2025-05-25 05:02:17.093399,498.92
5932,2025-05-25 05:22:17.083550,501.8
5933,2025-05-25 05:42:17.085540,499.98
5934,2025-05-25 06:02:17.076637,497.94
5935,2025-05-25 06:22:17.094464,496.06
5936,2025-05-25 06:42:17.081558,495.39
5937,2025-05-25 07:02:17.084919,495.06
5938,2025-05-25 07:22:17.084279,493.7
5939,2025-05-25 07:42:17.076469,495.35
5940,2025-05-25 08:02:17.079734,493.38
5941,2025-05-25 08:22:17.097747,491.24
5942,2025-05-25 08:42:17.086267,483.36
5943,2025-05-25 09:02:17.098601,482.32
5944,2025-05-25 09:22:17.104788,475.72
5945,2025-05-25 17:22:16.937521,415.84
5946,2025-05-25 17:42:16.701706,417.76
5947,2025-05-25 18:02:17.085254,426.39
5948,2025-05-25 18:22:17.081839,431.86
5949,2025-05-25 18:42:17.100076,436.13
5950,2025-05-25 19:02:17.080962,438.43
5951,2025-05-25 19:22:17.092358,438.94
5952,2025-05-25 19:42:17.083513,436.66
5953,2025-05-25 20:02:17.070146,432.42
5954,2025-05-25 20:22:17.097288,427.9
5955,2025-05-25 20:42:17.072287,428.4
5956,2025-05-25 21:22:17.076462,422.17
5957,2025-05-25 21:42:17.072844,423.79
5958,2025-05-25 22:02:17.072300,425.57
5959,2025-05-25 22:22:17.120728,431.7
5960,2025-05-25 22:42:17.114378,437.94
5961,2025-05-25 23:02:17.091298,440.72
5962,2025-05-25 23:22:17.075755,446.92
5963,2025-05-25 23:42:17.091809,451.11
5964,2025-05-26 00:02:17.095177,455.3
5965,2025-05-26 00:22:17.075873,457.51
5966,2025-05-26 00:42:17.109136,458.45
5967,2025-05-26 01:02:17.078039,462.07
5968,2025-05-26 01:22:17.064880,459.98
5969,2025-05-26 01:42:16.823295,455.5
5970,2025-05-26 02:02:17.087489,453.14
5971,2025-05-26 02:22:17.098862,455.06
5972,2025-05-26 02:42:17.093292,460.12
5973,2025-05-26 03:02:17.081799,465.87
5974,2025-05-26 03:22:17.090647,468.5
5975,2025-05-26 03:42:17.085326,476.84
5976,2025-05-26 04:02:17.015597,479.57
5977,2025-05-26 04:22:17.124576,484.36
5978,2025-05-26 04:42:17.078858,487.5
5979,2025-05-26 05:02:17.085008,492.44
5980,2025-05-26 05:22:17.088248,496.86
5981,2025-05-26 05:42:17.082813,499.78
5982,2025-05-26 06:02:17.072100,504.23
5983,2025-05-26 06:22:17.098604,509.07
5984,2025-05-26 06:42:17.090543,513.32
5985,2025-05-26 07:02:17.084910,516.64
5986,2025-05-26 07:22:17.078856,518.02
5987,2025-05-26 07:42:17.082010,522.62
5988,2025-05-26 08:02:17.084321,524.1
5989,2025-05-26 08:22:17.098698,528.33
5990,2025-05-26 08:42:17.094089,530.37
5991,2025-05-26 09:02:17.098137,531.12
5992,2025-05-26 09:22:17.078412,533.7
5993,2025-05-26 09:42:17.077806,533.7
5994,2025-05-26 10:02:17.080253,533.62
5995,2025-05-26 10:22:17.088277,532.92
5996,2025-05-26 10:42:17.089611,533.78
5997,2025-05-26 11:02:17.109183,533.8
5998,2025-05-26 11:22:17.111781,533.72
5999,2025-05-26 11:42:17.079880,533.89
6000,2025-05-26 12:02:17.082134,532.16
6001,2025-05-26 12:22:17.073882,527.86
6002,2025-05-26 12:42:17.099769,525.1
6003,2025-05-26 13:02:17.085126,521.08
6004,2025-05-26 13:22:17.097693,520.6
6005,2025-05-26 13:42:17.092099,516.92
6006,2025-05-26 14:02:17.084828,511.56
6007,2025-05-26 14:22:17.077739,505.11
6008,2025-05-26 14:42:17.093920,497.38
6009,2025-05-26 15:02:17.070273,491.85
6010,2025-05-26 15:22:17.089348,486.62
6011,2025-05-26 15:42:17.091732,483.3
6012,2025-05-26 16:02:17.092938,479.28
6013,2025-05-26 16:22:17.095289,478.84
6014,2025-05-26 16:42:17.076145,477.58
6015,2025-05-26 17:02:17.083542,476.9
6016,2025-05-26 17:22:17.097665,473.2
6017,2025-05-26 17:42:17.095693,466.18
6018,2025-05-26 18:02:17.102966,461.34
6019,2025-05-26 18:22:17.081037,461.44
6020,2025-05-26 18:42:17.069119,461.54
6021,2025-05-26 19:02:17.106553,462.2
6022,2025-05-26 19:22:17.078948,464.22
6023,2025-05-26 19:42:17.076394,466.9
6024,2025-05-26 20:02:17.087782,461.24
6025,2025-05-26 20:22:17.106362,456.73
6026,2025-05-26 20:42:17.088525,454.64
6027,2025-05-26 21:02:17.081568,448.54
6028,2025-05-26 21:22:17.084041,447.28
6029,2025-05-26 21:42:17.098129,446.44
6030,2025-05-26 22:22:17.097437,448.89
6031,2025-05-26 22:42:17.087902,451.95
6032,2025-05-26 23:02:17.126863,454.46
6033,2025-05-26 23:22:17.068360,460.62
6034,2025-05-26 23:42:17.151833,461.36
6035,2025-05-27 00:02:17.076868,464.56
6036,2025-05-27 00:22:17.072782,463.62
6037,2025-05-27 00:42:16.702267,465.62
6038,2025-05-27 01:02:17.099730,467.63
6039,2025-05-27 01:22:17.090806,472.9
6040,2025-05-27 01:42:17.077407,474.28
6041,2025-05-27 02:02:17.109383,480.39
6042,2025-05-27 02:22:17.080051,484.08
6043,2025-05-27 02:42:17.080846,490.72
6044,2025-05-27 03:02:17.079355,494.82
6045,2025-05-27 03:22:17.074754,499.96
6046,2025-05-27 08:42:16.940195,512.88
6047,2025-05-27 09:02:16.695899,504.8
6048,2025-05-27 09:22:17.080262,495.05
6049,2025-05-27 09:42:17.083995,487.79
6050,2025-05-27 10:02:16.643155,482.44
6051,2025-05-27 10:22:17.079818,475.64
6052,2025-05-27 23:42:16.698176,436.13
6053,2025-05-28 12:42:16.697585,418.96
6054,2025-05-28 13:02:16.941617,416.08
6055,2025-05-28 23:42:16.704603,440.88
6056,2025-05-29 01:02:16.689671,457.52
6057,2025-05-29 23:42:16.786479,442.74
6058,2025-05-30 20:02:16.691397,392.24
6059,2025-05-30 20:22:16.689550,395.26
6060,2025-05-30 20:42:16.690420,391.66
6061,2025-05-30 23:42:16.710167,427.29
6062,2025-05-31 05:02:16.691791,462.57
6063,2025-05-31 05:22:16.702809,463.97
6064,2025-05-31 05:42:16.701517,464.46
6065,2025-05-31 06:02:16.692246,468.68
6066,2025-05-31 06:22:16.949432,471.76
6067,2025-05-31 06:42:16.948690,472.26
6068,2025-05-31 07:02:16.943489,477.1
6069,2025-05-31 07:22:16.939475,477.8
6070,2025-05-31 07:42:16.794621,481.97
6071,2025-05-31 08:02:16.723772,485.8
6072,2025-05-31 08:22:16.942019,488.12
6073,2025-05-31 08:42:16.692684,488.72
6074,2025-05-31 09:02:16.714765,487.82
6075,2025-05-31 09:22:16.692481,492.32
6076,2025-05-31 09:42:16.688984,491.62
6077,2025-05-31 10:02:16.674836,494.81
6078,2025-05-31 10:22:16.938099,496.36
6079,2025-05-31 10:42:16.686129,497.74
6080,2025-05-31 11:02:16.686905,498.1
6081,2025-05-31 11:22:16.697361,497.9
6082,2025-05-31 11:42:16.690733,497.72
6083,2025-05-31 12:02:16.944219,497.75
6084,2025-05-31 12:22:16.688245,499.56
6085,2025-05-31 12:42:16.697937,495.55
6086,2025-05-31 13:02:17.083787,497.62
6087,2025-05-31 13:22:17.079113,498.58
6088,2025-05-31 13:42:17.093509,500.76
6089,2025-05-31 14:02:17.080872,499.62
6090,2025-05-31 14:22:17.085914,502.5
6091,2025-05-31 14:42:17.088893,501.18
6092,2025-05-31 15:02:17.086274,502.96
6093,2025-05-31 15:22:17.088329,500.06
6094,2025-05-31 15:42:17.085121,502.7
6095,2025-05-31 16:02:17.086221,504.91
6096,2025-05-31 16:22:17.094891,501.7
6097,2025-05-31 16:42:17.083470,500.6
6098,2025-05-31 17:02:17.078454,498.94
6099,2025-05-31 17:22:17.090558,492.28
6100,2025-05-31 17:42:17.083331,486.78
6101,2025-05-31 18:02:17.079170,481.78
6102,2025-05-31 18:22:17.081174,478.26
6103,2025-05-31 18:42:17.080600,476.75
6104,2025-05-31 19:02:17.082460,478.62
6105,2025-05-31 19:22:17.086476,474.05
6106,2025-05-31 19:42:17.086854,477.02
6107,2025-05-31 20:02:17.081981,475.38
6108,2025-05-31 20:22:17.080066,478.28
6109,2025-05-31 20:42:17.086754,479.99
6110,2025-05-31 21:02:17.077598,481.77
6111,2025-05-31 21:22:17.081557,482.66
6112,2025-05-31 21:42:17.028964,486.85
6113,2025-05-31 22:02:17.101894,489.14
6114,2025-05-31 22:22:17.083704,490.2
6115,2025-05-31 22:42:17.086290,497.54
6116,2025-05-31 23:02:17.090930,501.28
6117,2025-05-31 23:22:17.088990,505.15
6118,2025-05-31 23:42:17.081413,506.79
6119,2025-06-01 00:02:17.089595,507.92
6120,2025-06-01 00:22:17.086447,508.52
6121,2025-06-01 00:42:17.083306,513.28
6122,2025-06-01 01:02:17.089687,515.94
6123,2025-06-01 01:22:17.089440,518.42
6124,2025-06-01 01:42:17.081647,520.8
6125,2025-06-01 02:02:17.080299,523.45
6126,2025-06-01 02:22:17.083261,532.67
6127,2025-06-01 02:42:17.095444,540.28
6128,2025-06-01 03:02:17.096547,551.4
6129,2025-06-01 03:22:17.081460,563.26
6130,2025-06-01 03:42:17.084094,564.22
6131,2025-06-01 04:02:17.080606,564.46
6132,2025-06-01 04:22:17.080936,566.04
6133,2025-06-01 04:42:17.078076,567.71
6134,2025-06-01 05:02:17.076781,569.89
6135,2025-06-01 05:22:17.094668,569.88
6136,2025-06-01 05:42:17.086921,570.28
6137,2025-06-01 06:02:17.105227,571.96
6138,2025-06-01 06:22:17.075125,570.31
6139,2025-06-01 06:42:17.081591,571.48
6140,2025-06-01 07:02:17.080665,570.15
6141,2025-06-01 07:22:17.108256,571.17
6142,2025-06-01 07:42:17.080685,572.5
6143,2025-06-01 08:02:17.094546,575.28
6144,2025-06-01 08:22:17.087396,576.3
6145,2025-06-01 08:42:17.085122,577.26
6146,2025-06-01 09:02:17.084869,578.73
6147,2025-06-01 09:22:17.088629,579.28
6148,2025-06-01 09:42:17.088106,580.65
6149,2025-06-01 10:02:17.084442,582.18
6150,2025-06-01 10:22:17.074948,584.1
6151,2025-06-01 10:42:17.085309,582.54
6152,2025-06-01 11:02:17.100420,582.69
6153,2025-06-01 11:22:17.083842,583.61
6154,2025-06-01 11:42:17.089963,581.33
6155,2025-06-01 12:02:17.082601,580.16
6156,2025-06-01 12:22:17.082128,577.34
6157,2025-06-01 12:42:17.073184,573.3
6158,2025-06-01 13:02:17.089753,567.34
6159,2025-06-01 13:22:16.783385,565.26
6160,2025-06-01 13:42:17.084252,560.3
6161,2025-06-01 14:02:17.080374,558.58
6162,2025-06-01 14:22:17.081126,557.62
6163,2025-06-01 14:42:17.081921,550.66
6164,2025-06-01 15:02:17.115524,546.38
6165,2025-06-01 15:22:17.084420,541.32
6166,2025-06-01 15:42:17.067658,538.24
6167,2025-06-01 16:02:17.085806,536.01
6168,2025-06-01 16:22:17.076858,530.78
6169,2025-06-01 16:42:17.082086,528.13
6170,2025-06-01 17:02:17.084056,522.5
6171,2025-06-01 17:22:17.088219,518.02
6172,2025-06-01 17:42:17.081524,516.52
6173,2025-06-01 18:02:17.082920,508.24
6174,2025-06-01 18:22:17.089774,501.35
6175,2025-06-01 18:42:17.090343,496.9
6176,2025-06-01 19:02:17.078922,490.12
6177,2025-06-01 19:22:17.086451,486.52
6178,2025-06-01 19:42:17.090996,487.06
6179,2025-06-01 20:02:17.083800,486.26
6180,2025-06-01 20:22:17.084839,490.56
6181,2025-06-01 20:42:16.756944,496.44
6182,2025-06-01 21:02:17.069492,497.95
6183,2025-06-01 21:22:17.080489,500.6
6184,2025-06-01 21:42:17.083592,501.46
6185,2025-06-01 22:02:17.086259,503.82
6186,2025-06-01 22:22:17.075530,504.86
6187,2025-06-01 22:42:17.083260,509.62
6188,2025-06-01 23:02:17.083827,511.05
6189,2025-06-01 23:22:17.086923,514.03
6190,2025-06-01 23:42:17.076962,520.8
6191,2025-06-02 00:02:17.083564,526.94
6192,2025-06-02 00:22:17.092798,531.32
6193,2025-06-02 00:42:17.091548,534.24
6194,2025-06-02 01:02:17.076982,537.84
6195,2025-06-02 01:22:16.840767,538.38
6196,2025-06-02 01:42:17.084175,541.82
6197,2025-06-02 02:02:17.072518,544.33
6198,2025-06-02 02:22:17.081884,545.28
6199,2025-06-02 02:42:17.080491,548.5
6200,2025-06-02 03:02:17.081247,548.02
6201,2025-06-02 03:22:17.086045,547.92
6202,2025-06-02 03:42:17.081529,544.85
6203,2025-06-02 04:02:17.076546,540.91
6204,2025-06-02 04:22:17.075817,539.5
6205,2025-06-02 04:42:17.080656,538.46
6206,2025-06-02 05:02:17.084967,538.86
6207,2025-06-02 05:22:17.077822,535.94
6208,2025-06-02 05:42:17.078071,536.02
6209,2025-06-02 06:02:16.978869,535.9
6210,2025-06-02 06:22:17.094432,535.61
6211,2025-06-02 06:42:17.085432,535.26
6212,2025-06-02 07:02:17.077780,537.68
6213,2025-06-02 07:22:17.081096,539.12
6214,2025-06-02 07:42:17.083297,541.3
6215,2025-06-02 08:02:17.080988,544.88
6216,2025-06-02 08:22:17.083610,544.12
6217,2025-06-02 08:42:17.084069,544.62
6218,2025-06-02 09:02:17.082481,544.17
6219,2025-06-02 09:22:17.090399,545.46
6220,2025-06-02 09:42:17.084204,548.24
6221,2025-06-02 10:02:17.088627,548.04
6222,2025-06-02 10:22:17.084885,548.56
6223,2025-06-02 10:42:17.093245,550.19
6224,2025-06-02 11:02:17.098042,550.95
6225,2025-06-02 11:22:17.081712,550.16
6226,2025-06-02 11:42:17.089442,542.08
6227,2025-06-02 12:02:17.077866,515.88
6228,2025-06-02 12:22:17.093899,493.22
6229,2025-06-02 12:42:17.082491,480.6
6230,2025-06-02 13:02:17.107593,478.16
6231,2025-06-02 13:22:17.091675,478.18
6232,2025-06-02 13:42:17.079890,477.35
6233,2025-06-02 14:02:16.671741,479.03
6234,2025-06-02 14:22:17.084678,477.04
6235,2025-06-02 14:42:17.084692,474.08
6236,2025-06-02 15:02:17.080767,472.78
6237,2025-06-02 15:22:17.093890,463.68
6238,2025-06-02 15:42:17.073448,459.8
6239,2025-06-02 16:02:17.088293,457.48
6240,2025-06-02 16:22:17.082458,457.06
6241,2025-06-02 16:42:17.083771,457.9
6242,2025-06-02 17:02:17.085580,456.7
6243,2025-06-02 17:22:17.083680,455.82
6244,2025-06-02 17:42:17.083952,456.35
6245,2025-06-02 18:02:17.080571,456.74
6246,2025-06-02 18:22:17.082456,462.65
6247,2025-06-02 18:42:17.086424,455.38
6248,2025-06-02 19:02:17.082517,454.44
6249,2025-06-02 19:22:17.078463,455.64
6250,2025-06-02 19:42:17.090200,462.62
6251,2025-06-02 20:02:17.081951,463.15
6252,2025-06-02 20:22:17.086654,467.98
6253,2025-06-02 20:42:17.083163,471.87
6254,2025-06-02 21:02:17.082479,475.02
6255,2025-06-02 21:22:17.078309,482.0
6256,2025-06-02 21:42:17.090084,485.58
6257,2025-06-02 22:02:17.085072,490.4
6258,2025-06-02 22:22:17.079342,493.97
6259,2025-06-02 22:42:17.078438,495.27
6260,2025-06-02 23:02:17.103757,500.01
6261,2025-06-02 23:22:17.096205,503.02
6262,2025-06-02 23:42:17.111617,506.0
6263,2025-06-03 00:02:17.080041,507.32
6264,2025-06-03 00:22:17.075986,511.68
6265,2025-06-03 00:42:17.088166,512.78
6266,2025-06-03 01:02:17.087496,515.27
6267,2025-06-03 01:22:17.107196,515.09
6268,2025-06-03 01:42:17.082346,515.48
6269,2025-06-03 02:02:17.081239,516.94
6270,2025-06-03 02:22:17.080293,511.78
6271,2025-06-03 02:42:17.081033,509.92
6272,2025-06-03 03:02:17.087093,507.73
6273,2025-06-03 03:22:17.085775,505.69
6274,2025-06-03 03:42:17.075649,508.63
6275,2025-06-03 04:02:17.082638,509.68
6276,2025-06-03 04:22:17.082384,512.12
6277,2025-06-03 04:42:17.083095,513.1
6278,2025-06-03 05:42:17.089716,510.17
6279,2025-06-03 06:02:17.085674,512.35
6280,2025-06-03 06:22:16.691903,517.75
6281,2025-06-03 06:42:16.691217,521.62
6282,2025-06-03 07:02:16.933296,526.7
6283,2025-06-03 07:22:16.686984,532.02
6284,2025-06-03 07:42:17.083041,532.54
6285,2025-06-03 08:02:17.095253,533.42
6286,2025-06-03 08:22:17.075844,531.35
6287,2025-06-03 08:42:17.081952,527.92
6288,2025-06-03 09:02:17.076705,523.28
6289,2025-06-03 09:22:17.086681,528.56
6290,2025-06-03 09:42:16.676581,527.94
6291,2025-06-03 10:02:17.087533,532.46
6292,2025-06-03 10:22:17.088626,535.58
6293,2025-06-03 10:42:17.080899,538.6
6294,2025-06-03 11:02:17.073079,543.42
6295,2025-06-03 11:22:17.089695,544.08
6296,2025-06-03 11:42:17.077661,542.72
6297,2025-06-03 12:02:17.087112,540.1
6298,2025-06-03 12:22:17.084187,541.46
6299,2025-06-03 12:42:17.080165,538.38
6300,2025-06-03 13:02:17.080978,539.8
6301,2025-06-03 13:22:17.089774,536.6
6302,2025-06-03 13:42:17.081006,529.32
6303,2025-06-03 14:02:17.089274,520.26
6304,2025-06-03 14:22:17.078067,508.12
6305,2025-06-03 14:22:17.078067,508.12
6306,2025-06-03 14:42:17.093161,500.69
6307,2025-06-03 15:02:17.077042,491.1
6308,2025-06-03 15:22:17.083118,481.18
6309,2025-06-03 15:42:17.078528,473.92
6310,2025-06-03 16:02:17.111363,471.9
6311,2025-06-03 16:22:17.086084,470.74
6312,2025-06-03 16:42:17.079316,477.79
6313,2025-06-03 17:02:17.083697,479.34
6314,2025-06-03 17:22:17.082302,482.22
6315,2025-06-03 17:42:17.532230,483.98
6316,2025-06-03 18:02:17.099397,484.96
6317,2025-06-03 18:22:17.078536,479.1
6318,2025-06-03 18:42:17.082400,471.42
6319,2025-06-03 19:02:16.727551,462.66
6320,2025-06-03 19:22:17.092596,456.22
6321,2025-06-03 19:42:17.081265,457.5
6322,2025-06-03 20:02:17.070148,459.38
6323,2025-06-03 20:22:17.090724,462.78
6324,2025-06-03 20:42:17.079686,463.48
6325,2025-06-03 21:02:17.074619,468.03
6326,2025-06-03 21:22:17.078847,467.4
6327,2025-06-03 21:42:17.084076,471.21
6328,2025-06-03 22:02:17.084500,472.75
6329,2025-06-03 22:22:17.075305,476.76
6330,2025-06-03 22:42:17.084977,477.92
6331,2025-06-03 23:02:17.085473,481.38
6332,2025-06-03 23:22:17.087369,483.19
6333,2025-06-03 23:42:17.069589,488.91
6334,2025-06-04 00:02:17.160481,492.04
6335,2025-06-04 00:22:17.080882,494.84
6336,2025-06-04 00:42:17.079904,497.46
6337,2025-06-04 01:02:17.083920,498.34
6338,2025-06-04 01:22:17.073805,501.16
6339,2025-06-04 01:42:17.085461,504.7
6340,2025-06-04 02:02:17.090715,506.23
6341,2025-06-04 02:22:17.095019,512.06
6342,2025-06-04 02:42:17.084471,515.24
6343,2025-06-04 03:02:17.083175,519.46
6344,2025-06-04 03:22:17.083586,522.18
6345,2025-06-04 03:42:17.083823,524.44
6346,2025-06-04 04:02:17.080671,527.04
6347,2025-06-04 04:22:17.087887,527.56
6348,2025-06-04 04:42:17.081149,528.96
6349,2025-06-04 05:02:17.071517,531.62
6350,2025-06-04 05:22:17.073992,533.62
6351,2025-06-04 05:42:17.083510,535.26
6352,2025-06-04 06:02:17.083552,537.22
6353,2025-06-04 06:22:17.079337,537.3
6354,2025-06-04 06:42:17.856936,537.36
6355,2025-06-04 07:02:17.086215,539.39
6356,2025-06-04 07:22:17.080531,539.76
6357,2025-06-04 07:42:17.078643,539.38
6358,2025-06-04 08:02:17.092137,542.94
6359,2025-06-04 08:22:17.090015,544.11
6360,2025-06-04 08:42:17.078126,546.52
6361,2025-06-04 09:02:17.091187,547.68
6362,2025-06-04 09:22:17.077968,546.23
6363,2025-06-04 09:42:17.073531,546.6
6364,2025-06-04 10:02:17.086412,546.76
6365,2025-06-04 10:22:17.088013,549.78
6366,2025-06-04 10:42:17.084094,550.58
6367,2025-06-04 11:02:17.083094,547.08
6368,2025-06-04 11:22:17.096326,551.99
6369,2025-06-04 11:42:17.084960,551.63
6370,2025-06-04 12:02:17.081172,550.66
6371,2025-06-04 12:22:17.087995,545.78
6372,2025-06-04 12:42:17.091801,541.6
6373,2025-06-04 13:02:17.084684,538.01
6374,2025-06-04 13:22:17.086208,536.87
6375,2025-06-04 13:42:17.092835,533.83
6376,2025-06-04 14:02:17.084074,532.0
6377,2025-06-04 14:22:17.088527,528.54
6378,2025-06-04 14:42:17.082016,527.16
6379,2025-06-04 15:02:17.084058,522.66
6380,2025-06-04 15:22:17.077599,517.58
6381,2025-06-04 15:42:17.088901,515.16
6382,2025-06-04 16:02:17.081574,510.09
6383,2025-06-04 16:42:17.088521,496.88
6384,2025-06-04 17:02:17.089929,490.56
6385,2025-06-04 17:22:17.081146,483.8
6386,2025-06-04 17:42:17.083304,480.76
6387,2025-06-04 18:02:17.079218,478.82
6388,2025-06-04 18:22:17.096851,479.58
6389,2025-06-04 18:42:17.093732,481.96
6390,2025-06-04 19:02:17.081550,485.54
6391,2025-06-04 19:22:17.087513,490.16
6392,2025-06-04 19:42:17.082722,492.36
6393,2025-06-04 20:02:17.087459,496.48
6394,2025-06-04 20:22:17.087934,501.14
6395,2025-06-04 20:42:17.083926,504.52
6396,2025-06-04 21:02:17.080658,508.54
6397,2025-06-04 21:22:17.097558,511.44
6398,2025-06-04 21:42:17.090925,515.36
6399,2025-06-04 22:02:17.325753,517.68
6400,2025-06-04 22:22:17.076360,521.35
6401,2025-06-04 22:42:17.095022,523.74
6402,2025-06-04 23:02:17.087416,526.58
6403,2025-06-04 23:22:17.086528,527.0
6404,2025-06-04 23:42:17.084109,530.72
6405,2025-06-05 00:02:17.076497,532.08
6406,2025-06-05 00:22:17.086442,534.55
6407,2025-06-05 00:42:17.076420,532.75
6408,2025-06-05 01:02:17.084172,532.22
6409,2025-06-05 01:22:17.095003,536.98
6410,2025-06-05 01:42:17.080908,534.3
6411,2025-06-05 02:02:17.076752,534.22
6412,2025-06-05 02:22:17.079557,534.31
6413,2025-06-05 02:42:17.097291,533.41
6414,2025-06-05 03:02:17.208291,538.86
6415,2025-06-05 03:22:16.858884,542.04
6416,2025-06-05 03:42:17.089744,544.3
6417,2025-06-05 04:02:17.076228,546.8
6418,2025-06-05 04:22:17.079992,553.8
6419,2025-06-05 04:42:17.086266,555.66
6420,2025-06-05 05:02:17.081002,558.29
6421,2025-06-05 05:22:17.083437,561.21
6422,2025-06-05 05:42:17.081198,562.3
6423,2025-06-05 06:02:17.078622,564.24
6424,2025-06-05 06:22:17.084647,563.64
6425,2025-06-05 06:42:17.079604,566.54
6426,2025-06-05 07:02:17.094860,569.66
6427,2025-06-05 07:22:17.084193,572.84
6428,2025-06-05 07:42:17.087362,573.29
6429,2025-06-05 08:02:17.036036,575.46
6430,2025-06-05 08:22:17.082144,576.68
6431,2025-06-05 08:42:17.085259,579.94
6432,2025-06-05 09:22:17.087571,584.87
6433,2025-06-05 09:42:17.081658,584.58
6434,2025-06-05 10:02:17.086491,588.45
6435,2025-06-05 10:22:17.090585,588.3
6436,2025-06-05 10:42:17.072097,587.72
6437,2025-06-05 11:02:17.403921,587.23
6438,2025-06-05 11:22:16.692983,589.12
6439,2025-06-05 11:42:17.086364,590.2
6440,2025-06-05 12:02:17.084956,589.28
6441,2025-06-05 12:22:17.079123,592.32
6442,2025-06-05 12:42:17.081430,591.86
6443,2025-06-05 13:02:17.082843,592.2
6444,2025-06-05 13:22:17.085055,593.42
6445,2025-06-05 13:42:17.081592,593.32
6446,2025-06-05 14:02:17.087521,592.58
6447,2025-06-05 14:22:17.083292,592.8
6448,2025-06-05 14:42:17.086049,592.62
6449,2025-06-05 15:02:17.077890,591.22
6450,2025-06-05 15:22:17.081748,592.5
6451,2025-06-05 15:42:17.078371,589.16
6452,2025-06-05 16:02:17.095608,587.16
6453,2025-06-05 16:22:17.092788,584.37
6454,2025-06-05 16:42:17.083354,580.65
6455,2025-06-05 17:02:17.081531,577.8
6456,2025-06-05 17:22:17.085673,576.76
6457,2025-06-05 17:42:17.082309,571.76
6458,2025-06-05 18:02:17.083740,563.19
6459,2025-06-05 18:22:17.086162,556.39
6460,2025-06-05 18:42:17.091350,554.77
6461,2025-06-05 19:02:17.082063,557.72
6462,2025-06-05 19:22:17.081154,557.42
6463,2025-06-05 19:42:17.082559,558.32
6464,2025-06-05 20:02:17.081539,560.7
6465,2025-06-05 20:22:17.086654,555.57
6466,2025-06-05 20:42:17.090953,558.32
6467,2025-06-05 21:02:17.085446,555.14
6468,2025-06-05 21:22:17.081943,555.16
6469,2025-06-05 21:42:17.078681,559.26
6470,2025-06-05 22:02:17.095424,559.28
6471,2025-06-05 22:22:17.084431,562.7
6472,2025-06-05 22:42:17.084315,563.04
6473,2025-06-05 23:02:17.074931,565.03
6474,2025-06-05 23:22:17.080905,564.56
6475,2025-06-05 23:42:17.082131,564.48
6476,2025-06-06 00:02:17.086465,564.4
6477,2025-06-06 00:22:17.096366,562.54
6478,2025-06-06 00:42:17.101902,561.0
6479,2025-06-06 01:02:17.078674,556.56
6480,2025-06-06 01:22:17.078221,556.92
6481,2025-06-06 01:42:17.083891,552.74
6482,2025-06-06 02:02:17.530581,551.74
6483,2025-06-06 02:22:17.088566,550.68
6484,2025-06-06 02:42:17.088417,546.14
6485,2025-06-06 03:02:17.079823,541.35
6486,2025-06-06 03:22:17.087121,534.24
6487,2025-06-06 03:42:17.085656,531.45
6488,2025-06-06 04:02:17.095786,523.38
6489,2025-06-06 04:22:17.086236,520.18
6490,2025-06-06 04:42:17.080227,520.86
6491,2025-06-06 05:02:17.094716,527.28
6492,2025-06-06 05:22:17.131879,531.82
6493,2025-06-06 05:42:17.086995,534.95
6494,2025-06-06 06:02:17.084222,538.6
6495,2025-06-06 06:22:17.085980,540.84
6496,2025-06-06 06:42:17.079254,545.04
6497,2025-06-06 07:02:16.768603,546.98
6498,2025-06-06 07:22:17.084554,548.88
6499,2025-06-06 07:42:17.081466,552.33
6500,2025-06-06 08:02:17.082781,553.85
6501,2025-06-06 08:22:17.082992,557.55
6502,2025-06-06 08:42:17.084362,558.68
6503,2025-06-06 09:02:17.084578,560.2
6504,2025-06-06 09:22:17.093129,552.88
6505,2025-06-06 09:42:17.083389,545.28
6506,2025-06-06 10:02:17.090990,531.69
6507,2025-06-06 10:22:17.080816,525.09
6508,2025-06-06 10:42:17.090667,522.2
6509,2025-06-06 11:02:17.073643,528.6
6510,2025-06-06 11:22:17.083415,538.72
6511,2025-06-06 11:42:17.018862,542.58
6512,2025-06-06 12:02:17.093653,550.25
6513,2025-06-06 12:22:17.092441,557.65
6514,2025-06-06 12:42:17.079007,570.89
6515,2025-06-06 13:02:17.083685,578.76
6516,2025-06-06 13:22:17.092143,586.54
6517,2025-06-06 13:42:17.087975,586.94
6518,2025-06-06 14:02:17.099949,584.19
6519,2025-06-06 14:22:17.093316,571.72
6520,2025-06-06 15:02:17.607092,552.8
6521,2025-06-06 15:22:17.087254,546.46
6522,2025-06-06 15:42:17.082075,537.68
6523,2025-06-06 16:02:17.083206,531.98
6524,2025-06-06 16:22:17.077525,530.94
6525,2025-06-06 16:42:17.087807,529.79
6526,2025-06-06 17:02:17.119964,529.34
6527,2025-06-06 17:22:17.080463,527.78
6528,2025-06-06 17:42:17.087570,530.2
6529,2025-06-06 18:02:17.093851,532.08
6530,2025-06-06 18:22:17.084300,536.03
6531,2025-06-06 18:42:17.098609,539.85
6532,2025-06-06 19:02:17.080150,543.65
6533,2025-06-06 19:22:17.082485,549.43
6534,2025-06-06 19:42:17.094486,553.14
6535,2025-06-06 20:02:17.083702,554.52
6536,2025-06-06 20:22:17.081900,559.04
6537,2025-06-06 20:42:17.088964,560.36
6538,2025-06-06 21:02:17.089380,563.34
6539,2025-06-06 21:22:17.086727,569.78
6540,2025-06-06 21:42:17.076247,574.94
6541,2025-06-06 22:02:16.913180,577.06
6542,2025-06-06 22:22:17.100196,579.82
6543,2025-06-06 22:42:17.091230,580.44
6544,2025-06-06 23:02:17.093510,583.28
6545,2025-06-06 23:22:17.092455,584.26
6546,2025-06-06 23:42:17.088528,585.49
6547,2025-06-07 00:02:17.080730,581.4
6548,2025-06-07 00:22:17.095418,576.98
6549,2025-06-07 00:42:17.093646,572.66
6550,2025-06-07 01:02:17.081188,564.98
6551,2025-06-07 01:22:17.074668,560.64
6552,2025-06-07 01:42:17.083841,556.33
6553,2025-06-07 02:02:17.089111,550.08
6554,2025-06-07 02:22:17.081881,542.48
6555,2025-06-07 02:42:17.079737,541.44
6556,2025-06-07 03:02:17.807865,539.43
6557,2025-06-07 03:22:17.083311,532.85
6558,2025-06-07 03:42:17.077371,526.73
6559,2025-06-07 04:02:17.096449,520.69
6560,2025-06-07 04:22:17.083671,517.68
6561,2025-06-07 04:42:17.093351,514.12
6562,2025-06-07 05:02:17.105665,509.46
6563,2025-06-07 05:22:17.091720,499.76
6564,2025-06-07 05:42:17.084213,492.61
6565,2025-06-07 06:02:17.087641,483.3
6566,2025-06-07 06:22:17.082413,481.78
6567,2025-06-07 06:42:17.090729,480.36
6568,2025-06-07 07:02:17.098201,479.48
6569,2025-06-07 07:22:17.087424,477.42
6570,2025-06-07 07:42:17.082656,475.4
6571,2025-06-07 08:02:17.080955,478.83
6572,2025-06-07 08:22:17.086791,484.68
6573,2025-06-07 08:42:17.096853,486.54
6574,2025-06-07 09:02:17.081020,489.84
6575,2025-06-07 09:22:17.081182,490.74
6576,2025-06-07 09:42:17.080519,491.06
6577,2025-06-07 10:02:17.085523,495.07
6578,2025-06-07 10:22:17.115585,488.84
6579,2025-06-07 10:42:16.952391,481.28
6580,2025-06-07 11:02:17.089015,477.86
6581,2025-06-07 11:22:17.084628,474.88
6582,2025-06-07 11:42:17.083100,471.24
6583,2025-06-07 12:02:17.095622,472.57
6584,2025-06-07 12:22:17.098260,475.64
6585,2025-06-07 12:42:17.082291,477.71
6586,2025-06-07 13:02:17.083747,469.0
6587,2025-06-07 13:22:17.085400,461.96
6588,2025-06-07 13:42:17.076513,454.46
6589,2025-06-07 14:02:17.083321,446.74
6590,2025-06-07 14:22:17.101658,442.4
6591,2025-06-07 14:42:17.080355,438.45
6592,2025-06-07 15:02:17.081388,440.73
6593,2025-06-07 15:22:17.084596,441.9
6594,2025-06-07 15:42:17.071813,445.1
6595,2025-06-07 16:02:17.081764,444.34
6596,2025-06-07 16:22:17.082904,449.78
6597,2025-06-07 16:42:17.083763,452.8
6598,2025-06-07 17:02:17.077691,464.69
6599,2025-06-07 17:22:17.087724,471.66
6600,2025-06-07 17:42:17.083652,472.94
6601,2025-06-07 18:02:17.087065,475.04
6602,2025-06-07 18:22:17.093646,471.82
6603,2025-06-07 18:42:17.077746,461.34
6604,2025-06-07 19:02:17.084910,458.93
6605,2025-06-07 19:22:17.086643,459.31
6606,2025-06-07 19:42:17.080188,459.24
6607,2025-06-07 20:02:17.078247,460.52
6608,2025-06-07 20:22:17.072801,462.54
6609,2025-06-07 20:42:17.091682,464.32
6610,2025-06-07 21:02:17.095403,465.66
6611,2025-06-07 21:22:17.092347,463.89
6612,2025-06-07 21:42:17.085380,460.52
6613,2025-06-07 22:02:17.489392,464.46
6614,2025-06-07 22:22:17.096191,465.48
6615,2025-06-07 22:42:17.105015,468.82
6616,2025-06-07 23:02:17.084839,469.8
6617,2025-06-07 23:22:17.086330,472.72
6618,2025-06-07 23:42:17.105596,475.47
6619,2025-06-08 00:02:17.079306,476.2
6620,2025-06-08 00:22:17.081268,479.76
6621,2025-06-08 00:42:17.087879,480.44
6622,2025-06-08 01:02:17.090483,483.18
6623,2025-06-08 01:22:17.088093,484.5
6624,2025-06-08 01:42:17.085941,481.99
6625,2025-06-08 02:02:17.091497,482.62
6626,2025-06-08 02:22:17.076504,485.08
6627,2025-06-08 02:42:17.077904,488.02
6628,2025-06-08 03:02:17.077761,487.72
6629,2025-06-08 03:22:17.088245,487.51
6630,2025-06-08 03:42:17.082793,487.52
6631,2025-06-08 04:02:17.084191,490.69
6632,2025-06-08 04:22:17.093232,488.46
6633,2025-06-08 04:42:17.082678,489.42
6634,2025-06-08 05:02:17.083810,486.4
6635,2025-06-08 05:22:17.091474,488.45
6636,2025-06-08 05:42:17.083883,490.61
6637,2025-06-08 06:02:17.094617,487.54
6638,2025-06-08 06:22:17.086084,486.11
6639,2025-06-08 06:42:17.080815,485.16
6640,2025-06-08 07:02:17.083940,487.92
6641,2025-06-08 07:22:17.095501,488.18
6642,2025-06-08 07:42:17.099587,492.47
6643,2025-06-08 08:02:17.079651,492.68
6644,2025-06-08 08:22:17.077941,491.35
6645,2025-06-08 08:42:16.915356,493.75
6646,2025-06-08 09:02:17.078107,493.28
6647,2025-06-08 09:22:17.082383,492.86
6648,2025-06-08 09:42:17.091130,492.87
6649,2025-06-08 10:02:17.096803,495.82
6650,2025-06-08 10:22:17.654441,497.42
6651,2025-06-08 10:42:17.094664,491.54
6652,2025-06-08 11:02:17.083542,489.58
6653,2025-06-08 11:22:17.089528,484.96
6654,2025-06-08 11:42:17.081489,483.24
6655,2025-06-08 12:02:17.081652,480.96
6656,2025-06-08 12:22:17.083428,479.71
6657,2025-06-08 12:42:17.091298,481.55
6658,2025-06-08 13:02:17.080390,484.3
6659,2025-06-08 21:02:16.699869,471.88
6660,2025-06-08 21:22:16.686801,473.36
6661,2025-06-08 21:42:16.922560,476.41
6662,2025-06-08 23:42:16.944048,495.41
6663,2025-06-09 20:02:16.692303,485.02
6664,2025-06-09 20:22:16.938548,490.8
6665,2025-06-09 20:42:16.945132,500.43
6666,2025-06-09 21:02:16.946380,500.27
6667,2025-06-09 21:22:16.947559,503.13
6668,2025-06-09 21:42:16.942118,502.64
6669,2025-06-09 22:02:16.963258,501.92
6670,2025-06-09 22:22:16.676190,503.84
6671,2025-06-09 22:42:16.691077,503.24
6672,2025-06-09 23:02:16.691672,502.96
6673,2025-06-09 23:22:16.939674,504.97
6674,2025-06-09 23:42:16.941073,505.32
6675,2025-06-10 00:02:17.088584,508.98
6676,2025-06-10 00:22:17.087311,509.7
6677,2025-06-10 00:42:17.074838,514.42
6678,2025-06-10 01:02:17.081664,515.84
6679,2025-06-10 01:22:17.081879,520.21
6680,2025-06-10 01:42:17.092585,519.72
6681,2025-06-10 02:02:17.094038,521.22
6682,2025-06-10 02:22:17.072702,526.1
6683,2025-06-10 02:42:17.098361,526.48
6684,2025-06-10 03:02:17.073542,526.34
6685,2025-06-10 03:22:17.093233,530.65
6686,2025-06-10 03:42:17.090445,530.68
6687,2025-06-10 04:02:17.079979,533.34
6688,2025-06-10 04:22:17.094469,528.64
6689,2025-06-10 04:42:17.075409,529.34
6690,2025-06-10 05:02:17.080106,531.4
6691,2025-06-10 05:22:17.077965,534.34
6692,2025-06-10 05:42:17.081754,534.08
6693,2025-06-10 06:02:17.083695,535.64
6694,2025-06-10 06:22:17.097029,536.98
6695,2025-06-10 06:42:17.084919,540.14
6696,2025-06-10 07:02:17.086682,545.26
6697,2025-06-10 07:22:17.097722,549.0
6698,2025-06-10 07:42:17.085403,554.54
6699,2025-06-10 08:02:17.082447,555.18
6700,2025-06-10 08:22:16.785378,560.72
6701,2025-06-10 08:42:17.088538,563.36
6702,2025-06-10 09:02:17.073052,566.54
6703,2025-06-10 09:22:17.083999,566.26
6704,2025-06-10 09:42:17.080902,565.96
6705,2025-06-10 10:02:17.087615,571.65
6706,2025-06-10 10:22:17.092234,567.38
6707,2025-06-10 10:42:17.086944,568.06
6708,2025-06-10 11:02:17.076644,568.22
6709,2025-06-10 11:22:17.078710,565.77
6710,2025-06-10 11:42:17.082144,566.35
6711,2025-06-10 12:02:17.085503,567.0
6712,2025-06-10 12:22:17.084281,570.06
6713,2025-06-10 12:42:17.082038,569.5
6714,2025-06-10 13:02:16.988718,563.64
6715,2025-06-10 13:22:17.083424,561.94
6716,2025-06-10 13:42:17.083596,556.98
6717,2025-06-10 14:02:17.076806,552.46
6718,2025-06-10 14:22:17.088756,548.08
6719,2025-06-10 14:42:17.282691,539.72
6720,2025-06-10 15:02:17.077735,527.94
6721,2025-06-10 15:22:17.077076,512.86
6722,2025-06-10 15:42:17.092170,502.04
6723,2025-06-10 16:02:17.079206,491.75
6724,2025-06-10 16:22:17.083422,479.99
6725,2025-06-10 16:42:17.085168,474.06
6726,2025-06-10 17:02:17.084933,468.46
6727,2025-06-10 17:22:17.081328,470.36
6728,2025-06-10 17:42:17.371623,471.44
6729,2025-06-10 18:02:17.086742,473.29
6730,2025-06-10 18:22:17.084734,472.0
6731,2025-06-10 18:42:17.080785,471.12
6732,2025-06-10 19:02:17.088092,469.5
6733,2025-06-10 19:22:17.081783,465.04
6734,2025-06-10 19:42:17.819139,462.44
6735,2025-06-10 20:02:17.083322,463.32
6736,2025-06-10 20:22:17.083590,464.36
6737,2025-06-10 20:42:17.092752,467.37
6738,2025-06-10 21:02:17.081658,473.42
6739,2025-06-10 21:22:17.097899,476.48
6740,2025-06-10 21:42:17.079760,477.94
6741,2025-06-10 22:02:17.095561,476.99
6742,2025-06-10 22:22:17.085676,474.19
6743,2025-06-10 22:42:17.087367,470.92
6744,2025-06-10 23:02:17.085261,466.88
6745,2025-06-10 23:22:17.086405,467.0
6746,2025-06-10 23:42:17.523062,465.99
6747,2025-06-11 00:22:17.086069,457.57
6748,2025-06-11 00:42:17.088746,461.53
6749,2025-06-11 01:02:17.083100,467.84
6750,2025-06-11 01:22:17.080980,473.32
6751,2025-06-11 01:42:17.089287,479.98
6752,2025-06-11 02:02:17.088005,481.1
6753,2025-06-11 02:22:17.098785,482.68
6754,2025-06-11 02:42:17.081018,484.78
6755,2025-06-11 03:02:17.081400,484.93
6756,2025-06-11 03:22:17.083249,487.98
6757,2025-06-11 03:42:17.081443,484.28
6758,2025-06-11 04:02:17.083570,483.78
6759,2025-06-11 04:22:17.085574,484.55
6760,2025-06-11 04:42:17.083704,476.56
6761,2025-06-11 05:02:17.081800,468.79
6762,2025-06-11 05:22:17.092433,458.93
6763,2025-06-11 05:42:17.076103,453.24
6764,2025-06-11 06:02:17.091249,451.22
6765,2025-06-11 06:22:17.085560,451.08
6766,2025-06-11 06:42:17.094247,449.91
6767,2025-06-11 07:02:17.072291,449.83
6768,2025-06-11 07:22:17.086592,453.36
6769,2025-06-11 07:42:17.296111,461.8
6770,2025-06-11 08:02:17.071106,473.08
6771,2025-06-11 08:22:17.083591,482.56
6772,2025-06-11 08:42:17.099887,492.7
6773,2025-06-11 09:02:17.084437,495.07
6774,2025-06-11 09:22:17.078120,499.36
6775,2025-06-11 09:42:16.681779,500.48
6776,2025-06-11 10:02:17.303027,502.32
6777,2025-06-11 10:22:17.079559,504.44
6778,2025-06-11 10:42:17.074775,502.22
6779,2025-06-11 11:02:17.425941,502.02
6780,2025-06-11 11:22:17.084183,506.2
6781,2025-06-11 11:42:17.087370,505.98
6782,2025-06-11 12:02:17.885472,507.52
6783,2025-06-11 12:22:17.085307,507.76
6784,2025-06-11 12:42:17.082929,513.24
6785,2025-06-11 13:02:17.085687,515.39
6786,2025-06-11 13:22:17.079072,516.18
6787,2025-06-11 13:42:17.080597,515.57
6788,2025-06-11 14:02:17.079518,510.82
6789,2025-06-11 14:22:17.082375,510.34
6790,2025-06-11 14:42:17.091728,509.96
6791,2025-06-11 15:02:17.085127,504.0
6792,2025-06-11 15:22:17.088535,500.61
6793,2025-06-11 15:42:17.091162,501.98
6794,2025-06-11 16:02:17.079507,499.27
6795,2025-06-11 16:22:17.090591,498.3
6796,2025-06-11 16:42:17.082536,501.22
6797,2025-06-11 17:02:17.084118,499.08
6798,2025-06-11 17:22:17.087068,499.24
6799,2025-06-11 17:42:17.072680,497.76
6800,2025-06-11 18:02:17.505211,496.8
6801,2025-06-11 18:22:17.092140,499.34
6802,2025-06-11 18:42:17.078294,501.72
6803,2025-06-11 19:02:17.083895,505.3
6804,2025-06-11 19:22:17.085213,509.16
6805,2025-06-11 19:42:17.082413,510.41
6806,2025-06-11 20:02:17.091743,511.38
6807,2025-06-11 20:22:17.083600,512.58
6808,2025-06-11 20:42:17.086107,515.14
6809,2025-06-11 21:02:17.084469,518.28
6810,2025-06-11 21:22:16.914202,514.86
6811,2025-06-11 21:42:17.079801,510.41
6812,2025-06-11 22:02:17.083744,508.63
6813,2025-06-11 22:22:17.081378,509.01
6814,2025-06-11 22:42:17.082306,505.94
6815,2025-06-11 23:02:17.388746,502.28
6816,2025-06-11 23:22:17.097224,500.84
6817,2025-06-11 23:42:17.076823,500.6
6818,2025-06-12 00:02:17.079140,501.72
6819,2025-06-12 00:22:17.072627,501.78
6820,2025-06-12 00:42:17.083295,502.64
6821,2025-06-12 01:02:17.326344,496.8
6822,2025-06-12 01:22:17.085907,490.94
6823,2025-06-12 01:42:17.082479,486.86
6824,2025-06-12 02:02:17.086789,486.18
6825,2025-06-12 02:22:17.094203,483.11
6826,2025-06-12 02:42:17.910966,480.22
6827,2025-06-12 03:02:17.092721,482.46
6828,2025-06-12 03:22:17.088921,487.16
6829,2025-06-12 03:42:17.088189,500.96
6830,2025-06-12 04:02:17.087703,506.11
6831,2025-06-12 04:22:17.089717,511.75
6832,2025-06-12 04:42:17.093689,516.99
6833,2025-06-12 05:02:17.081535,521.28
6834,2025-06-12 05:22:17.090174,526.26
6835,2025-06-12 05:42:17.102383,528.14
6836,2025-06-12 06:02:17.083432,530.92
6837,2025-06-12 06:22:17.078084,534.72
6838,2025-06-12 06:42:17.103722,538.16
6839,2025-06-12 07:02:17.082605,541.01
6840,2025-06-12 07:22:17.085878,544.32
6841,2025-06-12 07:42:17.368658,547.16
6842,2025-06-12 08:02:17.083552,549.88
6843,2025-06-12 08:22:17.091322,549.78
6844,2025-06-12 08:42:17.559981,551.51
6845,2025-06-12 09:02:17.097421,554.54
6846,2025-06-12 09:22:17.089498,556.88
6847,2025-06-12 09:42:17.082733,559.08
6848,2025-06-12 10:02:17.093589,561.5
6849,2025-06-12 10:22:17.082999,563.61
6850,2025-06-12 10:42:17.083612,565.07
6851,2025-06-12 11:02:17.083511,568.3
6852,2025-06-12 11:22:17.085301,569.8
6853,2025-06-12 11:42:17.084912,573.56
6854,2025-06-12 12:02:17.088601,574.24
6855,2025-06-12 12:22:17.085314,573.72
6856,2025-06-12 12:42:17.085164,573.43
6857,2025-06-12 13:02:17.078876,573.77
6858,2025-06-12 13:22:17.099060,573.74
6859,2025-06-12 13:42:17.081798,570.44
6860,2025-06-12 14:02:17.087107,572.44
6861,2025-06-12 14:22:17.070715,572.08
6862,2025-06-12 14:42:17.081314,571.29
6863,2025-06-12 15:02:17.084603,567.54
6864,2025-06-12 15:22:17.086157,567.41
6865,2025-06-12 15:42:17.100530,567.71
6866,2025-06-12 16:02:17.087478,570.22
6867,2025-06-12 16:22:17.089582,571.1
6868,2025-06-12 16:42:17.719812,571.48
6869,2025-06-12 17:02:17.093125,569.24
6870,2025-06-12 17:22:17.085428,572.08
6871,2025-06-12 17:42:17.099352,572.98
6872,2025-06-12 18:02:17.083924,575.94
6873,2025-06-12 18:22:17.080855,579.48
6874,2025-06-12 18:42:17.085091,580.88
6875,2025-06-12 19:02:17.087030,580.92
6876,2025-06-12 19:22:17.081721,581.9
6877,2025-06-12 19:42:17.084213,580.31
6878,2025-06-12 20:22:17.077705,577.18
6879,2025-06-12 20:42:17.090860,573.84
6880,2025-06-12 21:02:17.082766,569.56
6881,2025-06-12 21:22:17.082444,568.64
6882,2025-06-12 21:42:17.082815,564.93
6883,2025-06-12 22:02:17.087340,562.76
6884,2025-06-12 22:22:17.087427,562.16
6885,2025-06-12 22:42:17.082275,558.76
6886,2025-06-12 23:02:17.084608,557.34
6887,2025-06-12 23:22:17.081563,560.39
6888,2025-06-12 23:42:17.080381,561.33
6889,2025-06-13 00:02:17.096930,566.02
6890,2025-06-13 00:22:17.083238,569.76
6891,2025-06-13 00:42:17.086729,572.22
6892,2025-06-13 01:02:16.695598,575.52
6893,2025-06-13 01:22:17.094016,576.94
6894,2025-06-13 01:42:17.082386,578.52
6895,2025-06-13 02:02:17.080165,581.49
6896,2025-06-13 02:22:17.084819,581.96
6897,2025-06-13 02:42:17.081027,583.74
6898,2025-06-13 03:02:17.084649,586.6
6899,2025-06-13 03:22:17.097547,589.46
6900,2025-06-13 03:42:17.085529,589.68
6901,2025-06-13 04:02:17.079297,593.06
6902,2025-06-13 04:22:17.110346,594.29
6903,2025-06-13 04:42:17.102802,596.48
6904,2025-06-13 05:02:17.083446,600.88
6905,2025-06-13 05:22:17.076050,602.16
6906,2025-06-13 05:42:16.796427,601.42
6907,2025-06-13 06:02:17.094008,608.37
6908,2025-06-13 06:22:17.081044,607.0
6909,2025-06-13 06:42:17.083959,607.47
6910,2025-06-13 07:02:17.083032,606.72
6911,2025-06-13 07:22:17.079716,608.48
6912,2025-06-13 07:42:17.089673,609.84
6913,2025-06-13 08:02:17.084679,612.8
6914,2025-06-13 08:22:17.085642,617.75
6915,2025-06-13 08:42:17.087864,620.9
6916,2025-06-13 09:02:17.078347,624.07
6917,2025-06-13 09:22:17.084559,627.2
6918,2025-06-13 09:42:17.081252,629.62
6919,2025-06-13 10:02:17.088617,631.94
6920,2025-06-13 10:22:16.806991,637.5
6921,2025-06-13 10:42:17.093691,645.04
6922,2025-06-13 11:02:17.085420,648.0
6923,2025-06-13 11:22:17.086954,650.48
6924,2025-06-13 11:42:17.086092,651.46
6925,2025-06-13 12:02:17.086088,651.4
6926,2025-06-13 12:22:17.085391,650.52
6927,2025-06-13 12:42:17.083084,650.52
6928,2025-06-13 13:02:17.075742,650.39
6929,2025-06-13 13:22:17.080870,651.29
6930,2025-06-13 13:42:17.079247,651.86
6931,2025-06-13 14:02:17.078379,653.04
6932,2025-06-13 14:22:17.082151,656.22
6933,2025-06-13 14:42:17.081871,657.6
6934,2025-06-13 15:02:17.113965,660.55
6935,2025-06-13 15:22:17.100487,660.55
6936,2025-06-13 15:42:17.080412,659.44
6937,2025-06-13 16:02:17.079530,661.06
6938,2025-06-13 16:22:17.080251,661.42
6939,2025-06-13 16:42:17.084595,661.86
6940,2025-06-13 17:02:17.091898,662.04
6941,2025-06-13 17:22:17.097942,664.23
6942,2025-06-13 17:42:17.079234,661.58
6943,2025-06-13 18:02:17.078081,663.88
6944,2025-06-13 18:22:17.084777,664.0
6945,2025-06-13 18:42:17.084611,666.22
6946,2025-06-13 19:02:17.086807,663.99
6947,2025-06-13 19:22:17.083211,664.52
6948,2025-06-13 19:42:17.086002,670.58
6949,2025-06-13 20:02:17.082420,669.58
6950,2025-06-13 20:22:17.171161,671.2
6951,2025-06-13 20:42:17.090914,670.4
6952,2025-06-13 21:02:17.090502,672.64
6953,2025-06-13 21:22:17.086786,672.61
6954,2025-06-13 21:42:17.090882,671.31
6955,2025-06-13 22:02:17.074554,673.22
6956,2025-06-13 22:22:17.084912,676.48
6957,2025-06-13 22:42:17.101184,680.38
6958,2025-06-13 23:02:17.083373,683.26
6959,2025-06-13 23:22:17.082094,684.3
6960,2025-06-13 23:42:17.075033,683.48
6961,2025-06-14 00:02:17.083342,685.07
6962,2025-06-14 00:22:17.094034,686.6
6963,2025-06-14 00:42:17.083308,686.56
6964,2025-06-14 01:02:17.102269,690.1
6965,2025-06-14 01:22:17.086450,687.96
6966,2025-06-14 01:42:17.080546,689.08
6967,2025-06-14 02:02:17.082241,689.0
6968,2025-06-14 02:22:17.080914,687.62
6969,2025-06-14 02:42:17.083254,687.08
6970,2025-06-14 03:02:17.093373,684.58
6971,2025-06-14 03:22:17.083322,686.04
6972,2025-06-14 03:42:17.084600,687.04
6973,2025-06-14 04:02:17.087243,686.38
6974,2025-06-14 04:22:17.090516,684.55
6975,2025-06-14 04:42:17.085161,689.08
6976,2025-06-14 05:02:17.084866,688.18
6977,2025-06-14 05:22:17.087971,694.94
6978,2025-06-14 05:42:17.077446,696.86
6979,2025-06-14 06:02:17.078262,694.45
6980,2025-06-14 06:22:17.088560,696.49
6981,2025-06-14 06:42:17.079792,696.56
6982,2025-06-14 07:02:17.085064,695.16
6983,2025-06-14 07:22:17.098607,698.52
6984,2025-06-14 07:42:17.079879,702.7
6985,2025-06-14 08:02:17.083485,707.37
6986,2025-06-14 08:22:17.079914,711.31
6987,2025-06-14 08:42:17.084601,713.77
6988,2025-06-14 09:02:17.088846,721.9
6989,2025-06-14 09:22:17.092277,722.86
6990,2025-06-14 09:42:17.079180,721.3
6991,2025-06-14 10:02:17.101819,722.86
6992,2025-06-14 10:22:17.082432,720.06
6993,2025-06-14 10:42:17.081128,717.17
6994,2025-06-14 11:02:17.080518,717.26
6995,2025-06-14 11:22:17.084672,714.84
6996,2025-06-14 11:42:17.084080,713.82
6997,2025-06-14 12:02:17.090355,713.84
6998,2025-06-14 12:22:17.085981,714.86
6999,2025-06-14 12:42:17.081179,716.37
7000,2025-06-14 13:02:17.096887,718.27
7001,2025-06-14 13:22:17.081991,717.92
7002,2025-06-14 13:42:17.088986,719.12
7003,2025-06-14 14:02:17.079783,719.26
7004,2025-06-14 14:22:17.103712,720.8
7005,2025-06-14 14:42:17.112698,719.84
7006,2025-06-14 15:02:17.081244,720.69
7007,2025-06-14 15:22:17.084271,720.64
7008,2025-06-14 15:42:17.085460,720.06
7009,2025-06-14 16:02:17.078573,719.22
7010,2025-06-14 16:22:17.090858,716.84
7011,2025-06-14 16:42:17.095824,716.93
7012,2025-06-14 17:02:17.076779,716.72
7013,2025-06-14 17:22:17.083760,715.91
7014,2025-06-14 17:42:17.083442,715.72
7015,2025-06-14 18:02:17.083019,713.68
7016,2025-06-14 18:22:17.085451,713.48
7017,2025-06-14 18:42:16.688419,714.18
7018,2025-06-14 19:02:17.085093,714.43
7019,2025-06-14 19:22:17.090622,710.83
7020,2025-06-14 19:42:17.091860,712.79
7021,2025-06-14 20:02:17.085415,710.8
7022,2025-06-14 20:22:17.089139,706.1
7023,2025-06-14 20:42:17.081579,704.7
7024,2025-06-14 21:02:17.083152,701.21
7025,2025-06-14 21:22:17.094674,695.95
7026,2025-06-14 21:42:17.087115,691.81
7027,2025-06-14 22:02:17.081678,693.32
7028,2025-06-14 22:22:17.083959,691.74
7029,2025-06-14 22:42:17.081628,691.94
7030,2025-06-14 23:02:17.084601,691.88
7031,2025-06-14 23:22:16.793175,691.59
7032,2025-06-14 23:42:17.103450,690.29
7033,2025-06-15 00:02:17.080793,690.8
7034,2025-06-15 00:22:17.085110,688.4
7035,2025-06-15 00:42:17.081775,685.54
7036,2025-06-15 01:02:17.086136,685.68
7037,2025-06-15 01:22:17.094576,684.09
7038,2025-06-15 01:42:17.087369,684.99
7039,2025-06-15 02:02:17.075862,683.86
7040,2025-06-15 02:22:17.081428,681.94
7041,2025-06-15 02:42:17.091694,679.7
7042,2025-06-15 03:02:17.087936,679.68
7043,2025-06-15 03:22:17.090730,674.8
7044,2025-06-15 03:42:17.087683,668.41
7045,2025-06-15 04:02:17.058560,666.13
7046,2025-06-15 04:22:17.076599,663.47
7047,2025-06-15 04:42:17.081360,653.86
7048,2025-06-15 05:02:17.072362,649.16
7049,2025-06-15 05:22:17.105477,644.88
7050,2025-06-15 05:42:17.082541,637.59
7051,2025-06-15 06:02:17.089210,637.58
7052,2025-06-15 06:22:17.707610,635.92
7053,2025-06-15 06:42:17.083768,638.06
7054,2025-06-15 07:02:17.074542,637.16
7055,2025-06-15 07:22:17.100648,640.2
7056,2025-06-15 07:42:17.084998,640.54
7057,2025-06-15 08:02:17.072528,640.0
7058,2025-06-15 08:22:17.074186,642.32
7059,2025-06-15 08:42:17.076489,645.87
7060,2025-06-15 09:02:17.075328,651.1
7061,2025-06-15 09:22:17.082306,656.52
7062,2025-06-15 09:42:17.083002,660.62
7063,2025-06-15 10:02:17.091553,662.77
7064,2025-06-15 10:22:17.081583,663.02
7065,2025-06-15 10:42:17.083049,669.22
7066,2025-06-15 11:02:17.084782,670.26
7067,2025-06-15 11:22:17.082918,670.98
7068,2025-06-15 11:42:17.079180,677.62
7069,2025-06-15 12:02:17.090125,678.08
7070,2025-06-15 12:22:17.077370,682.5
7071,2025-06-15 12:42:17.081618,687.64
7072,2025-06-15 13:02:17.089943,685.74
7073,2025-06-15 13:22:17.087582,685.42
7074,2025-06-15 13:42:17.082953,686.04
7075,2025-06-15 14:02:17.100875,680.32
7076,2025-06-15 14:22:17.091176,675.76
7077,2025-06-15 14:42:17.085374,671.21
7078,2025-06-15 15:02:17.078498,669.08
7079,2025-06-15 15:22:17.081796,668.96
7080,2025-06-15 15:42:17.091351,668.04
7081,2025-06-15 16:02:17.086048,668.84
7082,2025-06-15 16:22:17.081923,667.06
7083,2025-06-15 16:42:17.082861,668.89
7084,2025-06-15 17:02:17.084482,674.78
7085,2025-06-15 17:22:17.085286,676.52
7086,2025-06-15 17:42:17.089413,680.54
7087,2025-06-15 18:02:17.086420,681.76
7088,2025-06-15 18:22:17.076446,684.56
7089,2025-06-15 18:42:17.078562,686.58
7090,2025-06-15 19:02:17.083202,682.99
7091,2025-06-15 19:22:17.084339,680.98
7092,2025-06-15 19:42:17.084348,683.86
7093,2025-06-15 20:02:17.082708,685.12
7094,2025-06-15 20:22:17.092596,687.38
7095,2025-06-15 20:42:17.080840,688.7
7096,2025-06-15 21:02:17.085114,688.47
7097,2025-06-15 21:22:17.082358,689.11
7098,2025-06-15 21:42:17.080898,687.18
7099,2025-06-15 22:02:17.083305,689.1
7100,2025-06-15 22:22:17.084856,691.24
7101,2025-06-15 22:42:17.086039,692.96
7102,2025-06-15 23:02:17.082785,699.66
7103,2025-06-15 23:22:17.091173,703.99
7104,2025-06-15 23:42:17.086076,707.08
7105,2025-06-16 00:02:17.084060,708.66
7106,2025-06-16 00:22:17.106179,709.62
7107,2025-06-16 00:42:17.072108,708.96
7108,2025-06-16 01:02:17.278274,710.05
7109,2025-06-16 01:22:17.074166,709.31
7110,2025-06-16 01:42:17.087531,707.9
7111,2025-06-16 02:02:17.086877,706.18
7112,2025-06-16 02:22:17.078959,705.68
7113,2025-06-16 02:42:17.089357,705.7
7114,2025-06-16 03:02:17.077557,706.08
7115,2025-06-16 03:22:17.092816,705.85
7116,2025-06-16 03:42:17.086023,704.32
7117,2025-06-16 04:02:17.084450,703.81
7118,2025-06-16 04:22:17.085095,708.84
7119,2025-06-16 04:42:17.082276,706.48
7120,2025-06-16 05:02:17.084923,708.92
7121,2025-06-16 05:22:17.087382,709.55
7122,2025-06-16 05:42:17.078373,709.95
7123,2025-06-16 06:02:17.088828,710.05
7124,2025-06-16 06:22:17.119255,707.86
7125,2025-06-16 06:42:17.082391,708.72
7126,2025-06-16 07:02:17.099804,709.08
7127,2025-06-16 07:22:17.091241,710.52
7128,2025-06-16 07:42:16.814909,710.38
7129,2025-06-16 08:02:17.156925,709.61
7130,2025-06-16 08:22:17.077287,711.7
7131,2025-06-16 08:42:17.082705,710.06
7132,2025-06-16 09:02:17.118306,708.82
7133,2025-06-16 09:22:17.076394,706.9
7134,2025-06-16 09:42:17.101311,701.39
7135,2025-06-16 10:02:17.094092,697.66
7136,2025-06-16 10:22:17.090492,696.9
7137,2025-06-16 10:42:17.110148,695.48
7138,2025-06-16 11:02:17.082073,698.32
7139,2025-06-16 11:22:17.105779,695.72
7140,2025-06-16 11:42:17.072729,696.94
7141,2025-06-16 12:02:17.085885,701.15
7142,2025-06-16 12:22:16.936631,702.22
7143,2025-06-16 12:42:17.082684,703.59
7144,2025-06-16 13:02:17.079184,705.44
7145,2025-06-16 13:22:17.082162,704.02
7146,2025-06-16 13:42:17.080301,702.6
7147,2025-06-16 14:02:17.094866,703.11
7148,2025-06-16 14:22:17.085559,700.84
7149,2025-06-16 14:42:17.020000,695.29
7150,2025-06-16 15:02:17.310921,691.84
7151,2025-06-16 15:22:17.088347,685.72
7152,2025-06-16 15:42:17.093099,677.16
7153,2025-06-16 16:02:17.083684,673.55
7154,2025-06-16 16:22:17.090554,670.35
7155,2025-06-16 16:42:17.080703,670.4
7156,2025-06-16 17:02:17.080668,664.7
7157,2025-06-16 17:22:17.088211,658.32
7158,2025-06-16 17:42:17.098009,647.24
7159,2025-06-16 18:02:17.085510,640.56
7160,2025-06-16 18:22:17.082456,635.06
7161,2025-06-16 18:42:17.081405,636.61
7162,2025-06-16 19:02:17.078001,635.59
7163,2025-06-16 19:22:17.081657,640.34
7164,2025-06-16 19:42:17.079094,654.1
7165,2025-06-16 20:02:17.083718,665.42
7166,2025-06-16 20:22:17.075856,680.28
7167,2025-06-16 20:42:17.085979,694.85
7168,2025-06-16 21:02:17.088619,710.64
7169,2025-06-16 21:22:17.075357,724.78
7170,2025-06-16 21:42:17.098353,738.64
7171,2025-06-16 22:02:17.088575,741.58
7172,2025-06-16 22:22:17.084721,742.78
7173,2025-06-16 22:42:17.086981,746.76
7174,2025-06-16 23:02:17.086295,749.33
7175,2025-06-16 23:22:17.084421,752.86
7176,2025-06-16 23:42:17.083790,752.42
7177,2025-06-17 00:02:17.091371,754.64
7178,2025-06-17 00:22:17.087679,755.12
7179,2025-06-17 00:42:17.081072,757.24
7180,2025-06-17 01:02:17.096147,758.14
7181,2025-06-17 01:22:17.083847,764.12
7182,2025-06-17 01:42:17.086259,771.18
7183,2025-06-17 02:02:17.079766,776.0
7184,2025-06-17 02:22:17.087121,779.58
7185,2025-06-17 02:42:17.092169,780.06
7186,2025-06-17 03:02:17.078400,783.57
7187,2025-06-17 03:22:17.077692,785.38
7188,2025-06-17 03:42:17.096440,787.56
7189,2025-06-17 04:02:17.077766,784.94
7190,2025-06-17 04:22:17.081364,784.84
7191,2025-06-17 04:42:17.082796,782.84
7192,2025-06-17 05:02:17.084751,783.39
7193,2025-06-17 05:22:17.087273,782.28
7194,2025-06-17 05:42:17.080716,777.85
7195,2025-06-17 06:02:17.091296,774.64
7196,2025-06-17 06:22:17.083555,771.02
7197,2025-06-17 06:42:17.083250,766.38
7198,2025-06-17 07:02:17.089335,762.83
7199,2025-06-17 07:22:17.086315,759.48
7200,2025-06-17 07:42:17.081898,752.6
7201,2025-06-17 08:02:17.096654,752.84
7202,2025-06-17 08:22:17.088685,745.14
7203,2025-06-17 08:42:17.091935,740.82
7204,2025-06-17 09:02:17.089520,738.19
7205,2025-06-17 09:22:17.092433,732.64
7206,2025-06-17 09:42:17.090577,728.86
7207,2025-06-17 10:02:17.065787,729.28
7208,2025-06-17 10:22:17.100131,725.78
7209,2025-06-17 10:42:17.101776,723.52
7210,2025-06-17 11:02:17.085338,720.03
7211,2025-06-17 11:22:16.668079,718.66
7212,2025-06-17 11:42:17.098270,715.84
7213,2025-06-17 12:02:17.076970,713.94
7214,2025-06-17 12:22:17.082489,713.26
7215,2025-06-17 12:42:17.087071,708.32
7216,2025-06-17 13:02:17.086816,702.88
7217,2025-06-17 13:22:17.089415,703.71
7218,2025-06-17 13:42:17.086610,703.64
7219,2025-06-17 14:02:17.089073,700.16
7220,2025-06-17 14:22:17.075716,701.18
7221,2025-06-17 14:42:17.080805,701.72
7222,2025-06-17 15:02:17.092832,700.9
7223,2025-06-17 15:22:17.108289,696.34
7224,2025-06-17 15:42:17.089451,699.05
7225,2025-06-17 16:02:16.898945,696.24
7226,2025-06-17 16:22:17.101058,699.02
7227,2025-06-17 16:42:17.092700,697.76
7228,2025-06-17 17:02:17.089985,695.32
7229,2025-06-17 17:22:17.084704,694.91
7230,2025-06-17 17:42:17.088283,692.61
7231,2025-06-17 18:22:17.091248,689.06
7232,2025-06-17 18:42:17.086062,686.18
7233,2025-06-17 19:02:17.094298,684.98
7234,2025-06-17 19:22:17.089359,685.74
7235,2025-06-17 19:42:17.083751,685.31
7236,2025-06-17 20:02:17.082598,683.24
7237,2025-06-17 20:22:17.082039,684.88
7238,2025-06-17 20:42:17.106803,681.5
7239,2025-06-17 21:02:17.091900,686.94
7240,2025-06-17 21:22:17.097012,684.9
7241,2025-06-17 21:42:17.087722,682.91
7242,2025-06-17 22:02:17.081911,683.93
7243,2025-06-17 23:42:17.085176,682.85
7244,2025-06-18 05:42:16.699864,668.74
7245,2025-06-18 15:02:16.939512,550.63
7246,2025-06-18 15:22:16.695776,541.9
7247,2025-06-18 15:42:16.703015,533.61
7248,2025-06-18 16:02:16.950376,514.34
7249,2025-06-18 16:22:16.948637,496.92
7250,2025-06-18 16:42:16.956008,482.68
7251,2025-06-18 17:02:16.688097,466.47
7252,2025-06-18 17:22:16.692235,455.69
7253,2025-06-18 17:42:16.690334,447.97
7254,2025-06-18 18:02:16.956018,437.88
7255,2025-06-18 19:42:17.375955,422.56
7256,2025-06-18 20:02:16.943438,422.72
7257,2025-06-18 20:42:16.787847,428.46
7258,2025-06-18 21:02:16.689066,429.4
7259,2025-06-18 21:22:17.090462,431.64
7260,2025-06-18 21:42:17.086154,433.58
7261,2025-06-18 22:02:17.076104,436.22
7262,2025-06-18 22:22:17.080574,434.64
7263,2025-06-18 22:42:17.084509,438.18
7264,2025-06-18 23:02:17.081892,445.81
7265,2025-06-18 23:22:17.090761,447.27
7266,2025-06-18 23:42:17.113921,450.74
7267,2025-06-19 00:02:17.099525,455.06
7268,2025-06-19 00:22:17.077232,461.56
7269,2025-06-19 00:42:16.693096,466.58
7270,2025-06-19 01:02:17.099062,472.98
7271,2025-06-19 01:22:17.100009,476.89
7272,2025-06-19 01:42:17.095620,478.68
7273,2025-06-19 02:02:17.097766,475.56
7274,2025-06-19 02:22:17.078830,475.36
7275,2025-06-19 02:42:17.083338,473.98
7276,2025-06-19 03:02:17.082240,473.02
7277,2025-06-19 03:22:17.086189,475.44
7278,2025-06-19 03:42:17.084720,476.5
7279,2025-06-19 04:02:17.091963,479.03
7280,2025-06-19 04:22:17.081973,474.08
7281,2025-06-19 04:42:17.084079,468.88
7282,2025-06-19 05:02:17.091433,467.46
7283,2025-06-19 05:22:16.998659,468.2
7284,2025-06-19 05:42:17.084276,470.54
7285,2025-06-19 06:02:17.084488,476.86
7286,2025-06-19 06:22:17.081531,488.28
7287,2025-06-19 06:42:17.094953,497.18
7288,2025-06-19 07:02:17.087563,502.98
7289,2025-06-19 07:22:17.086188,504.81
7290,2025-06-19 07:42:17.089525,503.05
7291,2025-06-19 08:02:17.092064,492.84
7292,2025-06-19 08:22:17.108433,487.04
7293,2025-06-19 08:42:17.072068,478.94
7294,2025-06-19 09:02:17.511010,472.45
7295,2025-06-19 09:22:17.086648,463.62
7296,2025-06-19 09:42:17.085018,450.75
7297,2025-06-19 10:02:17.105662,439.26
7298,2025-06-19 10:22:17.141039,433.12
7299,2025-06-19 10:42:17.080417,432.64
7300,2025-06-19 11:02:17.098543,440.68
7301,2025-06-19 11:22:17.106274,452.4
7302,2025-06-19 11:42:17.107952,460.68
7303,2025-06-19 12:02:17.102012,459.29
7304,2025-06-19 12:22:17.109248,457.5
7305,2025-06-19 12:42:17.100452,449.44
7306,2025-06-19 13:02:17.077871,439.86
7307,2025-06-19 13:22:17.079285,428.44
7308,2025-06-19 13:42:17.093097,414.2
7309,2025-06-19 14:02:17.085126,400.29
7310,2025-06-19 14:22:17.107948,387.3
7311,2025-06-19 14:42:17.089141,375.7
7312,2025-06-19 15:02:17.080243,370.42
7313,2025-06-19 15:22:17.095834,369.76
7314,2025-06-19 15:42:16.659426,368.86
7315,2025-06-19 16:02:17.089219,368.68
7316,2025-06-19 16:22:17.096907,375.49
7317,2025-06-19 16:42:17.095312,381.28
7318,2025-06-19 17:02:17.093390,382.64
7319,2025-06-19 17:22:17.088871,384.12
7320,2025-06-19 17:42:17.094339,383.06
7321,2025-06-19 18:02:17.078234,383.72
7322,2025-06-19 18:22:17.110254,386.86
7323,2025-06-19 18:42:17.080448,388.76
7324,2025-06-19 19:02:17.136156,390.26
7325,2025-06-19 19:22:17.087863,390.68
7326,2025-06-19 19:42:17.084764,396.52
7327,2025-06-19 20:02:17.093794,400.74
7328,2025-06-19 20:22:17.088779,404.43
7329,2025-06-19 20:42:17.186204,409.43
7330,2025-06-19 21:02:17.078015,412.28
7331,2025-06-19 21:22:17.082843,415.12
7332,2025-06-19 21:42:17.092803,418.7
7333,2025-06-19 22:02:17.095280,417.92
7334,2025-06-19 22:22:17.402386,409.42
7335,2025-06-19 22:42:17.092569,406.28
7336,2025-06-19 23:02:17.098835,404.55
7337,2025-06-19 23:22:17.086530,403.7
7338,2025-06-19 23:42:17.086381,402.88
7339,2025-06-20 00:02:17.322257,402.05
7340,2025-06-20 00:22:17.084641,404.32
7341,2025-06-20 00:42:17.085558,405.38
7342,2025-06-20 01:02:17.089895,408.34
7343,2025-06-20 01:22:17.093504,408.22
7344,2025-06-20 01:42:17.093400,405.86
7345,2025-06-20 02:02:17.081946,404.62
7346,2025-06-20 02:22:17.093417,404.63
7347,2025-06-20 02:42:17.090194,405.43
7348,2025-06-20 03:02:17.085828,403.28
7349,2025-06-20 03:22:17.080480,400.46
7350,2025-06-20 03:42:17.087532,393.72
7351,2025-06-20 04:02:17.097093,388.86
7352,2025-06-20 04:22:17.089198,384.64
7353,2025-06-20 04:42:17.085346,379.29
7354,2025-06-20 05:02:17.092425,378.31
7355,2025-06-20 05:22:17.091052,378.74
7356,2025-06-20 05:42:17.106910,378.86
7357,2025-06-20 06:02:17.082951,375.34
7358,2025-06-20 06:22:17.097493,369.06
7359,2025-06-20 06:42:17.084024,365.98
7360,2025-06-20 07:02:17.092869,359.81
7361,2025-06-20 07:22:17.101833,359.59
7362,2025-06-20 07:42:17.084230,360.78
7363,2025-06-20 08:02:17.097798,361.28
7364,2025-06-20 08:22:17.088220,361.68
7365,2025-06-20 08:42:17.105370,363.2
7366,2025-06-20 09:02:17.088848,363.48
7367,2025-06-20 09:22:17.093882,366.41
7368,2025-06-20 09:42:17.084372,367.32
7369,2025-06-20 10:02:17.100613,371.26
7370,2025-06-20 10:22:17.111424,369.96
7371,2025-06-20 10:42:17.098503,371.61
7372,2025-06-20 11:02:17.097118,369.66
7373,2025-06-20 11:22:17.106354,369.27
7374,2025-06-20 11:42:17.098349,367.74
7375,2025-06-20 12:02:17.151405,367.72
7376,2025-06-20 12:22:17.112331,364.42
7377,2025-06-20 12:42:17.104156,364.01
7378,2025-06-20 13:02:17.085170,368.65
7379,2025-06-20 13:22:17.116494,369.72
7380,2025-06-20 13:42:16.932614,375.77
7381,2025-06-20 14:02:17.098412,381.84
7382,2025-06-20 14:22:17.084820,384.76
7383,2025-06-20 14:42:17.081365,387.8
7384,2025-06-20 15:02:17.104318,390.17
7385,2025-06-20 15:22:17.115114,391.83
7386,2025-06-20 15:42:17.079675,393.14
7387,2025-06-20 16:02:17.092273,396.3
7388,2025-06-20 16:22:17.086587,398.28
7389,2025-06-20 16:42:17.088822,405.4
7390,2025-06-20 17:02:17.087875,410.94
7391,2025-06-20 17:22:17.090900,414.09
7392,2025-06-20 17:42:17.085602,417.69
7393,2025-06-20 18:02:17.085608,417.22
7394,2025-06-20 18:22:17.074202,414.08
7395,2025-06-20 18:42:17.106732,415.28
7396,2025-06-20 19:02:17.089409,418.81
7397,2025-06-20 19:22:17.104378,421.26
7398,2025-06-20 19:42:17.081142,423.68
7399,2025-06-20 20:02:17.097235,427.8
7400,2025-06-20 20:22:17.083344,432.72
7401,2025-06-20 20:42:17.098187,437.34
7402,2025-06-20 21:02:17.099811,439.54
7403,2025-06-20 21:22:17.100876,438.14
7404,2025-06-20 21:42:17.109477,440.36
7405,2025-06-20 22:02:17.100882,440.21
7406,2025-06-20 22:22:17.101459,437.76
7407,2025-06-20 22:42:17.094779,442.2
7408,2025-06-20 23:02:17.101456,441.06
7409,2025-06-20 23:22:17.100697,444.61
7410,2025-06-20 23:42:17.074102,446.96
7411,2025-06-21 00:02:17.080784,451.76
7412,2025-06-21 00:22:17.082320,453.88
7413,2025-06-21 00:42:17.080259,457.36
7414,2025-06-21 01:02:17.083800,458.78
7415,2025-06-21 01:22:17.093758,461.93
7416,2025-06-21 01:42:17.082653,466.68
7417,2025-06-21 02:02:17.099613,473.08
7418,2025-06-21 02:22:16.682346,475.8
7419,2025-06-21 02:42:17.089300,476.48
7420,2025-06-21 03:02:17.081153,474.22
7421,2025-06-21 03:22:17.086870,471.96
7422,2025-06-21 03:42:17.095840,471.67
7423,2025-06-21 04:02:17.089918,471.29
7424,2025-06-21 04:22:17.099418,471.24
7425,2025-06-21 14:42:16.691374,484.16
7426,2025-06-21 15:02:16.959949,480.96
7427,2025-06-21 15:22:16.944225,478.62
7428,2025-06-21 23:42:16.954061,491.0
7429,2025-06-22 23:42:16.691963,567.96
7430,2025-06-23 14:42:16.938091,601.86
7431,2025-06-23 15:02:16.954623,603.7
7432,2025-06-23 15:22:16.694110,601.48
7433,2025-06-23 15:42:16.693996,598.56
7434,2025-06-23 16:02:16.705749,598.4
7435,2025-06-23 16:22:16.944818,596.96
7436,2025-06-23 16:42:16.937675,592.76
7437,2025-06-23 17:02:16.948302,590.3
7438,2025-06-23 17:22:16.940035,587.68
7439,2025-06-23 17:42:16.702763,581.9
7440,2025-06-23 18:02:16.673807,577.86
7441,2025-06-23 20:42:16.691854,567.3
7442,2025-06-23 21:02:16.686999,561.09
7443,2025-06-23 21:22:16.950453,555.76
7444,2025-06-23 21:42:16.941227,554.12
7445,2025-06-23 22:02:16.945007,550.11
7446,2025-06-23 22:22:16.948007,549.91
7447,2025-06-23 22:42:16.701415,551.79
7448,2025-06-23 23:02:16.707836,552.08
7449,2025-06-23 23:22:16.701249,549.3
7450,2025-06-23 23:42:16.939576,549.02
7451,2025-06-24 00:02:16.686154,545.28
7452,2025-06-24 00:22:16.938074,539.44
7453,2025-06-24 00:42:16.936424,536.05
7454,2025-06-24 01:02:16.944728,535.88
7455,2025-06-24 01:22:16.695365,534.08
7456,2025-06-24 01:42:16.685877,531.74
7457,2025-06-24 02:02:17.087918,529.18
7458,2025-06-24 02:22:17.092897,532.02
7459,2025-06-24 02:42:17.102063,533.14
7460,2025-06-24 03:02:17.086429,533.58
7461,2025-06-24 03:22:17.094050,534.28
7462,2025-06-24 03:42:17.090527,532.56
7463,2025-06-24 04:02:17.113830,533.79
7464,2025-06-24 04:22:17.115481,531.45
7465,2025-06-24 04:42:17.087436,534.34
7466,2025-06-24 05:02:17.084600,538.1
7467,2025-06-24 05:22:17.079002,536.38
7468,2025-06-24 05:42:17.075865,535.42
7469,2025-06-24 06:02:17.082908,538.2
7470,2025-06-24 06:22:17.087329,540.37
7471,2025-06-24 06:42:17.082127,543.58
7472,2025-06-24 07:02:17.084948,544.22
7473,2025-06-24 07:22:17.085121,550.22
7474,2025-06-24 07:42:17.082761,547.34
7475,2025-06-24 08:02:17.081112,549.18
7476,2025-06-24 08:22:17.082220,548.63
7477,2025-06-24 08:42:17.086732,548.94
7478,2025-06-24 09:02:17.089962,545.99
7479,2025-06-24 09:22:17.080580,547.56
7480,2025-06-24 09:42:17.074396,545.26
7481,2025-06-24 10:02:17.082509,550.74
7482,2025-06-24 10:22:17.084879,553.1
7483,2025-06-24 10:42:17.083449,554.61
7484,2025-06-24 11:02:17.084950,556.1
7485,2025-06-24 11:22:17.092361,557.2
7486,2025-06-24 11:42:17.076641,556.18
7487,2025-06-24 12:02:17.083285,553.1
7488,2025-06-24 12:22:17.097065,554.36
7489,2025-06-24 12:42:17.092772,554.88
7490,2025-06-24 13:02:17.079911,555.34
7491,2025-06-24 13:22:17.090506,553.24
7492,2025-06-24 13:42:17.086508,548.12
7493,2025-06-24 14:02:17.086625,539.7
7494,2025-06-24 14:22:17.080336,527.05
7495,2025-06-24 14:42:17.097737,513.72
7496,2025-06-24 15:02:17.075077,501.24
7497,2025-06-24 15:22:17.090179,491.76
7498,2025-06-24 15:42:17.088943,487.7
7499,2025-06-24 16:02:17.078291,484.6
7500,2025-06-24 16:22:17.095423,485.16
7501,2025-06-24 16:42:17.103926,485.09
7502,2025-06-24 17:02:17.103632,479.44
7503,2025-06-24 17:22:17.084097,474.72
7504,2025-06-24 17:42:17.101260,473.32
7505,2025-06-24 18:02:17.083515,479.4
7506,2025-06-24 18:22:17.088245,477.89
7507,2025-06-24 18:42:17.088602,475.25
7508,2025-06-24 19:02:17.106759,469.88
7509,2025-06-24 19:22:17.088072,467.21
7510,2025-06-24 19:42:17.098820,465.16
7511,2025-06-24 20:02:17.087666,467.7
7512,2025-06-24 20:22:17.090041,469.9
7513,2025-06-24 20:42:17.085429,473.3
7514,2025-06-24 21:02:17.084141,473.17
7515,2025-06-24 21:22:17.102752,477.64
7516,2025-06-24 21:42:17.106162,478.88
7517,2025-06-24 22:02:17.108218,479.98
7518,2025-06-24 22:22:17.088800,480.18
7519,2025-06-24 22:42:17.082113,476.18
7520,2025-06-24 23:02:17.095781,479.09
7521,2025-06-24 23:22:17.083477,491.29
7522,2025-06-24 23:42:17.085391,493.24
7523,2025-06-25 00:02:17.083339,498.16
7524,2025-06-25 00:22:17.092209,502.68
7525,2025-06-25 00:42:17.084166,504.87
7526,2025-06-25 01:02:17.084150,506.18
7527,2025-06-25 01:22:16.705134,507.08
7528,2025-06-25 01:42:17.084860,506.96
7529,2025-06-25 04:02:16.696354,521.9
7530,2025-06-25 04:22:17.083920,527.28
7531,2025-06-25 04:42:17.080380,527.31
7532,2025-06-25 05:02:17.115366,527.92
7533,2025-06-25 05:22:17.092558,530.69
7534,2025-06-25 05:42:17.089159,530.94
7535,2025-06-25 06:02:17.089065,532.4
7536,2025-06-25 06:22:17.083523,532.62
7537,2025-06-25 06:42:17.102819,533.76
7538,2025-06-25 07:02:17.076907,534.02
7539,2025-06-25 07:22:17.093985,534.73
7540,2025-06-25 07:42:17.082741,537.29
7541,2025-06-25 08:02:17.081457,538.46
7542,2025-06-25 08:22:17.079645,536.02
7543,2025-06-25 08:42:17.107232,539.58
7544,2025-06-25 09:02:17.089115,540.43
7545,2025-06-25 09:22:17.083209,541.64
7546,2025-06-25 09:42:17.085455,541.52
7547,2025-06-25 10:02:17.081359,545.76
7548,2025-06-25 10:22:17.100372,547.8
7549,2025-06-25 10:42:17.154138,547.1
7550,2025-06-25 11:02:17.092875,545.69
7551,2025-06-25 11:22:17.103473,549.92
7552,2025-06-25 11:42:17.078742,549.63
7553,2025-06-25 12:02:17.102910,548.84
7554,2025-06-25 12:22:17.100832,547.98
7555,2025-06-25 12:42:17.083312,550.4
7556,2025-06-25 13:02:17.093030,545.91
7557,2025-06-25 13:22:17.084049,542.53
7558,2025-06-25 13:42:17.090719,536.1
7559,2025-06-25 14:02:17.098729,525.42
7560,2025-06-25 14:22:17.100434,512.32
7561,2025-06-25 14:42:17.089544,503.66
7562,2025-06-25 15:02:17.077515,497.93
7563,2025-06-25 15:22:17.096269,489.39
7564,2025-06-25 15:42:17.087041,484.81
7565,2025-06-25 16:02:17.084330,482.1
7566,2025-06-25 16:22:17.087389,479.22
7567,2025-06-25 16:42:17.079767,481.1
7568,2025-06-25 17:02:17.093001,477.4
7569,2025-06-25 17:22:17.083969,468.94
7570,2025-06-25 17:42:17.092505,466.77
7571,2025-06-25 18:02:17.089964,465.86
7572,2025-06-25 18:22:17.079073,462.1
7573,2025-06-25 18:42:17.091321,460.44
7574,2025-06-25 19:02:17.093343,461.98
7575,2025-06-25 19:22:17.092951,465.24
7576,2025-06-25 19:42:16.784809,469.87
7577,2025-06-25 20:22:17.089226,511.14
7578,2025-06-25 20:42:17.082961,526.72
7579,2025-06-25 21:02:17.080366,535.64
7580,2025-06-25 21:22:17.078606,538.95
7581,2025-06-25 21:42:17.082780,539.06
7582,2025-06-25 22:02:17.083562,541.98
7583,2025-06-25 22:22:17.084861,544.9
7584,2025-06-25 22:42:17.089557,546.56
7585,2025-06-25 23:02:17.079973,550.26
7586,2025-06-25 23:22:17.084726,553.17
7587,2025-06-25 23:42:17.085592,553.47
7588,2025-06-26 00:02:17.108767,557.99
7589,2025-06-26 00:22:17.129518,557.9
7590,2025-06-26 00:42:17.087020,562.84
7591,2025-06-26 01:02:17.086348,563.44
7592,2025-06-26 01:22:17.084113,565.22
7593,2025-06-26 01:42:17.094907,565.55
7594,2025-06-26 02:02:17.091270,567.67
7595,2025-06-26 02:22:17.079651,570.72
7596,2025-06-26 02:42:17.081304,573.58
7597,2025-06-26 03:02:17.084884,574.4
7598,2025-06-26 03:22:17.090760,576.98
7599,2025-06-26 03:42:17.081843,581.75
7600,2025-06-26 04:02:17.086360,585.63
7601,2025-06-26 04:22:17.075827,588.2
7602,2025-06-26 04:42:17.084982,589.94
7603,2025-06-26 05:02:17.089435,591.3
7604,2025-06-26 05:22:17.081774,587.54
7605,2025-06-26 05:42:17.080241,589.21
7606,2025-06-26 06:02:17.093248,589.08
7607,2025-06-26 06:22:17.080948,585.73
7608,2025-06-26 06:42:17.078834,585.44
7609,2025-06-26 07:02:17.083786,580.6
7610,2025-06-26 07:22:17.103267,574.5
7611,2025-06-26 07:42:17.081465,565.38
7612,2025-06-26 08:02:17.103301,562.27
7613,2025-06-26 08:22:16.965113,557.19
7614,2025-06-26 08:42:17.077095,551.82
7615,2025-06-26 09:02:17.080505,548.58
7616,2025-06-26 09:22:17.080932,547.56
7617,2025-06-26 09:42:17.113107,549.77
7618,2025-06-26 10:02:17.089665,550.1
7619,2025-06-26 10:22:17.084215,551.07
7620,2025-06-26 16:02:17.086236,505.21
7621,2025-06-26 16:22:17.096350,498.22
7622,2025-06-26 16:42:17.100477,490.28
7623,2025-06-26 17:02:17.082343,485.14
7624,2025-06-26 17:22:17.083019,480.9
7625,2025-06-26 17:42:17.088508,478.23
7626,2025-06-26 18:02:17.086049,477.31
7627,2025-06-26 18:22:17.087103,475.77
7628,2025-06-26 18:42:17.066168,480.91
7629,2025-06-26 19:02:17.086558,485.62
7630,2025-06-26 19:22:17.080154,489.56
7631,2025-06-26 19:42:17.080835,494.48
7632,2025-06-26 20:02:17.085981,494.71
7633,2025-06-26 20:22:17.083647,497.86
7634,2025-06-26 20:42:17.091950,501.63
7635,2025-06-26 21:02:17.086630,505.96
7636,2025-06-26 21:22:17.115604,509.38
7637,2025-06-26 21:42:17.082606,514.94
7638,2025-06-26 22:02:17.093314,517.64
7639,2025-06-26 22:22:17.090666,522.21
7640,2025-06-26 22:42:17.082187,523.36
7641,2025-06-26 23:02:17.086493,529.84
7642,2025-06-26 23:22:17.083066,532.48
7643,2025-06-26 23:42:17.094715,536.56
7644,2025-06-27 00:22:17.092463,541.29
7645,2025-06-27 00:42:17.074249,546.88
7646,2025-06-27 01:02:17.085555,548.84
7647,2025-06-27 01:22:17.089077,553.74
7648,2025-06-27 01:42:17.074937,557.16
7649,2025-06-27 02:02:17.084535,560.91
7650,2025-06-27 02:22:17.085004,564.31
7651,2025-06-27 02:42:17.107474,565.6
7652,2025-06-27 03:02:17.104055,568.96
7653,2025-06-27 03:22:17.075328,572.2
7654,2025-06-27 03:42:17.097663,573.26
7655,2025-06-27 04:02:17.098178,572.9
7656,2025-06-27 04:22:17.083438,572.74
7657,2025-06-27 04:42:17.084899,575.55
7658,2025-06-27 05:02:17.089523,576.94
7659,2025-06-27 05:22:17.096640,576.68
7660,2025-06-27 05:42:17.083317,578.78
7661,2025-06-27 06:02:17.089089,580.69
7662,2025-06-27 06:22:17.088823,583.22
7663,2025-06-27 06:42:17.096835,586.47
7664,2025-06-27 07:02:17.086377,589.24
7665,2025-06-27 07:22:17.083838,594.38
7666,2025-06-27 07:42:17.077651,597.12
7667,2025-06-27 08:02:17.081024,600.82
7668,2025-06-27 08:22:17.084060,600.63
7669,2025-06-27 08:42:17.087877,601.03
7670,2025-06-27 09:02:17.083844,602.92
7671,2025-06-27 09:22:17.074519,606.1
7672,2025-06-27 09:42:17.081331,606.38
7673,2025-06-27 10:02:17.086283,605.27
7674,2025-06-27 10:22:17.087958,604.78
7675,2025-06-27 10:42:17.080072,605.37
7676,2025-06-27 11:02:17.089026,602.21
7677,2025-06-27 11:22:17.080379,600.08
7678,2025-06-27 11:42:17.112236,597.0
7679,2025-06-27 12:02:17.079986,593.12
7680,2025-06-27 12:22:17.080355,586.93
7681,2025-06-27 12:42:17.094417,583.15
7682,2025-06-27 13:02:17.090310,581.77
7683,2025-06-27 13:22:17.086512,578.32
7684,2025-06-27 13:42:17.083178,574.12
7685,2025-06-27 14:02:17.072902,573.1
7686,2025-06-27 14:22:17.088127,568.19
7687,2025-06-27 14:42:17.093047,573.0
7688,2025-06-27 15:02:17.085814,571.38
7689,2025-06-27 15:22:17.088117,570.44
7690,2025-06-27 15:42:17.091649,574.86
7691,2025-06-27 16:02:17.298831,574.06
7692,2025-06-27 16:22:17.080349,569.06
7693,2025-06-27 16:42:17.090294,564.55
7694,2025-06-27 17:02:17.086088,556.97
7695,2025-06-27 17:22:17.087670,551.88
7696,2025-06-27 17:42:16.645509,547.3
7697,2025-06-27 18:02:17.083155,545.02
7698,2025-06-27 18:22:17.079941,545.73
7699,2025-06-27 18:42:17.084052,543.8
7700,2025-06-27 19:02:17.086554,540.12
7701,2025-06-27 19:22:17.078504,540.54
7702,2025-06-27 19:42:17.091403,540.38
7703,2025-06-27 20:02:17.085380,540.18
7704,2025-06-27 20:22:17.083418,543.23
7705,2025-06-27 20:42:17.077549,545.13
7706,2025-06-27 21:02:17.081993,547.23
7707,2025-06-27 21:22:17.084562,550.98
7708,2025-06-27 21:42:17.084076,553.02
7709,2025-06-27 22:02:17.079128,553.94
7710,2025-06-27 22:22:16.848586,565.38
7711,2025-06-27 22:42:17.101709,577.79
7712,2025-06-27 23:02:17.077954,587.0
7713,2025-06-27 23:22:17.083070,589.08
7714,2025-06-27 23:42:17.092095,591.52
7715,2025-06-28 00:02:17.074350,595.14
7716,2025-06-28 00:22:17.084988,596.31
7717,2025-06-28 00:42:17.079757,595.46
7718,2025-06-28 01:02:17.094704,598.71
7719,2025-06-28 01:22:17.078016,595.16
7720,2025-06-28 01:42:17.085817,597.1
7721,2025-06-28 02:02:17.161092,594.34
7722,2025-06-28 02:22:17.076702,596.24
7723,2025-06-28 02:42:17.102874,594.94
7724,2025-06-28 03:02:17.049992,593.11
7725,2025-06-28 03:22:17.089019,592.02
7726,2025-06-28 03:42:17.082172,589.4
7727,2025-06-28 04:02:17.096234,590.46
7728,2025-06-28 04:22:17.093413,587.72
7729,2025-06-28 04:42:17.082804,586.09
7730,2025-06-28 05:02:17.110083,589.02
7731,2025-06-28 05:22:17.088178,588.88
7732,2025-06-28 05:42:17.118404,587.4
7733,2025-06-28 06:02:17.074772,586.46
7734,2025-06-28 06:22:17.106402,585.06
7735,2025-06-28 06:42:17.074172,586.69
7736,2025-06-28 07:02:17.098634,590.75
7737,2025-06-28 07:22:17.132981,589.38
7738,2025-06-28 07:42:17.089865,590.06
7739,2025-06-28 08:02:17.082270,591.18
7740,2025-06-28 08:22:17.088588,591.91
7741,2025-06-28 08:42:17.084220,593.61
7742,2025-06-28 09:02:17.085603,593.21
7743,2025-06-28 09:22:17.086976,592.06
7744,2025-06-28 09:42:17.086282,591.18
7745,2025-06-28 10:02:17.111340,591.62
7746,2025-06-28 10:42:17.084481,594.14
7747,2025-06-28 11:02:17.075397,595.41
7748,2025-06-28 11:42:17.094273,600.22
7749,2025-06-28 12:02:17.082824,599.7
7750,2025-06-28 12:22:17.092564,602.54
7751,2025-06-28 12:42:17.136459,601.59
7752,2025-06-28 13:02:17.085126,599.81
7753,2025-06-28 13:22:17.079677,599.23
7754,2025-06-28 13:42:17.091447,598.9
7755,2025-06-28 14:02:17.159248,598.52
7756,2025-06-28 14:22:17.088256,596.58
7757,2025-06-28 14:42:17.086015,597.22
7758,2025-06-28 15:02:17.082314,594.24
7759,2025-06-28 15:22:17.082936,593.65
7760,2025-06-28 15:42:17.085306,591.48
7761,2025-06-28 16:02:17.107414,593.3
7762,2025-06-28 16:22:17.089165,595.7
7763,2025-06-28 16:42:17.086862,595.57
7764,2025-06-28 17:02:17.114801,592.49
7765,2025-06-28 17:22:17.079531,593.95
7766,2025-06-28 17:42:17.073565,590.14
7767,2025-06-28 18:02:17.087882,591.32
7768,2025-06-28 18:22:17.096239,590.62
7769,2025-06-28 18:42:17.090347,589.92
7770,2025-06-28 19:02:17.093169,589.1
7771,2025-06-28 19:22:17.092302,586.28
7772,2025-06-28 19:42:17.094198,588.28
7773,2025-06-28 20:02:17.131546,585.1
7774,2025-06-28 20:22:17.114215,581.46
7775,2025-06-28 20:42:17.103368,575.39
7776,2025-06-28 21:02:17.073782,575.51
7777,2025-06-28 21:22:17.304124,574.92
7778,2025-06-28 21:42:17.108047,573.1
7779,2025-06-28 22:02:17.085119,569.9
7780,2025-06-28 22:22:17.088072,572.04
7781,2025-06-28 22:42:17.084770,569.2
7782,2025-06-28 23:02:17.092095,567.32
7783,2025-06-28 23:22:17.083781,567.03
7784,2025-06-28 23:42:17.083761,571.92
7785,2025-06-29 00:02:17.084330,572.24
7786,2025-06-29 00:22:17.083823,572.98
7787,2025-06-29 00:42:17.080725,573.78
7788,2025-06-29 01:02:17.085801,572.73
7789,2025-06-29 01:22:17.087541,567.41
7790,2025-06-29 01:42:17.088326,560.38
7791,2025-06-29 02:02:17.081629,557.16
7792,2025-06-29 02:22:17.082445,548.32
7793,2025-06-29 02:42:17.074802,535.77
7794,2025-06-29 03:02:17.081440,531.87
7795,2025-06-29 03:22:17.080201,528.69
7796,2025-06-29 03:42:17.080614,525.96
7797,2025-06-29 04:02:17.082563,523.48
7798,2025-06-29 23:42:16.688781,529.76
7799,2025-06-30 15:22:16.942973,495.32
7800,2025-06-30 15:42:16.966979,497.95
7801,2025-06-30 16:02:16.945798,500.77
7802,2025-06-30 16:22:16.700525,498.9
7803,2025-06-30 16:42:16.704835,494.78
7804,2025-06-30 17:02:16.942531,491.48
7805,2025-06-30 17:22:16.949767,493.95
7806,2025-06-30 17:42:17.280347,491.18
7807,2025-06-30 18:02:17.066918,488.64
7808,2025-06-30 18:22:17.087489,483.94
7809,2025-06-30 18:42:17.254813,473.38
7810,2025-06-30 19:02:17.079257,463.14
7811,2025-06-30 19:22:17.082263,453.92
7812,2025-06-30 19:42:17.084080,446.14
7813,2025-06-30 20:02:17.138254,446.04
7814,2025-06-30 20:22:17.083111,447.6
7815,2025-06-30 20:42:17.082975,452.5
7816,2025-06-30 21:02:17.089519,455.62
7817,2025-06-30 21:22:17.078321,455.71
7818,2025-06-30 21:42:17.106195,457.88
7819,2025-06-30 22:02:17.077968,454.76
7820,2025-06-30 22:22:17.078233,456.12
7821,2025-06-30 22:42:17.104939,455.26
7822,2025-06-30 23:02:17.101543,452.68
7823,2025-06-30 23:22:17.078569,450.05
7824,2025-06-30 23:42:17.070888,447.44
7825,2025-07-01 00:02:17.088308,446.79
7826,2025-07-01 00:22:17.079907,443.4
7827,2025-07-01 00:42:17.080890,437.08
7828,2025-07-01 01:02:17.090439,426.96
7829,2025-07-01 01:22:17.079666,421.73
7830,2025-07-01 01:42:17.083155,417.55
7831,2025-07-01 02:02:17.084429,412.95
7832,2025-07-01 02:22:17.094915,410.98
7833,2025-07-01 02:42:17.086115,406.78
7834,2025-07-01 03:02:17.105106,404.92
7835,2025-07-01 03:22:17.095806,400.67
7836,2025-07-01 03:42:17.084170,398.78
7837,2025-07-01 04:02:17.083210,400.24
7838,2025-07-01 04:22:17.079205,400.5
7839,2025-07-01 04:42:17.090053,397.26
7840,2025-07-01 05:02:17.101445,392.58
7841,2025-07-01 05:22:17.084332,393.58
7842,2025-07-01 05:42:17.088324,395.57
7843,2025-07-01 06:02:17.079893,399.71
7844,2025-07-01 06:22:17.080009,403.08
7845,2025-07-01 06:42:17.077223,410.48
7846,2025-07-01 07:02:17.082389,411.4
7847,2025-07-01 07:22:17.080375,410.19
7848,2025-07-01 07:42:17.079706,414.31
7849,2025-07-01 08:02:17.083300,419.37
7850,2025-07-01 08:22:17.087779,420.9
7851,2025-07-01 08:42:17.102485,423.6
7852,2025-07-01 09:02:17.102218,421.54
7853,2025-07-01 09:22:17.087011,424.87
7854,2025-07-01 09:42:17.093349,431.44
7855,2025-07-01 10:02:17.077003,435.26
7856,2025-07-01 10:22:17.102369,441.42
7857,2025-07-01 10:42:17.085008,444.08
7858,2025-07-01 11:02:17.100576,447.52
7859,2025-07-01 11:22:17.087904,450.12
7860,2025-07-01 11:42:17.083875,451.2
7861,2025-07-01 12:02:17.087375,452.59
7862,2025-07-01 12:22:17.083760,447.18
7863,2025-07-01 12:42:17.083295,444.4
7864,2025-07-01 13:02:17.078423,444.08
7865,2025-07-01 13:22:17.106495,439.24
7866,2025-07-01 13:42:17.097322,435.66
7867,2025-07-01 14:02:17.115008,433.0
7868,2025-07-01 14:22:17.092476,426.82
7869,2025-07-01 14:42:16.744706,422.46
7870,2025-07-01 15:02:17.099161,420.02
7871,2025-07-01 15:22:17.160487,415.38
7872,2025-07-01 15:42:17.078571,413.1
7873,2025-07-01 16:02:17.089334,410.75
7874,2025-07-01 16:22:17.094552,409.9
7875,2025-07-01 16:42:17.084897,409.6
7876,2025-07-01 17:02:16.716921,407.24
7877,2025-07-01 17:22:17.092686,408.23
7878,2025-07-01 17:42:17.101377,408.7
7879,2025-07-01 18:02:17.087791,414.16
7880,2025-07-01 18:22:17.165026,419.34
7881,2025-07-01 18:42:17.092607,422.56
7882,2025-07-01 19:02:17.082864,425.9
7883,2025-07-01 19:22:16.927957,425.44
7884,2025-07-01 19:42:17.091779,427.83
7885,2025-07-01 20:02:17.086230,426.56
7886,2025-07-01 20:22:17.079451,427.7
7887,2025-07-01 20:42:17.098559,434.74
7888,2025-07-01 21:02:17.082704,440.2
7889,2025-07-01 21:22:17.084950,438.26
7890,2025-07-01 21:42:17.081029,435.27
7891,2025-07-01 22:02:17.086627,437.41
7892,2025-07-01 22:22:17.087310,442.36
7893,2025-07-01 22:42:17.090689,444.86
7894,2025-07-01 23:02:17.097299,448.02
7895,2025-07-01 23:22:17.095381,449.75
7896,2025-07-01 23:42:17.077597,451.93
7897,2025-07-02 00:02:17.090272,454.27
7898,2025-07-02 00:22:17.084503,450.2
7899,2025-07-02 00:42:17.083293,446.6
7900,2025-07-02 01:02:17.069455,443.02
7901,2025-07-02 01:22:17.084505,440.85
7902,2025-07-02 01:42:17.094742,440.75
7903,2025-07-02 02:02:17.100911,442.5
7904,2025-07-02 02:22:17.078835,448.71
7905,2025-07-02 02:42:17.082491,452.12
7906,2025-07-02 03:02:17.084904,451.98
7907,2025-07-02 03:22:17.080049,454.8
7908,2025-07-02 03:42:17.099179,458.79
7909,2025-07-02 04:02:17.077283,466.63
7910,2025-07-02 04:22:17.096897,473.19
7911,2025-07-02 04:42:17.085130,479.22
7912,2025-07-02 05:02:17.082817,488.8
7913,2025-07-02 05:22:17.078445,497.18
7914,2025-07-02 05:42:17.084350,502.28
7915,2025-07-02 06:02:17.089340,508.05
7916,2025-07-03 15:42:17.088789,484.58
7917,2025-07-03 16:02:17.084707,487.52
7918,2025-07-03 16:22:17.090323,482.41
7919,2025-07-03 16:42:17.082342,477.4
7920,2025-07-03 17:02:17.091928,471.41
7921,2025-07-03 17:22:17.078923,464.84
7922,2025-07-03 17:42:16.934836,463.28
7923,2025-07-03 18:02:17.089376,461.66
7924,2025-07-03 18:22:17.083201,459.81
7925,2025-07-03 18:42:17.085047,459.44
7926,2025-07-03 19:02:17.082237,457.82
7927,2025-07-03 19:22:17.096245,460.96
7928,2025-07-03 19:42:17.085630,461.38
7929,2025-07-03 20:02:17.082003,466.88
7930,2025-07-03 20:22:17.082211,465.16
7931,2025-07-03 20:42:17.103859,463.56
7932,2025-07-03 21:02:17.095134,463.29
7933,2025-07-03 21:22:17.084838,465.0
7934,2025-07-03 21:42:17.101800,464.82
7935,2025-07-03 22:02:17.100294,466.98
7936,2025-07-03 22:22:17.107337,467.96
7937,2025-07-03 22:42:17.107562,473.08
7938,2025-07-03 23:02:17.309383,483.03
7939,2025-07-03 23:22:17.103232,491.36
7940,2025-07-03 23:42:17.084033,503.48
7941,2025-07-04 00:02:17.084076,509.62
7942,2025-07-04 00:22:17.091196,511.32
7943,2025-07-04 00:42:17.127034,516.94
7944,2025-07-04 01:02:17.092572,519.54
7945,2025-07-04 01:22:17.094866,523.77
7946,2025-07-04 01:42:17.077945,523.38
7947,2025-07-04 02:02:17.086215,528.9
7948,2025-07-04 02:22:17.111085,529.74
7949,2025-07-04 02:42:17.094086,532.53
7950,2025-07-04 03:02:17.087744,530.47
7951,2025-07-04 03:22:17.078546,535.8
7952,2025-07-04 03:42:17.086075,533.5
7953,2025-07-04 04:02:17.081933,534.74
7954,2025-07-04 04:22:17.084866,539.28
7955,2025-07-04 04:42:17.085150,539.49
7956,2025-07-04 05:02:17.075588,540.61
7957,2025-07-04 05:22:17.088527,543.67
7958,2025-07-04 05:42:17.084319,547.1
7959,2025-07-04 06:02:17.084310,543.54
7960,2025-07-04 06:22:17.085468,545.68
7961,2025-07-04 06:42:17.083703,548.72
7962,2025-07-04 07:02:17.081363,547.0
7963,2025-07-04 07:22:17.083213,546.03
7964,2025-07-04 07:42:17.089714,545.55
7965,2025-07-04 08:02:17.080829,539.2
7966,2025-07-04 08:22:17.085148,542.72
7967,2025-07-04 08:42:17.072095,543.06
7968,2025-07-04 09:02:17.088972,544.67
7969,2025-07-04 09:22:17.096186,547.4
7970,2025-07-04 09:42:17.084232,549.42
7971,2025-07-04 10:02:17.083011,550.98
7972,2025-07-04 10:22:17.085517,556.38
7973,2025-07-04 10:42:17.088349,559.4
7974,2025-07-04 11:02:17.088689,562.72
7975,2025-07-04 11:22:17.079921,565.65
7976,2025-07-04 11:42:17.081734,569.75
7977,2025-07-04 12:02:17.081128,571.76
7978,2025-07-04 12:22:17.085049,572.7
7979,2025-07-04 12:42:17.081227,574.38
7980,2025-07-04 13:02:17.078356,576.33
7981,2025-07-04 13:22:17.085343,580.06
7982,2025-07-04 13:42:17.083723,579.72
7983,2025-07-04 14:02:17.084802,581.52
7984,2025-07-04 14:22:17.092635,583.56
7985,2025-07-04 14:42:17.093439,583.78
7986,2025-07-04 15:02:17.081376,584.4
7987,2025-07-04 15:22:17.082754,585.65
7988,2025-07-04 15:42:17.101275,586.3
7989,2025-07-04 16:02:17.075728,585.18
7990,2025-07-04 16:22:17.080115,584.36
7991,2025-07-04 16:42:16.782238,585.48
7992,2025-07-04 17:02:17.103339,581.58
7993,2025-07-04 17:22:17.082776,579.64
7994,2025-07-04 17:42:17.085645,574.28
7995,2025-07-04 18:02:17.099789,573.38
7996,2025-07-04 18:22:17.082244,566.1
7997,2025-07-04 18:42:17.081366,564.64
7998,2025-07-04 19:02:17.082591,562.4
7999,2025-07-04 19:22:17.086520,557.63
8000,2025-07-04 19:42:17.089537,558.15
8001,2025-07-04 20:02:17.082889,561.07
8002,2025-07-04 20:22:17.089014,559.88
8003,2025-07-04 20:42:17.080536,554.74
8004,2025-07-04 21:02:17.093567,555.32
8005,2025-07-04 21:22:16.975614,555.52
8006,2025-07-04 21:42:17.125945,554.52
8007,2025-07-04 22:02:17.082280,557.5
8008,2025-07-04 22:42:17.085193,557.2
8009,2025-07-04 23:02:17.116248,561.02
8010,2025-07-04 23:22:17.083155,559.64
8011,2025-07-04 23:42:17.098986,560.2
8012,2025-07-05 00:02:17.088882,558.61
8013,2025-07-05 00:22:17.085429,561.64
8014,2025-07-05 00:42:17.092739,559.02
8015,2025-07-05 01:02:17.082934,557.24
8016,2025-07-05 01:22:17.074480,556.24
8017,2025-07-05 01:42:17.083850,554.93
8018,2025-07-05 02:02:17.089815,552.77
8019,2025-07-05 02:22:17.100271,551.17
8020,2025-07-05 02:42:17.083676,551.26
8021,2025-07-05 03:02:17.101352,551.86
8022,2025-07-05 03:22:17.088700,549.14
8023,2025-07-05 03:42:17.088517,552.32
8024,2025-07-05 04:02:17.102733,554.48
8025,2025-07-05 04:22:17.094767,558.12
8026,2025-07-05 04:42:17.119185,559.26
8027,2025-07-05 05:02:17.085639,562.48
8028,2025-07-05 05:22:17.100668,564.76
8029,2025-07-05 05:42:17.155356,566.97
8030,2025-07-05 06:02:17.086354,570.07
8031,2025-07-05 06:22:17.090889,572.66
8032,2025-07-05 06:42:17.077575,575.02
8033,2025-07-05 07:02:17.092439,577.68
8034,2025-07-05 07:22:17.094826,581.22
8035,2025-07-05 07:42:17.063273,580.44
8036,2025-07-05 08:02:17.082370,583.43
8037,2025-07-05 08:22:17.110327,587.17
8038,2025-07-05 08:42:17.080507,588.07
8039,2025-07-05 09:02:17.080314,589.5
8040,2025-07-05 09:22:17.087273,590.42
8041,2025-07-05 09:42:17.097452,591.78
8042,2025-07-05 10:02:17.083462,592.77
8043,2025-07-05 10:22:17.086713,591.83
8044,2025-07-05 10:42:17.082623,592.95
8045,2025-07-05 11:02:17.080744,591.17
8046,2025-07-05 11:22:17.102587,588.4
8047,2025-07-05 11:42:17.081224,586.74
8048,2025-07-05 12:02:17.084134,583.5
8049,2025-07-05 12:22:17.086324,581.06
8050,2025-07-05 12:42:17.087484,579.44
8051,2025-07-05 13:02:17.082288,576.64
8052,2025-07-05 13:22:17.081948,573.9
8053,2025-07-05 13:42:17.094082,570.88
8054,2025-07-05 14:02:17.083526,568.96
8055,2025-07-05 14:22:17.087503,566.62
8056,2025-07-05 14:42:17.084241,564.12
8057,2025-07-05 15:02:17.075719,561.35
8058,2025-07-05 15:22:17.086216,558.08
8059,2025-07-05 15:42:16.947386,553.6
8060,2025-07-05 16:02:17.089114,551.48
8061,2025-07-05 16:22:17.079643,549.8
8062,2025-07-05 16:42:17.105065,545.47
8063,2025-07-05 17:02:17.063835,542.39
8064,2025-07-05 17:22:17.091783,537.92
8065,2025-07-05 17:42:17.085432,530.9
8066,2025-07-05 18:02:17.107587,524.84
8067,2025-07-05 18:22:17.127057,521.42
8068,2025-07-05 18:42:17.082202,525.41
8069,2025-07-05 19:02:17.076638,525.19
8070,2025-07-05 19:22:17.099002,526.93
8071,2025-07-05 19:42:17.086175,525.68
8072,2025-07-05 20:02:17.088488,524.9
8073,2025-07-05 20:22:17.101424,529.04
8074,2025-07-05 20:42:17.270834,531.52
8075,2025-07-05 21:02:17.083334,535.04
8076,2025-07-05 21:22:17.078072,541.08
8077,2025-07-05 21:42:17.093966,544.18
8078,2025-07-05 22:02:17.095081,547.38
8079,2025-07-05 22:22:17.124274,549.9
8080,2025-07-05 22:42:17.097458,553.72
8081,2025-07-05 23:02:17.084099,556.82
8082,2025-07-05 23:22:17.087571,559.36
8083,2025-07-05 23:42:17.071424,561.44
8084,2025-07-06 00:02:17.118267,564.18
8085,2025-07-06 00:22:17.228862,564.78
8086,2025-07-06 00:42:17.098865,566.66
8087,2025-07-06 01:02:17.097539,566.36
8088,2025-07-06 01:22:17.119749,567.9
8089,2025-07-06 01:42:17.085149,568.81
8090,2025-07-06 02:02:17.080733,571.6
8091,2025-07-06 02:22:17.109671,575.06
8092,2025-07-06 02:42:17.086692,577.82
8093,2025-07-06 03:02:17.083320,579.16
8094,2025-07-06 03:22:17.087969,582.43
8095,2025-07-06 03:42:17.093337,586.67
8096,2025-07-06 04:02:17.083491,590.94
8097,2025-07-06 04:22:17.102579,592.76
8098,2025-07-06 04:42:17.093673,594.56
8099,2025-07-06 05:02:17.083572,596.44
8100,2025-07-06 05:22:17.080622,599.99
8101,2025-07-06 05:42:17.091656,600.35
8102,2025-07-06 06:02:17.093830,599.98
8103,2025-07-06 06:22:17.083858,602.7
8104,2025-07-06 14:42:16.947259,622.58
8105,2025-07-06 15:02:16.969026,621.2
8106,2025-07-06 15:22:16.948379,618.0
8107,2025-07-06 15:42:16.709839,615.28
8108,2025-07-06 16:02:17.092099,608.85
8109,2025-07-06 16:22:17.100785,606.95
8110,2025-07-06 16:42:17.083881,601.24
8111,2025-07-06 23:42:16.694614,600.34
8112,2025-07-07 17:02:16.940027,588.44
8113,2025-07-07 23:42:16.950578,505.54
8114,2025-07-08 20:02:16.706290,355.89
8115,2025-07-08 20:22:16.706776,356.86
8116,2025-07-08 20:42:16.948542,357.2
8117,2025-07-08 21:02:16.939211,363.28
8118,2025-07-08 21:22:16.940947,368.73
8119,2025-07-08 21:42:16.944285,378.63
8120,2025-07-08 22:02:16.947671,382.06
8121,2025-07-08 22:22:16.696365,390.05
8122,2025-07-08 22:42:16.695039,392.88
8123,2025-07-08 23:02:16.695468,395.06
8124,2025-07-08 23:22:16.948830,393.84
8125,2025-07-08 23:42:16.954483,393.25
8126,2025-07-09 00:02:16.946040,391.74
8127,2025-07-09 00:22:16.953809,387.96
8128,2025-07-09 00:42:17.088424,384.02
8129,2025-07-09 01:02:16.702622,386.28
8130,2025-07-09 01:22:16.693788,384.46
8131,2025-07-09 01:42:16.701531,381.92
8132,2025-07-09 02:02:16.944633,383.66
8133,2025-07-09 02:22:16.945069,386.54
8134,2025-07-09 02:42:16.945297,390.32
8135,2025-07-09 03:02:16.940829,395.3
8136,2025-07-09 03:22:16.692792,402.58
8137,2025-07-09 03:42:16.702245,404.22
8138,2025-07-09 04:02:16.952242,408.72
8139,2025-07-09 04:22:17.037099,412.0
8140,2025-07-09 04:42:16.701973,413.52
8141,2025-07-09 05:02:17.086972,412.72
8142,2025-07-09 05:22:17.082625,413.51
8143,2025-07-09 05:42:17.081394,412.79
8144,2025-07-09 06:02:17.082914,415.99
8145,2025-07-09 06:22:17.086428,418.64
8146,2025-07-09 06:42:17.088519,416.88
8147,2025-07-09 07:02:17.097534,419.02
8148,2025-07-09 07:22:17.087749,420.92
8149,2025-07-09 07:42:17.071127,426.14
8150,2025-07-09 08:02:17.079454,428.27
8151,2025-07-09 08:42:17.094362,432.54
8152,2025-07-09 09:02:17.085447,436.54
8153,2025-07-09 09:22:17.076911,436.3
8154,2025-07-09 09:42:17.092496,439.8
8155,2025-07-09 10:02:17.085289,445.08
8156,2025-07-09 10:22:17.088424,449.53
8157,2025-07-09 10:42:17.075566,456.1
8158,2025-07-09 11:02:17.084544,460.58
8159,2025-07-09 11:22:17.080751,466.08
8160,2025-07-09 11:42:17.104024,471.03
8161,2025-07-09 12:02:17.107721,473.19
8162,2025-07-09 12:22:17.114386,475.19
8163,2025-07-09 12:42:17.080871,475.62
8164,2025-07-09 13:02:17.090595,470.54
8165,2025-07-09 13:22:16.784449,466.86
8166,2025-07-09 13:42:17.094703,458.51
8167,2025-07-09 14:02:17.083824,449.02
8168,2025-07-09 14:22:17.087275,443.63
8169,2025-07-09 14:42:17.091048,431.64
8170,2025-07-09 15:02:17.088250,424.08
8171,2025-07-09 15:22:17.084083,424.0
8172,2025-07-09 15:42:17.095410,426.66
8173,2025-07-09 16:02:17.104761,424.8
8174,2025-07-09 16:22:17.081966,425.78
8175,2025-07-09 16:42:17.100374,425.08
8176,2025-07-09 17:02:17.077997,422.54
8177,2025-07-09 17:22:17.083074,424.18
8178,2025-07-09 17:42:17.072543,425.29
8179,2025-07-09 18:02:16.826777,424.07
8180,2025-07-09 18:22:17.086781,416.74
8181,2025-07-09 18:42:17.085860,411.28
8182,2025-07-09 19:02:17.082260,407.2
8183,2025-07-09 19:22:17.087485,403.92
8184,2025-07-09 19:42:17.081517,401.97
8185,2025-07-09 20:02:17.082956,397.24
8186,2025-07-09 20:22:16.917801,393.32
8187,2025-07-09 20:42:17.081267,394.13
8188,2025-07-09 21:02:17.094788,393.98
8189,2025-07-09 21:22:17.087434,392.24
8190,2025-07-09 21:42:17.087038,394.4
8191,2025-07-09 22:02:17.083916,400.45
8192,2025-07-09 22:22:17.087082,406.16
8193,2025-07-09 22:42:16.926996,411.29
8194,2025-07-09 23:02:17.093025,415.5
8195,2025-07-09 23:22:17.090010,419.88
8196,2025-07-09 23:42:17.086360,427.82
8197,2025-07-10 00:02:17.090789,427.76
8198,2025-07-10 00:22:17.094464,427.42
8199,2025-07-10 00:42:17.081586,428.81
8200,2025-07-10 01:02:17.083779,430.82
8201,2025-07-10 01:22:17.083662,430.78
8202,2025-07-10 01:42:17.073755,434.42
8203,2025-07-10 02:02:17.083698,438.05
8204,2025-07-10 02:22:17.078129,442.6
8205,2025-07-10 02:42:17.084890,445.67
8206,2025-07-10 03:02:17.083004,451.44
8207,2025-07-10 03:22:17.085331,451.72
8208,2025-07-10 03:42:17.090446,453.88
8209,2025-07-10 04:02:17.084690,455.79
8210,2025-07-10 04:22:17.086200,459.98
8211,2025-07-10 04:42:17.098860,460.87
8212,2025-07-10 05:02:17.081355,463.62
8213,2025-07-10 05:22:17.088561,466.74
8214,2025-07-10 05:42:17.072182,470.02
8215,2025-07-10 06:02:17.078936,475.96
8216,2025-07-10 06:22:17.087027,480.21
8217,2025-07-10 06:42:17.087859,483.59
8218,2025-07-10 07:02:17.082213,487.79
8219,2025-07-10 07:22:17.102371,490.76
8220,2025-07-10 07:42:17.084655,495.18
8221,2025-07-10 08:02:17.095599,498.08
8222,2025-07-10 08:22:17.100098,502.42
8223,2025-07-10 08:42:17.091901,504.48
8224,2025-07-10 09:02:17.097880,507.5
8225,2025-07-10 09:22:17.081721,510.28
8226,2025-07-10 09:42:17.081367,513.74
8227,2025-07-10 10:02:17.084340,514.68
8228,2025-07-10 10:22:17.114320,519.84
8229,2025-07-10 10:42:17.096405,520.26
8230,2025-07-10 11:02:17.223253,522.18
8231,2025-07-10 11:22:17.076173,522.66
8232,2025-07-10 11:42:17.082660,522.7
8233,2025-07-10 12:02:17.082625,521.94
8234,2025-07-10 12:22:17.093800,523.23
8235,2025-07-10 12:42:17.087340,522.78
8236,2025-07-10 13:02:17.093666,525.19
8237,2025-07-10 13:22:17.081792,527.0
8238,2025-07-10 13:42:16.946103,524.72
8239,2025-07-10 14:02:17.084412,521.34
8240,2025-07-10 14:22:17.092321,519.01
8241,2025-07-10 14:42:17.083341,516.8
8242,2025-07-10 15:02:17.093355,513.71
8243,2025-07-10 15:22:17.080242,507.95
8244,2025-07-10 15:42:17.077823,500.5
8245,2025-07-10 16:02:17.088507,498.4
8246,2025-07-10 16:22:17.085591,492.6
8247,2025-07-10 16:42:17.089125,488.9
8248,2025-07-10 17:02:17.120658,485.66
8249,2025-07-10 17:22:17.091477,483.06
8250,2025-07-10 17:42:17.081540,484.64
8251,2025-07-10 18:02:17.084214,487.0
8252,2025-07-10 18:22:17.082886,493.28
8253,2025-07-10 18:42:17.082693,496.76
8254,2025-07-10 19:02:17.084654,499.02
8255,2025-07-10 19:22:17.094146,497.57
8256,2025-07-10 19:42:17.090157,492.84
8257,2025-07-10 20:02:17.084609,489.16
8258,2025-07-10 20:22:17.081726,486.8
8259,2025-07-10 20:42:17.084429,488.42
8260,2025-07-10 21:02:17.090042,491.97
8261,2025-07-10 21:22:17.093748,496.99
8262,2025-07-10 21:42:17.091450,500.96
8263,2025-07-10 22:02:17.086421,496.8
8264,2025-07-10 22:22:17.081371,495.74
8265,2025-07-10 22:42:17.095679,495.11
8266,2025-07-10 23:02:17.064566,494.51
8267,2025-07-10 23:22:17.080903,495.64
8268,2025-07-10 23:42:17.093627,499.44
8269,2025-07-11 00:02:17.084239,502.74
8270,2025-07-11 00:22:17.087343,504.46
8271,2025-07-11 00:42:17.091585,507.22
8272,2025-07-11 01:02:17.084745,507.61
8273,2025-07-11 01:22:17.084784,509.25
8274,2025-07-11 01:42:17.081345,509.32
8275,2025-07-11 02:02:17.091876,511.98
8276,2025-07-11 02:22:16.872443,510.74
8277,2025-07-11 02:42:17.098445,509.93
8278,2025-07-11 03:02:17.079654,513.51
8279,2025-07-11 03:22:17.086652,516.21
8280,2025-07-11 03:42:17.083127,517.98
8281,2025-07-11 04:02:17.082414,518.5
8282,2025-07-11 04:22:17.077661,520.62
8283,2025-07-11 04:42:17.086396,520.31
8284,2025-07-11 05:02:17.086862,518.83
8285,2025-07-11 05:22:17.071230,520.55
8286,2025-07-11 05:42:17.082495,515.4
8287,2025-07-11 06:02:17.081063,511.74
8288,2025-07-11 06:22:17.085261,510.72
8289,2025-07-11 06:42:17.079438,510.54
8290,2025-07-11 07:02:17.000993,515.12
8291,2025-07-11 07:22:17.078330,516.54
8292,2025-07-11 07:42:17.094933,521.04
8293,2025-07-11 08:02:17.083898,526.14
8294,2025-07-11 08:22:17.075672,532.16
8295,2025-07-11 08:42:17.092609,535.26
8296,2025-07-11 09:02:17.090142,536.83
8297,2025-07-11 09:22:17.081652,538.87
8298,2025-07-11 09:42:17.086277,541.51
8299,2025-07-11 10:02:17.082285,545.54
8300,2025-07-11 10:22:17.094659,545.82
8301,2025-07-11 10:42:17.091617,545.4
8302,2025-07-11 11:02:17.090257,548.98
8303,2025-07-11 11:22:17.087032,550.0
8304,2025-07-11 11:42:17.082740,550.53
8305,2025-07-11 12:02:17.114387,549.62
8306,2025-07-11 12:22:17.077409,550.52
8307,2025-07-11 12:42:17.091885,552.48
8308,2025-07-11 13:02:17.105570,553.82
8309,2025-07-11 13:22:17.097189,556.19
8310,2025-07-11 13:42:17.072903,557.57
8311,2025-07-11 14:02:17.089323,557.04
8312,2025-07-11 14:22:17.083541,560.16
8313,2025-07-11 14:42:17.087073,560.7
8314,2025-07-11 15:02:17.089073,561.53
8315,2025-07-11 15:22:17.087271,561.7
8316,2025-07-11 15:42:17.083053,562.72
8317,2025-07-11 16:02:17.078006,564.56
8318,2025-07-11 16:22:17.083370,564.24
8319,2025-07-11 16:42:17.101401,564.5
8320,2025-07-11 17:02:17.088361,563.32
8321,2025-07-11 17:22:17.073975,556.04
8322,2025-07-11 17:42:17.097240,553.09
8323,2025-07-11 18:02:17.080196,549.32
8324,2025-07-11 18:22:17.105530,545.28
8325,2025-07-11 18:42:17.088358,547.02
8326,2025-07-11 19:22:17.084912,543.75
8327,2025-07-11 19:42:17.081551,543.63
8328,2025-07-11 20:02:17.096777,542.12
8329,2025-07-11 20:22:17.079610,541.84
8330,2025-07-11 20:42:17.086344,540.48
8331,2025-07-11 21:02:17.098374,537.26
8332,2025-07-11 21:22:17.094259,534.16
8333,2025-07-11 21:42:17.545218,531.32
8334,2025-07-11 22:02:17.079637,528.03
8335,2025-07-11 22:22:17.089380,522.88
8336,2025-07-11 22:42:17.092071,518.66
8337,2025-07-11 23:02:17.082059,518.48
8338,2025-07-11 23:22:17.290299,514.07
8339,2025-07-11 23:42:17.091626,510.54
8340,2025-07-12 00:02:17.087811,511.21
8341,2025-07-12 00:22:17.078761,513.2
8342,2025-07-12 00:42:17.088453,513.98
8343,2025-07-12 01:02:17.089162,516.7
8344,2025-07-12 01:22:17.081783,518.99
8345,2025-07-12 01:42:17.101083,521.85
8346,2025-07-12 02:02:17.081309,521.89
8347,2025-07-12 02:22:17.081683,524.46
8348,2025-07-12 02:42:17.079193,524.84
8349,2025-07-12 03:02:17.078021,527.42
8350,2025-07-12 03:22:17.085498,530.0
8351,2025-07-12 03:42:17.081404,529.0
8352,2025-07-12 04:02:17.091331,530.73
8353,2025-07-12 04:22:17.180666,531.74
8354,2025-07-12 04:42:17.084619,528.74
8355,2025-07-12 05:02:17.099571,527.24
8356,2025-07-12 05:22:17.085691,523.73
8357,2025-07-12 05:42:17.083423,519.79
8358,2025-07-12 06:02:16.925292,522.79
8359,2025-07-12 06:22:17.093880,522.34
8360,2025-07-12 06:42:17.080931,515.42
8361,2025-07-12 07:02:17.083148,507.7
8362,2025-07-12 07:22:17.095509,502.52
8363,2025-07-12 07:42:17.085206,499.2
8364,2025-07-12 08:02:17.094883,502.28
8365,2025-07-12 08:22:17.075167,507.95
8366,2025-07-12 08:42:17.077911,513.66
8367,2025-07-12 09:02:17.078837,519.04
8368,2025-07-12 09:22:17.085248,520.24
8369,2025-07-12 09:42:17.108104,521.4
8370,2025-07-12 10:02:17.105031,518.83
8371,2025-07-12 10:22:17.082032,521.01
8372,2025-07-12 10:42:17.081511,521.1
8373,2025-07-12 11:02:17.082455,519.72
8374,2025-07-12 11:22:17.076836,518.28
8375,2025-07-12 11:42:17.083320,513.8
8376,2025-07-12 12:02:17.086733,510.32
8377,2025-07-12 12:22:17.093003,502.72
8378,2025-07-12 12:42:17.074317,498.26
8379,2025-07-12 13:02:17.084983,493.56
8380,2025-07-12 13:22:17.095782,491.2
8381,2025-07-12 13:42:17.098632,488.24
8382,2025-07-12 14:02:17.102924,483.0
8383,2025-07-12 14:22:17.082678,482.17
8384,2025-07-12 14:42:17.071807,480.68
8385,2025-07-12 15:02:17.070115,473.0
8386,2025-07-12 15:22:17.085016,471.22
8387,2025-07-12 15:42:17.084103,468.45
8388,2025-07-12 16:02:17.084855,464.19
8389,2025-07-12 16:22:17.091365,461.85
8390,2025-07-12 16:42:17.105263,456.65
8391,2025-07-12 17:02:17.087607,458.48
8392,2025-07-12 17:22:17.077995,461.44
8393,2025-07-12 17:42:17.207937,460.49
8394,2025-07-12 18:02:17.088146,459.17
8395,2025-07-12 18:22:17.084706,458.69
8396,2025-07-12 21:22:16.703987,475.84
8397,2025-07-12 21:42:17.084019,475.98
8398,2025-07-12 22:02:17.084814,477.19
8399,2025-07-12 22:22:17.081725,478.66
8400,2025-07-12 22:42:17.077871,483.99
8401,2025-07-12 23:02:17.083002,484.12
8402,2025-07-12 23:22:17.085836,487.6
8403,2025-07-12 23:42:17.090747,495.98
8404,2025-07-13 00:02:17.110576,502.94
8405,2025-07-13 00:22:17.084220,507.57
8406,2025-07-13 00:42:17.104929,511.97
8407,2025-07-13 01:02:17.092966,515.28
8408,2025-07-13 01:22:17.087370,517.8
8409,2025-07-13 01:42:17.095550,523.28
8410,2025-07-13 02:02:17.076644,525.78
8411,2025-07-13 02:22:17.087222,530.83
8412,2025-07-13 02:42:17.081370,531.41
8413,2025-07-13 03:02:17.092955,532.64
8414,2025-07-13 23:42:17.089739,465.78
8415,2025-07-14 04:22:16.938198,407.02
8416,2025-07-14 18:22:16.947202,404.86
8417,2025-07-14 18:42:16.697389,399.91
8418,2025-07-14 19:02:16.699087,395.52
8419,2025-07-14 19:22:16.957762,394.18
8420,2025-07-14 19:42:16.947937,392.44
8421,2025-07-14 20:02:16.706362,390.82
8422,2025-07-14 20:22:16.707464,385.43
8423,2025-07-14 20:42:16.707965,390.18
8424,2025-07-14 21:02:17.085227,388.74
8425,2025-07-14 21:22:17.087512,392.32
8426,2025-07-14 21:42:17.084341,395.77
8427,2025-07-14 22:02:17.080800,402.6
8428,2025-07-14 22:22:17.082251,405.92
8429,2025-07-14 22:42:17.093936,411.48
8430,2025-07-14 23:02:17.084664,415.22
8431,2025-07-14 23:22:16.801311,421.24
8432,2025-07-14 23:42:17.076124,420.39
8433,2025-07-15 00:02:17.078604,414.04
8434,2025-07-15 00:22:17.095549,409.81
8435,2025-07-15 00:42:17.092294,407.38
8436,2025-07-15 01:02:17.084096,400.42
8437,2025-07-15 01:22:17.086515,387.32
8438,2025-07-15 01:42:17.078729,379.94
8439,2025-07-15 02:02:17.078745,376.47
8440,2025-07-15 02:22:17.074196,375.78
8441,2025-07-15 02:42:17.082078,377.4
8442,2025-07-15 03:02:17.083140,383.84
8443,2025-07-15 03:22:17.104945,383.8
8444,2025-07-15 03:42:17.078416,374.51
8445,2025-07-15 04:02:17.081461,370.4
8446,2025-07-15 04:22:17.081779,369.27
8447,2025-07-15 04:42:17.083140,366.04
8448,2025-07-15 05:02:17.082530,363.66
8449,2025-07-15 05:22:17.099369,362.28
8450,2025-07-15 05:42:17.085651,359.47
8451,2025-07-15 06:02:17.086788,359.56
8452,2025-07-15 06:22:17.079746,356.69
8453,2025-07-15 06:42:17.084711,356.76
8454,2025-07-15 07:02:17.078890,355.36
8455,2025-07-15 07:22:17.096918,356.74
8456,2025-07-15 07:42:17.106379,353.0
8457,2025-07-15 08:02:17.082185,354.45
8458,2025-07-15 08:22:17.081845,357.08
8459,2025-07-15 08:42:17.081570,360.47
8460,2025-07-15 09:02:17.083876,363.1
8461,2025-07-15 09:22:17.083245,361.52
8462,2025-07-15 09:42:17.085740,359.48
8463,2025-07-15 10:02:17.091907,358.37
8464,2025-07-15 10:22:17.077979,358.72
8465,2025-07-15 10:42:17.096198,359.01
8466,2025-07-15 11:02:17.094805,360.2
8467,2025-07-15 11:22:17.084345,363.26
8468,2025-07-15 11:42:17.091576,363.12
8469,2025-07-15 12:02:17.098006,358.6
8470,2025-07-15 12:22:17.092418,355.39
8471,2025-07-15 12:42:17.083498,348.24
8472,2025-07-15 13:02:17.099650,346.98
8473,2025-07-15 13:22:17.115250,348.94
8474,2025-07-15 13:42:17.111575,349.26
8475,2025-07-15 14:02:17.086711,342.71
8476,2025-07-15 14:22:17.079988,341.29
8477,2025-07-15 14:42:17.088665,340.06
8478,2025-07-15 15:02:17.087922,334.76
8479,2025-07-15 15:22:17.085428,329.34
8480,2025-07-15 15:42:17.086270,326.46
8481,2025-07-15 16:02:17.082623,321.28
8482,2025-07-15 16:42:17.096454,317.53
8483,2025-07-15 17:02:17.082178,318.48
8484,2025-07-15 17:22:17.087955,317.74
8485,2025-07-15 17:42:17.090613,318.98
8486,2025-07-15 18:02:17.095788,318.84
8487,2025-07-15 18:22:17.083473,317.29
8488,2025-07-15 18:42:17.075688,316.68
8489,2025-07-15 19:02:17.084725,314.52
8490,2025-07-15 19:22:17.084853,314.52
8491,2025-07-15 19:42:17.079020,314.72
8492,2025-07-15 20:02:17.086336,318.48
8493,2025-07-15 20:22:17.081763,319.85
8494,2025-07-15 20:42:17.083495,322.79
8495,2025-07-15 21:02:17.076142,324.3
8496,2025-07-15 21:22:17.087609,324.22
8497,2025-07-15 21:42:17.082747,326.26
8498,2025-07-15 22:02:17.092334,324.52
8499,2025-07-15 22:22:16.990027,326.87
8500,2025-07-15 22:42:17.080358,328.62
8501,2025-07-15 23:02:17.080821,331.76
8502,2025-07-15 23:22:17.084172,336.2
8503,2025-07-15 23:42:17.088095,338.12
8504,2025-07-16 00:02:17.088565,343.34
8505,2025-07-16 00:22:17.089449,346.74
8506,2025-07-16 00:42:17.084425,351.54
8507,2025-07-16 01:02:17.093784,358.36
8508,2025-07-16 01:22:17.077429,361.78
8509,2025-07-16 01:42:17.083486,366.32
8510,2025-07-16 02:02:17.089844,372.12
8511,2025-07-16 02:22:17.086058,377.87
8512,2025-07-16 02:42:17.076394,382.23
8513,2025-07-16 03:02:17.089093,386.69
8514,2025-07-16 03:22:17.081606,387.5
8515,2025-07-16 03:42:17.076858,389.22
8516,2025-07-16 04:02:17.080957,391.54
8517,2025-07-16 04:22:17.087387,391.48
8518,2025-07-16 04:42:17.075373,393.31
8519,2025-07-16 05:02:17.080789,399.5
8520,2025-07-16 05:22:17.104609,405.84
8521,2025-07-16 05:42:17.086127,410.12
8522,2025-07-16 06:02:17.084632,414.84
8523,2025-07-16 06:22:17.095752,416.25
8524,2025-07-16 06:42:17.090796,416.15
8525,2025-07-16 07:02:17.083230,415.61
8526,2025-07-16 07:22:17.086662,413.92
8527,2025-07-16 07:42:17.091899,412.46
8528,2025-07-16 08:02:17.085763,412.02
8529,2025-07-16 08:22:17.085264,410.63
8530,2025-07-16 08:42:17.091852,413.43
8531,2025-07-16 09:02:17.081756,414.33
8532,2025-07-16 09:22:17.081525,416.72
8533,2025-07-16 09:42:17.082599,418.84
8534,2025-07-16 10:02:17.092249,421.32
8535,2025-07-16 10:22:17.082795,426.54
8536,2025-07-16 10:42:17.091581,430.16
8537,2025-07-16 11:02:17.088226,431.18
8538,2025-07-16 11:22:17.089365,435.14
8539,2025-07-16 11:42:17.084471,430.46
8540,2025-07-16 12:02:17.084319,425.82
8541,2025-07-16 12:22:17.101886,426.21
8542,2025-07-16 12:42:17.072419,426.06
8543,2025-07-16 13:02:17.095299,429.1
8544,2025-07-16 13:22:17.082869,435.59
8545,2025-07-16 13:42:17.084349,439.42
8546,2025-07-16 14:02:17.079924,443.2
8547,2025-07-16 14:22:17.089862,443.32
8548,2025-07-16 14:42:17.084475,438.23
8549,2025-07-16 15:02:17.083235,433.52
8550,2025-07-16 15:22:17.076264,424.23
8551,2025-07-16 15:42:16.999098,416.42
8552,2025-07-16 16:02:17.084915,406.96
8553,2025-07-16 16:22:17.083568,395.78
8554,2025-07-16 16:42:17.085916,387.18
8555,2025-07-16 17:02:17.091148,379.69
8556,2025-07-16 17:22:17.082337,374.72
8557,2025-07-16 17:42:17.087276,373.86
8558,2025-07-16 18:02:17.080090,374.34
8559,2025-07-16 18:22:17.089391,376.5
8560,2025-07-16 18:42:17.082956,377.55
8561,2025-07-16 19:02:17.080622,384.71
8562,2025-07-16 19:22:17.083141,391.61
8563,2025-07-16 19:42:17.085056,397.58
8564,2025-07-16 20:02:17.090342,398.96
8565,2025-07-16 20:22:17.084894,403.32
8566,2025-07-16 20:42:17.083026,405.42
8567,2025-07-16 21:02:17.084960,409.32
8568,2025-07-16 21:22:17.079766,412.08
8569,2025-07-16 21:42:17.105120,415.54
8570,2025-07-16 22:02:17.083338,416.96
8571,2025-07-16 22:22:17.086235,418.26
8572,2025-07-16 22:42:17.089734,418.52
8573,2025-07-16 23:02:17.090851,414.87
8574,2025-07-16 23:22:17.084977,416.81
8575,2025-07-16 23:42:17.099045,415.66
8576,2025-07-17 00:02:17.093826,411.34
8577,2025-07-17 00:22:17.081160,410.64
8578,2025-07-17 00:42:17.085428,405.73
8579,2025-07-17 01:02:17.083504,396.86
8580,2025-07-17 01:22:17.082380,389.44
8581,2025-07-17 01:42:17.081300,378.58
8582,2025-07-17 02:02:17.021803,371.82
8583,2025-07-17 02:22:17.084747,370.22
8584,2025-07-17 02:42:17.083562,367.3
8585,2025-07-17 03:02:17.081863,364.59
8586,2025-07-17 03:22:17.085516,359.28
8587,2025-07-17 03:42:17.081893,353.14
8588,2025-07-17 04:02:17.082636,351.64
8589,2025-07-17 04:22:17.078609,349.0
8590,2025-07-17 04:42:17.085513,349.84
8591,2025-07-17 05:02:17.084352,349.28
8592,2025-07-17 05:22:17.077586,346.98
8593,2025-07-17 05:42:17.087849,347.74
8594,2025-07-17 06:02:17.074513,350.86
8595,2025-07-17 06:22:17.084687,356.74
8596,2025-07-17 06:42:17.096932,359.4
8597,2025-07-17 07:02:17.086970,364.79
8598,2025-07-17 07:22:17.083632,365.42
8599,2025-07-17 07:42:17.081899,366.75
8600,2025-07-17 08:02:17.081508,364.38
8601,2025-07-17 08:22:17.085800,362.38
8602,2025-07-17 08:42:17.083819,361.28
8603,2025-07-17 09:02:17.085027,363.96
8604,2025-07-17 09:22:17.086225,362.19
8605,2025-07-17 09:42:17.084230,361.91
8606,2025-07-17 10:02:17.084510,358.94
8607,2025-07-17 10:22:17.084679,357.46
8608,2025-07-17 10:42:17.101312,357.68
8609,2025-07-17 11:02:17.092623,356.52
8610,2025-07-17 11:22:17.105905,357.26
8611,2025-07-17 11:42:17.093981,358.06
8612,2025-07-17 12:02:17.081942,360.78
8613,2025-07-17 12:22:17.085454,362.34
8614,2025-07-17 12:42:17.086578,365.12
8615,2025-07-17 13:02:17.497901,368.91
8616,2025-07-17 13:22:17.088692,371.67
8617,2025-07-17 13:42:17.080386,372.81
8618,2025-07-17 14:02:17.087602,377.22
8619,2025-07-17 14:22:17.079262,374.9
8620,2025-07-17 14:42:17.077338,370.64
8621,2025-07-17 15:02:17.091489,368.58
8622,2025-07-17 15:22:17.080968,371.26
8623,2025-07-17 15:42:17.084803,367.56
8624,2025-07-17 16:02:17.102030,367.97
8625,2025-07-17 16:22:17.084025,368.98
8626,2025-07-17 16:42:17.085403,369.12
8627,2025-07-17 17:02:17.083080,371.6
8628,2025-07-17 17:22:17.080419,373.05
8629,2025-07-17 17:42:17.087008,374.84
8630,2025-07-17 18:02:17.086836,379.41
8631,2025-07-17 18:22:17.082782,379.8
8632,2025-07-17 18:42:17.084233,379.86
8633,2025-07-17 19:02:17.099462,379.18
8634,2025-07-17 19:22:17.092356,379.61
8635,2025-07-17 19:42:17.083961,379.15
8636,2025-07-17 20:02:17.084870,378.5
8637,2025-07-17 20:22:16.774955,375.43
8638,2025-07-17 20:42:17.083363,374.56
8639,2025-07-17 21:02:17.084793,375.18
8640,2025-07-17 21:22:17.090126,377.18
8641,2025-07-17 21:42:17.084540,381.45
8642,2025-07-17 22:02:17.085273,384.2
8643,2025-07-17 22:22:17.082595,384.6
8644,2025-07-17 22:42:17.089698,384.56
8645,2025-07-17 23:02:17.082111,385.78
8646,2025-07-17 23:22:17.092591,382.58
8647,2025-07-17 23:42:17.077837,382.13
8648,2025-07-18 00:02:17.094508,379.7
8649,2025-07-18 00:22:17.081174,376.33
8650,2025-07-18 00:42:17.082076,374.62
8651,2025-07-18 01:02:17.090515,370.9
8652,2025-07-18 01:22:17.085648,371.16
8653,2025-07-18 01:42:17.071845,370.85
8654,2025-07-18 02:02:17.086139,371.07
8655,2025-07-18 02:22:17.091152,373.59
8656,2025-07-18 02:42:17.088405,372.88
8657,2025-07-18 03:02:17.083147,368.18
8658,2025-07-18 03:22:17.086908,366.14
8659,2025-07-18 03:42:17.084214,363.91
8660,2025-07-18 04:02:17.082704,360.84
8661,2025-07-18 04:22:17.079307,358.63
8662,2025-07-18 04:42:17.098776,356.64
8663,2025-07-18 05:02:17.083664,355.36
8664,2025-07-18 05:22:17.094334,354.32
8665,2025-07-18 05:42:17.083316,353.26
8666,2025-07-18 06:02:17.082838,354.18
8667,2025-07-18 06:22:17.084223,353.48
8668,2025-07-18 06:42:17.090350,352.57
8669,2025-07-18 07:02:17.081506,352.0
8670,2025-07-18 07:22:17.079950,350.46
8671,2025-07-18 07:42:17.080622,349.26
8672,2025-07-18 08:02:17.084791,348.9
8673,2025-07-18 08:22:17.095075,348.73
8674,2025-07-18 08:42:17.083499,351.57
8675,2025-07-18 09:02:17.080272,351.76
8676,2025-07-18 09:22:17.102214,350.58
8677,2025-07-18 09:42:17.080685,348.24
8678,2025-07-18 10:02:17.089553,345.58
8679,2025-07-18 10:22:17.102331,346.55
8680,2025-07-18 10:42:17.087708,348.26
8681,2025-07-18 11:02:17.076114,345.88
8682,2025-07-18 11:22:17.078781,343.92
8683,2025-07-18 11:42:17.890752,339.69
8684,2025-07-18 12:02:17.083526,336.94
8685,2025-07-18 12:22:17.089976,333.19
8686,2025-07-18 12:42:17.082349,329.75
8687,2025-07-18 13:02:17.081987,328.31
8688,2025-07-18 13:22:17.085014,326.06
8689,2025-07-18 13:42:17.086117,324.46
8690,2025-07-18 14:02:17.084007,323.3
8691,2025-07-18 14:22:17.079257,324.1
8692,2025-07-18 14:42:16.666391,325.48
8693,2025-07-18 15:02:17.095558,324.44
8694,2025-07-18 15:22:17.089728,322.82
8695,2025-07-18 15:42:17.086006,323.38
8696,2025-07-18 16:02:17.085620,322.88
8697,2025-07-18 16:22:17.087851,323.47
8698,2025-07-18 16:42:17.084443,323.6
8699,2025-07-18 17:02:17.091185,323.07
8700,2025-07-18 17:22:17.107437,324.74
8701,2025-07-18 17:42:17.744714,325.97
8702,2025-07-18 18:02:17.081718,327.68
8703,2025-07-18 18:22:17.089102,327.87
8704,2025-07-18 18:42:17.080928,329.37
8705,2025-07-18 19:02:17.081821,334.49
8706,2025-07-18 19:22:16.950254,339.98
8707,2025-07-18 19:42:17.082008,343.62
8708,2025-07-18 20:02:17.082786,342.7
8709,2025-07-18 20:22:17.079651,342.17
8710,2025-07-18 20:42:17.086648,344.42
8711,2025-07-18 21:02:17.084708,344.85
8712,2025-07-18 21:22:17.078910,348.17
8713,2025-07-18 21:42:17.083660,349.78
8714,2025-07-18 22:02:17.085390,351.18
8715,2025-07-18 22:22:17.081624,350.94
8716,2025-07-18 22:42:17.082474,352.88
8717,2025-07-18 23:02:17.088437,353.09
8718,2025-07-18 23:22:17.076941,353.69
8719,2025-07-18 23:42:17.072727,356.22
8720,2025-07-19 00:02:17.078977,358.54
8721,2025-07-19 00:22:17.085292,359.48
8722,2025-07-19 00:42:17.085497,358.9
8723,2025-07-19 01:02:17.077102,358.91
8724,2025-07-19 01:22:17.131963,357.69
8725,2025-07-19 01:42:17.095190,353.74
8726,2025-07-19 02:02:17.081619,348.44
8727,2025-07-19 02:22:17.116386,347.44
8728,2025-07-19 02:42:17.088538,342.02
8729,2025-07-19 03:02:17.081308,337.64
8730,2025-07-19 03:22:17.087176,338.5
8731,2025-07-19 03:42:17.088766,339.56
8732,2025-07-19 04:02:17.072893,342.28
8733,2025-07-19 04:22:17.083083,343.48
8734,2025-07-19 04:42:17.089937,344.56
8735,2025-07-19 05:02:17.099259,346.25
8736,2025-07-19 05:22:17.103441,347.3
8737,2025-07-19 05:42:16.812560,348.35
8738,2025-07-19 06:02:17.073503,347.48
8739,2025-07-19 06:22:17.263486,346.78
8740,2025-07-19 06:42:17.080486,346.82
8741,2025-07-19 07:02:17.084424,346.52
8742,2025-07-19 07:22:17.088921,344.58
8743,2025-07-19 07:42:17.081436,345.78
8744,2025-07-19 08:02:17.077703,346.72
8745,2025-07-19 08:22:17.081030,346.78
8746,2025-07-19 08:42:17.086591,345.96
8747,2025-07-19 09:02:17.086708,347.14
8748,2025-07-19 09:22:17.098629,344.88
8749,2025-07-19 09:42:17.084291,344.44
8750,2025-07-19 10:02:17.076139,345.7
8751,2025-07-19 10:22:17.099506,346.68
8752,2025-07-19 10:42:17.081179,348.52
8753,2025-07-19 11:02:17.081201,350.63
8754,2025-07-19 11:22:17.086945,349.87
8755,2025-07-19 11:42:17.087792,349.82
8756,2025-07-19 12:02:17.080304,351.0
8757,2025-07-19 12:22:17.098326,351.82
8758,2025-07-19 12:42:17.070407,352.36
8759,2025-07-19 13:02:17.088109,349.45
8760,2025-07-19 13:22:17.089428,346.72
8761,2025-07-19 13:42:17.083391,347.05
8762,2025-07-19 14:02:17.090666,343.44
8763,2025-07-19 14:22:17.080138,343.38
8764,2025-07-19 14:42:17.075553,340.88
8765,2025-07-19 15:02:17.085825,338.58
8766,2025-07-19 15:22:17.082626,336.04
8767,2025-07-19 15:42:17.090515,337.02
8768,2025-07-19 16:02:17.082715,335.88
8769,2025-07-19 16:22:17.081940,337.04
8770,2025-07-19 16:42:17.077793,336.36
8771,2025-07-19 17:02:17.077326,333.92
8772,2025-07-19 17:22:17.101564,333.7
8773,2025-07-19 17:42:17.393032,332.02
8774,2025-07-19 18:02:17.092756,330.69
8775,2025-07-19 18:22:17.078674,329.3
8776,2025-07-19 18:42:17.084411,332.62
8777,2025-07-19 19:02:17.074711,332.88
8778,2025-07-19 19:22:17.086458,334.35
8779,2025-07-19 19:42:17.090875,337.38
8780,2025-07-19 20:02:17.084620,338.44
8781,2025-07-19 20:22:17.082190,341.16
8782,2025-07-19 20:42:17.082346,340.94
8783,2025-07-19 21:02:17.080214,343.42
8784,2025-07-19 21:22:17.081216,344.96
8785,2025-07-19 21:42:17.074724,347.83
8786,2025-07-19 22:02:17.087385,350.88
8787,2025-07-19 22:22:17.083618,352.18
8788,2025-07-19 22:42:17.074704,353.86
8789,2025-07-19 23:02:17.078667,354.78
8790,2025-07-19 23:22:17.096954,357.83
8791,2025-07-19 23:42:17.081249,359.81
8792,2025-07-20 00:02:17.083789,358.98
8793,2025-07-20 00:22:17.085797,363.44
8794,2025-07-20 00:42:17.087000,360.82
8795,2025-07-20 01:02:17.078318,360.64
8796,2025-07-20 01:22:17.091942,361.22
8797,2025-07-20 01:42:17.088268,354.6
8798,2025-07-20 02:02:17.091111,351.35
8799,2025-07-20 02:22:17.078305,346.62
8800,2025-07-20 02:42:17.080420,346.44
8801,2025-07-20 03:02:17.079011,345.06
8802,2025-07-20 03:22:17.083453,343.68
8803,2025-07-20 03:42:17.083576,340.23
8804,2025-07-20 04:02:17.089633,339.38
8805,2025-07-20 04:22:17.082632,337.3
8806,2025-07-20 04:42:17.083119,332.64
8807,2025-07-20 05:02:17.080019,328.64
8808,2025-07-20 05:22:17.082930,327.7
8809,2025-07-20 05:42:17.092559,327.58
8810,2025-07-20 06:02:17.084753,327.08
8811,2025-07-20 06:22:17.093354,326.95
8812,2025-07-20 06:42:17.089245,327.76
8813,2025-07-20 07:02:17.084875,331.34
8814,2025-07-20 07:22:17.094646,332.92
8815,2025-07-20 07:42:17.094831,332.87
8816,2025-07-20 08:02:17.075409,328.86
8817,2025-07-20 08:22:16.905012,324.87
8818,2025-07-20 08:42:17.097387,321.4
8819,2025-07-20 09:02:17.097246,321.28
8820,2025-07-20 09:22:17.090767,318.72
8821,2025-07-20 09:42:17.085740,316.42
8822,2025-07-20 10:02:17.080306,315.94
8823,2025-07-20 10:22:17.105315,314.51
8824,2025-07-20 10:42:17.082702,314.63
8825,2025-07-20 11:02:17.086497,314.0
8826,2025-07-20 11:22:17.083415,313.12
8827,2025-07-20 11:42:17.107675,311.16
8828,2025-07-20 12:02:17.108074,311.7
8829,2025-07-20 12:22:17.102639,311.78
8830,2025-07-20 12:42:17.094505,311.72
8831,2025-07-20 13:02:17.115204,313.9
8832,2025-07-20 13:22:17.089769,313.42
8833,2025-07-20 13:42:17.096911,311.84
8834,2025-07-20 14:02:17.104347,314.13
8835,2025-07-20 14:22:17.089664,312.25
8836,2025-07-20 14:42:17.082150,311.77
8837,2025-07-20 15:02:17.104351,313.4
8838,2025-07-20 15:22:17.105345,315.72
8839,2025-07-20 15:42:17.080846,317.06
8840,2025-07-20 16:02:17.080967,319.24
8841,2025-07-20 16:22:17.080510,318.95
8842,2025-07-20 16:42:17.093118,318.75
8843,2025-07-20 17:02:17.090755,317.56
8844,2025-07-20 17:22:17.082595,319.72
8845,2025-07-20 17:42:17.091206,322.38
8846,2025-07-20 18:02:17.560711,320.44
8847,2025-07-20 18:22:17.093742,320.88
8848,2025-07-20 18:42:17.083894,320.01
8849,2025-07-20 19:02:17.092300,320.42
8850,2025-07-20 19:22:17.086146,319.8
8851,2025-07-20 19:42:17.082231,318.92
8852,2025-07-20 20:02:17.088817,318.14
8853,2025-07-20 20:22:17.080876,320.31
8854,2025-07-20 20:42:17.076811,320.38
8855,2025-07-20 21:02:17.079646,320.71
8856,2025-07-20 21:22:17.091701,318.04
8857,2025-07-20 21:42:17.075965,316.64
8858,2025-07-20 22:02:17.093530,315.66
8859,2025-07-20 22:22:17.088489,316.93
8860,2025-07-20 22:42:17.080911,316.55
8861,2025-07-20 23:02:17.088889,316.06
8862,2025-07-20 23:22:17.086976,316.24
8863,2025-07-20 23:42:17.084623,317.74
8864,2025-07-21 00:02:17.082737,317.18
8865,2025-07-21 00:22:17.093088,318.34
8866,2025-07-21 00:42:17.077935,320.52
8867,2025-07-21 01:02:17.076204,323.44
8868,2025-07-21 01:22:17.083699,322.8
8869,2025-07-21 01:42:17.079124,324.84
8870,2025-07-21 02:02:17.078363,328.24
8871,2025-07-21 02:22:17.094720,329.73
8872,2025-07-21 02:42:17.079234,332.04
8873,2025-07-21 03:02:17.091598,332.38
8874,2025-07-21 03:22:17.081526,333.58
8875,2025-07-21 03:42:18.085017,334.75
8876,2025-07-21 04:02:17.081913,335.74
8877,2025-07-21 04:22:17.085787,336.78
8878,2025-07-21 04:42:17.078893,337.43
8879,2025-07-21 05:02:17.087295,335.92
8880,2025-07-21 05:22:17.084811,333.28
8881,2025-07-21 05:42:17.094621,334.36
8882,2025-07-21 06:02:17.090151,329.84
8883,2025-07-21 06:22:17.082845,329.3
8884,2025-07-21 06:42:17.085497,330.97
8885,2025-07-21 07:02:17.088900,333.07
8886,2025-07-21 07:22:17.081377,334.48
8887,2025-07-21 07:42:17.088759,334.52
8888,2025-07-21 08:02:17.087724,338.26
8889,2025-07-21 08:22:17.079753,339.76
8890,2025-07-21 08:42:17.089114,342.08
8891,2025-07-21 09:02:17.081308,342.37
8892,2025-07-21 09:22:17.078495,346.46
8893,2025-07-21 09:42:16.666791,347.43
8894,2025-07-21 10:02:17.096573,348.26
8895,2025-07-21 10:22:17.077820,350.62
8896,2025-07-21 10:42:17.082398,351.86
8897,2025-07-21 11:02:17.078063,352.48
8898,2025-07-21 11:22:17.081525,353.7
8899,2025-07-21 11:42:17.084970,353.5
8900,2025-07-21 12:02:16.787969,354.08
8901,2025-07-21 12:22:17.080411,354.54
8902,2025-07-21 12:42:17.085988,353.78
8903,2025-07-21 13:02:17.080839,356.1
8904,2025-07-21 13:22:17.075692,355.54
8905,2025-07-21 13:42:17.089208,352.02
8906,2025-07-21 14:02:17.150226,350.9
8907,2025-07-21 14:22:17.091441,347.74
8908,2025-07-21 14:42:17.077349,346.92
8909,2025-07-21 15:02:17.361318,347.99
8910,2025-07-21 15:22:17.080905,345.23
8911,2025-07-21 15:42:17.093028,344.15
8912,2025-07-21 16:02:16.737281,344.39
8913,2025-07-21 16:22:17.091986,343.12
8914,2025-07-21 16:42:17.021127,342.44
8915,2025-07-21 17:02:17.085290,338.43
8916,2025-07-21 17:22:17.082743,333.59
8917,2025-07-21 17:42:17.081846,332.73
8918,2025-07-21 18:02:17.086811,330.36
8919,2025-07-21 18:22:17.091535,327.76
8920,2025-07-21 18:42:17.080799,328.06
8921,2025-07-21 19:02:17.078390,328.94
8922,2025-07-21 19:22:17.078156,328.65
8923,2025-07-21 19:42:17.089189,328.87
8924,2025-07-21 20:02:17.095397,329.07
8925,2025-07-21 20:22:17.093753,329.84
8926,2025-07-21 20:42:17.082926,330.46
8927,2025-07-21 21:02:17.081061,333.68
8928,2025-07-21 21:22:16.988826,336.78
8929,2025-07-21 21:42:17.085356,338.22
8930,2025-07-21 22:02:17.084024,340.61
8931,2025-07-21 22:22:17.076856,344.22
8932,2025-07-21 22:42:17.082804,347.46
8933,2025-07-21 23:02:17.074473,349.08
8934,2025-07-21 23:22:17.069511,350.89
8935,2025-07-21 23:42:17.085182,350.0
8936,2025-07-22 00:02:17.095479,351.87
8937,2025-07-22 00:22:17.083230,352.2
8938,2025-07-22 00:42:17.085843,349.94
8939,2025-07-22 01:02:17.075934,348.0
8940,2025-07-22 01:22:17.078253,347.7
8941,2025-07-22 01:42:17.079765,345.52
8942,2025-07-22 02:02:17.100917,343.47
8943,2025-07-22 02:22:17.090730,341.48
8944,2025-07-22 02:42:17.079426,341.32
8945,2025-07-22 03:02:17.081018,341.46
8946,2025-07-22 03:22:17.083866,343.08
8947,2025-07-22 03:42:17.076759,342.93
8948,2025-07-22 04:02:17.081604,344.8
8949,2025-07-22 04:22:17.082662,345.96
8950,2025-07-22 04:42:17.090624,347.52
8951,2025-07-22 05:02:17.081843,349.72
8952,2025-07-22 05:22:17.075299,351.72
8953,2025-07-22 05:42:17.079859,354.75
8954,2025-07-22 06:02:17.087955,356.45
8955,2025-07-22 06:22:17.079611,357.97
8956,2025-07-22 06:42:17.082895,361.92
8957,2025-07-22 07:02:17.083702,364.06
8958,2025-07-22 07:22:17.304499,365.78
8959,2025-07-22 07:42:17.092737,368.38
8960,2025-07-22 08:02:17.080790,369.94
8961,2025-07-22 08:22:17.083864,373.05
8962,2025-07-22 08:42:17.077971,375.31
8963,2025-07-22 09:02:17.096737,374.32
8964,2025-07-22 09:22:17.091720,374.14
8965,2025-07-22 09:42:17.091163,374.9
8966,2025-07-22 10:02:17.083430,371.25
8967,2025-07-22 10:22:17.085532,370.96
8968,2025-07-22 10:42:17.087189,365.05
8969,2025-07-22 11:02:17.083935,363.74
8970,2025-07-22 11:22:17.082742,362.98
8971,2025-07-22 11:42:17.082230,366.32
8972,2025-07-22 12:02:17.093675,367.57
8973,2025-07-22 12:22:17.080164,371.09
8974,2025-07-22 12:42:17.096455,375.12
8975,2025-07-22 13:02:17.081353,379.82
8976,2025-07-22 13:22:17.083089,380.28
8977,2025-07-22 13:42:17.085139,382.28
8978,2025-07-22 14:02:17.081451,385.54
8979,2025-07-22 14:22:17.078809,387.66
8980,2025-07-22 14:42:17.085999,386.97
8981,2025-07-22 15:02:17.075556,386.3
8982,2025-07-22 15:22:17.083140,384.86
8983,2025-07-22 15:42:17.078628,384.4
8984,2025-07-22 16:02:17.078480,380.64
8985,2025-07-22 16:22:17.080451,379.79
8986,2025-07-22 16:42:17.085281,380.38
8987,2025-07-22 17:02:17.097823,379.0
8988,2025-07-22 17:22:17.085376,382.76
8989,2025-07-22 17:42:17.110045,381.66
8990,2025-07-22 18:02:17.096616,383.96
8991,2025-07-22 18:22:17.404986,385.76
8992,2025-07-22 18:42:17.095231,388.4
8993,2025-07-22 19:02:17.082822,388.85
8994,2025-07-22 19:22:17.089799,390.39
8995,2025-07-22 19:42:17.087500,395.74
8996,2025-07-22 20:02:17.085670,396.24
8997,2025-07-22 20:22:16.690438,398.4
8998,2025-07-22 20:42:17.105059,400.12
8999,2025-07-22 21:02:17.107833,402.11
9000,2025-07-22 21:22:17.082155,402.12
9001,2025-07-22 21:42:17.089716,402.82
9002,2025-07-22 22:02:17.094683,401.46
9003,2025-07-22 22:22:17.089291,403.2
9004,2025-07-22 22:42:17.092782,404.69
9005,2025-07-22 23:02:17.139709,407.08
9006,2025-07-22 23:22:17.094913,406.8
9007,2025-07-22 23:42:17.108634,406.38
9008,2025-07-23 00:02:17.094726,408.74
9009,2025-07-23 00:22:17.156040,409.0
9010,2025-07-23 00:42:17.080141,410.76
9011,2025-07-23 01:02:16.962733,410.93
9012,2025-07-23 01:22:17.093718,413.33
9013,2025-07-23 01:42:17.081395,413.99
9014,2025-07-23 02:02:17.088725,417.76
9015,2025-07-23 02:22:17.088932,418.8
9016,2025-07-23 02:42:17.080585,420.92
9017,2025-07-23 03:02:17.099223,421.26
9018,2025-07-23 03:22:17.081404,423.74
9019,2025-07-23 03:42:17.109593,424.06
9020,2025-07-23 04:02:17.109046,421.56
9021,2025-07-23 04:22:17.089194,418.38
9022,2025-07-23 04:42:17.090548,413.32
9023,2025-07-23 05:02:17.082192,411.06
9024,2025-07-23 05:22:17.083789,411.23
9025,2025-07-23 05:42:17.075177,410.84
9026,2025-07-23 06:02:17.083982,412.75
9027,2025-07-23 06:22:17.084347,415.12
9028,2025-07-23 06:42:17.081962,416.86
9029,2025-07-23 07:02:17.364340,419.8
9030,2025-07-23 07:22:17.103983,419.86
9031,2025-07-23 07:42:17.105770,419.26
9032,2025-07-23 08:02:17.103707,418.57
9033,2025-07-23 08:22:17.121963,421.2
9034,2025-07-23 08:42:17.083920,420.34
9035,2025-07-23 09:02:17.114394,421.94
9036,2025-07-23 09:22:17.091014,421.19
9037,2025-07-23 09:42:17.097932,424.31
9038,2025-07-23 10:02:17.087542,422.32
9039,2025-07-23 10:22:17.104328,421.98
9040,2025-07-23 10:42:17.078425,424.58
9041,2025-07-23 20:22:17.090101,350.85
9042,2025-07-23 20:42:17.084312,351.12
9043,2025-07-23 21:02:17.076326,351.09
9044,2025-07-23 21:22:17.083964,351.14
9045,2025-07-23 21:42:17.082453,354.04
9046,2025-07-23 22:02:17.088785,356.62
9047,2025-07-23 22:22:17.258612,361.56
9048,2025-07-23 22:42:17.084995,365.23
9049,2025-07-23 23:02:17.088319,368.41
9050,2025-07-23 23:22:17.089197,373.4
9051,2025-07-23 23:42:17.089933,379.58
9052,2025-07-24 00:02:16.950575,380.12
9053,2025-07-24 00:22:17.079190,384.46
9054,2025-07-24 00:42:17.095330,387.9
9055,2025-07-24 01:02:17.084368,385.85
9056,2025-07-24 01:22:17.097731,386.63
9057,2025-07-24 01:42:17.117532,386.04
9058,2025-07-24 02:02:17.082052,386.98
9059,2025-07-24 02:22:17.101098,386.08
9060,2025-07-24 02:42:17.079623,384.0
9061,2025-07-24 03:02:17.086821,380.26
9062,2025-07-24 03:22:17.074151,377.86
9063,2025-07-24 03:42:17.085831,377.78
9064,2025-07-24 04:02:17.092366,377.78
9065,2025-07-24 04:22:17.076116,381.06
9066,2025-07-24 04:42:17.074971,390.39
9067,2025-07-24 05:02:17.095315,392.58
9068,2025-07-24 05:22:17.082070,396.0
9069,2025-07-24 05:42:17.083376,399.31
9070,2025-07-24 06:02:17.081702,401.74
9071,2025-07-24 06:22:17.084818,403.48
9072,2025-07-24 06:42:17.093351,402.82
9073,2025-07-24 07:02:17.088405,404.55
9074,2025-07-24 07:22:17.104501,403.42
9075,2025-07-24 07:42:17.093999,401.86
9076,2025-07-24 08:02:17.084650,401.14
9077,2025-07-24 08:22:17.090944,399.88
9078,2025-07-24 08:42:17.088725,395.44
9079,2025-07-24 09:02:17.086055,393.06
9080,2025-07-24 09:22:17.088462,394.85
9081,2025-07-24 09:42:17.100007,395.79
9082,2025-07-24 10:02:17.083339,393.5
9083,2025-07-24 10:22:17.083881,393.78
9084,2025-07-24 10:42:17.084524,391.22
9085,2025-07-24 11:02:17.080704,392.0
9086,2025-07-24 11:22:17.089467,394.71
9087,2025-07-24 11:42:17.095877,397.06
9088,2025-07-24 12:02:17.082568,401.96
9089,2025-07-24 12:22:17.081571,405.0
9090,2025-07-24 12:42:17.081503,402.94
9091,2025-07-24 13:02:17.093589,402.88
9092,2025-07-24 13:22:17.086544,403.7
9093,2025-07-24 13:42:17.373584,402.59
9094,2025-07-24 14:02:17.091480,400.12
9095,2025-07-24 14:22:17.093907,393.66
9096,2025-07-24 14:42:17.075428,385.26
9097,2025-07-24 15:02:17.088168,374.56
9098,2025-07-24 15:22:17.083669,364.96
9099,2025-07-24 15:42:17.084283,359.31
9100,2025-07-24 16:02:17.087579,354.27
9101,2025-07-24 16:22:17.080542,350.04
9102,2025-07-24 16:42:17.087934,347.56
9103,2025-07-24 17:02:17.082490,344.94
9104,2025-07-24 17:22:17.085819,341.38
9105,2025-07-24 17:42:17.083563,339.8
9106,2025-07-24 18:02:17.087776,337.92
9107,2025-07-24 18:22:17.080296,338.93
9108,2025-07-24 18:42:17.084944,339.02
9109,2025-07-24 19:02:17.080638,341.74
9110,2025-07-24 21:22:17.088309,333.32
9111,2025-07-24 21:42:17.089925,332.96
9112,2025-07-24 22:02:17.084397,334.7
9113,2025-07-24 22:22:17.088180,334.25
9114,2025-07-24 22:42:17.090721,336.84
9115,2025-07-24 23:02:17.098050,337.9
9116,2025-07-24 23:22:17.097274,342.18
9117,2025-07-24 23:42:17.086396,342.18
9118,2025-07-25 00:02:17.083661,344.01
9119,2025-07-25 00:22:16.796009,347.05
9120,2025-07-25 00:42:17.085616,348.99
9121,2025-07-25 01:02:17.076037,351.44
9122,2025-07-25 01:22:17.086053,353.92
9123,2025-07-25 01:42:17.080260,358.4
9124,2025-07-25 02:02:17.086880,358.14
9125,2025-07-25 02:22:17.086827,359.56
9126,2025-07-25 02:42:17.365143,363.08
9127,2025-07-25 03:02:17.069561,364.4
9128,2025-07-25 03:22:17.079845,364.92
9129,2025-07-25 03:42:17.083481,367.88
9130,2025-07-25 04:02:17.087108,368.03
9131,2025-07-25 04:22:17.079768,369.21
9132,2025-07-25 04:42:17.072200,370.3
9133,2025-07-25 05:02:17.082793,372.43
9134,2025-07-25 05:22:17.086086,374.58
9135,2025-07-25 05:42:17.092920,376.52
9136,2025-07-25 06:02:17.097907,378.76
9137,2025-07-25 06:22:17.086079,380.13
9138,2025-07-25 06:42:17.081391,381.57
9139,2025-07-25 07:02:17.083210,384.2
9140,2025-07-25 07:22:17.088389,386.54
9141,2025-07-25 07:42:17.098558,386.16
9142,2025-07-25 08:02:17.087067,388.0
9143,2025-07-25 08:22:17.089639,387.17
9144,2025-07-25 08:42:17.087967,387.3
9145,2025-07-25 09:02:17.077852,385.62
9146,2025-07-25 09:22:17.098937,385.48
9147,2025-07-25 09:42:17.085719,384.78
9148,2025-07-25 10:02:17.085302,384.46
9149,2025-07-25 10:22:17.084955,382.8
9150,2025-07-25 10:42:17.082420,383.28
9151,2025-07-25 11:02:17.090068,384.25
9152,2025-07-25 11:22:17.080945,383.55
9153,2025-07-25 11:42:17.081319,384.02
9154,2025-07-25 12:02:17.085348,383.14
9155,2025-07-25 12:22:17.092386,384.5
9156,2025-07-25 12:42:17.088380,385.46
9157,2025-07-25 13:02:17.085370,383.42
9158,2025-07-25 13:22:17.092999,383.73
9159,2025-07-25 13:42:17.089793,384.06
9160,2025-07-25 14:02:17.081829,382.64
9161,2025-07-25 14:22:17.087596,379.5
9162,2025-07-25 14:42:17.082147,376.15
9163,2025-07-25 15:02:17.087894,370.47
9164,2025-07-25 15:22:17.089507,366.66
9165,2025-07-25 15:42:17.079183,368.4
9166,2025-07-25 16:02:17.081856,371.5
9167,2025-07-25 16:22:17.083058,371.5
9168,2025-07-25 16:42:17.080700,373.79
9169,2025-07-25 17:02:17.080278,375.95
9170,2025-07-25 17:22:17.076873,377.85
9171,2025-07-25 17:42:17.392043,380.88
9172,2025-07-25 18:02:17.100697,383.14
9173,2025-07-25 18:22:17.083959,384.18
9174,2025-07-25 18:42:17.087993,384.28
9175,2025-07-25 19:02:17.090424,385.87
9176,2025-07-25 19:22:17.085945,388.44
9177,2025-07-25 19:42:17.083015,386.82
9178,2025-07-25 20:02:17.089194,387.74
9179,2025-07-25 20:22:17.099276,387.86
9180,2025-07-25 20:42:17.085285,387.7
9181,2025-07-25 21:02:17.088558,385.25
9182,2025-07-25 21:22:17.084559,385.26
9183,2025-07-25 21:42:17.080871,385.36
9184,2025-07-25 22:02:17.089744,382.96
9185,2025-07-25 22:22:17.023473,381.14
9186,2025-07-25 22:42:17.080970,383.06
9187,2025-07-25 23:02:17.096253,384.1
9188,2025-07-25 23:22:17.078856,386.08
9189,2025-07-25 23:42:17.083285,385.47
9190,2025-07-26 00:02:17.082293,388.84
9191,2025-07-26 00:22:17.079255,390.32
9192,2025-07-26 00:42:17.083445,390.0
9193,2025-07-26 01:02:17.084664,390.95
9194,2025-07-26 01:22:17.094373,390.05
9195,2025-07-26 01:42:17.083802,390.98
9196,2025-07-26 02:02:17.082435,391.38
9197,2025-07-26 02:22:17.108610,396.06
9198,2025-07-26 02:42:17.095600,398.14
9199,2025-07-26 03:02:17.083528,397.73
9200,2025-07-26 03:22:17.091590,400.53
9201,2025-07-26 03:42:17.088604,397.0
9202,2025-07-26 04:02:17.079878,395.36
9203,2025-07-26 04:22:17.081547,396.84
9204,2025-07-26 04:42:17.079977,398.62
9205,2025-07-26 05:02:17.093543,400.84
9206,2025-07-26 05:22:17.083838,404.1
9207,2025-07-26 05:42:17.086490,404.56
9208,2025-07-26 06:02:17.083887,406.56
9209,2025-07-26 06:22:17.076491,410.1
9210,2025-07-26 06:42:17.088176,411.84
9211,2025-07-26 07:02:17.082577,412.42
9212,2025-07-26 07:22:17.078422,414.0
9213,2025-07-26 07:42:17.085782,414.99
9214,2025-07-26 08:02:17.098789,417.24
9215,2025-07-26 08:22:17.077499,419.24
9216,2025-07-26 08:42:17.077935,418.3
9217,2025-07-26 09:02:17.087119,423.12
9218,2025-07-26 09:22:17.080609,422.58
9219,2025-07-26 09:42:17.088045,422.06
9220,2025-07-26 10:02:17.553896,425.42
9221,2025-07-26 10:22:17.076583,424.66
9222,2025-07-26 10:42:17.089829,427.42
9223,2025-07-26 11:02:16.661688,427.94
9224,2025-07-26 11:22:17.087878,433.52
9225,2025-07-26 11:42:17.088591,434.4
9226,2025-07-26 12:02:17.088146,434.86
9227,2025-07-26 12:22:17.090658,434.1
9228,2025-07-26 12:42:17.079484,432.92
9229,2025-07-26 13:02:17.087018,435.56
9230,2025-07-26 13:22:17.080326,436.74
9231,2025-07-26 13:42:17.084170,436.26
9232,2025-07-26 14:02:17.088930,434.56
9233,2025-07-26 14:22:17.076584,436.02
9234,2025-07-26 14:42:17.095503,436.34
9235,2025-07-26 15:02:17.077939,434.44
9236,2025-07-26 15:22:17.094895,432.41
9237,2025-07-26 15:42:17.097032,431.13
9238,2025-07-26 16:02:17.094397,429.55
9239,2025-07-26 16:22:17.087704,426.72
9240,2025-07-26 16:42:17.084437,425.04
9241,2025-07-26 17:02:17.083166,427.36
9242,2025-07-26 17:22:17.092841,430.05
9243,2025-07-26 17:42:17.090862,429.54
9244,2025-07-26 18:02:17.086118,427.92
9245,2025-07-26 18:22:17.085189,423.72
9246,2025-07-26 18:42:17.089284,427.38
9247,2025-07-26 19:02:17.081294,427.84
9248,2025-07-26 19:22:17.085055,426.76
9249,2025-07-26 19:42:17.086798,428.22
9250,2025-07-26 20:02:17.079397,425.92
9251,2025-07-26 20:22:17.100958,427.7
9252,2025-07-26 20:42:17.083565,426.38
9253,2025-07-26 21:02:17.078738,428.52
9254,2025-07-26 21:22:16.750011,427.2
9255,2025-07-26 21:42:17.081573,428.71
9256,2025-07-26 22:02:17.078452,429.17
9257,2025-07-26 22:22:17.079909,424.92
9258,2025-07-26 22:42:17.091091,427.6
9259,2025-07-26 23:02:17.082979,427.0
9260,2025-07-26 23:22:17.094297,425.52
9261,2025-07-26 23:42:17.080597,427.45
9262,2025-07-27 00:02:17.082785,424.98
9263,2025-07-27 00:22:17.095441,426.39
9264,2025-07-27 00:42:17.634265,426.5
9265,2025-07-27 01:02:17.086501,428.84
9266,2025-07-27 01:22:17.079797,428.96
9267,2025-07-27 01:42:17.090777,431.87
9268,2025-07-27 02:02:16.984870,434.96
9269,2025-07-27 02:22:17.085061,435.41
9270,2025-07-27 02:42:17.087105,438.88
9271,2025-07-27 03:02:17.077472,440.32
9272,2025-07-27 03:22:17.081634,443.44
9273,2025-07-27 03:42:17.081156,445.63
9274,2025-07-27 04:02:17.083354,445.67
9275,2025-07-27 04:22:17.056009,446.84
9276,2025-07-27 04:42:17.094912,449.7
9277,2025-07-27 05:02:17.087874,451.18
9278,2025-07-27 05:22:17.080691,452.78
9279,2025-07-27 05:42:17.091466,454.17
9280,2025-07-27 06:02:17.083884,456.39
9281,2025-07-27 06:22:17.090016,454.77
9282,2025-07-27 06:42:17.080953,455.26
9283,2025-07-27 07:02:17.086761,456.02
9284,2025-07-27 07:22:17.083567,457.16
9285,2025-07-27 07:42:17.083543,455.92
9286,2025-07-27 08:02:17.099553,456.39
9287,2025-07-27 08:22:17.083098,456.73
9288,2025-07-27 08:42:17.080454,458.94
9289,2025-07-27 09:02:17.089436,458.6
9290,2025-07-27 09:22:17.106621,460.86
9291,2025-07-27 09:42:17.079129,461.04
9292,2025-07-27 10:02:17.102374,461.05
9293,2025-07-27 10:22:17.086241,462.36
9294,2025-07-27 10:42:17.079652,462.84
9295,2025-07-27 11:02:17.091328,461.98
9296,2025-07-27 11:22:17.092895,463.0
9297,2025-07-27 11:42:17.081452,464.78
9298,2025-07-27 12:02:17.082772,462.37
9299,2025-07-27 12:22:17.078075,463.4
9300,2025-07-27 12:42:17.088188,464.93
9301,2025-07-27 13:02:17.097032,462.3
9302,2025-07-27 13:22:17.085827,463.86
9303,2025-07-27 13:42:17.657628,465.85
9304,2025-07-27 14:02:17.083302,465.09
9305,2025-07-27 14:22:17.080972,464.13
9306,2025-07-27 14:42:17.081295,465.13
9307,2025-07-27 15:02:17.092391,465.94
9308,2025-07-27 15:22:17.085660,464.82
9309,2025-07-27 15:42:17.082270,464.9
9310,2025-07-27 16:02:17.105060,461.74
9311,2025-07-27 16:22:17.083745,463.61
9312,2025-07-27 16:42:17.084685,462.89
9313,2025-07-27 17:02:17.085808,461.9
9314,2025-07-27 17:22:17.090498,457.28
9315,2025-07-27 17:42:17.080559,455.36
9316,2025-07-27 18:02:17.098968,453.07
9317,2025-07-27 18:22:17.079932,450.32
9318,2025-07-27 18:42:17.093036,447.22
9319,2025-07-27 19:02:17.084144,444.98
9320,2025-07-27 19:22:17.080415,445.34
9321,2025-07-27 19:42:17.080433,444.1
9322,2025-07-27 20:02:17.085162,438.98
9323,2025-07-27 20:22:17.083385,433.24
9324,2025-07-27 20:42:17.093107,426.05
9325,2025-07-27 21:02:17.083503,419.72
9326,2025-07-27 21:22:17.083668,411.44
9327,2025-07-27 21:42:17.085672,406.5
9328,2025-07-27 22:02:17.088429,406.87
9329,2025-07-27 22:22:17.084495,409.12
9330,2025-07-27 22:42:17.088460,410.14
9331,2025-07-27 23:02:17.091842,412.06
9332,2025-07-27 23:22:17.078652,413.7
9333,2025-07-27 23:42:17.090696,415.4
9334,2025-07-28 00:02:17.080278,417.78
9335,2025-07-28 00:22:17.091134,418.9
9336,2025-07-28 00:42:17.079833,418.57
9337,2025-07-28 01:02:17.089557,417.96
9338,2025-07-28 01:22:17.093107,418.94
9339,2025-07-28 01:42:17.082342,415.0
9340,2025-07-28 02:02:17.083235,416.33
9341,2025-07-28 02:22:17.087059,412.21
9342,2025-07-28 02:42:17.083823,408.14
9343,2025-07-28 03:02:17.088461,402.94
9344,2025-07-28 03:22:17.395438,399.94
9345,2025-07-28 03:42:17.081566,398.7
9346,2025-07-28 04:02:17.081487,394.38
9347,2025-07-28 04:22:17.090754,389.87
9348,2025-07-28 04:42:17.759551,389.1
9349,2025-07-28 05:02:17.092773,386.6
9350,2025-07-28 05:22:17.091419,385.3
9351,2025-07-28 05:42:16.846847,383.96
9352,2025-07-28 06:02:17.085363,379.1
9353,2025-07-28 06:22:17.083334,376.48
9354,2025-07-28 06:42:17.083918,373.3
9355,2025-07-28 07:02:17.084178,371.46
9356,2025-07-28 07:22:17.097451,369.92
9357,2025-07-28 07:42:17.090297,368.28
9358,2025-07-28 08:02:17.077020,369.83
9359,2025-07-28 08:22:17.085545,372.11
9360,2025-07-28 08:42:17.085084,375.49
9361,2025-07-28 09:02:17.102396,377.98
9362,2025-07-28 09:22:17.078263,379.76
9363,2025-07-28 09:42:17.091649,384.72
9364,2025-07-28 10:02:17.092885,389.26
9365,2025-07-28 10:22:17.060525,393.77
9366,2025-07-28 10:42:17.074491,397.33
9367,2025-07-28 11:22:17.389945,404.44
9368,2025-07-28 11:42:17.102638,408.28
9369,2025-07-28 12:02:17.077816,410.4
9370,2025-07-28 12:22:17.084758,412.74
9371,2025-07-28 12:42:17.094177,417.01
9372,2025-07-28 13:02:17.086600,421.08
9373,2025-07-28 13:22:17.083653,422.18
9374,2025-07-28 13:42:17.075846,423.76
9375,2025-07-28 14:02:17.084291,426.06
9376,2025-07-28 14:22:17.091323,429.32
9377,2025-07-28 14:42:17.095513,430.46
9378,2025-07-28 15:02:17.083252,429.86
9379,2025-07-28 15:22:17.073842,430.36
9380,2025-07-28 15:42:17.082457,431.92
9381,2025-07-28 16:02:17.077393,430.46
9382,2025-07-28 16:22:17.081868,429.76
9383,2025-07-28 16:42:17.086088,429.96
9384,2025-07-28 17:02:17.084897,428.5
9385,2025-07-28 17:22:17.086250,425.14
9386,2025-07-28 17:42:17.078622,427.58
9387,2025-07-28 18:02:17.090175,422.94
9388,2025-07-28 18:22:17.082381,424.45
9389,2025-07-28 18:42:17.095282,420.46
9390,2025-07-28 19:02:17.081771,420.74
9391,2025-07-28 19:22:17.084737,418.14
9392,2025-07-28 19:42:17.082949,418.32
9393,2025-07-28 20:02:17.079014,419.72
9394,2025-07-28 20:22:17.089392,422.62
9395,2025-07-28 20:42:17.083438,426.0
9396,2025-07-28 21:02:17.083462,432.25
9397,2025-07-28 21:22:17.076529,434.88
9398,2025-07-28 21:42:17.082213,440.24
9399,2025-07-28 22:02:17.079542,442.28
9400,2025-07-28 22:22:17.080751,442.16
9401,2025-07-28 22:42:17.105932,440.03
9402,2025-07-28 23:02:17.083595,441.83
9403,2025-07-28 23:22:17.079592,441.94
9404,2025-07-28 23:42:17.080359,440.86
9405,2025-07-29 00:02:17.083863,442.6
9406,2025-07-29 00:22:17.088629,441.95
9407,2025-07-29 00:42:17.082867,443.37
9408,2025-07-29 01:02:17.092361,443.16
9409,2025-07-29 01:22:17.095114,445.4
9410,2025-07-29 01:42:17.078621,448.78
9411,2025-07-29 02:02:17.078455,448.9
9412,2025-07-29 02:22:17.084553,448.93
9413,2025-07-29 02:42:17.085798,450.36
9414,2025-07-29 03:02:17.091645,448.76
9415,2025-07-29 03:22:17.090378,448.48
9416,2025-07-29 03:42:17.080612,450.36
9417,2025-07-29 04:02:17.087322,451.76
9418,2025-07-29 04:22:17.085285,453.18
9419,2025-07-29 04:42:17.092703,452.47
9420,2025-07-29 05:02:17.082931,452.78
9421,2025-07-29 05:22:17.089273,454.7
9422,2025-07-29 05:42:17.082395,454.08
9423,2025-07-29 06:02:17.088393,457.68
9424,2025-07-29 06:22:17.086415,458.65
9425,2025-07-29 06:42:17.084094,461.3
9426,2025-07-29 07:02:17.087467,461.9
9427,2025-07-29 07:22:17.087685,462.52
9428,2025-07-29 07:42:17.081448,464.3
9429,2025-07-29 08:02:17.086720,462.46
9430,2025-07-29 08:22:17.105024,463.35
9431,2025-07-29 08:42:17.087490,461.33
9432,2025-07-29 09:02:17.100312,462.76
9433,2025-07-29 09:22:17.098946,463.98
9434,2025-07-29 09:42:17.105058,462.94
9435,2025-07-29 10:02:17.081650,466.28
9436,2025-07-29 10:22:17.099663,471.12
9437,2025-07-29 10:42:17.083465,471.31
9438,2025-07-29 11:02:17.085170,474.13
9439,2025-07-29 11:22:17.081809,472.89
9440,2025-07-29 11:42:17.470011,473.06
9441,2025-07-29 12:02:17.080879,474.82
9442,2025-07-29 12:22:17.082603,474.26
9443,2025-07-29 12:42:17.085563,472.72
9444,2025-07-29 13:02:17.099919,474.21
9445,2025-07-29 13:22:17.081070,472.57
9446,2025-07-29 13:42:17.086872,470.12
9447,2025-07-29 14:02:17.086788,470.7
9448,2025-07-29 14:22:17.080366,466.72
9449,2025-07-29 14:42:17.082718,463.9
9450,2025-07-29 15:02:17.080801,460.44
9451,2025-07-29 15:22:17.088310,454.62
9452,2025-07-29 15:42:17.092721,453.14
9453,2025-07-29 16:02:17.075416,450.4
9454,2025-07-29 16:22:17.080469,450.56
9455,2025-07-29 16:42:17.083985,446.38
9456,2025-07-29 17:02:17.097848,444.76
9457,2025-07-29 17:22:17.089502,439.22
9458,2025-07-29 17:42:17.080201,436.52
9459,2025-07-29 18:02:17.077882,432.56
9460,2025-07-29 18:22:17.082141,432.28
9461,2025-07-29 18:42:16.731166,429.34
9462,2025-07-29 19:02:17.087356,426.51
9463,2025-07-29 19:22:17.084837,426.39
9464,2025-07-29 19:42:17.087499,424.02
9465,2025-07-29 20:02:17.089569,424.38
9466,2025-07-29 20:22:17.077735,423.28
9467,2025-07-29 20:42:17.079815,425.06
9468,2025-07-29 21:02:17.080402,424.08
9469,2025-07-29 21:22:17.117878,420.67
9470,2025-07-29 21:42:17.078155,423.02
9471,2025-07-29 22:02:17.085400,422.94
9472,2025-07-29 23:02:17.337256,429.39
9473,2025-07-29 23:22:16.754892,429.54
9474,2025-07-29 23:42:17.101680,433.44
9475,2025-07-30 00:02:17.095609,433.8
9476,2025-07-30 00:22:17.078621,437.08
9477,2025-07-30 00:42:17.089678,436.48
9478,2025-07-30 01:02:17.076887,441.37
9479,2025-07-30 01:22:17.103892,444.04
9480,2025-07-30 01:42:16.776462,444.01
9481,2025-07-30 02:02:17.091274,445.36
9482,2025-07-30 02:22:17.081210,445.32
9483,2025-07-30 02:42:17.091116,443.19
9484,2025-07-30 03:02:17.087404,441.86
9485,2025-07-30 03:22:17.079326,440.28
9486,2025-07-30 03:42:17.085564,436.58
9487,2025-07-30 04:02:17.630282,431.54
9488,2025-07-30 04:22:17.080113,429.98
9489,2025-07-30 04:42:17.082792,428.82
9490,2025-07-30 05:02:17.083078,422.18
9491,2025-07-30 05:22:17.091926,419.09
9492,2025-07-30 05:42:17.089366,417.42
9493,2025-07-30 06:02:17.081607,416.48
9494,2025-07-30 06:22:17.081237,413.0
9495,2025-07-30 06:42:17.082182,412.2
9496,2025-07-30 07:02:17.084947,407.96
9497,2025-07-30 07:22:17.084920,407.96
9498,2025-07-30 07:42:17.088652,408.11
9499,2025-07-30 08:02:17.089908,409.14
9500,2025-07-30 08:22:17.081145,409.78
9501,2025-07-30 08:42:17.080954,411.3
9502,2025-07-30 09:02:17.087483,412.26
9503,2025-07-30 09:22:17.075169,414.96
9504,2025-07-30 09:42:17.082747,419.21
9505,2025-07-30 10:02:17.081299,421.1
9506,2025-07-30 10:22:17.303825,422.88
9507,2025-07-30 10:42:17.087286,421.18
9508,2025-07-30 11:02:17.085219,417.51
9509,2025-07-30 11:22:17.090470,412.11
9510,2025-07-30 11:42:17.080657,405.54
9511,2025-07-30 12:02:17.089225,402.9
9512,2025-07-30 12:22:17.085922,398.72
9513,2025-07-30 12:42:17.082561,395.52
9514,2025-07-30 13:02:17.078050,398.28
9515,2025-07-30 13:22:17.086812,394.26
9516,2025-07-30 13:42:17.091789,394.67
9517,2025-07-30 14:02:17.081527,396.88
9518,2025-07-30 14:22:17.083730,396.48
9519,2025-07-30 14:42:17.091901,398.06
9520,2025-07-30 15:02:17.081682,394.64
9521,2025-07-30 15:22:17.146419,394.27
9522,2025-07-30 15:42:17.080807,389.81
9523,2025-07-30 16:02:17.085578,352.1
9524,2025-07-30 16:22:17.087443,387.28
9525,2025-07-30 16:42:17.082102,386.38
9526,2025-07-30 17:02:17.091511,381.02
9527,2025-07-30 17:22:17.079200,378.32
9528,2025-07-30 17:42:17.087522,372.52
9529,2025-07-30 18:02:17.090090,372.82
9530,2025-07-30 18:22:17.108629,371.44
9531,2025-07-30 18:42:17.088532,366.98
9532,2025-07-30 19:02:16.965236,367.42
9533,2025-07-30 19:22:17.091015,368.52
9534,2025-07-30 19:42:17.091870,368.01
9535,2025-07-30 20:02:17.087829,368.58
9536,2025-07-30 20:22:17.105551,370.94
9537,2025-07-30 21:02:17.086177,380.14
9538,2025-07-30 21:22:17.068821,384.75
9539,2025-07-30 21:42:17.099281,388.78
9540,2025-07-30 22:02:17.075961,393.3
9541,2025-07-30 22:42:17.081199,399.66
9542,2025-07-30 23:02:17.089614,397.78
9543,2025-07-30 23:22:17.076090,401.02
9544,2025-07-30 23:42:17.088703,403.89
9545,2025-07-31 00:02:17.082463,403.99
9546,2025-07-31 00:22:17.087439,404.3
9547,2025-07-31 00:42:17.092814,408.86
9548,2025-07-31 01:02:17.086720,409.62
9549,2025-07-31 01:22:17.085158,409.02
9550,2025-07-31 01:42:17.094826,413.42
9551,2025-07-31 02:02:17.081632,414.73
9552,2025-07-31 02:22:17.100441,416.0
9553,2025-07-31 02:42:17.078724,414.0
9554,2025-07-31 03:02:16.659527,415.46
9555,2025-07-31 03:22:17.090042,415.32
9556,2025-07-31 03:42:17.092615,417.83
9557,2025-07-31 04:02:17.088873,417.24
9558,2025-07-31 04:22:17.090462,419.7
9559,2025-07-31 04:42:17.080456,420.16
9560,2025-07-31 05:02:17.085574,420.08
9561,2025-07-31 05:22:17.091316,419.09
9562,2025-07-31 05:42:17.082174,422.52
9563,2025-07-31 06:02:17.084405,424.8
9564,2025-07-31 06:22:17.082543,423.04
9565,2025-07-31 06:42:17.100551,417.8
9566,2025-07-31 07:02:17.079148,417.76
9567,2025-07-31 07:22:17.086295,417.98
9568,2025-07-31 07:42:16.869833,415.34
9569,2025-07-31 08:02:17.101465,412.97
9570,2025-07-31 08:22:17.089228,410.31
9571,2025-07-31 08:42:17.078665,411.94
9572,2025-07-31 09:02:17.473919,415.7
9573,2025-07-31 09:22:17.084219,414.48
9574,2025-07-31 09:42:17.080250,418.31
9575,2025-07-31 10:02:17.077742,416.62
9576,2025-07-31 10:22:17.081912,413.21
9577,2025-07-31 10:42:17.083070,412.44
9578,2025-07-31 11:02:17.084115,408.64
9579,2025-07-31 11:22:17.084019,405.52
9580,2025-07-31 11:42:17.085909,398.14
9581,2025-07-31 12:02:17.074999,385.57
9582,2025-07-31 12:22:17.085181,379.37
9583,2025-07-31 12:42:17.083856,372.62
9584,2025-07-31 13:02:17.078996,363.7
9585,2025-07-31 13:22:17.083509,356.78
9586,2025-07-31 13:42:17.081972,351.87
9587,2025-07-31 14:02:17.076624,342.64
9588,2025-07-31 14:22:17.075832,336.81
9589,2025-07-31 14:42:17.086169,333.28
9590,2025-07-31 15:02:17.083786,332.7
9591,2025-07-31 15:22:17.082789,337.52
9592,2025-07-31 15:42:17.087905,341.4
9593,2025-07-31 16:02:17.086101,344.27
9594,2025-07-31 16:22:17.077234,344.58
9595,2025-07-31 16:42:17.079335,342.8
9596,2025-07-31 17:02:17.092458,339.16
9597,2025-07-31 17:22:17.088862,334.6
9598,2025-07-31 17:42:17.084420,333.34
9599,2025-07-31 18:02:17.077686,330.75
9600,2025-07-31 18:22:17.081193,330.67
9601,2025-07-31 18:42:17.078031,327.68
9602,2025-07-31 19:02:17.082824,324.76
9603,2025-07-31 19:22:17.083422,326.12
9604,2025-07-31 19:42:17.093847,325.68
9605,2025-07-31 20:02:17.078186,324.21
9606,2025-07-31 20:22:17.076703,323.39
9607,2025-07-31 20:42:17.087844,320.32
9608,2025-07-31 21:02:17.095752,320.34
9609,2025-07-31 21:22:17.077620,321.62
9610,2025-07-31 21:42:17.098142,325.58
9611,2025-07-31 22:02:17.083245,325.97
9612,2025-07-31 22:22:17.089555,329.47
9613,2025-07-31 22:42:17.067914,328.03
9614,2025-07-31 23:02:17.078207,331.14
9615,2025-07-31 23:22:17.083551,332.22
9616,2025-07-31 23:42:17.081225,332.22
9617,2025-08-01 00:02:17.089745,330.77
9618,2025-08-01 00:22:17.080707,329.99
9619,2025-08-01 00:42:17.085665,328.97
9620,2025-08-01 01:02:17.083851,331.68
9621,2025-08-01 01:22:17.086641,332.32
9622,2025-08-01 01:42:17.080950,332.32
9623,2025-08-01 02:02:17.085857,331.64
9624,2025-08-01 02:22:17.120463,332.73
9625,2025-08-01 02:42:17.091655,333.31
9626,2025-08-01 03:02:17.084623,336.34
9627,2025-08-01 03:22:17.083195,341.46
9628,2025-08-01 03:42:17.085229,342.6
9629,2025-08-01 04:02:17.084788,344.15
9630,2025-08-01 04:22:17.085161,348.07
9631,2025-08-01 04:42:17.093115,347.51
9632,2025-08-01 05:02:17.085130,348.48
9633,2025-08-01 05:22:17.084030,348.56
9634,2025-08-01 05:42:17.081426,351.12
9635,2025-08-01 06:02:17.080464,353.97
9636,2025-08-01 06:22:17.078154,358.1
9637,2025-08-01 06:42:17.079710,360.97
9638,2025-08-01 07:02:17.091282,364.7
9639,2025-08-01 07:22:17.268188,368.9
9640,2025-08-01 07:42:17.084352,374.0
9641,2025-08-01 08:02:17.092407,378.47
9642,2025-08-01 08:22:17.083399,380.39
9643,2025-08-01 08:42:17.083747,383.42
9644,2025-08-01 09:02:17.073505,383.95
9645,2025-08-01 09:22:17.085277,384.78
9646,2025-08-01 09:42:17.081158,385.74
9647,2025-08-01 10:02:17.088487,387.5
9648,2025-08-01 10:22:17.095482,387.88
9649,2025-08-01 10:42:17.076076,386.19
9650,2025-08-01 11:02:17.078729,389.05
9651,2025-08-01 11:22:16.935411,392.08
9652,2025-08-01 11:42:17.093322,392.8
9653,2025-08-01 12:02:17.093075,393.52
9654,2025-08-01 12:22:17.081807,393.63
9655,2025-08-01 12:42:17.079948,392.39
9656,2025-08-01 13:02:17.091647,389.03
9657,2025-08-01 13:22:17.076798,383.46
9658,2025-08-01 13:42:17.082261,378.9
9659,2025-08-01 14:02:17.085865,374.02
9660,2025-08-01 14:22:17.082451,371.13
9661,2025-08-01 14:42:17.098226,369.87
9662,2025-08-01 15:02:17.098594,369.44
9663,2025-08-01 15:22:17.086473,364.38
9664,2025-08-01 15:42:17.080960,359.46
9665,2025-08-01 16:02:17.082271,354.2
9666,2025-08-01 16:22:17.077105,351.41
9667,2025-08-01 16:42:17.076141,350.18
9668,2025-08-01 17:02:17.085368,351.78
9669,2025-08-01 17:22:17.090061,354.16
9670,2025-08-01 17:42:17.076122,358.22
9671,2025-08-01 18:02:17.084637,364.38
9672,2025-08-01 18:22:17.077623,362.09
9673,2025-08-01 18:42:17.096389,359.55
9674,2025-08-01 19:02:17.075766,361.82
9675,2025-08-01 19:22:17.084239,362.22
9676,2025-08-01 19:42:17.092805,364.68
9677,2025-08-01 20:02:17.077089,365.66
9678,2025-08-01 20:22:17.082554,365.87
9679,2025-08-01 20:42:17.083093,367.4
9680,2025-08-01 21:02:17.090347,368.55
9681,2025-08-01 21:22:17.093612,370.34
9682,2025-08-01 21:42:17.088142,368.84
9683,2025-08-01 22:02:17.106081,367.86
9684,2025-08-01 22:22:17.081134,368.62
9685,2025-08-01 22:42:17.086192,373.28
9686,2025-08-01 23:02:17.092363,374.57
9687,2025-08-01 23:22:17.087229,373.88
9688,2025-08-01 23:42:17.100691,376.72
9689,2025-08-02 00:02:17.084542,376.76
9690,2025-08-02 00:22:17.082854,376.21
9691,2025-08-02 00:42:17.088920,373.74
9692,2025-08-02 01:02:17.084960,374.42
9693,2025-08-02 01:22:17.097231,375.82
9694,2025-08-02 01:42:17.086791,378.7
9695,2025-08-02 02:02:17.081342,380.34
9696,2025-08-02 02:22:17.080354,382.54
9697,2025-08-02 02:42:17.088246,384.21
9698,2025-08-02 03:02:17.078541,387.79
9699,2025-08-02 03:22:17.083858,390.96
9700,2025-08-02 03:42:17.094126,395.1
9701,2025-08-02 04:02:17.084663,397.56
9702,2025-08-02 04:22:17.082551,400.26
9703,2025-08-02 04:42:17.078947,403.35
9704,2025-08-02 05:02:17.087365,405.9
9705,2025-08-02 05:22:17.095135,405.35
9706,2025-08-02 05:42:17.092135,404.9
9707,2025-08-02 06:02:17.089297,404.72
9708,2025-08-02 06:22:17.098287,407.24
9709,2025-08-02 06:42:17.109272,409.27
9710,2025-08-02 07:02:17.083858,409.53
9711,2025-08-02 07:22:17.076728,408.77
9712,2025-08-02 07:42:17.094077,406.2
9713,2025-08-02 08:02:17.092180,405.18
9714,2025-08-02 08:22:17.097698,404.34
9715,2025-08-02 08:42:17.075325,402.92
9716,2025-08-02 09:02:17.092321,402.37
9717,2025-08-02 09:22:17.100100,405.73
9718,2025-08-02 09:42:17.093376,405.46
9719,2025-08-02 10:02:17.096829,408.98
9720,2025-08-02 10:22:17.076226,409.62
9721,2025-08-02 10:42:17.080976,412.1
9722,2025-08-02 11:02:17.080697,415.03
9723,2025-08-02 11:22:17.083278,413.94
9724,2025-08-02 11:42:17.090354,411.46
9725,2025-08-02 12:02:17.079403,408.96
9726,2025-08-02 12:22:17.080785,408.5
9727,2025-08-02 12:42:17.082626,404.96
9728,2025-08-02 13:02:17.087282,401.63
9729,2025-08-02 13:22:17.081009,402.01
9730,2025-08-02 13:42:17.081442,397.58
9731,2025-08-02 14:02:17.082729,394.64
9732,2025-08-02 14:22:17.079871,388.66
9733,2025-08-02 14:42:17.088288,382.14
9734,2025-08-02 15:02:16.778796,376.46
9735,2025-08-02 15:22:17.100326,374.12
9736,2025-08-02 15:42:17.097639,370.2
9737,2025-08-02 16:02:17.106082,369.78
9738,2025-08-02 16:22:17.086343,366.66
9739,2025-08-02 16:42:17.079539,360.4
9740,2025-08-02 17:02:17.079421,353.26
9741,2025-08-02 17:22:17.094772,351.88
9742,2025-08-02 17:42:17.470573,350.1
9743,2025-08-02 18:02:17.078099,354.34
9744,2025-08-02 18:22:17.085725,356.7
9745,2025-08-02 18:42:17.083777,359.08
9746,2025-08-02 19:02:17.080943,364.32
9747,2025-08-02 19:22:17.088741,368.15
9748,2025-08-02 19:42:17.042364,372.77
9749,2025-08-02 20:02:17.085945,378.74
9750,2025-08-02 20:22:17.092621,382.0
9751,2025-08-02 20:42:17.096727,384.67
9752,2025-08-02 21:02:17.080371,389.9
9753,2025-08-02 21:22:17.076909,393.52
9754,2025-08-02 21:42:17.084677,397.04
9755,2025-08-02 22:02:17.089903,400.02
9756,2025-08-02 22:22:17.090763,403.24
9757,2025-08-02 22:42:17.081985,406.4
9758,2025-08-02 23:02:17.086057,403.94
9759,2025-08-02 23:22:17.080710,407.54
9760,2025-08-02 23:42:17.071529,406.36
9761,2025-08-03 00:02:17.089449,407.78
9762,2025-08-03 00:22:17.092586,408.02
9763,2025-08-03 00:42:17.086520,405.32
9764,2025-08-03 01:02:17.084795,407.22
9765,2025-08-03 01:22:17.074964,405.64
9766,2025-08-03 01:42:17.076031,407.22
9767,2025-08-03 02:02:17.083606,408.4
9768,2025-08-03 02:22:17.078452,406.34
9769,2025-08-03 02:42:17.444703,405.0
9770,2025-08-03 03:02:17.088511,403.8
9771,2025-08-03 03:22:17.083618,403.44
9772,2025-08-03 03:42:17.079191,400.67
9773,2025-08-03 04:02:17.073595,400.84
9774,2025-08-03 04:22:17.081579,398.74
9775,2025-08-03 04:42:17.087352,399.92
9776,2025-08-03 05:02:17.087944,399.97
9777,2025-08-03 05:22:17.083490,398.67
9778,2025-08-03 05:42:17.087328,399.21
9779,2025-08-03 06:02:17.055015,399.12
9780,2025-08-03 06:22:17.087784,399.46
9781,2025-08-03 06:42:17.078935,402.66
9782,2025-08-03 07:02:17.082922,404.21
9783,2025-08-03 07:22:17.075846,404.12
9784,2025-08-03 07:42:17.077263,404.72
9785,2025-08-03 08:02:17.092546,405.28
9786,2025-08-03 08:22:17.140243,404.78
9787,2025-08-03 08:42:17.094346,405.36
9788,2025-08-03 09:02:17.077402,403.16
9789,2025-08-03 09:22:17.087290,401.86
9790,2025-08-03 09:42:17.107294,399.87
9791,2025-08-03 10:02:17.082296,398.1
9792,2025-08-03 10:22:17.090440,399.26
9793,2025-08-03 10:42:17.088911,401.24
9794,2025-08-03 11:02:17.078143,404.3
9795,2025-08-03 11:22:17.108112,404.75
9796,2025-08-03 11:42:17.089696,405.06
9797,2025-08-03 12:02:17.096157,406.48
9798,2025-08-03 12:22:17.085622,406.98
9799,2025-08-03 12:42:17.080326,408.72
9800,2025-08-03 13:02:17.084543,405.58
9801,2025-08-03 13:22:17.080446,407.79
9802,2025-08-03 13:42:17.081232,408.02
9803,2025-08-03 14:02:16.940516,407.5
9804,2025-08-03 14:22:17.074885,406.36
9805,2025-08-03 14:42:17.089612,405.16
9806,2025-08-03 15:02:17.082279,404.34
9807,2025-08-03 15:22:17.088522,403.71
9808,2025-08-03 15:42:17.084092,399.41
9809,2025-08-03 16:02:17.086097,395.94
9810,2025-08-03 16:22:17.661226,397.94
9811,2025-08-03 16:42:17.085210,392.82
9812,2025-08-03 17:02:17.100235,393.86
9813,2025-08-03 17:22:17.080214,393.44
9814,2025-08-03 17:42:17.100049,394.61
9815,2025-08-03 18:02:17.086781,397.41
9816,2025-08-03 18:22:17.082252,398.54
9817,2025-08-03 18:42:17.094773,400.38
9818,2025-08-03 19:02:17.094987,403.56
9819,2025-08-03 19:22:17.082996,401.85
9820,2025-08-03 19:42:17.083898,404.15
9821,2025-08-03 20:02:17.100976,405.79
9822,2025-08-03 20:22:17.080025,405.66
9823,2025-08-03 20:42:17.084920,404.82
9824,2025-08-03 21:02:17.090027,408.72
9825,2025-08-03 21:22:17.095736,409.39
9826,2025-08-03 21:42:17.075254,411.04
9827,2025-08-03 22:02:17.083325,414.0
9828,2025-08-03 22:22:17.078108,417.7
9829,2025-08-03 22:42:17.078762,417.68
9830,2025-08-03 23:02:17.077795,418.34
9831,2025-08-03 23:22:17.090400,417.14
9832,2025-08-03 23:42:17.083603,417.18
9833,2025-08-04 00:02:17.078541,419.62
9834,2025-08-04 00:22:17.074229,420.48
9835,2025-08-04 00:42:17.084246,418.28
9836,2025-08-04 01:02:17.278020,415.62
9837,2025-08-04 01:22:17.082385,413.23
9838,2025-08-04 01:42:17.090867,412.68
9839,2025-08-04 02:02:17.085776,411.62
9840,2025-08-04 02:22:17.084421,410.08
9841,2025-08-04 02:42:17.076414,409.62
9842,2025-08-04 03:02:17.098712,410.0
9843,2025-08-04 03:22:17.085476,406.8
9844,2025-08-04 03:42:17.078413,408.54
9845,2025-08-04 04:02:17.088615,411.16
9846,2025-08-04 04:22:17.090199,414.32
9847,2025-08-04 04:42:17.079598,416.32
9848,2025-08-04 05:02:17.082516,419.06
9849,2025-08-04 05:22:17.082374,421.6
9850,2025-08-04 05:42:17.089830,426.64
9851,2025-08-04 06:02:17.082052,427.34
9852,2025-08-04 06:22:17.087507,428.6
9853,2025-08-04 06:42:17.078899,429.62
9854,2025-08-04 07:02:17.082657,434.94
9855,2025-08-04 07:22:17.079435,434.26
9856,2025-08-04 07:42:17.090086,437.3
9857,2025-08-04 08:02:17.094594,437.22
9858,2025-08-04 08:22:16.724335,437.11
9859,2025-08-04 08:42:17.078177,441.08
9860,2025-08-04 09:02:17.086858,441.2
9861,2025-08-04 09:22:17.084499,442.44
9862,2025-08-04 09:42:17.096151,444.64
9863,2025-08-04 10:02:17.080616,445.62
9864,2025-08-04 10:22:17.080896,445.82
9865,2025-08-04 10:42:17.080018,449.26
9866,2025-08-04 11:02:17.084327,449.76
9867,2025-08-04 11:22:17.077864,451.14
9868,2025-08-04 11:42:17.079504,450.76
9869,2025-08-04 12:02:17.075052,451.87
9870,2025-08-04 12:22:17.084589,454.03
9871,2025-08-04 12:42:17.085210,454.36
9872,2025-08-04 13:02:16.998819,454.08
9873,2025-08-04 13:22:17.084562,456.5
9874,2025-08-04 13:42:17.082693,455.76
9875,2025-08-04 14:42:17.090146,459.36
9876,2025-08-04 15:02:16.701138,457.13
9877,2025-08-04 15:22:16.698064,455.08
9878,2025-08-04 15:42:17.086638,454.28
9879,2025-08-04 16:02:17.080072,455.26
9880,2025-08-04 16:22:17.085001,455.03
9881,2025-08-04 16:42:17.086520,452.83
9882,2025-08-04 17:02:17.091245,451.38
9883,2025-08-04 17:22:17.088304,449.54
9884,2025-08-04 17:42:17.112731,450.82
9885,2025-08-04 18:02:17.090081,450.6
9886,2025-08-04 18:22:17.086183,450.54
9887,2025-08-04 18:42:17.081221,450.74
9888,2025-08-04 19:02:17.098816,448.38
9889,2025-08-04 19:22:17.076307,449.82
9890,2025-08-04 19:42:17.083235,448.64
9891,2025-08-04 20:02:17.080714,447.34
9892,2025-08-04 20:22:17.078349,450.0
9893,2025-08-04 20:42:17.078800,451.25
9894,2025-08-04 21:02:17.086543,450.42
9895,2025-08-04 21:22:17.073766,451.02
9896,2025-08-04 21:42:17.080531,452.18
9897,2025-08-04 22:02:17.078058,452.14
9898,2025-08-04 22:22:17.085348,451.55
9899,2025-08-04 22:42:17.080569,454.46
9900,2025-08-04 23:02:17.082603,451.57
9901,2025-08-04 23:22:17.088394,451.76
9902,2025-08-04 23:42:17.083773,450.08
9903,2025-08-05 00:02:17.084032,454.38
9904,2025-08-05 00:22:17.074802,452.7
9905,2025-08-05 00:42:17.082500,454.39
9906,2025-08-05 01:02:17.096532,454.08
9907,2025-08-05 01:22:17.084015,455.6
9908,2025-08-05 01:42:17.091391,455.62
9909,2025-08-05 02:02:17.074915,455.56
9910,2025-08-05 02:22:17.077998,455.18
9911,2025-08-05 02:42:17.082857,454.42
9912,2025-08-05 03:02:17.101092,457.02
9913,2025-08-05 03:22:17.087284,459.18
9914,2025-08-05 03:42:17.406124,459.64
9915,2025-08-05 04:02:17.083899,461.36
9916,2025-08-05 04:22:17.081976,465.83
9917,2025-08-05 04:42:17.083288,467.28
9918,2025-08-05 05:02:17.094843,469.24
9919,2025-08-05 05:22:17.091057,471.96
9920,2025-08-05 05:42:17.081806,471.64
9921,2025-08-05 06:02:17.082949,471.94
9922,2025-08-05 06:22:17.091169,475.18
9923,2025-08-05 06:42:17.084267,471.72
9924,2025-08-05 07:02:17.089686,474.53
9925,2025-08-05 07:22:16.682420,474.79
9926,2025-08-05 07:42:17.097115,473.74
9927,2025-08-05 08:02:17.087986,476.24
9928,2025-08-05 08:22:17.078401,477.5
9929,2025-08-05 08:42:17.083538,478.24
9930,2025-08-05 09:02:17.609876,477.54
9931,2025-08-05 09:22:17.084640,479.9
9932,2025-08-05 09:42:17.080176,480.56
9933,2025-08-05 10:02:17.074571,480.64
9934,2025-08-05 10:22:17.082951,480.64
9935,2025-08-05 10:42:17.099240,480.78
9936,2025-08-05 11:02:17.093019,483.08
9937,2025-08-05 11:22:17.084883,483.07
9938,2025-08-05 11:42:17.081906,483.48
9939,2025-08-05 12:02:16.890865,484.64
9940,2025-08-05 12:22:17.088215,485.56
9941,2025-08-05 12:42:17.092072,488.1
9942,2025-08-05 13:02:17.073897,484.74
9943,2025-08-05 13:22:17.082882,485.64
9944,2025-08-05 13:42:17.080260,487.59
9945,2025-08-05 14:02:17.091827,489.32
9946,2025-08-05 14:22:17.089911,489.48
9947,2025-08-05 14:42:17.084450,491.3
9948,2025-08-05 15:02:17.093059,489.72
9949,2025-08-05 15:22:17.087696,490.08
9950,2025-08-05 15:42:17.081605,492.72
9951,2025-08-05 16:02:17.085609,493.3
9952,2025-08-05 16:22:17.074598,492.46
9953,2025-08-05 16:42:16.909954,495.16
9954,2025-08-05 17:02:17.368724,491.49
9955,2025-08-05 17:22:17.098856,493.96
9956,2025-08-05 17:42:17.089521,493.55
9957,2025-08-05 18:02:17.108871,494.04
9958,2025-08-05 18:22:17.078938,493.5
9959,2025-08-05 18:42:17.089281,497.72
9960,2025-08-05 19:02:17.080556,498.01
9961,2025-08-05 19:22:17.099382,499.68
9962,2025-08-05 19:42:17.090913,501.38
9963,2025-08-05 20:22:17.084162,506.16
9964,2025-08-05 20:42:17.827888,510.3
9965,2025-08-05 21:02:17.083078,512.86
9966,2025-08-05 21:22:16.937593,515.68
9967,2025-08-05 21:42:17.077822,518.27
9968,2025-08-05 22:02:17.084870,519.73
9969,2025-08-05 22:22:17.086381,524.94
9970,2025-08-05 22:42:17.077120,529.42
9971,2025-08-05 23:02:17.082067,534.16
9972,2025-08-05 23:22:17.083183,541.81
9973,2025-08-05 23:42:16.954797,547.21
9974,2025-08-06 00:02:17.079574,551.17
9975,2025-08-06 00:22:17.080100,549.88
9976,2025-08-06 00:42:17.082041,554.8
9977,2025-08-06 01:02:17.088700,555.48
9978,2025-08-06 01:22:17.085438,557.86
9979,2025-08-06 01:42:17.079045,558.18
9980,2025-08-06 02:02:16.981655,556.68
9981,2025-08-06 02:22:17.085769,558.62
9982,2025-08-06 02:42:17.086303,556.82
9983,2025-08-06 03:02:17.081893,555.16
9984,2025-08-06 03:22:17.084095,555.74
9985,2025-08-06 03:42:17.080755,555.95
9986,2025-08-06 04:02:17.081128,555.32
9987,2025-08-06 04:22:17.085240,554.66
9988,2025-08-06 04:42:17.090046,555.94
9989,2025-08-06 05:02:17.084647,555.62
9990,2025-08-06 05:22:17.083983,555.98
9991,2025-08-06 05:42:17.080915,555.81
9992,2025-08-06 06:02:17.088358,555.35
9993,2025-08-06 06:22:17.095886,559.43
9994,2025-08-06 06:42:17.289188,560.3
9995,2025-08-06 07:02:17.103805,561.06
9996,2025-08-06 07:22:17.081676,560.72
9997,2025-08-06 07:42:17.085173,560.84
9998,2025-08-06 08:02:17.080410,561.7
9999,2025-08-06 08:22:17.087613,561.02
10000,2025-08-06 08:42:17.083247,562.82
10001,2025-08-06 09:02:17.099664,562.42
10002,2025-08-06 09:22:17.084325,562.5
10003,2025-08-06 09:42:17.074403,560.84
10004,2025-08-06 10:02:17.085206,564.86
10005,2025-08-06 10:22:17.082260,567.52
10006,2025-08-06 10:42:17.106822,565.27
10007,2025-08-06 11:02:17.083108,565.72
10008,2025-08-06 11:22:17.082507,561.6
10009,2025-08-06 11:42:17.083787,560.86
10010,2025-08-06 12:02:17.081000,553.33
10011,2025-08-06 12:22:17.076879,546.93
10012,2025-08-06 12:42:17.084842,538.28
10013,2025-08-06 13:02:17.080246,530.6
10014,2025-08-06 13:22:17.083423,530.4
10015,2025-08-06 13:42:17.079584,527.8
10016,2025-08-06 14:02:17.075816,527.15
10017,2025-08-06 14:22:17.085071,527.37
10018,2025-08-06 14:42:17.087066,527.98
10019,2025-08-06 15:02:17.089786,527.06
10020,2025-08-06 15:22:17.084560,526.76
10021,2025-08-06 15:42:17.078297,518.88
10022,2025-08-06 16:02:17.084267,504.57
10023,2025-08-06 16:22:17.084529,492.81
10024,2025-08-06 16:42:17.082896,477.24
10025,2025-08-06 17:02:16.923621,464.21
10026,2025-08-06 17:22:17.097911,457.82
10027,2025-08-06 17:42:17.078821,461.0
10028,2025-08-06 18:02:17.427833,468.9
10029,2025-08-06 18:22:17.083600,475.09
10030,2025-08-06 18:42:17.081103,479.79
10031,2025-08-06 19:02:17.081339,483.12
10032,2025-08-06 19:22:17.079672,486.1
10033,2025-08-06 19:42:17.089122,488.4
10034,2025-08-06 20:02:17.075636,490.68
10035,2025-08-06 20:22:17.081306,493.88
10036,2025-08-06 20:42:17.099289,493.8
10037,2025-08-06 21:02:17.085512,495.85
10038,2025-08-06 21:22:17.089085,499.2
10039,2025-08-06 21:42:17.067320,500.3
10040,2025-08-06 22:02:17.076875,494.86
10041,2025-08-06 22:22:17.079986,494.19
10042,2025-08-06 22:42:17.079087,491.76
10043,2025-08-06 23:02:17.112231,493.85
10044,2025-08-06 23:22:17.081917,496.0
10045,2025-08-06 23:42:17.086162,499.88
10046,2025-08-07 00:02:17.072900,497.82
10047,2025-08-07 00:22:17.074790,493.56
10048,2025-08-07 00:42:17.084307,487.94
10049,2025-08-07 01:02:17.083439,481.26
10050,2025-08-07 01:22:17.095462,472.24
10051,2025-08-07 01:42:17.318515,465.18
10052,2025-08-07 02:02:17.088081,462.72
10053,2025-08-07 02:22:17.078580,458.18
10054,2025-08-07 02:42:17.081783,462.05
10055,2025-08-07 03:02:17.083785,458.47
10056,2025-08-07 03:22:17.084706,456.8
10057,2025-08-07 03:42:17.089006,457.3
10058,2025-08-07 04:02:17.085824,449.46
10059,2025-08-07 04:22:17.078487,445.4
10060,2025-08-07 04:42:17.094540,441.27
10061,2025-08-07 05:02:17.082605,445.16
10062,2025-08-07 05:22:17.675287,446.96
10063,2025-08-07 05:42:16.913552,447.91
10064,2025-08-07 06:02:17.084469,450.28
10065,2025-08-07 06:22:17.073681,452.26
10066,2025-08-07 06:42:17.082936,452.51
10067,2025-08-07 07:02:17.082312,451.28
10068,2025-08-07 07:22:17.081547,453.11
10069,2025-08-07 07:42:17.311231,453.92
10070,2025-08-07 08:02:17.082542,462.12
10071,2025-08-07 08:22:17.085788,465.88
10072,2025-08-07 08:42:17.076966,468.62
10073,2025-08-07 09:02:17.076007,471.41
10074,2025-08-07 09:22:17.084213,474.3
10075,2025-08-07 09:42:17.088154,475.12
10076,2025-08-07 10:02:17.086255,477.92
10077,2025-08-07 15:42:17.084724,417.7
10078,2025-08-07 16:22:17.085197,405.0
10079,2025-08-07 16:42:17.342948,402.7
10080,2025-08-07 17:02:17.080789,404.1
10081,2025-08-07 17:22:17.090638,406.08
10082,2025-08-07 17:42:17.085227,408.21
10083,2025-08-07 18:02:17.637448,411.88
10084,2025-08-07 18:22:17.088327,411.48
10085,2025-08-07 18:42:17.092120,410.52
10086,2025-08-07 19:02:17.077523,412.6
10087,2025-08-07 19:22:17.346724,414.55
10088,2025-08-07 19:42:17.087491,415.94
10089,2025-08-07 20:02:17.081488,413.1
10090,2025-08-07 20:22:17.086660,409.48
10091,2025-08-07 20:42:17.086098,406.66
10092,2025-08-07 21:02:17.083774,406.82
10093,2025-08-07 21:22:17.079777,408.34
10094,2025-08-07 21:42:17.082131,412.68
10095,2025-08-07 22:02:17.082168,420.44
10096,2025-08-07 22:22:17.092315,424.8
10097,2025-08-07 22:42:17.088268,423.68
10098,2025-08-07 23:02:17.086665,427.42
10099,2025-08-07 23:22:17.080712,431.95
10100,2025-08-07 23:42:17.076396,432.35
10101,2025-08-08 00:02:16.655057,432.1
10102,2025-08-08 00:22:17.095166,432.68
10103,2025-08-08 00:42:17.086725,437.14
10104,2025-08-08 01:02:17.095652,440.28
10105,2025-08-08 01:42:17.074805,445.14
10106,2025-08-08 02:02:17.082873,447.19
10107,2025-08-08 02:22:17.081827,447.85
10108,2025-08-08 02:42:17.082444,447.0
10109,2025-08-08 03:02:17.087293,447.76
10110,2025-08-08 03:22:17.078936,452.4
10111,2025-08-08 03:42:17.244911,455.27
10112,2025-08-08 04:02:17.080521,458.31
10113,2025-08-08 04:22:17.084653,460.58
10114,2025-08-08 04:42:17.024454,461.96
10115,2025-08-08 05:02:17.085185,464.08
10116,2025-08-08 05:22:17.088862,466.06
10117,2025-08-08 05:42:17.073660,468.63
10118,2025-08-08 06:02:17.074973,466.84
10119,2025-08-08 06:22:17.087966,467.91
10120,2025-08-08 06:42:17.081707,469.0
10121,2025-08-08 07:02:17.091320,468.42
10122,2025-08-08 07:22:17.091200,471.94
10123,2025-08-08 07:42:17.083906,474.6
10124,2025-08-08 08:02:17.092137,476.46
10125,2025-08-08 08:22:17.093357,479.97
10126,2025-08-08 08:42:17.085155,480.71
10127,2025-08-08 09:02:17.081137,483.96
10128,2025-08-08 09:22:17.094006,483.12
10129,2025-08-08 09:42:17.072002,483.74
10130,2025-08-08 10:02:17.082687,481.14
10131,2025-08-08 10:22:17.083000,477.82
10132,2025-08-08 10:42:17.086358,474.22
10133,2025-08-08 11:02:17.086539,472.64
10134,2025-08-08 11:22:17.099546,469.9
10135,2025-08-08 11:42:17.088562,467.24
10136,2025-08-08 12:02:17.077875,463.38
10137,2025-08-08 12:22:17.089180,462.86
10138,2025-08-08 12:42:17.102958,462.64
10139,2025-08-08 13:02:17.088190,461.82
10140,2025-08-08 13:22:17.081753,458.34
10141,2025-08-08 13:42:17.369475,450.72
10142,2025-08-08 14:02:17.079864,441.62
10143,2025-08-08 14:22:17.084442,431.31
10144,2025-08-08 14:42:17.097438,421.53
10145,2025-08-08 15:22:17.111855,405.26
10146,2025-08-08 15:42:17.091156,397.38
10147,2025-08-08 16:02:17.080496,391.22
10148,2025-08-08 16:22:17.081568,386.82
10149,2025-08-08 16:42:17.084499,381.65
10150,2025-08-08 17:02:17.084793,375.5
10151,2025-08-08 17:22:17.079739,370.72
10152,2025-08-08 17:42:17.086055,368.38
10153,2025-08-08 18:02:17.092409,365.92
10154,2025-08-08 18:22:17.075961,368.64
10155,2025-08-08 18:42:17.082976,373.18
10156,2025-08-08 19:02:17.086627,378.23
10157,2025-08-08 19:22:17.086868,380.54
10158,2025-08-08 19:42:17.081195,386.02
10159,2025-08-08 20:02:17.094673,391.98
10160,2025-08-08 20:22:17.080051,394.68
10161,2025-08-08 20:42:17.077715,390.97
10162,2025-08-08 21:02:17.105555,392.92
10163,2025-08-08 21:22:17.078294,394.12
10164,2025-08-08 21:42:17.085625,399.92
10165,2025-08-08 22:02:17.094398,404.42
10166,2025-08-08 22:22:17.084475,407.99
10167,2025-08-08 22:42:17.085973,410.11
10168,2025-08-08 23:02:16.719267,410.85
10169,2025-08-08 23:22:17.078387,417.24
10170,2025-08-08 23:42:17.075514,421.6
10171,2025-08-09 00:02:17.090598,429.78
10172,2025-08-09 00:22:17.087644,429.49
10173,2025-08-09 00:42:17.074897,435.33
10174,2025-08-09 01:02:17.077871,438.88
10175,2025-08-09 01:22:17.080456,442.56
10176,2025-08-09 01:42:17.088808,445.42
10177,2025-08-09 02:02:17.086226,450.12
10178,2025-08-09 02:22:17.085378,455.38
10179,2025-08-09 02:42:17.072936,458.92
10180,2025-08-09 03:02:17.085961,462.24
10181,2025-08-09 03:22:17.086869,465.61
10182,2025-08-09 03:42:16.983274,468.44
10183,2025-08-09 04:02:17.094929,470.82
10184,2025-08-09 04:22:17.087452,471.72
10185,2025-08-09 04:42:17.087856,474.59
10186,2025-08-09 05:02:17.305533,473.94
10187,2025-08-09 05:22:17.080704,474.38
10188,2025-08-09 05:42:17.084148,476.3
10189,2025-08-09 06:02:17.084774,475.44
10190,2025-08-09 06:22:17.085141,477.1
10191,2025-08-09 06:42:17.090104,479.87
10192,2025-08-09 07:02:17.084254,481.83
10193,2025-08-09 07:22:17.086379,484.21
10194,2025-08-09 07:42:17.615164,487.48
10195,2025-08-09 08:02:17.089117,491.88
10196,2025-08-09 08:22:17.101238,494.64
10197,2025-08-09 08:42:17.083369,500.58
10198,2025-08-09 09:02:17.083596,500.33
10199,2025-08-09 09:22:17.079295,501.03
10200,2025-08-09 09:42:17.088946,502.38
10201,2025-08-09 10:02:17.092650,503.32
10202,2025-08-09 10:22:17.110598,503.14
10203,2025-08-09 10:42:17.088485,504.68
10204,2025-08-09 11:02:17.094896,505.89
10205,2025-08-09 11:22:17.090610,508.44
10206,2025-08-09 11:42:17.087857,508.65
10207,2025-08-09 12:02:17.082435,511.12
10208,2025-08-09 12:22:17.081170,507.54
10209,2025-08-09 12:42:17.094775,507.7
10210,2025-08-09 13:02:17.108313,506.63
10211,2025-08-09 13:22:17.081406,505.35
10212,2025-08-09 13:42:17.083922,503.49
10213,2025-08-09 14:02:17.084121,499.16
10214,2025-08-09 14:22:17.081248,497.6
10215,2025-08-09 14:42:17.081918,495.22
10216,2025-08-09 15:42:16.939837,493.78
10217,2025-08-09 16:22:16.950993,488.56
10218,2025-08-09 16:42:17.078984,485.96
10219,2025-08-09 17:02:17.088994,479.35
10220,2025-08-09 17:22:17.082315,471.15
10221,2025-08-09 17:42:17.082725,464.56
10222,2025-08-09 18:02:17.089478,463.58
10223,2025-08-09 18:22:17.084901,460.94
10224,2025-08-09 18:42:17.082075,461.62
10225,2025-08-09 19:02:17.088805,460.29
10226,2025-08-09 19:22:17.084526,457.61
10227,2025-08-09 19:42:17.073803,456.3
10228,2025-08-09 20:02:17.080974,453.44
10229,2025-08-09 20:22:17.075710,455.4
10230,2025-08-09 20:42:17.082421,460.08
10231,2025-08-09 21:02:17.083265,463.64
10232,2025-08-09 21:22:17.095114,468.15
10233,2025-08-09 21:42:17.082335,472.76
10234,2025-08-09 22:02:17.083771,473.52
10235,2025-08-09 22:22:17.403018,475.12
10236,2025-08-09 22:42:17.089261,476.7
10237,2025-08-09 23:02:17.084249,480.44
10238,2025-08-09 23:22:17.082762,483.19
10239,2025-08-09 23:42:17.080646,486.79
10240,2025-08-10 00:02:17.083240,488.14
10241,2025-08-10 00:22:17.084503,489.82
10242,2025-08-10 00:42:17.093477,492.86
10243,2025-08-10 01:02:17.086740,495.97
10244,2025-08-10 01:22:17.085550,498.35
10245,2025-08-10 01:42:17.087839,502.08
10246,2025-08-10 02:02:17.113118,502.68
10247,2025-08-10 02:22:17.083668,504.56
10248,2025-08-10 02:42:17.087989,508.36
10249,2025-08-10 03:02:17.088476,511.19
10250,2025-08-10 03:22:17.084812,515.15
10251,2025-08-10 03:42:17.089088,517.34
10252,2025-08-10 04:02:17.076771,518.36
10253,2025-08-10 04:22:17.085786,518.26
10254,2025-08-10 04:42:17.080495,520.58
10255,2025-08-10 05:02:17.092226,523.26
10256,2025-08-10 05:22:17.092707,523.55
10257,2025-08-10 05:42:17.096177,524.06
10258,2025-08-10 06:02:17.083300,527.2
10259,2025-08-10 06:22:17.095916,527.84
10260,2025-08-10 06:42:17.089812,531.18
10261,2025-08-10 07:02:17.103183,530.77
10262,2025-08-10 07:22:17.080581,531.71
10263,2025-08-10 07:42:17.091887,533.87
10264,2025-08-10 08:02:17.079867,534.32
10265,2025-08-10 08:22:17.079836,534.84
10266,2025-08-10 08:42:17.082353,538.7
10267,2025-08-10 09:02:18.165864,537.82
10268,2025-08-10 09:22:17.082032,541.26
10269,2025-08-10 09:42:17.085701,542.42
10270,2025-08-10 10:02:17.090739,542.31
10271,2025-08-10 10:22:17.082008,545.64
10272,2025-08-10 10:42:17.082142,543.6
10273,2025-08-10 11:02:17.095671,542.44
10274,2025-08-10 11:22:17.110856,542.93
10275,2025-08-10 11:42:17.090702,546.54
10276,2025-08-10 12:02:16.725015,547.65
10277,2025-08-10 12:22:17.094425,547.78
10278,2025-08-10 12:42:17.096759,549.1
10279,2025-08-10 13:02:17.089239,549.9
10280,2025-08-10 13:22:17.086893,550.91
10281,2025-08-10 13:42:17.090602,550.24
10282,2025-08-10 14:02:17.081331,547.57
10283,2025-08-10 14:22:17.084164,550.36
10284,2025-08-10 14:42:17.078605,549.78
10285,2025-08-10 15:02:17.085733,545.76
10286,2025-08-10 15:22:17.086481,541.65
10287,2025-08-10 15:42:17.084495,538.83
10288,2025-08-10 16:02:17.078352,536.46
10289,2025-08-10 16:22:17.076099,532.46
10290,2025-08-10 16:42:17.062723,533.36
10291,2025-08-10 17:02:17.086473,531.3
10292,2025-08-10 17:22:17.080988,527.16
10293,2025-08-10 17:42:17.085674,524.46
10294,2025-08-10 18:02:17.090736,519.82
10295,2025-08-10 18:22:17.097235,513.72
10296,2025-08-10 18:42:17.081011,512.92
10297,2025-08-10 19:02:17.091586,511.64
10298,2025-08-10 19:22:17.084250,514.42
10299,2025-08-10 19:42:17.083204,515.08
10300,2025-08-10 20:02:17.085337,517.15
10301,2025-08-10 20:22:17.092317,514.56
10302,2025-08-10 20:42:17.085665,515.82
10303,2025-08-10 21:02:17.496307,515.3
10304,2025-08-10 21:22:17.100513,515.71
10305,2025-08-10 21:42:17.096597,514.76
10306,2025-08-10 22:02:17.074565,517.85
10307,2025-08-10 22:22:17.084600,520.96
10308,2025-08-10 22:42:17.091350,522.14
10309,2025-08-10 23:02:17.078071,524.64
10310,2025-08-10 23:22:17.079899,525.28
10311,2025-08-10 23:42:17.111750,523.49
10312,2025-08-11 00:02:17.083996,527.55
10313,2025-08-11 00:22:17.083424,528.72
10314,2025-08-11 00:42:17.082628,530.24
10315,2025-08-11 01:02:17.079748,533.94
10316,2025-08-11 01:22:17.085946,537.02
10317,2025-08-11 01:42:17.086076,536.91
10318,2025-08-11 02:02:17.081502,534.23
10319,2025-08-11 02:22:17.081686,533.36
10320,2025-08-11 02:42:17.082032,535.06
10321,2025-08-11 03:02:17.083240,535.8
10322,2025-08-11 03:42:17.080498,537.06
10323,2025-08-11 04:02:17.091002,538.09
10324,2025-08-11 04:22:17.093349,540.88
10325,2025-08-11 04:42:17.082654,543.0
10326,2025-08-11 05:02:17.079839,541.72
10327,2025-08-11 05:22:17.078105,543.04
10328,2025-08-11 05:42:17.094243,545.82
10329,2025-08-11 06:02:17.081981,545.93
10330,2025-08-11 06:22:17.089317,547.26
10331,2025-08-11 06:42:17.115838,550.76
10332,2025-08-11 07:02:17.085991,551.02
10333,2025-08-11 07:22:17.081244,552.14
10334,2025-08-11 07:42:17.082044,553.53
10335,2025-08-11 08:02:17.093503,553.38
10336,2025-08-11 08:22:17.085884,556.74
10337,2025-08-11 08:42:17.091574,556.18
10338,2025-08-11 09:02:17.078842,557.5
10339,2025-08-11 09:22:17.076446,559.35
10340,2025-08-11 09:42:17.087904,560.73
10341,2025-08-11 10:02:17.085490,563.14
10342,2025-08-11 10:22:17.086912,563.32
10343,2025-08-11 10:42:17.091009,566.66
10344,2025-08-11 11:02:17.419186,565.46
10345,2025-08-11 11:22:17.078622,567.06
10346,2025-08-11 11:42:17.082578,566.3
10347,2025-08-11 12:02:17.088763,567.68
10348,2025-08-11 12:22:17.099279,568.06
10349,2025-08-11 12:42:17.085491,569.44
10350,2025-08-11 13:02:17.087848,568.52
10351,2025-08-11 13:22:17.078700,566.08
10352,2025-08-11 13:42:17.091176,565.99
10353,2025-08-11 14:02:17.086784,561.49
10354,2025-08-11 14:22:17.112792,556.76
10355,2025-08-11 14:42:16.969263,549.3
10356,2025-08-11 15:02:17.089855,542.24
10357,2025-08-11 15:22:17.246239,531.0
10358,2025-08-11 15:42:17.079728,527.79
10359,2025-08-11 16:02:17.077734,528.49
10360,2025-08-11 16:22:17.080824,529.36
10361,2025-08-11 16:42:17.086786,528.28
10362,2025-08-11 17:02:17.085421,516.52
10363,2025-08-11 17:22:17.079914,505.02
10364,2025-08-11 17:42:17.076975,499.99
10365,2025-08-11 18:02:17.080855,500.37
10366,2025-08-11 18:22:17.083093,498.48
10367,2025-08-11 18:42:17.081003,501.02
10368,2025-08-11 19:02:17.090770,496.77
10369,2025-08-11 19:22:17.090474,500.15
10370,2025-08-11 19:42:17.100266,507.08
10371,2025-08-11 20:02:17.081500,506.86
10372,2025-08-11 20:22:17.080259,506.0
10373,2025-08-11 20:42:17.083457,503.78
10374,2025-08-11 21:02:17.079835,500.48
10375,2025-08-11 21:22:17.085123,499.32
10376,2025-08-11 21:42:17.083448,501.17
10377,2025-08-11 22:02:17.085356,503.46
10378,2025-08-11 22:22:17.081773,503.98
10379,2025-08-11 22:42:17.399536,504.33
10380,2025-08-11 23:02:17.081413,505.33
10381,2025-08-11 23:22:17.082181,504.83
10382,2025-08-11 23:42:17.083001,504.48
10383,2025-08-12 00:02:17.080367,504.7
10384,2025-08-12 00:22:17.086385,508.14
10385,2025-08-12 00:42:17.084142,510.86
10386,2025-08-12 01:02:17.086177,510.86
10387,2025-08-12 01:22:17.082453,513.34
10388,2025-08-12 01:42:17.090292,516.88
10389,2025-08-12 02:02:17.085794,518.52
10390,2025-08-12 02:22:17.079288,521.0
10391,2025-08-12 02:42:17.086232,523.72
10392,2025-08-12 03:02:17.090316,525.2
10393,2025-08-12 03:22:17.097025,527.42
10394,2025-08-12 03:42:17.086771,528.14
10395,2025-08-12 04:02:17.077500,529.86
10396,2025-08-12 04:22:17.411503,529.68
10397,2025-08-12 04:42:17.080662,529.32
10398,2025-08-12 05:02:17.079292,530.65
10399,2025-08-12 05:22:17.079157,533.02
10400,2025-08-12 05:42:17.081468,537.12
10401,2025-08-12 06:02:17.081426,537.26
10402,2025-08-12 06:22:17.077696,537.8
10403,2025-08-12 06:42:17.087826,538.5
10404,2025-08-12 07:02:17.084197,540.51
10405,2025-08-12 07:22:17.092049,542.5
10406,2025-08-12 07:42:17.085886,542.97
10407,2025-08-12 08:02:16.670167,543.75
10408,2025-08-12 08:22:17.081054,545.38
10409,2025-08-12 08:42:17.087578,546.62
10410,2025-08-12 09:02:17.102591,546.14
10411,2025-08-12 09:22:17.091112,545.61
10412,2025-08-12 09:42:17.083844,546.47
10413,2025-08-12 10:02:17.086784,548.22
10414,2025-08-12 10:22:16.758873,549.52
10415,2025-08-12 10:42:17.091434,549.36
10416,2025-08-12 11:02:17.074696,553.07
10417,2025-08-12 11:22:17.096182,553.7
10418,2025-08-12 11:42:17.080352,552.98
10419,2025-08-12 12:02:17.086947,553.9
10420,2025-08-12 12:22:17.080871,554.44
10421,2025-08-12 12:42:17.080645,556.42
10422,2025-08-12 13:02:17.084356,554.12
10423,2025-08-12 13:22:17.075465,550.51
10424,2025-08-12 13:42:17.595789,549.8
10425,2025-08-12 14:02:17.085858,549.56
10426,2025-08-12 14:22:17.076823,551.42
10427,2025-08-12 14:42:17.086287,551.44
10428,2025-08-12 15:02:16.935512,552.58
10429,2025-08-12 15:22:17.088308,547.35
10430,2025-08-12 15:42:17.077541,544.09
10431,2025-08-12 16:02:17.083520,542.7
10432,2025-08-12 16:22:17.079522,533.84
10433,2025-08-12 16:42:17.078021,523.56
10434,2025-08-12 17:02:17.075945,519.27
10435,2025-08-12 17:22:17.077946,515.6
10436,2025-08-12 17:42:17.083939,517.24
10437,2025-08-13 00:02:17.084706,535.66
10438,2025-08-13 00:22:17.096889,533.98
10439,2025-08-13 00:42:17.091504,533.87
10440,2025-08-13 01:02:17.276338,533.06
10441,2025-08-13 01:22:17.082966,532.03
10442,2025-08-13 01:42:17.088841,533.68
10443,2025-08-13 02:02:17.378839,532.14
10444,2025-08-13 02:22:17.094947,528.52
10445,2025-08-13 02:42:17.088822,526.3
10446,2025-08-13 03:02:17.101516,526.59
10447,2025-08-13 03:22:17.082911,529.3
10448,2025-08-13 03:42:17.080659,529.28
10449,2025-08-13 04:02:17.083196,526.78
10450,2025-08-13 04:22:17.077425,528.26
10451,2025-08-13 04:42:17.084537,526.04
10452,2025-08-13 05:02:17.086661,525.48
10453,2025-08-13 05:22:17.079718,525.03
10454,2025-08-13 05:42:17.082267,524.96
10455,2025-08-13 06:02:17.082494,524.16
10456,2025-08-13 06:22:17.094979,525.5
10457,2025-08-13 06:42:17.085683,528.78
10458,2025-08-13 07:02:17.083363,531.81
10459,2025-08-13 07:22:17.077383,537.65
10460,2025-08-13 07:42:17.069490,541.16
10461,2025-08-13 08:02:17.095364,541.0
10462,2025-08-13 08:22:17.078540,541.6
10463,2025-08-13 08:42:17.098380,544.11
10464,2025-08-13 09:02:17.081330,543.94
10465,2025-08-13 09:22:17.084440,543.43
10466,2025-08-13 09:42:17.080021,540.64
10467,2025-08-13 10:02:17.082215,541.12
10468,2025-08-13 10:22:17.082228,538.72
10469,2025-08-13 10:42:17.088542,537.89
10470,2025-08-13 11:02:17.091022,539.04
10471,2025-08-13 11:22:17.076177,535.72
10472,2025-08-13 11:42:17.081554,529.48
10473,2025-08-13 12:02:17.083643,521.72
10474,2025-08-13 12:22:17.080726,520.58
10475,2025-08-13 12:42:17.478836,519.58
10476,2025-08-13 13:02:17.084709,518.48
10477,2025-08-13 13:22:17.081096,511.92
10478,2025-08-13 13:42:17.084508,506.6
10479,2025-08-13 14:02:16.704307,495.24
10480,2025-08-14 00:02:17.076329,446.38
10481,2025-08-14 00:22:17.076794,451.97
10482,2025-08-14 00:42:17.086249,457.45
10483,2025-08-14 01:02:17.084662,461.86
10484,2025-08-14 01:22:17.080648,463.9
10485,2025-08-14 01:42:17.087057,463.88
10486,2025-08-14 02:02:17.082864,459.48
10487,2025-08-14 02:22:17.082251,458.0
10488,2025-08-14 02:42:17.080249,452.62
10489,2025-08-14 03:02:17.086869,452.03
10490,2025-08-14 03:22:17.087395,448.88
10491,2025-08-14 03:42:17.088575,446.34
10492,2025-08-14 04:02:17.072229,442.5
10493,2025-08-14 04:22:17.079446,440.81
10494,2025-08-14 04:42:17.074694,442.91
10495,2025-08-14 05:02:17.087930,445.4
10496,2025-08-14 05:22:17.093952,446.6
10497,2025-08-14 05:42:17.095373,440.24
10498,2025-08-14 06:02:17.087687,437.56
10499,2025-08-14 06:22:17.081638,433.54
10500,2025-08-14 06:42:17.079428,436.68
10501,2025-08-14 07:02:17.091173,438.85
10502,2025-08-14 07:22:17.093881,439.9
10503,2025-08-14 07:42:17.087083,444.54
10504,2025-08-14 08:02:17.079870,443.82
10505,2025-08-14 08:22:17.106154,437.24
10506,2025-08-14 08:42:17.094305,436.33
10507,2025-08-14 09:02:17.086181,432.09
10508,2025-08-14 09:22:17.078548,421.74
10509,2025-08-14 09:42:17.081707,412.44
10510,2025-08-14 10:02:17.091096,402.2
10511,2025-08-14 10:22:17.086740,396.5
10512,2025-08-14 10:42:17.082679,395.95
10513,2025-08-14 11:02:17.085789,395.14
10514,2025-08-14 11:22:17.078774,388.74
10515,2025-08-14 11:42:17.782521,386.33
10516,2025-08-14 12:02:17.084835,382.32
10517,2025-08-14 12:22:17.083114,384.88
10518,2025-08-14 12:42:17.077547,382.81
10519,2025-08-14 13:02:17.073891,381.42
10520,2025-08-14 15:22:17.084500,411.0
10521,2025-08-14 15:42:17.092137,414.16
10522,2025-08-14 16:02:17.079157,418.3
10523,2025-08-14 16:22:17.085054,416.91
10524,2025-08-14 16:42:17.081661,413.34
10525,2025-08-14 17:02:17.083058,405.44
10526,2025-08-14 17:22:17.094786,395.7
10527,2025-08-14 17:42:16.924330,390.82
10528,2025-08-14 18:02:17.086550,385.06
10529,2025-08-14 18:22:17.082047,382.76
10530,2025-08-14 18:42:17.076729,380.13
10531,2025-08-14 19:02:17.081501,379.46
10532,2025-08-14 19:22:17.087093,376.2
10533,2025-08-14 19:42:17.089224,374.22
10534,2025-08-14 20:02:17.074750,371.09
10535,2025-08-14 20:22:17.100208,370.25
10536,2025-08-14 20:42:17.077059,368.84
10537,2025-08-14 21:02:17.073448,369.06
10538,2025-08-14 21:22:17.093856,367.3
10539,2025-08-14 21:42:17.088861,364.98
10540,2025-08-14 22:02:17.324019,366.02
10541,2025-08-14 22:22:17.087257,368.96
10542,2025-08-14 22:42:17.094324,371.63
10543,2025-08-14 23:02:17.088737,376.16
10544,2025-08-14 23:22:17.085046,374.76
10545,2025-08-14 23:42:17.117327,374.9
10546,2025-08-15 00:02:17.084888,378.2
10547,2025-08-15 00:22:17.085893,378.87
10548,2025-08-15 00:42:17.095512,380.11
10549,2025-08-15 01:02:17.081055,381.52
10550,2025-08-15 01:22:17.092811,382.86
10551,2025-08-15 01:42:17.077498,384.24
10552,2025-08-15 02:02:17.091028,384.92
10553,2025-08-15 02:22:17.089756,389.45
10554,2025-08-15 02:42:17.097483,398.45
10555,2025-08-15 03:02:17.082987,409.8
10556,2025-08-15 03:22:17.111994,417.0
10557,2025-08-15 03:42:17.090590,420.64
10558,2025-08-15 04:02:17.099241,425.47
10559,2025-08-15 04:22:17.091772,428.28
10560,2025-08-15 04:42:17.096368,431.84
10561,2025-08-15 05:02:17.088346,430.38
10562,2025-08-15 05:22:17.100198,427.92
10563,2025-08-15 05:42:17.082687,423.84
10564,2025-08-15 06:02:17.094812,420.74
10565,2025-08-15 06:22:17.091261,421.13
10566,2025-08-15 06:42:17.103575,423.32
10567,2025-08-15 07:02:17.086685,422.48
10568,2025-08-15 07:22:17.084219,419.82
10569,2025-08-15 07:42:17.089843,418.4
10570,2025-08-15 08:02:17.085385,418.77
10571,2025-08-15 08:22:17.081125,422.43
10572,2025-08-15 08:42:17.077905,422.83
10573,2025-08-15 09:02:17.086349,420.98
10574,2025-08-15 09:22:17.081347,419.66
10575,2025-08-15 09:42:17.086363,417.1
10576,2025-08-15 10:02:17.084951,415.94
10577,2025-08-15 10:22:17.076689,415.21
10578,2025-08-15 10:42:17.082887,421.44
10579,2025-08-15 11:02:17.251489,430.9
10580,2025-08-15 11:22:17.079175,433.9
10581,2025-08-15 11:42:17.085024,434.12
10582,2025-08-15 12:02:17.103324,430.47
10583,2025-08-15 12:22:17.104542,430.02
10584,2025-08-15 12:42:17.073955,426.92
10585,2025-08-15 13:02:17.102755,421.68
10586,2025-08-15 13:22:17.105213,415.8
10587,2025-08-15 13:42:17.153080,411.91
10588,2025-08-15 14:02:17.094710,409.35
10589,2025-08-15 14:22:17.382225,403.86
10590,2025-08-15 14:42:17.086903,393.88
10591,2025-08-15 15:02:17.091754,385.38
10592,2025-08-15 15:22:17.076936,380.82
10593,2025-08-15 15:42:17.081614,376.48
10594,2025-08-15 16:02:17.614368,378.32
10595,2025-08-15 16:22:17.081179,377.93
10596,2025-08-15 16:42:17.078858,373.28
10597,2025-08-15 17:02:17.079656,369.52
10598,2025-08-15 17:22:17.085074,369.92
10599,2025-08-15 17:42:17.085420,369.94
10600,2025-08-15 18:02:17.084991,369.02
10601,2025-08-15 18:22:17.096469,368.79
10602,2025-08-15 18:42:17.082398,369.14
10603,2025-08-15 19:02:17.078146,365.6
10604,2025-08-15 19:22:16.941024,365.56
10605,2025-08-16 00:02:17.085400,416.7
10606,2025-08-16 00:22:17.084144,420.64
10607,2025-08-16 00:42:17.079402,424.48
10608,2025-08-16 01:02:17.077429,426.32
10609,2025-08-16 01:22:17.082673,432.28
10610,2025-08-16 01:42:17.086145,434.37
10611,2025-08-16 02:02:17.082926,437.9
10612,2025-08-16 02:22:17.096290,439.11
10613,2025-08-16 02:42:17.086794,442.08
10614,2025-08-16 03:02:17.086266,445.44
10615,2025-08-16 03:22:17.075304,445.7
10616,2025-08-16 03:42:17.077669,448.71
10617,2025-08-16 04:02:17.088715,452.42
10618,2025-08-16 04:22:17.082074,455.7
10619,2025-08-16 04:42:17.084134,457.1
10620,2025-08-16 05:02:17.661364,459.72
10621,2025-08-16 05:22:17.080391,461.22
10622,2025-08-16 05:42:17.086467,463.03
10623,2025-08-16 06:02:17.082340,467.73
10624,2025-08-16 06:22:17.085292,470.62
10625,2025-08-16 06:42:16.724774,472.98
10626,2025-08-16 07:02:17.086239,476.9
10627,2025-08-16 07:22:17.076127,476.92
10628,2025-08-16 07:42:17.084923,479.05
10629,2025-08-16 08:02:17.079248,482.9
10630,2025-08-16 08:22:17.087024,483.3
10631,2025-08-16 08:42:17.085189,486.06
10632,2025-08-16 09:02:17.086616,487.76
10633,2025-08-16 09:22:17.073636,491.44
10634,2025-08-16 09:42:17.076671,491.25
10635,2025-08-16 10:02:17.077367,494.94
10636,2025-08-16 10:22:17.084575,496.08
10637,2025-08-16 10:42:17.079847,497.08
10638,2025-08-16 11:02:17.094413,499.92
10639,2025-08-16 11:22:17.018336,500.24
10640,2025-08-16 11:42:17.074862,500.55
10641,2025-08-16 12:02:17.084992,502.83
10642,2025-08-16 12:22:17.082972,506.57
10643,2025-08-16 12:42:17.095467,506.86
10644,2025-08-16 13:02:17.085450,506.64
10645,2025-08-16 13:22:17.086011,505.42
10646,2025-08-16 13:42:17.088232,503.88
10647,2025-08-16 14:02:17.075982,505.62
10648,2025-08-16 14:22:17.088343,503.01
10649,2025-08-16 14:42:17.084253,499.36
10650,2025-08-16 15:02:17.090998,497.26
10651,2025-08-16 15:22:17.091857,496.16
10652,2025-08-16 15:42:17.078490,497.35
10653,2025-08-16 16:02:17.086355,496.98
10654,2025-08-16 16:22:17.079809,494.79
10655,2025-08-16 16:42:17.081281,494.88
10656,2025-08-16 17:02:17.083514,494.1
10657,2025-08-16 17:22:17.085550,494.36
10658,2025-08-16 17:42:17.082608,493.16
10659,2025-08-16 18:02:17.083048,494.35
10660,2025-08-16 18:22:17.697690,495.84
10661,2025-08-16 18:42:17.081828,498.9
10662,2025-08-16 19:02:17.078551,501.5
10663,2025-08-16 19:22:17.088978,502.51
10664,2025-08-16 19:42:17.085627,502.45
10665,2025-08-16 20:02:17.077620,507.21
10666,2025-08-16 20:22:17.090459,508.9
10667,2025-08-16 20:42:17.082190,509.28
10668,2025-08-16 21:02:17.080587,509.56
10669,2025-08-16 21:22:17.084951,509.82
10670,2025-08-16 21:42:17.094260,511.79
10671,2025-08-16 22:02:17.084039,512.47
10672,2025-08-16 22:22:17.076077,513.9
10673,2025-08-16 22:42:17.080247,516.18
10674,2025-08-16 23:02:17.085235,514.62
10675,2025-08-16 23:22:17.082719,517.98
10676,2025-08-16 23:42:17.087405,518.69
10677,2025-08-17 00:02:17.085395,521.19
10678,2025-08-17 00:22:17.085096,521.62
10679,2025-08-17 00:42:17.113266,523.04
10680,2025-08-17 01:02:17.402037,524.11
10681,2025-08-17 01:22:17.101743,525.9
10682,2025-08-17 01:42:17.094148,525.11
10683,2025-08-17 02:02:17.093349,526.68
10684,2025-08-17 02:22:17.491039,530.88
10685,2025-08-17 02:42:17.086990,529.08
10686,2025-08-17 03:02:17.085115,531.02
10687,2025-08-17 03:22:17.090969,533.43
10688,2025-08-17 03:42:17.091859,534.15
10689,2025-08-17 04:02:17.086115,534.37
10690,2025-08-17 04:22:17.083522,533.42
10691,2025-08-17 04:42:17.082791,536.44
10692,2025-08-17 05:02:17.085082,536.38
10693,2025-08-17 05:22:17.085894,537.22
10694,2025-08-17 05:42:17.091559,538.19
10695,2025-08-17 06:02:17.093765,539.54
10696,2025-08-17 06:22:17.084500,537.98
10697,2025-08-17 06:42:17.083046,541.56
10698,2025-08-17 07:02:17.077647,539.84
10699,2025-08-17 07:22:17.108384,542.84
10700,2025-08-17 07:42:17.094926,544.39
10701,2025-08-17 08:02:17.118851,545.89
10702,2025-08-17 08:22:17.078656,545.62
10703,2025-08-17 08:42:17.084289,545.46
10704,2025-08-17 09:02:17.082096,546.76
10705,2025-08-17 09:22:17.081991,547.85
10706,2025-08-17 09:42:17.099268,548.82
10707,2025-08-17 10:02:17.090857,549.1
10708,2025-08-17 10:22:16.885942,550.91
10709,2025-08-17 10:42:17.091078,552.02
10710,2025-08-17 11:02:17.086111,552.72
10711,2025-08-17 11:22:17.081574,553.24
10712,2025-08-17 11:42:17.905541,551.2
10713,2025-08-17 12:02:17.086578,553.63
10714,2025-08-17 12:22:17.083953,555.86
10715,2025-08-17 12:42:17.074127,556.18
10716,2025-08-17 13:02:17.083610,557.14
10717,2025-08-17 13:22:17.087921,556.31
10718,2025-08-17 13:42:17.098065,557.3
10719,2025-08-17 14:02:17.089589,554.81
10720,2025-08-17 14:22:17.079492,555.26
10721,2025-08-17 14:42:17.082580,555.82
10722,2025-08-17 15:02:17.085251,553.42
10723,2025-08-17 15:22:17.088172,553.93
10724,2025-08-17 15:42:17.086294,551.74
10725,2025-08-17 16:02:17.090893,549.45
10726,2025-08-17 16:22:17.078449,551.48
10727,2025-08-17 16:42:17.072607,551.3
10728,2025-08-17 17:02:17.079882,546.9
10729,2025-08-17 17:22:17.096864,549.42
10730,2025-08-17 17:42:17.089467,549.39
10731,2025-08-17 18:02:17.083842,548.9
10732,2025-08-17 18:22:17.083891,548.18
10733,2025-08-17 18:42:17.094431,547.38
10734,2025-08-17 19:02:17.092271,548.7
10735,2025-08-17 19:22:17.080423,544.55
10736,2025-08-17 19:42:17.085755,543.23
10737,2025-08-17 20:02:17.081236,542.39
10738,2025-08-17 20:22:17.085401,541.26
10739,2025-08-17 20:42:17.081543,539.42
10740,2025-08-17 21:02:17.076779,538.56
10741,2025-08-17 21:22:17.074531,538.33
10742,2025-08-17 21:42:17.085569,536.54
10743,2025-08-17 22:02:17.081589,536.95
10744,2025-08-17 22:22:17.085378,538.0
10745,2025-08-17 22:42:17.099613,538.66
10746,2025-08-17 23:02:16.850567,539.14
10747,2025-08-17 23:22:17.084868,538.6
10748,2025-08-17 23:42:17.076993,539.69
10749,2025-08-18 00:02:17.080226,540.67
10750,2025-08-18 00:22:17.085161,541.66
10751,2025-08-18 00:42:17.088639,540.54
10752,2025-08-18 01:02:17.085411,541.78
10753,2025-08-18 01:22:17.068483,544.35
10754,2025-08-18 01:42:17.082150,543.44
10755,2025-08-18 02:02:17.082339,541.55
10756,2025-08-18 02:22:17.086989,543.2
10757,2025-08-18 02:42:17.086983,542.08
10758,2025-08-18 03:02:17.197074,543.56
10759,2025-08-18 03:22:17.082711,545.09
10760,2025-08-18 03:42:17.084604,545.34
10761,2025-08-18 04:02:17.080201,548.92
10762,2025-08-18 04:22:17.081391,546.94
10763,2025-08-18 04:42:17.077440,552.5
10764,2025-08-18 05:02:17.096993,553.38
10765,2025-08-18 05:22:17.106667,554.09
10766,2025-08-18 05:42:17.082560,556.93
10767,2025-08-18 06:02:17.080259,556.39
10768,2025-08-18 06:22:17.549709,558.14
10769,2025-08-18 06:42:17.093719,558.2
10770,2025-08-18 07:02:17.075918,561.52
10771,2025-08-18 07:22:17.075954,559.67
10772,2025-08-18 07:42:17.077108,560.58
10773,2025-08-18 08:02:17.090091,563.62
10774,2025-08-18 08:22:17.087618,562.76
10775,2025-08-18 08:42:17.085585,561.18
10776,2025-08-18 09:02:17.085840,566.28
10777,2025-08-18 09:22:16.954838,565.86
10778,2025-08-18 09:42:17.083081,566.32
10779,2025-08-18 10:02:17.080034,564.82
10780,2025-08-18 10:22:17.083464,563.9
10781,2025-08-18 10:42:17.084565,564.0
10782,2025-08-18 11:02:17.078110,564.48
10783,2025-08-18 11:22:17.079800,565.72
10784,2025-08-18 11:42:17.087663,567.34
10785,2025-08-18 12:02:17.079909,570.68
10786,2025-08-18 12:22:17.076621,566.14
10787,2025-08-18 12:42:17.092686,562.88
10788,2025-08-18 13:02:17.620206,559.51
10789,2025-08-18 13:22:17.078394,553.81
10790,2025-08-18 13:42:17.080683,546.64
10791,2025-08-18 14:02:17.085500,540.39
10792,2025-08-19 00:02:17.083828,554.08
10793,2025-08-19 00:22:17.083894,557.82
10794,2025-08-19 00:42:17.112866,561.58
10795,2025-08-19 01:02:17.457699,563.75
10796,2025-08-19 01:22:17.088818,565.64
10797,2025-08-19 01:42:17.095050,568.7
10798,2025-08-19 02:02:17.085052,567.34
10799,2025-08-19 02:22:17.076098,565.34
10800,2025-08-19 02:42:17.085430,568.1
10801,2025-08-19 03:02:17.087081,568.13
10802,2025-08-19 03:22:17.084675,569.67
10803,2025-08-19 03:42:16.948428,568.26
10804,2025-08-19 04:02:17.089308,569.16
10805,2025-08-19 04:22:17.084954,569.18
10806,2025-08-19 04:42:17.081480,568.54
10807,2025-08-19 05:02:17.085411,567.01
10808,2025-08-19 05:22:17.084330,570.43
10809,2025-08-19 05:42:17.078010,568.89
10810,2025-08-19 06:02:17.080601,571.22
10811,2025-08-19 06:22:17.083378,569.2
10812,2025-08-19 06:42:17.088031,570.2
10813,2025-08-19 07:02:17.086856,571.68
10814,2025-08-19 07:22:17.084578,571.13
10815,2025-08-19 07:42:17.332343,570.04
10816,2025-08-19 08:02:17.079130,571.78
10817,2025-08-19 08:22:17.084700,572.52
10818,2025-08-19 08:42:17.085166,568.18
10819,2025-08-19 09:02:17.822256,570.77
10820,2025-08-19 09:22:17.081257,569.32
10821,2025-08-19 09:42:17.086961,568.21
10822,2025-08-19 10:02:17.090866,572.32
10823,2025-08-19 10:22:17.087109,567.02
10824,2025-08-19 10:42:17.080257,568.46
10825,2025-08-19 11:02:17.082928,568.59
10826,2025-08-19 11:22:17.096726,568.25
10827,2025-08-19 11:42:17.088696,567.29
10828,2025-08-19 12:02:17.078513,566.24
10829,2025-08-20 00:02:17.082949,481.24
10830,2025-08-20 00:22:17.239859,487.58
10831,2025-08-20 00:42:17.096135,488.5
10832,2025-08-20 01:02:17.082985,489.31
10833,2025-08-20 01:22:17.080500,491.8
10834,2025-08-20 01:42:17.519117,494.38
10835,2025-08-20 02:02:17.084139,489.94
10836,2025-08-20 02:22:17.088000,487.9
10837,2025-08-20 02:42:16.868655,487.44
10838,2025-08-20 03:02:17.088750,485.89
10839,2025-08-20 03:22:17.091857,485.62
10840,2025-08-20 03:42:17.098321,483.36
10841,2025-08-20 04:02:17.089753,480.16
10842,2025-08-20 04:22:17.082457,475.74
10843,2025-08-20 04:42:17.082318,476.69
10844,2025-08-20 05:02:17.086598,474.37
10845,2025-08-20 05:22:17.085014,469.76
10846,2025-08-20 05:42:17.078278,467.92
10847,2025-08-20 06:02:17.095108,470.2
10848,2025-08-20 06:22:17.083806,471.8
10849,2025-08-20 06:42:17.662547,473.71
10850,2025-08-20 07:02:17.084703,474.31
10851,2025-08-20 07:22:17.053738,472.28
10852,2025-08-20 07:42:17.091631,470.8
10853,2025-08-20 08:02:17.073283,471.62
10854,2025-08-20 08:22:17.077246,472.56
10855,2025-08-20 08:42:17.077784,475.42
10856,2025-08-20 09:02:17.088097,477.68
10857,2025-08-20 09:22:17.079999,481.25
10858,2025-08-20 09:42:17.095926,483.64
10859,2025-08-20 10:02:17.080240,489.88
10860,2025-08-20 10:22:17.082155,491.3
10861,2025-08-20 10:42:17.079868,494.96
10862,2025-08-20 11:02:17.092164,495.39
10863,2025-08-20 11:22:17.084072,495.56
10864,2025-08-20 11:42:17.082654,496.94
10865,2025-08-20 12:02:17.078709,493.06
10866,2025-08-20 12:22:17.080020,491.48
10867,2025-08-20 12:42:17.080977,490.24
10868,2025-08-20 13:02:16.768320,487.87
10869,2025-08-20 13:22:17.086555,484.83
10870,2025-08-20 13:42:17.091288,484.26
10871,2025-08-20 14:02:17.081769,480.78
10872,2025-08-20 14:22:17.082749,480.22
10873,2025-08-20 14:42:17.096054,471.06
10874,2025-08-20 15:02:17.088678,461.84
10875,2025-08-20 15:22:17.080294,457.46
10876,2025-08-20 15:42:17.082980,452.3
10877,2025-08-20 16:02:17.086461,446.78
10878,2025-08-20 16:22:17.092600,444.69
10879,2025-08-20 16:42:17.927012,440.72
10880,2025-08-20 17:02:17.080819,430.88
10881,2025-08-20 17:22:17.094143,425.42
10882,2025-08-20 17:42:16.804356,419.04
10883,2025-08-20 18:02:17.090476,414.0
10884,2025-08-20 18:22:17.079815,411.14
10885,2025-08-20 18:42:17.083050,402.6
10886,2025-08-20 19:02:17.086942,398.88
10887,2025-08-20 19:22:17.077402,395.52
10888,2025-08-20 19:42:17.077063,391.72
10889,2025-08-20 20:02:17.083078,386.5
10890,2025-08-20 20:22:17.080264,383.16
10891,2025-08-20 20:42:17.078300,382.61
10892,2025-08-20 21:02:17.081730,385.8
10893,2025-08-20 21:22:17.092602,382.08
10894,2025-08-20 21:42:17.088246,384.32
10895,2025-08-20 22:02:17.088762,385.98
10896,2025-08-20 22:22:17.083640,392.48
10897,2025-08-20 22:42:17.075657,398.58
10898,2025-08-20 23:02:17.086953,406.2
10899,2025-08-20 23:22:17.086048,411.64
10900,2025-08-20 23:42:17.079564,413.88
10901,2025-08-21 00:02:17.085366,418.34
10902,2025-08-21 00:22:17.080917,424.03
10903,2025-08-21 00:42:17.073327,429.33
10904,2025-08-21 01:02:17.081269,436.23
10905,2025-08-21 01:22:17.079877,445.38
10906,2025-08-21 01:42:16.790325,452.54
10907,2025-08-21 02:02:17.079001,460.46
10908,2025-08-21 02:22:17.094702,467.12
10909,2025-08-21 02:42:17.086307,473.88
10910,2025-08-21 03:02:17.083169,477.47
10911,2025-08-21 03:22:17.079990,478.88
10912,2025-08-21 03:42:17.090417,481.58
10913,2025-08-21 04:02:17.082203,483.54
10914,2025-08-21 04:22:17.081500,482.46
10915,2025-08-21 04:42:17.494056,481.98
10916,2025-08-21 05:02:17.081810,481.43
10917,2025-08-21 05:22:17.097705,478.68
10918,2025-08-21 05:42:17.092610,477.84
10919,2025-08-21 06:02:17.077804,477.55
10920,2025-08-21 06:22:17.083571,479.2
10921,2025-08-21 06:42:17.075565,484.2
10922,2025-08-21 07:02:17.084735,485.34
10923,2025-08-21 07:22:17.084120,484.66
10924,2025-08-21 07:42:17.100100,490.66
10925,2025-08-21 08:02:17.083395,495.29
10926,2025-08-21 08:22:17.085646,500.22
10927,2025-08-21 08:42:17.093568,503.59
10928,2025-08-21 09:02:17.077958,510.1
10929,2025-08-21 09:22:17.083189,512.06
10930,2025-08-21 09:42:17.083854,513.48
10931,2025-08-21 10:02:17.085694,512.35
10932,2025-08-21 10:22:17.085262,514.48
10933,2025-08-21 10:42:17.095795,516.54
10934,2025-08-21 11:02:17.099687,516.06
10935,2025-08-21 11:22:17.077898,518.18
10936,2025-08-21 11:42:17.080424,519.32
10937,2025-08-21 12:02:17.081951,516.95
10938,2025-08-21 12:22:17.100285,511.81
10939,2025-08-21 12:42:17.082628,509.81
10940,2025-08-21 13:02:17.089851,507.54
10941,2025-08-21 13:22:17.087573,505.18
10942,2025-08-21 13:42:17.551036,503.31
10943,2025-08-21 14:02:17.087492,500.42
10944,2025-08-21 14:22:17.075220,499.78
10945,2025-08-21 14:42:17.117363,491.63
10946,2025-08-21 15:02:17.089066,481.82
10947,2025-08-21 15:22:17.071940,466.32
10948,2025-08-21 15:42:17.083858,455.88
10949,2025-08-21 16:02:17.082908,446.42
10950,2025-08-21 16:22:17.077762,444.21
10951,2025-08-21 16:42:17.081294,446.61
10952,2025-08-21 17:02:17.113758,448.4
10953,2025-08-21 17:22:17.083556,442.12
10954,2025-08-21 17:42:17.077644,436.74
10955,2025-08-21 18:02:17.089926,434.95
10956,2025-08-21 18:22:17.081527,431.99
10957,2025-08-21 18:42:17.083574,429.1
10958,2025-08-21 19:02:17.095409,430.98
10959,2025-08-21 19:22:17.083808,438.2
10960,2025-08-21 19:42:17.080691,441.78
10961,2025-08-21 20:02:17.080909,444.34
10962,2025-08-21 20:22:17.090752,445.39
10963,2025-08-21 20:42:17.083833,448.04
10964,2025-08-21 21:02:17.088882,450.04
10965,2025-08-21 21:22:17.069958,449.6
10966,2025-08-21 21:42:17.079060,449.32
10967,2025-08-21 22:02:17.078651,448.21
10968,2025-08-21 22:22:17.078452,450.56
10969,2025-08-21 22:42:17.081171,452.48
10970,2025-08-21 23:02:17.095932,455.98
10971,2025-08-21 23:22:17.086163,456.88
10972,2025-08-21 23:42:17.086706,463.52
10973,2025-08-22 00:02:17.090049,468.05
10974,2025-08-22 00:22:17.098895,473.25
10975,2025-08-22 00:42:17.080721,474.34
10976,2025-08-22 01:02:17.082559,478.54
10977,2025-08-22 01:22:17.090563,480.5
10978,2025-08-22 01:42:17.085638,480.16
10979,2025-08-22 02:02:17.080363,480.42
10980,2025-08-22 02:22:17.174644,478.78
10981,2025-08-22 02:42:17.084664,482.0
10982,2025-08-22 03:02:17.082483,482.94
10983,2025-08-22 03:22:17.099465,486.1
10984,2025-08-22 03:42:17.088900,487.8
10985,2025-08-22 04:02:17.078142,487.91
10986,2025-08-22 04:22:17.083517,487.74
10987,2025-08-22 04:42:17.089618,487.06
10988,2025-08-22 05:02:17.095128,488.44
10989,2025-08-22 05:22:17.082926,489.48
10990,2025-08-22 05:42:17.090138,490.84
10991,2025-08-22 06:02:17.082464,493.51
10992,2025-08-22 06:22:17.079843,494.67
10993,2025-08-22 06:42:17.090989,496.94
10994,2025-08-22 07:02:17.082351,502.18
10995,2025-08-22 07:22:17.090112,506.22
10996,2025-08-22 07:42:17.094832,508.55
10997,2025-08-22 08:02:17.101213,510.84
10998,2025-08-22 08:22:17.084537,512.57
10999,2025-08-22 08:42:17.082187,511.92
11000,2025-08-22 09:02:17.092855,511.68
11001,2025-08-22 09:42:17.091142,515.51
11002,2025-08-22 10:02:16.643220,515.52
11003,2025-08-22 10:22:17.087081,517.84
11004,2025-08-22 10:42:17.078581,515.38
11005,2025-08-22 11:02:17.080209,517.16
11006,2025-08-22 11:22:17.085041,519.41
11007,2025-08-22 11:42:17.110653,520.15
11008,2025-08-22 12:02:17.085460,516.29
11009,2025-08-22 12:22:17.080713,510.82
11010,2025-08-22 12:42:17.094324,500.26
11011,2025-08-22 13:02:17.082422,485.48
11012,2025-08-22 13:22:17.087064,469.0
11013,2025-08-22 13:42:17.090890,459.97
11014,2025-08-22 14:02:17.081174,455.36
11015,2025-08-22 14:22:17.100030,455.58
11016,2025-08-22 14:42:16.693369,455.24
11017,2025-08-22 15:02:17.089810,452.16
11018,2025-08-22 15:22:17.084592,451.15
11019,2025-08-22 15:42:17.089898,447.55
11020,2025-08-22 16:02:17.089213,437.97
11021,2025-08-22 16:22:17.090418,423.54
11022,2025-08-22 16:42:17.079776,411.76
11023,2025-08-22 17:02:16.918028,400.62
11024,2025-08-22 17:22:17.101516,394.98
11025,2025-08-22 17:42:17.083290,390.55
11026,2025-08-22 18:02:17.078504,390.17
11027,2025-08-22 18:22:17.092658,388.68
11028,2025-08-22 18:42:17.084713,385.84
11029,2025-08-22 19:02:17.083778,386.32
11030,2025-08-22 19:22:16.799606,383.86
11031,2025-08-22 19:42:17.093772,383.04
11032,2025-08-22 20:02:17.091939,389.08
11033,2025-08-22 20:22:17.085932,394.6
11034,2025-08-22 20:42:17.082355,402.06
11035,2025-08-22 21:02:17.079212,405.96
11036,2025-08-22 21:22:17.085004,411.29
11037,2025-08-22 21:42:17.084748,416.09
11038,2025-08-22 22:02:17.081574,422.56
11039,2025-08-22 22:22:17.084868,429.62
11040,2025-08-22 22:42:17.083099,432.34
11041,2025-08-22 23:02:17.086988,432.28
11042,2025-08-22 23:22:17.105629,432.9
11043,2025-08-22 23:42:17.080876,440.45
11044,2025-08-23 00:02:17.018299,442.76
11045,2025-08-23 00:22:17.082786,446.7
11046,2025-08-23 00:42:17.106276,453.4
11047,2025-08-23 01:02:17.101100,461.16
11048,2025-08-23 01:22:17.085462,467.24
11049,2025-08-23 01:42:17.096554,473.21
11050,2025-08-23 02:02:17.108823,478.7
11051,2025-08-23 02:22:17.086921,487.44
11052,2025-08-23 02:42:17.085490,490.02
11053,2025-08-23 03:02:17.094436,493.78
11054,2025-08-23 03:22:17.107993,495.15
11055,2025-08-23 03:42:17.088342,497.15
11056,2025-08-23 04:02:17.089617,498.28
11057,2025-08-23 04:22:17.083124,498.1
11058,2025-08-23 04:42:17.090351,494.04
11059,2025-08-23 05:02:17.103834,493.15
11060,2025-08-23 05:22:17.148831,488.42
11061,2025-08-23 05:42:17.137083,487.69
11062,2025-08-23 06:02:17.090497,486.92
11063,2025-08-23 06:42:16.941987,485.3
11064,2025-08-23 07:02:16.956713,489.37
11065,2025-08-23 07:22:16.700435,490.06
11066,2025-08-23 07:42:17.076276,492.63
11067,2025-08-23 08:02:17.087556,493.72
11068,2025-08-23 08:22:17.090020,496.76
11069,2025-08-23 08:42:17.086083,498.66
11070,2025-08-23 09:02:17.083464,503.31
11071,2025-08-23 09:22:17.090309,505.65
11072,2025-08-23 09:42:17.084541,504.25
11073,2025-08-23 10:02:17.096618,498.8
11074,2025-08-23 10:22:17.037984,497.5
11075,2025-08-23 10:42:17.103577,497.3
11076,2025-08-23 11:02:17.080489,493.05
11077,2025-08-23 11:22:17.084586,491.99
11078,2025-08-23 11:42:17.082320,495.22
11079,2025-08-23 12:02:17.085233,497.08
11080,2025-08-23 12:22:17.087065,497.3
11081,2025-08-23 12:42:17.094084,495.7
11082,2025-08-23 13:02:17.084967,497.84
11083,2025-08-23 13:22:17.077920,500.56
11084,2025-08-23 13:42:17.079580,504.82
11085,2025-08-23 14:02:17.078281,506.22
11086,2025-08-23 14:22:17.089317,503.82
11087,2025-08-23 14:42:17.086362,500.82
11088,2025-08-23 15:02:17.088945,501.17
11089,2025-08-23 15:22:17.091416,500.69
11090,2025-08-23 15:42:17.564993,495.36
11091,2025-08-23 16:02:17.090773,487.96
11092,2025-08-23 16:22:17.080152,485.34
11093,2025-08-23 16:42:17.084814,484.17
11094,2025-08-23 17:02:17.086437,482.92
11095,2025-08-23 17:22:17.099844,482.05
11096,2025-08-23 17:42:17.081555,485.94
11097,2025-08-23 18:02:17.082430,480.28
11098,2025-08-23 18:22:16.707394,477.84
11099,2025-08-23 18:42:17.087657,471.11
11100,2025-08-23 19:02:17.080810,464.37
11101,2025-08-23 19:22:17.081380,458.09
11102,2025-08-23 19:42:17.075349,455.28
11103,2025-08-23 20:02:17.079853,457.5
11104,2025-08-23 20:22:17.079218,462.0
11105,2025-08-23 20:42:17.077110,462.94
11106,2025-08-23 21:02:17.083224,465.01
11107,2025-08-23 21:22:17.095293,462.8
11108,2025-08-23 21:42:17.083363,465.16
11109,2025-08-23 22:02:17.097218,465.6
11110,2025-08-23 22:22:17.080391,469.6
11111,2025-08-23 22:42:17.081427,470.93
11112,2025-08-23 23:02:16.793404,473.18
11113,2025-08-23 23:22:17.089506,480.18
11114,2025-08-23 23:42:17.086164,484.5
11115,2025-08-24 00:02:17.091244,488.7
11116,2025-08-24 00:22:17.083286,493.38
11117,2025-08-24 00:42:17.578059,495.54
11118,2025-08-24 01:02:17.101778,499.35
11119,2025-08-24 01:22:17.083105,501.48
11120,2025-08-24 01:42:17.087499,506.08
11121,2025-08-24 02:02:17.101955,508.02
11122,2025-08-24 02:22:17.076185,511.53
11123,2025-08-24 02:42:17.090264,514.03
11124,2025-08-24 03:02:17.084293,517.62
11125,2025-08-24 03:22:17.089253,521.08
11126,2025-08-24 03:42:16.986034,525.36
11127,2025-08-24 04:02:17.088426,525.02
11128,2025-08-24 04:22:17.087523,525.69
11129,2025-08-24 04:42:17.081773,528.04
11130,2025-08-24 05:02:17.082908,529.17
11131,2025-08-24 05:22:17.096935,527.56
11132,2025-08-24 05:42:17.270882,527.8
11133,2025-08-24 06:02:17.085275,529.8
11134,2025-08-24 06:22:17.073515,530.48
11135,2025-08-24 06:42:17.094970,534.68
11136,2025-08-24 07:02:17.079708,535.68
11137,2025-08-24 07:22:17.084965,538.6
11138,2025-08-24 07:42:17.090039,537.02
11139,2025-08-24 08:02:17.084407,541.12
11140,2025-08-24 08:22:17.071163,542.19
11141,2025-08-24 08:42:17.083907,544.46
11142,2025-08-24 09:02:17.074001,545.45
11143,2025-08-24 09:22:17.080899,547.72
11144,2025-08-24 09:42:17.088532,548.64
11145,2025-08-24 10:02:17.082340,548.9
11146,2025-08-24 10:22:17.078647,551.53
11147,2025-08-24 10:42:17.076923,551.99
11148,2025-08-24 11:02:17.089213,553.62
11149,2025-08-24 11:22:17.095336,553.04
11150,2025-08-24 11:42:17.089969,555.6
11151,2025-08-24 12:22:17.088363,556.51
11152,2025-08-24 12:42:17.083500,559.87
11153,2025-08-24 13:02:17.091562,558.72
11154,2025-08-24 13:22:17.101091,557.62
11155,2025-08-24 13:42:17.085227,559.36
11156,2025-08-24 14:02:17.085541,558.85
11157,2025-08-24 14:22:17.081505,560.74
11158,2025-08-24 14:42:17.076886,564.23
11159,2025-08-24 15:02:17.079157,563.76
11160,2025-08-24 15:22:17.088323,564.08
11161,2025-08-24 15:42:17.433565,567.83
11162,2025-08-24 16:02:17.083314,565.95
11163,2025-08-24 16:22:17.078148,563.28
11164,2025-08-24 16:42:17.092893,563.68
11165,2025-08-24 17:02:17.698600,557.16
11166,2025-08-24 17:22:17.096386,555.04
11167,2025-08-24 17:42:17.083753,548.9
11168,2025-08-24 18:02:17.083535,547.46
11169,2025-08-24 18:22:17.091664,544.46
11170,2025-08-24 18:42:17.091782,540.2
11171,2025-08-24 19:02:17.080969,540.58
11172,2025-08-24 19:22:17.081857,539.92
11173,2025-08-24 19:42:17.083411,535.2
11174,2025-08-24 20:02:17.086858,534.6
11175,2025-08-24 20:22:17.080926,533.43
11176,2025-08-24 20:42:17.084330,534.76
11177,2025-08-24 21:02:16.972518,534.96
11178,2025-08-24 21:22:17.101064,532.86
11179,2025-08-24 21:42:17.094018,534.36
11180,2025-08-24 22:02:17.087249,535.33
11181,2025-08-24 22:22:17.083741,538.57
11182,2025-08-24 22:42:17.086883,540.42
11183,2025-08-24 23:02:17.095418,541.74
11184,2025-08-24 23:22:17.086887,539.14
11185,2025-08-24 23:42:17.087813,543.12
11186,2025-08-25 00:02:17.098544,545.4
11187,2025-08-25 00:22:17.223507,543.8
11188,2025-08-25 00:42:17.080862,542.32
11189,2025-08-25 01:02:17.081512,538.88
11190,2025-08-25 01:22:17.644624,536.07
11191,2025-08-25 01:42:17.089192,530.93
11192,2025-08-25 02:02:17.087689,531.18
11193,2025-08-25 02:22:17.084724,529.35
11194,2025-08-25 02:42:16.716059,531.28
11195,2025-08-25 03:02:17.086476,532.74
11196,2025-08-25 03:22:17.087476,534.44
11197,2025-08-25 03:42:17.085727,536.03
11198,2025-08-25 04:02:17.098117,538.66
11199,2025-08-25 04:22:17.082051,538.87
11200,2025-08-25 04:42:17.087945,541.88
11201,2025-08-25 05:02:17.084707,542.16
11202,2025-08-25 05:22:17.336420,541.47
11203,2025-08-25 05:42:17.076653,542.93
11204,2025-08-25 06:02:17.078487,541.97
11205,2025-08-25 06:22:17.090244,537.73
11206,2025-08-25 06:42:17.074683,532.26
11207,2025-08-25 07:02:17.075123,526.66
11208,2025-08-25 07:22:17.050691,525.08
11209,2025-08-25 07:42:17.997927,525.56
11210,2025-08-25 08:02:17.078822,524.23
11211,2025-08-25 08:22:17.081114,522.76
11212,2025-08-25 08:42:17.084666,519.74
11213,2025-08-25 09:02:17.098865,519.34
11214,2025-08-25 09:22:17.080506,519.18
11215,2025-08-25 09:42:17.079570,518.53
11216,2025-08-25 10:02:17.082660,520.07
11217,2025-08-25 10:22:17.078356,524.84
11218,2025-08-25 10:42:16.723645,525.18
11219,2025-08-25 11:02:17.079123,531.92
11220,2025-08-25 11:22:17.089361,536.42
11221,2025-08-25 11:42:17.085446,538.25
11222,2025-08-25 12:02:17.088010,540.35
11223,2025-08-25 12:22:17.077518,539.8
11224,2025-08-25 12:42:17.079108,526.56
11225,2025-08-25 13:02:17.081423,498.78
11226,2025-08-25 13:22:17.084979,465.63
11227,2025-08-25 13:42:17.344266,450.25
11228,2025-08-25 14:02:17.083059,451.98
11229,2025-08-25 14:22:17.088290,462.08
11230,2025-08-25 14:42:17.080207,464.3
11231,2025-08-25 15:02:17.080219,461.14
11232,2025-08-25 15:22:17.084120,455.91
11233,2025-08-25 15:42:17.089815,460.27
11234,2025-08-25 16:02:17.083277,469.41
11235,2025-08-25 16:22:17.083485,482.48
11236,2025-08-25 16:42:17.084395,486.94
11237,2025-08-25 17:02:16.692793,493.82
11238,2025-08-25 17:22:17.462254,496.95
11239,2025-08-25 17:42:17.087463,500.5
11240,2025-08-25 18:22:17.090993,493.6
11241,2025-08-25 18:42:17.082381,493.84
11242,2025-08-25 19:02:17.086857,494.86
11243,2025-08-25 19:22:17.096200,489.08
11244,2025-08-25 19:42:17.084513,473.86
11245,2025-08-25 20:02:17.087819,467.52
11246,2025-08-25 20:22:17.087624,466.3
11247,2025-08-25 20:42:17.081758,465.76
11248,2025-08-25 21:02:16.657828,464.0
11249,2025-08-25 21:22:17.092293,471.33
11250,2025-08-25 21:42:17.105966,471.66
11251,2025-08-25 22:02:17.088175,468.0
11252,2025-08-25 22:22:17.082786,460.92
11253,2025-08-25 22:42:17.085717,459.52
11254,2025-08-25 23:02:17.081207,463.5
11255,2025-08-25 23:22:17.090914,463.54
11256,2025-08-25 23:42:17.081210,462.12
11257,2025-08-26 00:02:17.086210,459.26
11258,2025-08-26 00:22:17.077817,456.02
11259,2025-08-26 00:42:17.074469,455.02
11260,2025-08-26 01:02:17.087496,451.2
11261,2025-08-26 01:22:17.080830,446.62
11262,2025-08-26 01:42:16.939449,444.76
11263,2025-08-26 02:02:17.089672,433.68
11264,2025-08-26 02:22:17.077069,423.04
11265,2025-08-26 02:42:17.092342,411.9
11266,2025-08-26 03:02:17.083035,401.55
11267,2025-08-26 03:22:17.079791,379.95
11268,2025-08-26 03:42:17.102403,365.33
11269,2025-08-26 04:02:17.003392,355.2
11270,2025-08-26 04:22:17.228930,349.78
11271,2025-08-26 04:42:17.098085,348.64
11272,2025-08-26 05:02:17.084449,344.47
11273,2025-08-26 05:22:17.803863,339.72
11274,2025-08-26 05:42:17.104293,333.72
11275,2025-08-26 06:02:17.080074,327.26
11276,2025-08-26 06:22:17.086235,320.88
11277,2025-08-26 06:42:17.087487,319.48
11278,2025-08-26 07:02:17.092824,317.32
11279,2025-08-26 07:22:17.078068,316.13
11280,2025-08-26 07:42:17.099322,317.28
11281,2025-08-26 08:02:17.083825,318.16
11282,2025-08-26 08:22:17.094067,315.88
11283,2025-08-26 08:42:17.115440,314.78
11284,2025-08-26 09:02:17.085968,317.5
11285,2025-08-26 09:22:17.092822,317.97
11286,2025-08-26 09:42:17.293280,323.68
11287,2025-08-26 10:02:17.109220,324.46
11288,2025-08-26 10:22:17.088310,324.54
11289,2025-08-26 10:42:17.083592,323.7
11290,2025-08-26 11:02:17.092858,327.63
11291,2025-08-26 11:22:17.079674,329.9
11292,2025-08-26 11:42:17.080470,334.7
11293,2025-08-26 12:02:17.091292,339.04
11294,2025-08-26 12:22:17.093285,342.0
11295,2025-08-26 12:42:17.091004,345.37
11296,2025-08-26 13:02:17.081881,346.22
11297,2025-08-26 13:22:17.103414,346.77
11298,2025-08-26 13:42:17.086873,347.64
11299,2025-08-26 14:02:17.087224,347.78
11300,2025-08-26 14:22:17.100925,347.68
11301,2025-08-26 14:42:17.119262,348.31
11302,2025-08-26 15:02:17.110699,347.53
11303,2025-08-26 17:22:17.085282,355.12
11304,2025-08-26 17:42:17.083407,353.96
11305,2025-08-26 18:02:17.084618,353.26
11306,2025-08-26 18:22:17.460763,351.49
11307,2025-08-26 18:42:17.130996,351.47
11308,2025-08-26 19:02:17.107941,353.08
11309,2025-08-26 19:22:17.117271,351.51
11310,2025-08-26 19:42:17.149963,350.46
11311,2025-08-26 20:02:17.089950,353.96
11312,2025-08-26 20:22:17.090755,357.36
11313,2025-08-26 20:42:17.086592,359.28
11314,2025-08-26 21:02:17.104793,361.29
11315,2025-08-26 21:42:17.086356,359.26
11316,2025-08-26 22:02:17.089552,361.16
11317,2025-08-26 22:22:17.105088,363.62
11318,2025-08-26 22:42:17.084294,366.83
11319,2025-08-26 23:02:17.081654,367.65
11320,2025-08-26 23:22:17.088509,368.4
11321,2025-08-26 23:42:17.081209,367.32
11322,2025-08-27 00:02:17.087834,367.44
11323,2025-08-27 00:22:17.086279,366.04
11324,2025-08-27 00:42:17.006831,364.51
11325,2025-08-27 01:02:17.097819,360.34
11326,2025-08-27 01:22:17.083569,360.9
11327,2025-08-27 01:42:17.091046,358.04
11328,2025-08-27 02:02:17.105459,357.14
11329,2025-08-27 02:22:17.088061,355.67
11330,2025-08-27 02:42:17.100992,356.88
11331,2025-08-27 03:02:17.078733,359.23
11332,2025-08-27 03:22:17.099350,364.84
11333,2025-08-27 03:42:17.087878,369.14
11334,2025-08-27 04:02:17.227387,371.82
11335,2025-08-27 04:22:17.082096,368.79
11336,2025-08-27 04:42:17.094832,367.09
11337,2025-08-27 05:02:17.085245,366.94
11338,2025-08-27 05:22:17.032363,365.02
11339,2025-08-27 05:42:17.086009,362.18
11340,2025-08-27 06:02:17.082004,358.84
11341,2025-08-27 06:22:17.077704,356.15
11342,2025-08-27 06:42:17.098217,356.18
11343,2025-08-27 07:02:17.084925,354.18
11344,2025-08-27 07:22:17.170926,358.7
11345,2025-08-27 07:42:17.083202,362.7
11346,2025-08-27 08:02:17.095139,365.86
11347,2025-08-27 08:22:17.079915,368.11
11348,2025-08-27 08:42:17.086962,371.18
11349,2025-08-27 09:02:17.090700,373.6
11350,2025-08-27 09:22:17.099553,375.42
11351,2025-08-27 09:42:17.079225,379.4
11352,2025-08-27 10:02:17.101089,386.04
11353,2025-08-27 10:22:17.094069,388.39
11354,2025-08-27 10:42:17.076656,389.26
11355,2025-08-27 11:22:16.691089,399.53
11356,2025-08-27 11:42:17.192729,401.48
11357,2025-08-27 12:02:17.087004,402.58
11358,2025-08-27 12:22:17.083461,405.85
11359,2025-08-27 12:42:17.077758,410.51
11360,2025-08-27 13:02:17.090712,409.42
11361,2025-08-27 13:22:17.076004,411.38
11362,2025-08-27 13:42:17.086196,408.24
11363,2025-08-27 14:02:17.085252,408.26
11364,2025-08-27 14:22:17.083679,407.86
11365,2025-08-27 14:42:17.096635,405.15
11366,2025-08-27 15:02:17.093399,404.84
11367,2025-08-27 15:22:17.097278,403.3
11368,2025-08-27 15:42:17.085391,403.06
11369,2025-08-27 16:02:17.090554,401.83
11370,2025-08-27 16:22:17.089642,402.99
11371,2025-08-27 16:42:17.106057,402.16
11372,2025-08-27 17:02:17.178619,404.88
11373,2025-08-27 17:22:17.084419,408.0
11374,2025-08-27 17:42:17.142064,410.08
11375,2025-08-27 18:02:17.104895,412.08
11376,2025-08-27 18:22:17.085514,412.01
11377,2025-08-27 18:42:17.628874,411.46
11378,2025-08-27 19:02:16.643764,408.27
11379,2025-08-27 19:22:17.083287,403.72
11380,2025-08-27 19:42:17.090300,400.4
11381,2025-08-27 20:02:17.092175,399.26
11382,2025-08-27 20:22:17.094743,395.5
11383,2025-08-27 20:42:17.086620,396.07
11384,2025-08-27 21:02:17.078820,394.8
11385,2025-08-27 21:22:17.079978,394.12
11386,2025-08-27 21:42:17.085868,395.88
11387,2025-08-27 22:02:17.091609,398.46
11388,2025-08-27 22:22:17.082290,399.51
11389,2025-08-27 22:42:17.086126,401.19
11390,2025-08-27 23:02:17.081063,402.2
11391,2025-08-27 23:22:17.091752,404.02
11392,2025-08-27 23:42:16.933323,401.02
11393,2025-08-28 00:02:17.094576,402.09
11394,2025-08-28 00:22:17.090057,397.7
11395,2025-08-28 00:42:17.088771,397.99
11396,2025-08-28 01:02:17.085434,396.66
11397,2025-08-28 01:22:17.074813,396.66
11398,2025-08-28 01:42:17.084874,395.74
11399,2025-08-28 02:02:17.086698,395.67
11400,2025-08-28 02:22:17.104922,399.97
11401,2025-08-28 02:42:17.255480,402.24
11402,2025-08-28 03:02:17.081317,404.0
11403,2025-08-28 03:22:17.084443,403.32
11404,2025-08-28 04:02:17.087886,405.11
11405,2025-08-28 04:22:16.831077,406.18
11406,2025-08-28 04:42:17.071980,408.1
11407,2025-08-28 05:22:17.082472,413.08
11408,2025-08-28 05:42:17.090187,414.39
11409,2025-08-28 06:02:17.080867,414.95
11410,2025-08-28 06:22:17.091786,415.25
11411,2025-08-28 06:42:17.083441,417.54
11412,2025-08-28 07:02:17.764699,418.25
11413,2025-08-28 07:22:17.076033,418.5
11414,2025-08-28 07:42:17.115010,418.9
11415,2025-08-28 08:02:17.084474,416.12
11416,2025-08-28 08:22:17.088101,417.03
11417,2025-08-28 08:42:17.081551,417.94
11418,2025-08-28 09:02:17.089584,416.54
11419,2025-08-28 09:22:17.081676,413.92
11420,2025-08-28 09:42:17.081145,415.02
11421,2025-08-28 10:02:17.093445,415.12
11422,2025-08-28 10:22:17.104552,419.59
11423,2025-08-28 10:42:17.085688,422.9
11424,2025-08-28 11:02:17.089380,426.54
11425,2025-08-28 11:22:17.080547,431.86
11426,2025-08-28 11:42:17.080922,436.15
11427,2025-08-28 12:02:17.386170,439.45
11428,2025-08-28 12:22:17.085853,440.47
11429,2025-08-28 12:42:17.083573,441.42
11430,2025-08-28 13:02:17.084167,437.7
11431,2025-08-28 13:22:17.080401,433.16
11432,2025-08-28 13:42:17.088023,428.72
11433,2025-08-28 14:02:17.083238,425.38
11434,2025-08-28 14:22:17.081697,423.21
11435,2025-08-28 14:42:17.094182,421.26
11436,2025-08-28 15:02:17.086295,419.06
11437,2025-08-28 15:22:17.090619,416.96
11438,2025-08-28 15:42:17.081602,417.5
11439,2025-08-28 16:02:17.080222,416.44
11440,2025-08-28 16:22:17.094905,419.42
11441,2025-08-28 16:42:17.089728,421.2
11442,2025-08-28 17:02:17.088244,418.72
11443,2025-08-28 17:22:17.094106,416.5
11444,2025-08-28 17:42:17.088675,409.08
11445,2025-08-28 18:02:16.668230,407.52
11446,2025-08-28 18:22:17.104298,403.46
11447,2025-08-28 18:42:17.086043,401.08
11448,2025-08-28 19:02:17.073768,397.84
11449,2025-08-28 19:22:17.082529,397.36
11450,2025-08-28 19:42:17.081131,395.97
11451,2025-08-28 20:02:17.089805,394.21
11452,2025-08-28 20:22:17.081484,394.22
11453,2025-08-28 20:42:17.095280,389.42
11454,2025-08-28 21:02:17.076351,386.2
11455,2025-08-28 21:22:17.081149,385.05
11456,2025-08-28 21:42:17.100885,385.57
11457,2025-08-28 22:02:17.081443,385.87
11458,2025-08-29 00:02:17.098303,396.62
11459,2025-08-29 00:22:17.084147,396.86
11460,2025-08-29 00:42:17.086232,400.86
11461,2025-08-29 01:02:17.086247,401.9
11462,2025-08-29 01:22:17.099215,406.1
11463,2025-08-29 01:42:17.468128,405.53
11464,2025-08-29 02:02:17.089903,406.74
11465,2025-08-29 02:22:17.089176,411.7
11466,2025-08-29 02:42:17.086273,414.92
11467,2025-08-29 03:02:17.084496,418.22
11468,2025-08-29 03:22:17.089198,421.75
11469,2025-08-29 03:42:17.094675,427.26
11470,2025-08-29 04:02:17.097887,432.94
11471,2025-08-29 04:22:17.083720,437.5
11472,2025-08-29 04:42:17.083180,443.28
11473,2025-08-29 05:02:17.084848,446.02
11474,2025-08-29 05:22:17.087463,446.4
11475,2025-08-29 05:42:17.087654,447.62
11476,2025-08-29 06:02:17.486441,448.6
11477,2025-08-29 06:22:17.081201,452.38
11478,2025-08-29 06:42:17.084707,456.82
11479,2025-08-29 07:02:17.089382,458.2
11480,2025-08-29 07:22:17.108241,460.5
11481,2025-08-29 07:42:17.084129,462.54
11482,2025-08-29 08:22:17.083020,463.26
11483,2025-08-29 08:42:17.078989,466.54
11484,2025-08-29 09:02:17.085493,467.36
11485,2025-08-29 09:22:17.094227,472.04
11486,2025-08-29 09:42:17.088977,472.57
11487,2025-08-29 10:02:17.084380,474.18
11488,2025-08-29 10:22:17.128348,475.76
11489,2025-08-29 10:42:17.079965,474.92
11490,2025-08-29 11:02:17.081625,477.7
11491,2025-08-29 11:22:16.723445,478.93
11492,2025-08-29 11:42:17.097588,480.6
11493,2025-08-29 12:02:17.087656,482.28
11494,2025-08-29 12:22:17.079854,485.16
11495,2025-08-29 12:42:17.100554,486.68
11496,2025-08-29 13:02:17.078754,486.25
11497,2025-08-29 13:22:17.082205,488.37
11498,2025-08-29 13:42:17.093425,487.37
11499,2025-08-29 14:02:17.088645,487.46
11500,2025-08-30 00:02:17.083469,534.88
11501,2025-08-30 00:22:17.087638,535.48
11502,2025-08-30 00:42:17.123115,532.41
11503,2025-08-30 01:02:17.078942,534.61
11504,2025-08-30 01:22:17.087913,535.21
11505,2025-08-30 01:42:17.086238,533.34
11506,2025-08-30 02:02:17.093728,533.4
11507,2025-08-30 02:22:16.755621,536.66
11508,2025-08-30 02:42:17.084587,536.54
11509,2025-08-30 03:02:17.079504,536.8
11510,2025-08-30 03:22:17.079093,539.53
11511,2025-08-30 03:42:17.663826,539.78
11512,2025-08-30 04:02:17.086645,540.04
11513,2025-08-30 04:22:17.084946,541.8
11514,2025-08-30 04:42:16.874639,542.4
11515,2025-08-30 05:02:17.096159,544.93
11516,2025-08-30 05:22:17.081174,548.29
11517,2025-08-30 05:42:17.081341,545.44
11518,2025-08-30 06:02:17.083627,547.64
11519,2025-08-30 06:22:17.077953,549.44
11520,2025-08-30 06:42:17.082388,547.79
11521,2025-08-30 07:02:17.013536,547.75
11522,2025-08-30 18:02:17.082323,500.56
11523,2025-08-30 18:22:17.084087,501.14
11524,2025-08-30 18:42:17.083324,497.97
11525,2025-08-30 19:02:17.089391,497.51
11526,2025-08-30 19:22:17.087263,493.36
11527,2025-08-30 19:42:17.104538,491.76
11528,2025-08-30 20:02:17.078571,483.32
11529,2025-08-30 20:22:17.077100,479.02
11530,2025-08-30 20:42:17.078807,476.54
11531,2025-08-30 21:02:17.085767,471.94
11532,2025-08-30 21:22:17.102265,464.2
11533,2025-08-30 21:42:17.087715,468.28
11534,2025-08-30 22:02:17.078846,476.92
11535,2025-08-30 22:22:17.090233,481.92
11536,2025-08-30 22:42:17.082485,488.18
11537,2025-08-30 23:02:17.093804,492.7
11538,2025-08-30 23:22:17.081249,494.48
11539,2025-08-30 23:42:17.098920,500.26
11540,2025-08-31 00:02:17.093565,501.76
11541,2025-08-31 00:22:17.093173,505.74
11542,2025-08-31 00:42:17.082560,507.14
11543,2025-08-31 01:02:17.097543,505.19
11544,2025-08-31 01:22:16.711751,508.31
11545,2025-08-31 01:42:17.089660,509.64
11546,2025-08-31 02:02:17.073676,512.34
11547,2025-08-31 02:22:17.073237,514.85
11548,2025-08-31 02:42:17.095884,514.88
11549,2025-08-31 03:02:17.109599,514.65
11550,2025-08-31 03:22:17.091285,512.78
11551,2025-08-31 03:42:17.084325,509.0
11552,2025-08-31 04:02:17.082124,506.54
11553,2025-08-31 04:22:17.712852,504.17
11554,2025-08-31 04:42:17.080217,502.55
11555,2025-08-31 05:02:17.110414,496.59
11556,2025-08-31 05:22:17.084443,496.56
11557,2025-08-31 05:42:17.087705,494.64
11558,2025-08-31 06:02:16.893648,496.22
11559,2025-08-31 06:22:17.084205,494.05
11560,2025-08-31 06:42:17.081800,498.28
11561,2025-08-31 07:02:17.090668,497.86
11562,2025-08-31 07:22:17.085558,498.16
11563,2025-08-31 07:42:17.084622,496.54
11564,2025-08-31 08:22:17.082373,496.39
11565,2025-08-31 09:42:16.946901,476.56
11566,2025-08-31 10:02:16.950751,482.64
11567,2025-08-31 10:22:16.938669,488.67
11568,2025-08-31 10:42:16.985267,495.0
11569,2025-08-31 11:02:17.091889,501.11
11570,2025-08-31 11:22:17.084747,498.7
11571,2025-08-31 11:42:17.087981,492.86
11572,2025-08-31 12:02:17.089935,489.04
11573,2025-08-31 12:22:17.078633,481.15
11574,2025-08-31 12:42:17.077331,471.51
11575,2025-08-31 13:02:17.073407,460.69
11576,2025-08-31 13:22:17.089334,451.96
11577,2025-08-31 13:42:17.109316,432.68
11578,2025-08-31 14:02:17.092757,414.99
11579,2025-08-31 14:22:17.107530,402.78
11580,2025-08-31 14:42:17.104736,393.85
11581,2025-08-31 15:02:17.098518,385.1
11582,2025-08-31 15:22:17.087263,373.26
11583,2025-08-31 15:42:17.100313,361.22
11584,2025-08-31 16:02:17.092219,353.9
11585,2025-08-31 16:22:17.096849,354.96
11586,2025-08-31 16:42:17.080801,358.25
11587,2025-08-31 17:02:17.080211,363.38
11588,2025-08-31 17:22:17.080869,369.02
11589,2025-08-31 17:42:17.086621,371.9
11590,2025-08-31 18:02:17.081225,370.36
11591,2025-08-31 18:22:17.075344,366.53
11592,2025-08-31 18:42:17.086077,361.66
11593,2025-08-31 19:02:17.092766,361.86
11594,2025-08-31 19:22:17.081643,361.34
11595,2025-08-31 19:42:17.083279,358.98
11596,2025-08-31 20:02:17.086806,357.15
11597,2025-08-31 20:22:17.092086,357.26
11598,2025-08-31 20:42:17.085693,355.56
11599,2025-08-31 21:02:17.081865,351.14
11600,2025-08-31 21:22:17.085356,351.72
11601,2025-08-31 21:42:17.080724,348.18
11602,2025-08-31 22:02:17.080477,347.19
11603,2025-08-31 22:22:17.081843,348.43
11604,2025-08-31 22:42:17.083822,348.62
11605,2025-08-31 23:02:17.087841,352.96
11606,2025-08-31 23:22:17.083375,357.36
11607,2025-08-31 23:42:17.087867,358.4
11608,2025-09-01 00:02:17.079612,361.24
11609,2025-09-01 00:22:17.076807,363.09
11610,2025-09-01 00:42:17.101175,362.2
11611,2025-09-01 01:02:17.098462,358.92
11612,2025-09-01 01:22:17.113058,357.0
11613,2025-09-01 01:42:17.066235,356.6
11614,2025-09-01 02:02:17.085400,356.5
11615,2025-09-01 02:22:17.081303,351.94
11616,2025-09-01 02:42:17.084369,352.32
11617,2025-09-01 03:02:17.084655,354.36
11618,2025-09-01 03:22:17.080921,355.1
11619,2025-09-01 03:42:17.100586,353.34
11620,2025-09-01 04:02:17.090023,353.86
11621,2025-09-01 04:22:17.144215,354.94
11622,2025-09-01 04:42:17.078952,353.07
11623,2025-09-01 05:02:17.082418,353.64
11624,2025-09-01 05:22:17.092725,355.3
11625,2025-09-01 05:42:17.072119,357.36
11626,2025-09-01 06:02:17.086439,360.84
11627,2025-09-01 06:22:17.078055,365.01
11628,2025-09-01 06:42:17.085960,375.44
11629,2025-09-01 07:02:17.080249,380.96
11630,2025-09-01 07:22:17.664518,389.43
11631,2025-09-01 07:42:17.082454,394.34
11632,2025-09-01 08:02:17.073638,398.51
11633,2025-09-01 08:22:17.089969,400.59
11634,2025-09-01 08:42:16.943653,399.12
11635,2025-09-01 09:02:17.087349,398.96
11636,2025-09-01 09:22:17.080290,397.72
11637,2025-09-01 09:42:17.081740,398.46
11638,2025-09-01 10:02:17.090458,400.05
11639,2025-09-01 10:22:17.083230,397.62
11640,2025-09-01 11:02:17.085270,405.9
11641,2025-09-01 11:22:17.088678,413.2
11642,2025-09-01 11:42:17.098988,416.86
11643,2025-09-01 12:02:17.077983,427.17
11644,2025-09-01 12:22:17.080511,431.52
11645,2025-09-01 12:42:17.080762,434.26
11646,2025-09-01 13:02:17.078459,435.32
11647,2025-09-01 13:22:17.086399,431.36
11648,2025-09-01 13:42:17.081520,425.69
11649,2025-09-01 14:02:17.073807,423.36
11650,2025-09-01 14:22:17.097339,416.43
11651,2025-09-01 14:42:17.077351,403.28
11652,2025-09-01 15:02:17.082402,392.82
11653,2025-09-01 15:22:17.082519,385.28
11654,2025-09-01 15:42:17.081907,383.29
11655,2025-09-01 16:02:17.100427,381.48
11656,2025-09-01 16:22:17.098167,380.67
11657,2025-09-01 16:42:17.110532,380.98
11658,2025-09-01 17:02:17.087889,379.24
11659,2025-09-01 17:22:17.617736,377.95
11660,2025-09-01 17:42:17.099333,376.68
11661,2025-09-01 18:02:17.080338,378.99
11662,2025-09-01 18:22:17.076692,382.02
11663,2025-09-01 18:42:17.078799,385.48
11664,2025-09-01 19:02:16.786486,391.46
11665,2025-09-01 19:22:17.083749,398.68
11666,2025-09-01 19:42:17.088976,406.29
11667,2025-09-01 20:02:17.102832,412.4
11668,2025-09-01 20:22:17.100519,415.37
11669,2025-09-01 20:42:17.085707,419.04
11670,2025-09-01 21:02:17.086748,421.06
11671,2025-09-01 21:22:17.087608,418.2
11672,2025-09-01 21:42:17.075775,412.02
11673,2025-09-01 22:02:17.081810,407.98
11674,2025-09-01 22:22:17.080835,408.1
11675,2025-09-01 22:42:17.092159,406.12
11676,2025-09-01 23:02:17.080782,409.36
11677,2025-09-01 23:22:17.083157,409.14
11678,2025-09-01 23:42:16.753824,409.52
11679,2025-09-02 00:02:17.081195,410.45
11680,2025-09-02 00:22:17.083483,410.29
11681,2025-09-02 00:42:17.086728,410.08
11682,2025-09-02 01:02:17.085900,413.06
11683,2025-09-02 01:22:17.086301,411.92
11684,2025-09-02 01:42:17.088704,410.28
11685,2025-09-02 02:02:16.910760,409.96
11686,2025-09-02 02:22:17.083583,405.85
11687,2025-09-02 02:42:17.087671,397.58
11688,2025-09-02 03:02:17.082233,394.96
11689,2025-09-02 03:22:17.092527,391.92
11690,2025-09-02 03:42:17.087447,390.19
11691,2025-09-02 04:02:17.080287,393.08
11692,2025-09-02 04:22:16.973002,392.25
11693,2025-09-02 04:42:17.087568,390.02
11694,2025-09-02 05:02:17.080631,391.16
11695,2025-09-02 05:22:17.077418,392.76
11696,2025-09-02 05:42:17.081103,395.32
11697,2025-09-02 06:02:17.405505,398.41
11698,2025-09-02 06:22:17.088155,399.66
11699,2025-09-02 06:42:17.074826,398.5
11700,2025-09-02 07:02:17.087575,401.66
11701,2025-09-02 07:22:17.081981,398.32
11702,2025-09-02 07:42:17.080128,399.63
11703,2025-09-02 08:02:17.085409,399.47
11704,2025-09-02 08:22:17.087201,399.41
11705,2025-09-02 08:42:17.084127,399.58
11706,2025-09-02 09:02:17.083895,401.08
11707,2025-09-02 09:22:17.086875,398.54
11708,2025-09-02 09:42:17.082653,397.91
11709,2025-09-02 10:02:17.082023,398.28
11710,2025-09-02 10:22:17.088812,392.17
11711,2025-09-02 10:42:17.084093,383.34
11712,2025-09-02 11:02:17.089992,374.24
11713,2025-09-02 11:22:17.085662,368.7
11714,2025-09-02 11:42:17.104748,372.22
11715,2025-09-02 12:02:17.088594,370.6
11716,2025-09-02 12:22:17.084925,375.18
11717,2025-09-02 12:42:17.093974,378.58
11718,2025-09-02 13:02:17.086234,382.66
11719,2025-09-02 13:42:17.075498,389.63
11720,2025-09-02 14:02:17.080535,393.96
11721,2025-09-02 14:22:17.089552,392.9
11722,2025-09-02 14:42:17.086137,394.24
11723,2025-09-02 15:02:17.091272,390.68
11724,2025-09-02 15:22:17.090543,395.02
11725,2025-09-02 15:42:17.080914,389.35
11726,2025-09-02 16:02:17.083456,388.26
11727,2025-09-02 16:22:17.086733,387.8
11728,2025-09-02 16:42:17.083595,387.86
11729,2025-09-02 17:02:17.470610,389.87
11730,2025-09-02 17:22:17.098152,392.73
11731,2025-09-02 17:42:17.100898,389.98
11732,2025-09-02 18:02:17.083035,389.56
11733,2025-09-02 18:22:17.086407,387.44
11734,2025-09-02 18:42:17.094882,386.48
11735,2025-09-02 19:02:17.085189,392.94
11736,2025-09-02 19:22:16.867713,398.98
11737,2025-09-02 19:42:17.085310,397.89
11738,2025-09-02 20:02:17.087305,395.78
11739,2025-09-02 20:22:17.078680,397.86
11740,2025-09-02 20:42:17.097625,399.74
11741,2025-09-02 21:02:17.084479,400.84
11742,2025-09-02 21:22:17.087119,397.83
11743,2025-09-02 21:42:17.086428,396.89
11744,2025-09-02 22:02:17.120643,396.96
11745,2025-09-02 22:22:17.157192,398.5
11746,2025-09-02 22:42:17.084231,403.18
11747,2025-09-02 23:02:17.103987,405.9
11748,2025-09-02 23:22:17.098540,411.12
11749,2025-09-02 23:42:17.087304,413.37
11750,2025-09-03 00:02:17.087065,415.03
11751,2025-09-03 00:22:17.085175,417.26
11752,2025-09-03 00:42:17.084828,419.74
11753,2025-09-03 01:02:17.090195,420.78
11754,2025-09-03 01:22:17.091412,423.41
11755,2025-09-03 01:42:17.084204,424.02
11756,2025-09-03 02:02:17.923876,424.5
11757,2025-09-03 02:22:17.085959,426.5
11758,2025-09-03 02:42:17.089224,427.68
11759,2025-09-03 03:02:17.092071,428.08
11760,2025-09-03 03:22:17.088159,430.62
11761,2025-09-03 03:42:17.117756,428.42
11762,2025-09-03 04:02:17.089169,427.67
11763,2025-09-03 04:22:17.077691,428.44
11764,2025-09-03 04:42:17.086790,434.2
11765,2025-09-03 05:02:17.084332,438.06
11766,2025-09-03 05:22:17.079128,439.44
11767,2025-09-03 05:42:17.128440,438.33
11768,2025-09-03 06:02:17.079360,436.61
11769,2025-09-03 06:22:17.098660,439.5
11770,2025-09-03 06:42:17.138447,437.6
11771,2025-09-03 07:02:17.076969,435.76
11772,2025-09-03 07:22:17.101553,436.26
11773,2025-09-03 07:42:17.087501,433.29
11774,2025-09-03 08:02:17.092603,433.24
11775,2025-09-03 08:22:17.086338,428.5
11776,2025-09-03 08:42:17.086113,422.62
11777,2025-09-03 09:02:17.080729,413.82
11778,2025-09-03 09:22:17.080699,411.51
11779,2025-09-03 09:42:17.090001,404.97
11780,2025-09-03 10:02:17.084745,401.13
11781,2025-09-03 10:22:17.080975,397.84
11782,2025-09-03 10:42:17.081818,390.8
11783,2025-09-03 11:02:17.084241,388.82
11784,2025-09-03 11:22:17.090493,390.49
11785,2025-09-03 11:42:17.087269,393.54
11786,2025-09-03 12:02:17.089485,393.74
11787,2025-09-03 12:22:17.079347,391.56
11788,2025-09-03 12:42:17.184303,388.28
11789,2025-09-03 13:02:17.093567,381.2
11790,2025-09-03 13:22:17.083534,376.34
11791,2025-09-03 13:42:17.083173,370.24
11792,2025-09-03 14:02:17.093919,360.64
11793,2025-09-03 14:22:17.082488,358.94
11794,2025-09-03 14:42:17.079579,359.9
11795,2025-09-03 15:02:17.086058,360.78
11796,2025-09-03 15:22:17.085505,361.81
11797,2025-09-03 15:42:17.086159,362.85
11798,2025-09-03 16:22:17.087550,366.54
11799,2025-09-03 16:42:17.084066,364.16
11800,2025-09-03 17:02:17.077457,364.91
11801,2025-09-03 17:22:16.911474,367.34
11802,2025-09-03 17:42:17.084218,370.89
11803,2025-09-03 18:02:17.083643,375.2
11804,2025-09-03 18:22:17.100127,379.62
11805,2025-09-03 18:42:17.084600,384.24
11806,2025-09-03 19:02:17.084483,387.03
11807,2025-09-03 19:22:17.084955,391.65
11808,2025-09-03 19:42:17.082574,393.29
11809,2025-09-03 20:02:17.102810,398.4
11810,2025-09-03 20:22:17.088368,399.98
11811,2025-09-03 20:42:17.085585,399.22
11812,2025-09-03 21:02:17.087862,403.09
11813,2025-09-03 21:22:17.089392,398.72
11814,2025-09-03 21:42:17.095001,400.33
11815,2025-09-03 22:02:17.087989,402.62
11816,2025-09-03 22:22:17.089792,407.42
11817,2025-09-03 22:42:17.105317,410.88
11818,2025-09-03 23:02:17.084595,413.44
11819,2025-09-03 23:22:17.076311,416.3
11820,2025-09-03 23:42:17.085538,420.77
11821,2025-09-04 00:02:17.089397,423.98
11822,2025-09-04 00:22:17.104654,425.26
11823,2025-09-04 00:42:17.088760,425.64
11824,2025-09-04 01:02:17.086051,429.63
11825,2025-09-04 01:22:17.074053,430.01
11826,2025-09-04 01:42:17.364367,429.64
11827,2025-09-04 02:02:17.082829,432.32
11828,2025-09-04 02:22:17.087328,433.14
11829,2025-09-04 02:42:17.088663,435.32
11830,2025-09-04 03:02:17.081540,440.15
11831,2025-09-04 03:22:17.080466,442.67
11832,2025-09-04 03:42:17.087904,447.38
11833,2025-09-04 04:02:17.093878,451.78
11834,2025-09-04 04:22:17.085331,454.18
11835,2025-09-04 04:42:17.090860,457.56
11836,2025-09-04 05:02:17.082742,461.63
11837,2025-09-04 05:22:17.080349,463.81
11838,2025-09-04 05:42:17.089334,467.24
11839,2025-09-04 06:02:17.097543,465.24
11840,2025-09-04 06:22:17.103348,468.62
11841,2025-09-04 06:42:17.084618,471.3
11842,2025-09-04 07:02:17.084797,475.33
11843,2025-09-04 07:22:17.092548,474.41
11844,2025-09-04 07:42:17.081221,475.67
11845,2025-09-04 08:02:17.084352,474.76
11846,2025-09-04 08:22:17.081418,475.96
11847,2025-09-04 08:42:17.086845,473.62
11848,2025-09-04 09:02:17.088213,474.7
11849,2025-09-04 09:22:17.092515,475.95
11850,2025-09-04 09:42:17.084377,472.37
11851,2025-09-04 10:02:17.083164,471.16
11852,2025-09-04 10:22:17.084550,465.34
11853,2025-09-04 10:42:17.086564,456.62
11854,2025-09-04 11:02:17.313617,450.46
11855,2025-09-04 11:22:17.085695,448.83
11856,2025-09-04 11:42:17.098174,444.54
11857,2025-09-04 12:02:17.095966,447.7
11858,2025-09-04 12:22:17.087401,442.6
11859,2025-09-04 12:42:17.085719,435.36
11860,2025-09-04 13:02:17.084099,426.69
11861,2025-09-04 13:22:17.100309,417.35
11862,2025-09-04 13:42:17.085118,412.4
11863,2025-09-04 14:02:17.082427,404.18
11864,2025-09-04 14:22:17.089915,398.46
11865,2025-09-04 14:42:17.079379,397.7
11866,2025-09-04 15:02:17.088035,395.96
11867,2025-09-04 15:22:17.089237,400.89
11868,2025-09-04 15:42:17.086578,404.9
11869,2025-09-04 16:02:17.082538,406.0
11870,2025-09-04 16:22:17.077690,409.24
11871,2025-09-04 16:42:17.092815,409.84
11872,2025-09-04 17:02:17.086404,414.45
11873,2025-09-04 17:22:17.086872,420.89
11874,2025-09-04 17:42:17.099335,424.72
11875,2025-09-04 18:02:17.080064,424.22
11876,2025-09-04 18:22:17.088147,422.88
11877,2025-09-04 18:42:17.080583,422.55
11878,2025-09-04 19:02:17.079951,420.84
11879,2025-09-04 19:22:17.086752,416.87
11880,2025-09-04 19:42:17.086318,412.52
11881,2025-09-04 20:02:17.086360,411.64
11882,2025-09-04 20:22:17.086347,411.2
11883,2025-09-04 20:42:17.082566,410.95
11884,2025-09-04 21:02:17.082097,410.48
11885,2025-09-04 21:22:17.083255,413.32
11886,2025-09-04 21:42:17.087722,413.36
11887,2025-09-04 22:02:17.090123,416.92
11888,2025-09-04 22:22:17.089833,419.18
11889,2025-09-04 22:42:17.084793,419.26
11890,2025-09-04 23:02:17.090605,421.77
11891,2025-09-04 23:22:17.559261,423.82
11892,2025-09-04 23:42:17.090770,426.36
11893,2025-09-05 00:02:17.080079,429.38
11894,2025-09-05 00:22:17.091060,431.84
11895,2025-09-05 00:42:17.082177,435.24
11896,2025-09-05 01:02:17.081781,438.4
11897,2025-09-05 01:22:17.084845,443.04
11898,2025-09-05 01:42:17.081787,445.62
11899,2025-09-05 02:02:17.094346,451.7
11900,2025-09-05 02:22:17.082008,454.22
11901,2025-09-05 02:42:17.079991,460.33
11902,2025-09-05 03:02:17.081640,460.97
11903,2025-09-05 03:22:17.092801,464.08
11904,2025-09-05 03:42:17.089087,470.96
11905,2025-09-05 04:02:17.091226,474.86
11906,2025-09-05 04:22:17.096773,474.07
11907,2025-09-05 04:42:17.106670,478.35
11908,2025-09-05 05:02:17.096578,477.92
11909,2025-09-05 05:22:17.107991,479.38
11910,2025-09-05 05:42:17.078165,478.74
11911,2025-09-05 06:02:17.088509,482.84
11912,2025-09-05 06:22:16.664508,482.34
11913,2025-09-05 06:42:17.097375,486.45
11914,2025-09-05 07:02:17.096045,487.85
11915,2025-09-05 07:22:17.087001,490.34
11916,2025-09-05 07:42:17.116350,492.8
11917,2025-09-05 08:02:17.085053,494.52
11918,2025-09-05 08:22:17.083974,496.39
11919,2025-09-05 08:42:17.085457,497.22
11920,2025-09-05 09:22:17.083517,501.12
11921,2025-09-05 09:42:17.831988,504.37
11922,2025-09-05 10:02:17.086066,507.18
11923,2025-09-05 10:22:17.084322,507.07
11924,2025-09-05 10:42:17.077933,507.69
11925,2025-09-05 11:02:16.902964,507.69
11926,2025-09-05 11:22:17.090291,510.12
11927,2025-09-05 11:42:17.089524,509.9
11928,2025-09-05 12:02:17.091506,512.88
11929,2025-09-05 12:22:17.087857,511.67
11930,2025-09-05 12:42:17.083791,515.62
11931,2025-09-05 13:02:17.084636,514.15
11932,2025-09-05 13:22:17.083484,516.08
11933,2025-09-05 13:42:17.097461,517.42
11934,2025-09-05 14:02:17.090892,516.88
11935,2025-09-05 14:22:17.089230,515.92
11936,2025-09-05 14:42:17.078283,518.83
11937,2025-09-05 15:02:17.078975,518.62
11938,2025-09-05 15:22:17.083563,516.92
11939,2025-09-05 15:42:17.071271,516.92
11940,2025-09-05 16:02:17.104933,514.82
11941,2025-09-05 16:22:17.086958,513.9
11942,2025-09-05 16:42:17.099928,511.61
11943,2025-09-05 17:02:17.084815,513.51
11944,2025-09-05 17:22:17.078890,510.18
11945,2025-09-05 17:42:17.097295,505.78
11946,2025-09-05 18:02:17.094997,502.22
11947,2025-09-05 18:22:17.093042,498.77
11948,2025-09-05 18:42:17.087851,497.4
11949,2025-09-05 19:02:17.080239,493.57
11950,2025-09-05 19:22:17.097357,488.42
11951,2025-09-05 19:42:17.093397,484.78
11952,2025-09-05 20:02:17.085146,481.22
11953,2025-09-05 20:22:17.110223,483.69
11954,2025-09-05 20:42:17.088783,485.15
11955,2025-09-05 21:02:17.076142,484.46
11956,2025-09-05 21:22:17.081593,485.3
11957,2025-09-05 21:42:17.092080,483.94
11958,2025-09-05 22:02:17.081472,484.99
11959,2025-09-05 22:22:17.106503,485.1
11960,2025-09-05 22:42:17.522678,484.6
11961,2025-09-05 23:02:17.081540,486.1
11962,2025-09-05 23:22:17.077841,485.14
11963,2025-09-05 23:42:17.082747,483.82
11964,2025-09-06 00:02:17.094636,487.06
11965,2025-09-06 00:22:17.082530,483.6
11966,2025-09-06 00:42:17.087454,487.3
11967,2025-09-06 01:02:17.094346,488.72
11968,2025-09-06 01:22:17.082138,484.78
11969,2025-09-06 01:42:17.083131,480.72
11970,2025-09-06 02:02:17.083523,477.81
11971,2025-09-06 02:22:17.082952,472.92
11972,2025-09-06 02:42:17.081817,470.46
11973,2025-09-06 03:02:17.091077,468.82
11974,2025-09-06 03:22:17.096638,465.16
11975,2025-09-06 03:42:17.092242,463.62
11976,2025-09-06 04:02:17.089779,458.51
11977,2025-09-06 04:22:17.093350,453.84
11978,2025-09-06 04:42:17.083547,453.35
11979,2025-09-06 05:02:17.086049,450.84
11980,2025-09-06 05:22:17.079030,451.78
11981,2025-09-06 05:42:17.084896,453.66
11982,2025-09-06 06:02:17.077624,457.8
11983,2025-09-06 06:22:17.086607,459.4
11984,2025-09-06 06:42:17.081013,460.26
11985,2025-09-06 07:02:17.087261,461.98
11986,2025-09-06 07:22:17.092107,458.22
11987,2025-09-06 07:42:17.083919,456.56
11988,2025-09-06 08:02:17.085412,458.46
11989,2025-09-06 08:22:17.082415,456.67
11990,2025-09-06 08:42:17.080541,456.89
11991,2025-09-06 09:02:17.084117,454.74
11992,2025-09-06 16:42:17.081829,449.08
11993,2025-09-06 17:02:17.082362,445.02
11994,2025-09-06 17:22:17.086068,443.48
11995,2025-09-06 17:42:17.086117,441.65
11996,2025-09-06 18:02:17.085170,440.37
11997,2025-09-06 18:22:17.088672,443.26
11998,2025-09-06 18:42:17.082510,441.94
11999,2025-09-06 19:02:17.085533,448.26
12000,2025-09-06 19:22:16.829008,451.12
12001,2025-09-06 19:42:17.095512,454.52
12002,2025-09-06 20:02:17.084385,458.09
12003,2025-09-06 20:22:17.083712,461.18
12004,2025-09-06 20:42:17.083670,461.82
12005,2025-09-06 21:02:17.594507,462.88
12006,2025-09-06 21:22:17.083337,463.06
12007,2025-09-06 21:42:17.083158,465.84
12008,2025-09-06 22:02:17.080883,467.36
12009,2025-09-06 22:22:17.084972,470.52
12010,2025-09-06 22:42:17.088920,474.76
12011,2025-09-06 23:02:17.089967,473.46
12012,2025-09-06 23:22:17.084298,478.26
12013,2025-09-06 23:42:17.084255,480.88
12014,2025-09-07 00:02:17.085541,482.43
12015,2025-09-07 00:22:17.093982,484.43
12016,2025-09-07 00:42:17.081678,486.74
12017,2025-09-07 01:02:17.086397,490.72
12018,2025-09-07 01:22:17.089029,493.52
12019,2025-09-07 01:42:17.079299,493.76
12020,2025-09-07 02:02:17.086369,496.77
12021,2025-09-07 02:22:17.092726,499.66
12022,2025-09-07 02:42:17.080030,499.34
12023,2025-09-07 03:02:17.089035,499.94
12024,2025-09-07 03:22:17.084493,499.76
12025,2025-09-07 03:42:17.102607,500.36
12026,2025-09-07 04:42:17.092833,494.98
12027,2025-09-07 05:42:16.951783,498.41
12028,2025-09-07 06:02:16.950393,500.67
12029,2025-09-07 06:22:16.943852,503.34
12030,2025-09-07 06:42:17.100653,508.16
12031,2025-09-07 07:02:17.084433,510.12
12032,2025-09-07 07:22:17.087489,512.1
12033,2025-09-07 07:42:17.087276,513.51
12034,2025-09-07 08:02:17.081688,517.34
12035,2025-09-07 08:22:17.106923,518.45
12036,2025-09-07 08:42:17.085728,520.24
12037,2025-09-07 09:02:17.087633,520.52
12038,2025-09-07 09:22:17.078759,522.0
12039,2025-09-07 09:42:17.079308,522.9
12040,2025-09-07 10:02:17.080118,526.33
12041,2025-09-07 10:22:17.083552,523.94
12042,2025-09-07 10:42:17.094222,527.06
12043,2025-09-07 11:02:17.098337,526.64
12044,2025-09-07 11:22:17.093745,524.82
12045,2025-09-07 11:42:17.094627,525.41
12046,2025-09-07 12:02:17.080491,522.71
12047,2025-09-07 12:22:17.084424,522.03
12048,2025-09-07 12:42:17.080846,516.88
12049,2025-09-07 13:02:17.086055,514.44
12050,2025-09-07 13:22:17.085029,511.86
12051,2025-09-07 13:42:17.086769,511.68
12052,2025-09-07 14:02:17.084188,514.61
12053,2025-09-07 14:22:17.085297,513.58
12054,2025-09-07 14:42:17.083337,511.18
12055,2025-09-07 15:02:17.082186,510.16
12056,2025-09-07 15:22:17.088442,510.6
12057,2025-09-07 15:42:17.082530,510.53
12058,2025-09-07 16:02:17.076076,511.68
12059,2025-09-07 16:22:17.083943,510.52
12060,2025-09-07 16:42:17.080806,510.9
12061,2025-09-07 17:02:17.080748,512.12
12062,2025-09-07 17:22:17.086008,517.14
12063,2025-09-07 17:42:17.090312,517.23
12064,2025-09-07 18:02:17.087320,519.41
12065,2025-09-07 18:22:17.083816,517.9
12066,2025-09-07 18:42:17.083459,516.9
12067,2025-09-07 19:02:17.082577,515.06
12068,2025-09-07 19:22:17.090212,518.43
12069,2025-09-07 19:42:17.091857,515.33
12070,2025-09-07 20:02:17.088695,515.67
12071,2025-09-07 20:22:17.104429,517.26
12072,2025-09-07 20:42:16.785740,515.72
12073,2025-09-07 21:02:17.090806,517.04
12074,2025-09-07 21:22:17.084433,515.49
12075,2025-09-07 21:42:17.085540,519.71
12076,2025-09-07 22:02:17.084125,518.1
12077,2025-09-07 22:22:17.085115,521.32
12078,2025-09-07 22:42:17.099811,524.4
12079,2025-09-07 23:02:16.878599,524.78
12080,2025-09-07 23:22:17.083018,527.45
12081,2025-09-07 23:42:17.082888,533.06
12082,2025-09-08 00:02:17.081945,534.18
12083,2025-09-08 00:22:17.090018,540.58
12084,2025-09-08 00:42:17.089403,545.94
12085,2025-09-08 01:02:17.082774,549.68
12086,2025-09-08 01:22:17.084134,548.26
12087,2025-09-08 01:42:17.091997,554.23
12088,2025-09-08 02:02:17.079825,552.58
12089,2025-09-08 02:22:17.090339,556.68
12090,2025-09-08 02:42:17.095425,555.26
12091,2025-09-08 03:02:17.091357,558.39
12092,2025-09-08 03:22:17.084937,557.97
12093,2025-09-08 03:42:17.090182,558.35
12094,2025-09-08 04:02:17.086524,562.42
12095,2025-09-08 04:22:17.087452,562.78
12096,2025-09-08 04:42:17.090951,567.72
12097,2025-09-08 05:02:17.092455,569.37
12098,2025-09-08 05:22:17.088294,572.17
12099,2025-09-08 05:42:17.088304,575.49
12100,2025-09-08 06:02:17.088039,577.98
12101,2025-09-08 06:22:17.083038,579.76
12102,2025-09-08 06:42:17.078581,578.94
12103,2025-09-08 07:02:17.083531,579.72
12104,2025-09-08 07:22:17.086343,579.87
12105,2025-09-08 07:42:17.081508,580.69
12106,2025-09-08 08:02:17.085977,581.26
12107,2025-09-08 08:22:17.101757,581.22
12108,2025-09-08 08:42:17.081221,583.1
12109,2025-09-08 09:02:17.075954,587.06
12110,2025-09-08 09:22:17.083728,590.43
12111,2025-09-08 09:42:17.085376,591.0
12112,2025-09-08 10:02:17.088704,592.36
12113,2025-09-08 10:22:17.081750,593.36
12114,2025-09-08 10:42:17.091367,592.14
12115,2025-09-08 16:42:17.095143,587.72
12116,2025-09-08 17:02:17.088308,588.16
12117,2025-09-08 17:22:17.085450,586.78
12118,2025-09-08 17:42:17.660548,587.02
12119,2025-09-08 18:02:17.082060,587.06
12120,2025-09-08 18:22:17.083136,587.98
12121,2025-09-08 18:42:17.091148,587.33
12122,2025-09-08 19:02:17.085391,588.92
12123,2025-09-08 19:22:17.084030,587.92
12124,2025-09-08 19:42:17.083826,589.02
12125,2025-09-08 20:02:17.080490,589.76
12126,2025-09-08 20:22:17.080040,585.84
12127,2025-09-08 20:42:17.082396,590.25
12128,2025-09-08 21:02:17.084943,592.38
12129,2025-09-08 21:22:17.084134,591.61
12130,2025-09-08 21:42:17.077981,591.42
12131,2025-09-08 22:02:17.085120,595.2
12132,2025-09-08 22:22:17.089708,593.72
12133,2025-09-08 22:42:17.081394,595.21
12134,2025-09-08 23:02:17.093412,597.86
12135,2025-09-08 23:22:17.092657,597.59
12136,2025-09-08 23:42:17.084177,598.38
12137,2025-09-09 00:02:17.440994,600.14
12138,2025-09-09 00:22:17.084455,598.02
12139,2025-09-09 00:42:17.085403,597.38
12140,2025-09-09 01:02:17.084870,598.33
12141,2025-09-09 01:22:17.087070,597.86
12142,2025-09-09 01:42:17.090925,594.6
12143,2025-09-09 02:02:17.085246,593.5
12144,2025-09-09 02:22:17.085500,592.87
12145,2025-09-09 02:42:16.760397,592.85
12146,2025-09-09 03:02:17.098038,592.73
12147,2025-09-09 03:22:17.083769,592.1
12148,2025-09-09 03:42:17.086270,594.32
12149,2025-09-09 04:02:17.088817,595.4
12150,2025-09-09 04:22:17.078758,594.63
12151,2025-09-09 04:42:17.084520,596.07
12152,2025-09-09 05:02:17.080377,597.15
12153,2025-09-09 05:22:17.090470,597.7
12154,2025-09-09 05:42:17.080816,598.76
12155,2025-09-09 06:02:17.088347,598.48
12156,2025-09-09 06:22:17.080522,598.89
12157,2025-09-09 06:42:17.092124,598.65
12158,2025-09-09 07:02:17.082856,600.63
12159,2025-09-09 07:22:16.982524,601.18
12160,2025-09-09 07:42:17.079128,600.42
12161,2025-09-09 08:02:17.081322,604.32
12162,2025-09-09 08:22:17.083251,602.49
12163,2025-09-09 08:42:17.082763,603.65
12164,2025-09-09 09:02:17.089567,607.72
12165,2025-09-09 09:22:17.080410,605.34
12166,2025-09-09 23:42:16.689978,541.66
12167,2025-09-10 23:42:16.938369,440.53
12168,2025-09-11 19:02:16.688180,370.1
12169,2025-09-11 19:22:16.945306,376.14
12170,2025-09-11 19:42:16.941081,382.36
12171,2025-09-11 20:02:16.960313,389.35
12172,2025-09-11 20:22:16.685351,395.98
12173,2025-09-11 20:42:16.709071,402.75
12174,2025-09-11 21:02:16.943662,409.34
12175,2025-09-11 21:22:17.057723,416.7
12176,2025-09-11 21:42:16.945659,425.9
12177,2025-09-11 22:02:16.946057,429.86
12178,2025-09-11 22:22:16.692996,432.8
12179,2025-09-11 22:42:16.688062,434.18
12180,2025-09-11 23:02:16.694767,434.42
12181,2025-09-11 23:22:16.691966,434.06
12182,2025-09-11 23:42:16.702277,436.14
12183,2025-09-12 00:02:16.968859,438.33
12184,2025-09-12 00:22:16.938131,435.68
12185,2025-09-12 00:42:16.691246,434.09
12186,2025-09-12 01:02:16.692867,428.78
12187,2025-09-12 01:22:17.086706,423.7
12188,2025-09-12 01:42:17.088208,418.03
12189,2025-09-12 02:02:17.088577,417.82
12190,2025-09-12 02:22:17.096857,411.32
12191,2025-09-12 02:42:17.081238,410.0
12192,2025-09-12 03:02:17.082234,409.7
12193,2025-09-12 03:22:17.078547,411.76
12194,2025-09-12 03:42:17.092345,414.59
12195,2025-09-12 04:02:17.098053,422.42
12196,2025-09-12 04:22:17.094994,423.76
12197,2025-09-12 04:42:17.085909,425.8
12198,2025-09-12 05:02:17.080823,429.32
12199,2025-09-12 05:22:17.084943,433.56
12200,2025-09-12 05:42:17.085937,442.0
12201,2025-09-12 06:02:17.118121,445.36
12202,2025-09-12 06:22:17.099674,457.54
12203,2025-09-12 06:42:17.088032,456.7
12204,2025-09-12 07:02:17.083661,455.2
12205,2025-09-12 07:22:17.081832,456.81
12206,2025-09-12 07:42:17.098688,457.64
12207,2025-09-12 08:02:17.086746,453.52
12208,2025-09-12 08:22:17.097993,450.04
12209,2025-09-12 08:42:17.088981,448.42
12210,2025-09-12 09:02:17.097573,444.7
12211,2025-09-12 09:22:17.081216,435.06
12212,2025-09-12 09:42:17.084072,430.41
12213,2025-09-12 10:02:17.083288,435.99
12214,2025-09-12 10:22:17.103129,440.4
12215,2025-09-12 10:42:17.079216,445.1
12216,2025-09-12 11:02:17.095749,448.92
12217,2025-09-12 11:22:17.088504,451.78
12218,2025-09-12 11:42:17.086313,455.02
12219,2025-09-12 12:02:17.083458,459.88
12220,2025-09-12 12:22:17.081295,462.84
12221,2025-09-12 12:42:17.087299,465.22
12222,2025-09-12 13:22:17.084319,471.8
12223,2025-09-12 13:42:17.085608,474.83
12224,2025-09-12 14:02:17.085650,474.48
12225,2025-09-12 14:22:17.081106,474.84
12226,2025-09-12 14:42:17.088674,474.16
12227,2025-09-12 15:02:17.085637,470.1
12228,2025-09-12 15:22:17.082175,465.5
12229,2025-09-12 15:42:17.101219,463.09
12230,2025-09-12 16:02:17.084443,464.2
12231,2025-09-12 16:22:17.076242,463.28
12232,2025-09-12 16:42:17.079526,464.96
12233,2025-09-12 17:02:17.083656,467.41
12234,2025-09-12 17:22:17.094926,467.32
12235,2025-09-12 17:42:17.096893,465.96
12236,2025-09-12 18:02:17.090767,464.44
12237,2025-09-12 18:22:17.088011,468.12
12238,2025-09-12 18:42:17.087261,470.86
12239,2025-09-12 19:02:17.085731,474.93
12240,2025-09-12 19:22:16.854302,477.16
12241,2025-09-12 19:42:17.097042,479.5
12242,2025-09-12 20:02:17.084593,480.08
12243,2025-09-12 20:22:17.099022,482.48
12244,2025-09-12 20:42:17.090511,482.74
12245,2025-09-12 21:02:17.083356,482.4
12246,2025-09-12 21:22:17.096083,488.09
12247,2025-09-12 21:42:17.082268,489.54
12248,2025-09-12 22:02:17.089373,490.38
12249,2025-09-12 22:22:17.085165,496.14
12250,2025-09-12 22:42:17.083096,496.29
12251,2025-09-12 23:02:17.082589,498.39
12252,2025-09-12 23:22:17.082147,499.4
12253,2025-09-12 23:42:17.082818,502.7
12254,2025-09-13 00:02:16.918120,504.98
12255,2025-09-13 00:22:17.084768,504.9
12256,2025-09-13 00:42:17.092328,503.2
12257,2025-09-13 01:02:17.081895,505.46
12258,2025-09-13 01:22:17.083147,505.02
12259,2025-09-13 01:42:17.083834,503.0
12260,2025-09-13 02:02:17.087958,501.98
12261,2025-09-13 02:22:17.082897,506.8
12262,2025-09-13 02:42:17.089337,509.4
12263,2025-09-13 03:02:17.085452,511.93
12264,2025-09-13 03:22:17.084991,513.53
12265,2025-09-13 03:42:17.089264,512.84
12266,2025-09-13 04:02:17.082347,513.42
12267,2025-09-13 04:22:17.083617,509.37
12268,2025-09-13 04:42:17.090898,514.31
12269,2025-09-13 05:02:17.092609,515.44
12270,2025-09-13 05:22:17.086885,517.4
12271,2025-09-13 05:42:17.085461,516.62
12272,2025-09-13 06:02:17.094769,520.78
12273,2025-09-13 06:22:17.078482,526.44
12274,2025-09-13 06:42:17.081198,532.95
12275,2025-09-13 07:02:17.083457,537.99
12276,2025-09-13 07:22:17.083586,540.88
12277,2025-09-13 07:42:17.085457,546.72
12278,2025-09-13 08:02:17.087667,547.2
12279,2025-09-13 08:22:17.085574,550.81
12280,2025-09-13 08:42:17.085327,552.37
12281,2025-09-13 09:02:17.111623,552.08
12282,2025-09-13 09:22:17.084251,555.48
12283,2025-09-13 09:42:17.082745,560.72
12284,2025-09-13 10:02:17.089450,561.0
12285,2025-09-13 10:22:17.094242,564.44
12286,2025-09-13 10:42:17.091200,563.13
12287,2025-09-13 11:02:17.077756,565.74
12288,2025-09-13 11:22:17.085581,567.0
12289,2025-09-13 11:42:17.086656,567.2
12290,2025-09-13 12:02:17.081875,567.01
12291,2025-09-13 12:22:17.081667,569.42
12292,2025-09-13 12:42:16.664661,569.2
12293,2025-09-13 13:02:17.085986,570.82
12294,2025-09-13 13:22:17.076329,569.08
12295,2025-09-13 13:42:17.080728,569.12
12296,2025-09-13 14:02:17.099575,571.44
12297,2025-09-13 14:22:17.084635,568.29
12298,2025-09-13 14:42:17.093236,569.38
12299,2025-09-13 15:02:17.080316,568.86
12300,2025-09-13 15:22:17.089775,569.56
12301,2025-09-13 15:42:17.085346,570.16
12302,2025-09-13 16:02:17.080783,569.26
12303,2025-09-13 16:22:17.135077,569.38
12304,2025-09-13 16:42:17.078190,572.51
12305,2025-09-13 17:02:17.082675,573.08
12306,2025-09-13 17:22:17.082618,572.68
12307,2025-09-13 17:42:17.083721,573.86
12308,2025-09-13 18:02:17.082605,578.02
12309,2025-09-13 18:22:17.083247,580.42
12310,2025-09-13 18:42:17.102638,582.1
12311,2025-09-13 19:02:17.083986,585.6
12312,2025-09-13 19:22:17.079418,586.92
12313,2025-09-13 19:42:17.110198,589.97
12314,2025-09-13 20:02:17.085262,589.84
12315,2025-09-13 20:22:17.079876,592.17
12316,2025-09-13 20:42:17.086193,593.44
12317,2025-09-13 21:02:17.093685,594.22
12318,2025-09-13 21:22:17.084374,593.26
12319,2025-09-13 21:42:17.090100,595.32
12320,2025-09-13 22:02:17.083137,599.71
12321,2025-09-13 22:22:17.083281,599.02
12322,2025-09-13 22:42:17.081103,603.18
12323,2025-09-13 23:02:17.085876,601.24
12324,2025-09-13 23:22:17.089549,604.4
12325,2025-09-13 23:42:17.083854,605.78
12326,2025-09-14 00:02:17.087111,607.02
12327,2025-09-14 00:22:17.086768,607.88
12328,2025-09-14 00:42:17.080690,608.36
12329,2025-09-14 01:02:17.078395,608.48
12330,2025-09-14 01:22:17.087756,613.13
12331,2025-09-14 01:42:17.083973,617.04
12332,2025-09-14 02:02:17.083722,618.45
12333,2025-09-14 02:22:17.089014,619.9
12334,2025-09-14 02:42:17.089512,622.96
12335,2025-09-14 03:02:17.075343,627.06
12336,2025-09-14 03:22:17.090358,627.54
12337,2025-09-14 03:42:16.896812,631.61
12338,2025-09-14 04:02:17.091577,632.4
12339,2025-09-14 04:22:17.084388,632.04
12340,2025-09-14 04:42:17.087899,631.06
12341,2025-09-14 05:02:17.086057,633.06
12342,2025-09-14 05:22:17.081122,632.12
12343,2025-09-14 05:42:17.088035,632.42
12344,2025-09-14 06:02:16.957039,632.52
12345,2025-09-14 06:22:17.083548,631.7
12346,2025-09-14 06:42:17.084353,629.54
12347,2025-09-14 07:02:17.085659,630.36
12348,2025-09-14 07:22:17.082065,627.9
12349,2025-09-14 07:42:17.078155,627.32
12350,2025-09-14 08:02:17.089223,631.14
12351,2025-09-14 08:22:17.089117,632.0
12352,2025-09-14 08:42:17.090671,632.2
12353,2025-09-14 09:02:17.363471,635.45
12354,2025-09-14 09:22:17.085404,635.16
12355,2025-09-14 09:42:17.082655,636.0
12356,2025-09-14 10:02:17.106123,633.64
12357,2025-09-14 10:22:17.090445,634.56
12358,2025-09-14 10:42:17.081444,634.82
12359,2025-09-14 11:02:17.095497,634.27
12360,2025-09-14 11:22:17.088259,637.39
12361,2025-09-14 11:42:17.083494,636.73
12362,2025-09-14 12:02:17.084006,638.74
12363,2025-09-14 12:22:17.081484,639.3
12364,2025-09-14 12:42:17.087046,636.58
12365,2025-09-14 13:02:17.092661,639.31
12366,2025-09-14 13:22:17.091126,640.46
12367,2025-09-14 13:42:17.084942,640.53
12368,2025-09-14 14:02:17.086443,641.3
12369,2025-09-14 14:22:17.099213,644.38
12370,2025-09-14 14:42:17.085068,641.59
12371,2025-09-14 15:02:17.084311,641.72
12372,2025-09-14 15:22:17.085316,640.63
12373,2025-09-14 15:42:17.076043,636.28
12374,2025-09-14 16:02:17.098786,635.56
12375,2025-09-14 16:22:17.084588,632.86
12376,2025-09-14 16:42:17.095728,629.86
12377,2025-09-14 17:02:17.079511,626.66
12378,2025-09-14 17:22:17.083631,621.83
12379,2025-09-14 17:42:17.093061,617.84
12380,2025-09-14 18:02:17.079971,611.8
12381,2025-09-14 18:22:17.082268,608.96
12382,2025-09-14 18:42:17.082007,605.58
12383,2025-09-14 19:02:17.083532,602.8
12384,2025-09-14 19:22:17.088029,605.4
12385,2025-09-14 19:42:17.082449,603.78
12386,2025-09-14 20:02:17.085277,606.82
12387,2025-09-14 20:22:17.083494,604.32
12388,2025-09-14 20:42:17.085546,605.75
12389,2025-09-14 21:02:17.164309,607.62
12390,2025-09-14 21:22:17.085327,607.98
12391,2025-09-14 21:42:17.084436,612.0
12392,2025-09-14 22:02:17.077706,611.96
12393,2025-09-14 22:22:17.083687,614.05
12394,2025-09-14 22:42:17.094875,616.85
12395,2025-09-14 23:02:17.081359,616.28
12396,2025-09-14 23:22:16.713762,615.73
12397,2025-09-14 23:42:17.095329,614.36
12398,2025-09-15 00:02:17.079589,611.44
12399,2025-09-15 00:22:17.080163,610.92
12400,2025-09-15 00:42:17.086856,612.52
12401,2025-09-15 01:02:17.088106,609.5
12402,2025-09-15 01:22:17.093855,610.74
12403,2025-09-15 01:42:17.088361,611.66
12404,2025-09-15 02:02:17.084552,612.06
12405,2025-09-15 02:22:17.081117,609.89
12406,2025-09-15 02:42:17.083226,614.22
12407,2025-09-15 03:02:17.091048,614.45
12408,2025-09-15 03:22:17.084175,618.3
12409,2025-09-15 03:42:17.094043,617.26
12410,2025-09-15 04:02:17.085638,620.97
12411,2025-09-15 04:22:17.085411,621.99
12412,2025-09-15 04:42:17.081320,619.56
12413,2025-09-15 05:02:17.089876,619.3
12414,2025-09-15 05:22:17.086594,620.36
12415,2025-09-15 05:42:17.088115,623.2
12416,2025-09-15 06:02:17.085692,620.9
12417,2025-09-15 06:22:17.080507,621.63
12418,2025-09-15 06:42:17.085618,620.7
12419,2025-09-15 07:02:17.083501,621.36
12420,2025-09-15 07:22:17.085018,620.18
12421,2025-09-15 07:42:17.109213,620.32
12422,2025-09-15 08:02:17.084956,619.53
12423,2025-09-15 08:22:17.087590,617.71
12424,2025-09-15 08:42:17.087411,610.28
12425,2025-09-15 09:02:17.079249,600.22
12426,2025-09-15 09:22:17.090787,593.94
12427,2025-09-15 09:42:17.082374,583.6
12428,2025-09-15 10:02:17.101926,578.12
12429,2025-09-15 10:22:17.087446,577.75
12430,2025-09-15 10:42:17.082302,578.21
12431,2025-09-15 11:02:17.096101,578.54
12432,2025-09-15 11:22:17.083118,578.6
12433,2025-09-15 11:42:17.088019,582.87
12434,2025-09-15 12:02:16.633053,587.46
12435,2025-09-15 12:22:17.088305,591.2
12436,2025-09-15 12:42:17.086711,593.58
12437,2025-09-15 13:02:17.087610,594.98
12438,2025-09-15 13:22:17.101493,597.22
12439,2025-09-15 13:42:17.079224,592.48
12440,2025-09-15 14:02:17.082513,587.53
12441,2025-09-15 14:22:17.085778,581.95
12442,2025-09-15 14:42:17.082836,580.82
12443,2025-09-15 15:02:17.101454,578.24
12444,2025-09-15 15:22:17.098706,573.16
12445,2025-09-15 15:42:17.080649,570.69
12446,2025-09-15 16:02:17.083077,571.39
12447,2025-09-15 16:22:17.092535,571.49
12448,2025-09-15 16:42:16.786523,570.93
12449,2025-09-15 17:02:17.090816,583.0
12450,2025-09-15 17:22:17.082358,590.32
12451,2025-09-15 17:42:17.089845,598.36
12452,2025-09-15 18:02:17.080637,600.97
12453,2025-09-15 18:22:17.080429,606.84
12454,2025-09-15 18:42:17.082618,607.26
12455,2025-09-15 19:02:17.086777,609.0
12456,2025-09-15 19:22:17.079601,606.46
12457,2025-09-15 19:42:17.083293,609.62
12458,2025-09-15 20:02:17.080621,612.43
12459,2025-09-15 20:22:17.092757,616.04
12460,2025-09-15 20:42:17.087350,613.62
12461,2025-09-15 21:02:17.085978,614.72
12462,2025-09-15 21:22:17.085688,614.62
12463,2025-09-15 21:42:17.084955,610.38
12464,2025-09-15 22:02:17.087297,613.62
12465,2025-09-15 22:22:17.089734,611.44
12466,2025-09-15 22:42:17.089559,613.84
12467,2025-09-15 23:02:17.083455,614.56
12468,2025-09-15 23:22:17.090058,617.42
12469,2025-09-15 23:42:17.086032,618.23
12470,2025-09-16 00:02:17.086825,615.7
12471,2025-09-16 00:22:17.088765,617.52
12472,2025-09-16 00:42:17.092828,614.16
12473,2025-09-16 01:02:17.098250,614.14
12474,2025-09-16 01:22:17.093397,616.63
12475,2025-09-16 01:42:17.081587,612.72
12476,2025-09-16 02:02:17.093942,614.88
12477,2025-09-16 02:22:17.086279,616.78
12478,2025-09-16 02:42:17.086977,616.82
12479,2025-09-16 03:02:17.085225,616.92
12480,2025-09-16 03:22:17.090697,619.26
12481,2025-09-16 03:42:17.081985,618.79
12482,2025-09-16 04:02:17.087568,618.88
12483,2025-09-16 04:22:17.084951,623.06
12484,2025-09-16 04:42:17.084362,622.28
12485,2025-09-16 05:02:17.083487,620.51
12486,2025-09-16 05:22:17.089107,618.8
12487,2025-09-16 05:42:17.082130,620.18
12488,2025-09-16 06:02:17.100453,621.82
12489,2025-09-16 06:22:17.078382,620.44
12490,2025-09-16 06:42:17.090938,622.16
12491,2025-09-16 07:02:17.088648,621.81
12492,2025-09-16 07:22:17.087854,622.25
12493,2025-09-16 07:42:17.102332,621.82
12494,2025-09-16 08:02:17.085300,617.74
12495,2025-09-16 08:22:17.078925,614.04
12496,2025-09-16 08:42:17.081293,610.39
12497,2025-09-16 09:02:17.082677,599.43
12498,2025-09-16 09:22:17.090005,588.15
12499,2025-09-16 09:42:17.098386,584.34
12500,2025-09-16 10:02:17.086223,583.04
12501,2025-09-16 10:22:17.073544,581.7
12502,2025-09-16 10:42:17.088594,580.59
12503,2025-09-16 11:02:16.726243,579.71
12504,2025-09-16 11:22:17.084941,579.75
12505,2025-09-16 11:42:17.083382,576.32
12506,2025-09-16 12:02:17.088264,579.1
12507,2025-09-16 12:22:17.091591,578.44
12508,2025-09-16 12:42:17.081272,578.77
12509,2025-09-16 13:02:17.077832,578.05
12510,2025-09-16 13:22:17.086219,570.25
12511,2025-09-16 13:42:17.091564,560.1
12512,2025-09-16 14:02:17.090070,545.3
12513,2025-09-16 14:22:17.094047,528.34
12514,2025-09-16 14:42:17.095551,516.48
12515,2025-09-16 15:02:17.084796,510.2
12516,2025-09-16 15:22:17.083548,498.88
12517,2025-09-16 15:42:16.956128,487.98
12518,2025-09-16 16:02:17.087782,473.08
12519,2025-09-16 16:22:17.092823,473.5
12520,2025-09-16 16:42:17.082433,474.89
12521,2025-09-16 17:02:17.093098,474.86
12522,2025-09-16 17:22:17.087675,478.0
12523,2025-09-16 17:42:17.093733,481.38
12524,2025-09-16 18:02:17.084684,485.62
12525,2025-09-16 18:22:17.337084,486.97
12526,2025-09-16 18:42:17.097457,487.87
12527,2025-09-16 19:02:17.090282,489.12
12528,2025-09-16 19:22:17.093190,492.48
12529,2025-09-16 19:42:17.082486,492.92
12530,2025-09-16 20:02:17.076778,490.14
12531,2025-09-16 20:22:17.051359,490.11
12532,2025-09-16 20:42:17.089163,493.88
12533,2025-09-16 21:02:17.081721,497.0
12534,2025-09-16 21:22:17.085552,501.4
12535,2025-09-16 21:42:17.086110,509.62
12536,2025-09-16 22:02:17.084323,514.84
12537,2025-09-16 22:22:17.084453,521.35
12538,2025-09-16 22:42:17.085085,535.66
12539,2025-09-16 23:02:17.083815,551.28
12540,2025-09-16 23:22:17.082567,568.14
12541,2025-09-16 23:42:16.681739,575.8
12542,2025-09-17 00:02:17.086069,581.2
12543,2025-09-17 00:22:17.089084,584.93
12544,2025-09-17 00:42:17.079836,588.8
12545,2025-09-17 01:02:17.081835,600.12
12546,2025-09-17 01:22:17.098574,613.88
12547,2025-09-17 01:42:17.079942,620.5
12548,2025-09-17 02:02:17.082996,622.61
12549,2025-09-17 02:22:17.085124,625.13
12550,2025-09-17 02:42:17.080415,625.46
12551,2025-09-17 03:02:17.078330,624.66
12552,2025-09-17 03:22:17.094585,625.32
12553,2025-09-17 03:42:17.091947,626.26
12554,2025-09-17 04:02:17.080848,625.63
12555,2025-09-17 04:22:17.082633,628.87
12556,2025-09-17 04:42:17.083320,625.82
12557,2025-09-17 05:02:17.079305,627.1
12558,2025-09-17 05:22:17.078666,626.94
12559,2025-09-17 05:42:17.083793,629.75
12560,2025-09-17 06:02:17.086503,630.19
12561,2025-09-17 06:22:17.080965,631.27
12562,2025-09-17 06:42:17.081691,632.28
12563,2025-09-17 07:02:17.080089,632.94
12564,2025-09-17 07:22:17.090626,635.68
12565,2025-09-17 07:42:17.084855,635.75
12566,2025-09-17 08:02:17.084086,637.01
12567,2025-09-17 08:22:17.083001,638.44
12568,2025-09-17 08:42:17.082570,636.9
12569,2025-09-17 09:02:17.101895,639.88
12570,2025-09-17 09:22:17.080696,639.86
12571,2025-09-17 09:42:17.085711,639.86
12572,2025-09-17 10:02:16.730692,643.93
12573,2025-09-17 10:22:17.092763,644.69
12574,2025-09-17 10:42:17.088092,642.22
12575,2025-09-17 11:02:17.082244,643.7
12576,2025-09-17 11:22:17.083065,645.96
12577,2025-09-17 11:42:17.081398,645.56
12578,2025-09-17 12:02:17.090779,645.36
12579,2025-09-17 12:22:17.081192,646.92
12580,2025-09-17 12:42:17.082436,647.16
12581,2025-09-17 13:02:17.087976,645.84
12582,2025-09-17 13:22:17.088934,646.29
12583,2025-09-17 13:42:17.081574,646.83
12584,2025-09-17 14:02:17.077579,640.23
12585,2025-09-17 14:22:17.084544,642.28
12586,2025-09-17 14:42:16.931394,636.58
12587,2025-09-17 15:02:17.081510,635.9
12588,2025-09-17 15:22:17.083722,635.24
12589,2025-09-17 15:42:17.085498,636.54
12590,2025-09-17 16:02:17.091516,640.5
12591,2025-09-17 16:22:17.077963,641.82
12592,2025-09-17 16:42:17.083393,643.08
12593,2025-09-17 17:02:17.045196,643.28
12594,2025-09-17 17:22:17.096413,644.64
12595,2025-09-17 17:42:17.081851,645.87
12596,2025-09-17 18:02:17.085170,646.46
12597,2025-09-17 18:22:17.092557,650.28
12598,2025-09-17 18:42:17.081482,650.9
12599,2025-09-17 19:02:17.082456,650.94
12600,2025-09-17 19:22:17.083679,650.73
12601,2025-09-17 19:42:17.095366,649.73
12602,2025-09-17 20:02:17.084806,650.82
12603,2025-09-17 20:22:17.095295,648.54
12604,2025-09-17 20:42:17.091947,652.52
12605,2025-09-17 21:02:17.074259,653.51
12606,2025-09-17 21:22:17.082076,652.02
12607,2025-09-17 21:42:17.084335,653.45
12608,2025-09-17 22:02:17.086316,654.08
12609,2025-09-17 22:22:17.098457,654.54
12610,2025-09-17 23:02:17.100353,658.97
12611,2025-09-17 23:22:17.100521,658.21
12612,2025-09-17 23:42:17.080532,657.52
12613,2025-09-18 00:02:17.082548,659.08
12614,2025-09-18 00:22:17.769831,661.52
12615,2025-09-18 00:42:17.073703,663.34
12616,2025-09-18 01:02:17.083880,664.91
12617,2025-09-18 01:22:17.082835,665.15
12618,2025-09-18 01:42:17.080078,666.26
12619,2025-09-18 02:02:17.082460,667.18
12620,2025-09-18 02:22:17.089986,670.14
12621,2025-09-18 02:42:17.079407,668.58
12622,2025-09-18 03:02:17.078974,669.81
12623,2025-09-18 03:22:17.098224,669.93
12624,2025-09-18 03:42:17.088481,669.82
12625,2025-09-18 04:02:17.084431,672.28
12626,2025-09-18 04:22:17.074094,671.9
12627,2025-09-18 04:42:17.083095,672.41
12628,2025-09-18 05:02:17.076076,675.65
12629,2025-09-18 05:22:17.078185,677.73
12630,2025-09-18 05:42:17.081844,678.62
12631,2025-09-18 06:02:17.091121,678.12
12632,2025-09-18 06:22:17.087792,681.54
12633,2025-09-18 06:42:17.098127,683.08
12634,2025-09-18 07:02:17.087849,681.9
12635,2025-09-18 07:22:17.086024,681.42
12636,2025-09-18 07:42:17.097326,682.72
12637,2025-09-18 08:02:17.082756,685.02
12638,2025-09-18 08:22:17.085573,687.94
12639,2025-09-18 08:42:17.083403,689.02
12640,2025-09-18 16:02:17.080526,704.52
12641,2025-09-18 16:22:17.086986,704.14
12642,2025-09-18 16:42:17.086962,706.29
12643,2025-09-18 17:02:17.084719,705.9
12644,2025-09-18 17:22:17.085040,704.46
12645,2025-09-18 17:42:17.085291,704.74
12646,2025-09-18 18:02:17.426547,704.56
12647,2025-09-18 18:22:17.080783,704.54
12648,2025-09-18 18:42:17.082766,704.54
12649,2025-09-18 19:02:17.089203,706.78
12650,2025-09-18 19:22:17.088768,704.02
12651,2025-09-18 19:42:17.087277,705.32
12652,2025-09-18 20:02:17.089126,705.87
12653,2025-09-18 20:22:17.083252,704.7
12654,2025-09-18 20:42:17.086105,702.76
12655,2025-09-18 21:02:17.081988,706.18
12656,2025-09-18 21:22:17.082169,705.0
12657,2025-09-18 21:42:17.094356,705.7
12658,2025-09-18 22:02:17.082836,705.82
12659,2025-09-18 22:22:17.087663,707.61
12660,2025-09-18 22:42:17.085591,709.08
12661,2025-09-18 23:02:16.847551,708.64
12662,2025-09-18 23:22:17.084515,706.88
12663,2025-09-18 23:42:17.083045,706.62
12664,2025-09-19 00:02:17.094426,708.05
12665,2025-09-19 00:22:17.085826,706.72
12666,2025-09-19 00:42:17.256320,710.54
12667,2025-09-19 01:02:17.083384,707.72
12668,2025-09-19 01:22:17.079959,708.81
12669,2025-09-19 01:42:17.084229,706.84
12670,2025-09-19 02:02:17.083683,709.96
12671,2025-09-19 02:22:17.079795,707.62
12672,2025-09-19 02:42:17.089660,710.3
12673,2025-09-19 03:02:17.086166,709.64
12674,2025-09-19 03:22:17.086582,710.43
12675,2025-09-19 03:42:17.088916,710.44
12676,2025-09-19 04:02:17.087839,709.87
12677,2025-09-19 04:22:17.080220,706.9
12678,2025-09-19 04:42:17.088910,709.16
12679,2025-09-19 05:02:17.083713,707.52
12680,2025-09-19 05:22:17.094478,707.2
12681,2025-09-19 05:42:17.078946,708.49
12682,2025-09-19 06:02:17.082227,706.56
12683,2025-09-19 06:22:17.088261,706.42
12684,2025-09-19 06:42:17.610783,706.87
12685,2025-09-19 07:02:17.082100,706.06
12686,2025-09-19 07:22:17.090660,704.22
12687,2025-09-19 07:42:17.084332,703.85
12688,2025-09-19 08:02:17.082688,707.8
12689,2025-09-19 08:22:17.085523,704.74
12690,2025-09-19 08:42:17.093446,706.64
12691,2025-09-19 09:02:17.085831,706.35
12692,2025-09-19 09:22:17.084488,705.27
12693,2025-09-19 09:42:17.088139,708.19
12694,2025-09-19 10:02:17.090086,706.08
12695,2025-09-19 10:22:17.085294,708.18
12696,2025-09-19 10:42:17.085362,707.8
12697,2025-09-19 11:02:17.084976,709.75
12698,2025-09-19 11:22:17.099272,707.18
12699,2025-09-19 11:42:17.086357,706.76
12700,2025-09-19 12:02:17.084430,706.78
12701,2025-09-19 12:22:17.083268,705.44
12702,2025-09-19 12:42:17.083794,705.62
12703,2025-09-19 13:02:17.085597,701.65
12704,2025-09-19 13:22:17.082755,703.24
12705,2025-09-19 13:42:17.084483,697.7
12706,2025-09-19 14:02:17.085402,699.48
12707,2025-09-19 14:22:17.085839,696.88
12708,2025-09-19 14:42:17.085016,699.78
12709,2025-09-19 15:02:17.083781,699.58
12710,2025-09-19 15:22:17.294934,698.48
12711,2025-09-19 15:42:17.074925,700.18
12712,2025-09-19 16:02:17.080865,701.14
12713,2025-09-19 16:22:17.094862,699.96
12714,2025-09-19 16:42:17.087621,703.1
12715,2025-09-19 17:02:17.090762,702.58
12716,2025-09-19 17:22:16.892711,702.41
12717,2025-09-19 17:42:17.381084,703.92
12718,2025-09-19 18:02:17.794601,704.07
12719,2025-09-19 18:42:17.080855,704.54
12720,2025-09-19 19:02:17.082563,704.04
12721,2025-09-19 19:22:17.083817,702.28
12722,2025-09-19 19:42:17.089633,705.22
12723,2025-09-19 20:02:17.091723,702.26
12724,2025-09-19 20:22:17.084264,701.82
12725,2025-09-19 20:42:17.081038,700.84
12726,2025-09-19 21:02:17.095446,701.13
12727,2025-09-19 21:22:17.085953,698.16
12728,2025-09-19 21:42:17.075229,696.7
12729,2025-09-19 22:02:17.079596,696.52
12730,2025-09-19 22:22:17.077944,695.55
12731,2025-09-19 22:42:17.081785,697.15
12732,2025-09-19 23:02:17.085268,697.01
12733,2025-09-19 23:22:17.091217,696.68
12734,2025-09-19 23:42:17.087857,694.0
12735,2025-09-20 00:02:17.083533,696.76
12736,2025-09-20 00:22:17.083072,697.06
12737,2025-09-20 00:42:17.082446,695.58
12738,2025-09-20 01:02:17.079062,692.5
12739,2025-09-20 01:22:17.085001,694.78
12740,2025-09-20 01:42:17.082853,693.4
12741,2025-09-20 02:02:17.091300,694.17
12742,2025-09-20 02:22:17.092420,692.13
12743,2025-09-20 02:42:17.567045,692.86
12744,2025-09-20 03:02:17.093393,689.0
12745,2025-09-20 03:22:17.082756,687.48
12746,2025-09-20 03:42:17.084585,680.42
12747,2025-09-20 04:02:17.093464,676.64
12748,2025-09-20 04:22:17.088287,673.18
12749,2025-09-20 04:42:17.083589,668.3
12750,2025-09-20 05:02:17.083749,661.78
12751,2025-09-20 05:22:17.083829,660.94
12752,2025-09-20 05:42:17.078073,660.1
12753,2025-09-20 06:02:17.082354,662.59
12754,2025-09-20 06:22:17.086309,659.88
12755,2025-09-20 06:42:17.083958,661.19
12756,2025-09-20 07:02:17.087480,659.96
12757,2025-09-20 07:22:17.097854,661.08
12758,2025-09-20 07:42:17.083871,656.67
12759,2025-09-20 08:02:17.082831,657.1
12760,2025-09-20 08:22:17.091183,656.53
12761,2025-09-20 08:42:17.088333,656.76
12762,2025-09-20 09:02:17.086122,659.74
12763,2025-09-20 09:22:17.079292,662.02
12764,2025-09-20 09:42:17.081529,665.99
12765,2025-09-20 10:02:17.079164,667.07
12766,2025-09-20 10:22:17.081272,668.28
12767,2025-09-20 10:42:17.092412,669.76
12768,2025-09-20 11:02:17.083521,669.26
12769,2025-09-20 11:22:17.089676,669.78
12770,2025-09-20 11:42:16.745702,672.34
12771,2025-09-20 12:02:17.080217,673.88
12772,2025-09-20 12:22:17.081350,670.81
12773,2025-09-20 12:42:17.078211,673.96
12774,2025-09-20 13:02:17.083019,672.62
12775,2025-09-20 13:22:17.082124,671.66
12776,2025-09-20 13:42:17.083394,668.21
12777,2025-09-20 14:02:17.086198,665.93
12778,2025-09-20 14:22:17.081167,656.32
12779,2025-09-20 14:42:17.254794,642.84
12780,2025-09-20 15:02:17.098956,628.22
12781,2025-09-20 15:22:17.081397,613.43
12782,2025-09-20 15:42:17.084960,603.97
12783,2025-09-20 16:02:17.091118,596.99
12784,2025-09-20 16:22:17.082774,589.28
12785,2025-09-20 16:42:17.084779,586.2
12786,2025-09-20 17:02:17.087379,580.14
12787,2025-09-20 17:22:17.089224,576.39
12788,2025-09-20 17:42:17.083432,575.64
12789,2025-09-20 18:02:17.082975,578.53
12790,2025-09-20 18:22:17.082348,587.26
12791,2025-09-20 18:42:17.086531,593.04
12792,2025-09-20 19:02:17.078826,596.1
12793,2025-09-20 19:22:17.084859,600.35
12794,2025-09-20 19:42:17.086887,604.51
12795,2025-09-20 20:02:17.087528,612.4
12796,2025-09-20 20:22:17.089185,619.38
12797,2025-09-20 20:42:17.085488,624.68
12798,2025-09-20 21:02:17.080829,627.97
12799,2025-09-20 21:22:17.088770,629.53
12800,2025-09-20 21:42:17.087594,629.46
12801,2025-09-20 22:02:17.089154,628.72
12802,2025-09-20 22:22:17.094455,630.78
12803,2025-09-20 22:42:17.085814,629.34
12804,2025-09-20 23:02:17.076384,627.13
12805,2025-09-20 23:22:17.086580,628.43
12806,2025-09-20 23:42:17.078870,629.42
12807,2025-09-21 00:02:17.092925,628.04
12808,2025-09-21 00:22:16.921508,631.52
12809,2025-09-21 00:42:17.091810,632.82
12810,2025-09-21 01:02:17.088669,631.91
12811,2025-09-21 01:22:17.086398,634.48
12812,2025-09-21 01:42:17.082933,638.16
12813,2025-09-21 02:02:17.081031,638.9
12814,2025-09-21 02:22:17.093989,639.5
12815,2025-09-21 02:42:17.078527,642.56
12816,2025-09-21 03:02:17.083224,642.48
12817,2025-09-21 03:22:17.086937,644.59
12818,2025-09-21 03:42:17.086298,648.1
12819,2025-09-21 04:02:17.077713,651.7
12820,2025-09-21 04:22:17.083630,652.44
12821,2025-09-21 04:42:17.082439,654.29
12822,2025-09-21 05:02:17.111373,657.22
12823,2025-09-21 05:22:17.101234,659.83
12824,2025-09-21 05:42:17.091937,660.5
12825,2025-09-21 06:02:17.083206,663.06
12826,2025-09-21 06:22:17.266393,664.23
12827,2025-09-21 06:42:17.085938,664.23
12828,2025-09-21 07:02:17.088769,667.81
12829,2025-09-21 07:22:17.091508,668.06
12830,2025-09-21 07:42:17.083294,670.28
12831,2025-09-21 08:02:17.086967,674.02
12832,2025-09-21 08:22:17.086900,671.92
12833,2025-09-21 08:42:17.085816,673.9
12834,2025-09-21 09:02:17.080153,671.36
12835,2025-09-21 09:22:17.078515,672.74
12836,2025-09-21 09:42:17.085008,674.24
12837,2025-09-21 10:02:17.089311,674.12
12838,2025-09-21 10:22:17.088191,677.5
12839,2025-09-21 10:42:16.837002,677.14
12840,2025-09-21 11:02:17.802705,677.12
12841,2025-09-21 11:22:17.083302,678.52
12842,2025-09-21 11:42:17.086168,678.9
12843,2025-09-21 12:02:17.087970,677.58
12844,2025-09-21 12:22:17.086519,677.89
12845,2025-09-21 12:42:17.089479,677.77
12846,2025-09-21 13:02:17.073937,677.49
12847,2025-09-21 13:22:17.084200,676.74
12848,2025-09-21 13:42:17.085820,672.5
12849,2025-09-21 14:02:17.083723,667.5
12850,2025-09-21 14:22:17.085784,665.03
12851,2025-09-21 14:42:17.084759,658.24
12852,2025-09-21 15:02:17.399135,651.2
12853,2025-09-21 15:22:17.081269,646.58
12854,2025-09-21 15:42:17.094860,641.36
12855,2025-09-21 16:02:17.091787,641.24
12856,2025-09-21 16:22:17.083815,641.83
12857,2025-09-21 16:42:17.089579,640.24
12858,2025-09-21 17:02:17.091060,641.28
12859,2025-09-21 17:22:17.084353,638.56
12860,2025-09-21 17:42:17.085835,634.4
12861,2025-09-21 18:02:17.089280,628.6
12862,2025-09-21 18:22:17.087414,623.33
12863,2025-09-21 18:42:17.082875,622.64
12864,2025-09-21 19:02:17.087935,617.02
12865,2025-09-21 19:22:17.082867,620.76
12866,2025-09-21 19:42:17.080237,624.12
12867,2025-09-21 20:02:17.083714,624.34
12868,2025-09-21 20:22:17.092259,627.76
12869,2025-09-21 20:42:17.082689,630.46
12870,2025-09-21 21:02:17.081980,632.74
12871,2025-09-21 21:22:17.101066,636.32
12872,2025-09-21 21:42:17.083216,638.0
12873,2025-09-21 22:02:17.083598,638.58
12874,2025-09-21 22:22:17.081214,640.58
12875,2025-09-21 22:42:17.074411,640.35
12876,2025-09-21 23:02:17.085671,644.26
12877,2025-09-21 23:22:17.094858,641.48
12878,2025-09-21 23:42:17.096411,644.08
12879,2025-09-22 00:02:17.087376,643.49
12880,2025-09-22 00:22:17.082936,647.19
12881,2025-09-22 00:42:17.084143,649.25
12882,2025-09-22 01:02:17.083894,651.78
12883,2025-09-22 01:22:17.097589,653.86
12884,2025-09-22 02:02:17.085650,656.7
12885,2025-09-22 02:22:17.088623,659.95
12886,2025-09-22 02:42:17.087266,660.86
12887,2025-09-22 03:02:17.086026,661.5
12888,2025-09-22 03:22:17.080015,664.3
12889,2025-09-22 03:42:17.086340,666.59
12890,2025-09-22 04:02:17.079375,668.44
12891,2025-09-22 04:22:17.105982,667.07
12892,2025-09-22 04:42:17.093925,667.16
12893,2025-09-22 05:02:17.086323,667.28
12894,2025-09-22 05:22:17.085628,669.98
12895,2025-09-22 05:42:17.077495,669.0
12896,2025-09-22 06:02:17.093819,669.22
12897,2025-09-22 06:22:17.086372,669.93
12898,2025-09-22 06:42:17.089332,671.24
12899,2025-09-22 07:02:17.090828,674.68
12900,2025-09-22 07:22:17.081236,674.94
12901,2025-09-22 07:42:17.088104,673.23
12902,2025-09-22 08:02:17.085299,674.97
12903,2025-09-22 08:22:17.082266,675.77
12904,2025-09-22 08:42:17.087528,676.74
12905,2025-09-22 09:02:17.082684,678.94
12906,2025-09-22 09:22:17.082461,678.2
12907,2025-09-22 09:42:17.083724,680.08
12908,2025-09-22 10:02:17.086551,681.71
12909,2025-09-22 10:22:17.074162,680.24
12910,2025-09-22 10:42:17.079909,682.64
12911,2025-09-22 11:02:17.084878,681.78
12912,2025-09-22 11:22:17.094080,681.16
12913,2025-09-22 11:42:17.091606,684.82
12914,2025-09-22 12:02:17.090368,682.41
12915,2025-09-22 12:22:17.090139,681.16
12916,2025-09-22 12:42:17.084553,683.08
12917,2025-09-22 13:02:17.087360,683.04
12918,2025-09-22 13:22:17.086082,682.64
12919,2025-09-22 13:42:17.089330,679.54
12920,2025-09-22 14:02:17.083852,681.44
12921,2025-09-22 14:22:16.860848,677.51
12922,2025-09-22 14:42:17.088113,678.22
12923,2025-09-22 15:02:17.096955,673.78
12924,2025-09-22 15:22:17.085334,670.43
12925,2025-09-22 15:42:17.086913,668.21
12926,2025-09-22 16:02:17.087779,667.63
12927,2025-09-22 16:22:17.092664,665.68
12928,2025-09-22 16:42:17.075372,661.36
12929,2025-09-22 17:02:17.085150,658.16
12930,2025-09-22 17:22:17.085086,653.53
12931,2025-09-22 17:42:17.083232,652.89
12932,2025-09-22 18:02:17.084520,652.94
12933,2025-09-22 18:22:17.081996,649.74
12934,2025-09-22 18:42:17.078937,646.82
12935,2025-09-22 19:02:16.938918,646.1
12936,2025-09-22 19:22:17.082840,642.97
12937,2025-09-22 19:42:17.079802,641.86
12938,2025-09-22 20:02:17.088162,647.28
12939,2025-09-22 20:22:17.086165,651.1
12940,2025-09-22 20:42:17.080341,652.74
12941,2025-09-22 21:02:17.083886,653.62
12942,2025-09-22 21:22:17.080827,655.8
12943,2025-09-22 21:42:17.087015,657.9
12944,2025-09-22 22:02:17.080730,661.94
12945,2025-09-22 22:22:17.081881,661.48
12946,2025-09-22 22:42:17.087827,663.88
12947,2025-09-22 23:02:17.083124,664.58
12948,2025-09-22 23:22:17.093967,666.73
12949,2025-09-22 23:42:17.028404,669.47
12950,2025-09-23 00:02:17.082355,670.42
12951,2025-09-23 00:22:17.080914,670.86
12952,2025-09-23 00:42:17.092316,672.57
12953,2025-09-23 01:02:17.081256,672.52
12954,2025-09-23 01:22:17.086238,673.8
12955,2025-09-23 01:42:17.086542,670.28
12956,2025-09-23 02:02:17.082011,671.76
12957,2025-09-23 02:22:17.088836,670.44
12958,2025-09-23 02:42:17.095292,673.12
12959,2025-09-23 03:02:17.086109,671.32
12960,2025-09-23 03:22:17.085913,670.75
12961,2025-09-23 03:42:17.099075,669.72
12962,2025-09-23 04:02:17.095776,671.8
12963,2025-09-23 04:22:17.083785,670.9
12964,2025-09-23 04:42:17.089005,672.72
12965,2025-09-23 05:02:17.081570,672.93
12966,2025-09-23 05:22:17.087735,672.61
12967,2025-09-23 05:42:17.087047,671.42
12968,2025-09-23 06:02:17.089202,675.74
12969,2025-09-23 06:22:17.087776,677.36
12970,2025-09-23 06:42:17.083031,676.87
12971,2025-09-23 07:02:17.085445,679.04
12972,2025-09-23 07:22:17.093707,678.72
12973,2025-09-23 07:42:17.087877,678.36
12974,2025-09-23 08:02:17.089606,678.36
12975,2025-09-23 08:22:17.082542,677.76
12976,2025-09-23 08:42:17.077686,678.89
12977,2025-09-23 09:02:17.082045,676.47
12978,2025-09-23 09:22:17.078538,675.4
12979,2025-09-23 09:42:17.085446,678.54
12980,2025-09-23 10:02:17.090936,676.7
12981,2025-09-23 10:22:17.093587,679.71
12982,2025-09-23 10:42:17.082269,673.26
12983,2025-09-23 11:02:17.088566,674.84
12984,2025-09-23 11:22:17.080051,672.54
12985,2025-09-23 11:42:17.082880,669.38
12986,2025-09-23 12:02:17.078492,667.3
12987,2025-09-23 12:22:17.084864,662.84
12988,2025-09-23 12:42:17.096221,658.44
12989,2025-09-23 13:02:17.085539,649.11
12990,2025-09-23 13:22:17.097117,642.3
12991,2025-09-23 13:42:17.091041,637.38
12992,2025-09-23 14:02:17.105263,635.76
12993,2025-09-23 14:22:17.085997,628.85
12994,2025-09-23 14:42:17.084458,618.63
12995,2025-09-23 15:02:17.083322,600.94
12996,2025-09-23 15:22:17.087760,578.68
12997,2025-09-23 15:42:17.083256,561.98
12998,2025-09-23 16:02:17.085849,555.16
12999,2025-09-23 16:22:17.083670,546.61
13000,2025-09-23 16:42:17.092907,543.21
13001,2025-09-23 17:02:17.081093,535.96
13002,2025-09-23 17:22:17.097328,538.94
13003,2025-09-23 17:42:17.089433,536.8
13004,2025-09-23 18:02:17.075015,530.76
13005,2025-09-23 18:22:17.083676,522.08
13006,2025-09-23 18:42:17.080431,516.74
13007,2025-09-23 19:02:17.081922,510.66
13008,2025-09-23 19:22:17.097002,505.86
13009,2025-09-23 19:42:17.088456,513.54
13010,2025-09-23 20:02:17.082374,519.63
13011,2025-09-23 20:22:17.090239,528.54
13012,2025-09-23 20:42:17.090073,529.58
13013,2025-09-23 21:02:17.085369,529.3
13014,2025-09-23 21:22:17.079594,530.5
13015,2025-09-23 21:42:17.086696,528.22
13016,2025-09-23 22:02:17.091643,528.9
13017,2025-09-23 22:22:17.081604,531.83
13018,2025-09-23 22:42:16.907422,529.78
13019,2025-09-23 23:02:17.090992,530.36
13020,2025-09-23 23:22:17.086883,527.72
13021,2025-09-23 23:42:17.087406,528.66
13022,2025-09-24 00:02:17.088738,531.14
13023,2025-09-24 00:22:17.086717,533.77
13024,2025-09-24 00:42:17.078320,532.8
13025,2025-09-24 01:02:17.082655,524.76
13026,2025-09-24 01:22:17.087911,516.26
13027,2025-09-24 01:42:17.084992,510.64
13028,2025-09-24 02:02:17.090144,511.21
13029,2025-09-24 02:42:17.084668,501.74
13030,2025-09-24 03:02:17.090400,494.86
13031,2025-09-24 03:22:17.025590,486.56
13032,2025-09-24 03:42:17.085344,484.36
13033,2025-09-24 04:02:17.083236,484.71
13034,2025-09-24 04:22:17.073808,484.4
13035,2025-09-24 04:42:17.082447,483.62
13036,2025-09-24 05:02:17.085526,485.34
13037,2025-09-24 05:22:17.089452,482.08
13038,2025-09-24 05:42:17.100004,477.75
13039,2025-09-24 06:02:17.086546,477.32
13040,2025-09-24 06:22:17.088662,473.26
13041,2025-09-24 06:42:17.084380,472.12
13042,2025-09-24 07:02:17.079561,472.04
13043,2025-09-24 07:22:17.082129,477.57
13044,2025-09-24 07:42:17.081031,477.16
13045,2025-09-24 08:02:17.085679,474.95
13046,2025-09-24 08:22:17.082061,468.24
13047,2025-09-24 08:42:17.096970,461.12
13048,2025-09-24 09:02:17.090906,444.52
13049,2025-09-24 09:22:17.084477,435.4
13050,2025-09-24 09:42:17.085737,435.22
13051,2025-09-24 10:02:17.082415,431.62
13052,2025-09-24 10:22:17.084468,429.82
13053,2025-09-24 10:42:17.082710,430.1
13054,2025-09-24 11:02:17.088822,437.88
13055,2025-09-24 11:22:17.082104,442.03
13056,2025-09-24 11:42:17.091250,441.5
13057,2025-09-24 12:02:17.086129,443.9
13058,2025-09-24 12:22:17.079662,450.26
13059,2025-09-24 12:42:17.081780,453.0
13060,2025-09-24 13:02:17.084377,452.68
13061,2025-09-24 13:22:17.082854,453.08
13062,2025-09-24 13:42:17.087262,452.55
13063,2025-09-24 14:02:17.087418,450.42
13064,2025-09-24 14:22:17.097906,442.44
13065,2025-09-24 14:42:17.085250,427.34
13066,2025-09-24 15:02:17.081863,416.4
13067,2025-09-24 15:22:17.093177,407.52
13068,2025-09-24 15:42:17.085130,401.45
13069,2025-09-24 16:02:17.080951,394.36
13070,2025-09-24 16:22:17.085554,388.4
13071,2025-09-24 16:42:17.091144,384.62
13072,2025-09-24 17:02:17.079888,381.11
13073,2025-09-24 17:22:17.093176,379.12
13074,2025-09-24 17:42:17.105009,375.84
13075,2025-09-24 18:02:17.080849,370.64
13076,2025-09-24 18:22:17.077582,369.1
13077,2025-09-24 18:42:17.086587,366.72
13078,2025-09-24 19:02:17.085719,372.68
13079,2025-09-24 19:22:17.081025,379.27
13080,2025-09-24 19:42:17.094161,383.56
13081,2025-09-24 20:02:17.082093,391.2
13082,2025-09-24 20:22:17.091860,396.86
13083,2025-09-24 20:42:17.076876,398.43
13084,2025-09-24 21:02:17.084387,399.8
13085,2025-09-24 21:22:17.089947,402.86
13086,2025-09-24 21:42:17.081518,405.46
13087,2025-09-24 22:02:17.084774,408.82
13088,2025-09-24 22:22:17.093702,415.18
13089,2025-09-24 22:42:17.081928,421.77
13090,2025-09-24 23:02:17.082661,428.45
13091,2025-09-24 23:22:17.093840,431.4
13092,2025-09-24 23:42:17.083528,438.2
13093,2025-09-25 00:02:17.077896,448.2
13094,2025-09-25 00:22:17.081883,461.04
13095,2025-09-25 00:42:17.084580,468.64
13096,2025-09-25 01:02:17.084416,470.66
13097,2025-09-25 01:22:17.092587,477.32
13098,2025-09-25 01:42:17.087644,481.14
13099,2025-09-25 02:02:17.094604,483.54
13100,2025-09-25 02:22:17.087474,489.28
13101,2025-09-25 02:42:17.099530,491.61
13102,2025-09-25 03:02:17.094584,494.25
13103,2025-09-25 03:22:17.083496,493.58
13104,2025-09-25 03:42:17.088126,496.38
13105,2025-09-25 04:02:17.084880,494.42
13106,2025-09-25 04:22:17.082000,492.51
13107,2025-09-25 04:42:16.730780,492.83
13108,2025-09-25 05:02:17.087732,496.68
13109,2025-09-25 05:22:17.083384,501.14
13110,2025-09-25 05:42:17.080138,500.92
13111,2025-09-25 06:02:17.099827,500.28
13112,2025-09-25 06:22:17.080457,504.15
13113,2025-09-25 06:42:17.093285,505.89
13114,2025-09-25 07:02:16.891017,510.08
13115,2025-09-25 07:22:17.090168,511.24
13116,2025-09-25 07:42:17.090413,515.0
13117,2025-09-25 08:02:17.086911,519.34
13118,2025-09-25 08:22:17.080269,520.8
13119,2025-09-25 08:42:17.088076,523.57
13120,2025-09-25 09:02:17.089829,521.66
13121,2025-09-25 09:22:17.082636,524.54
13122,2025-09-25 09:42:17.082071,527.46
13123,2025-09-25 10:02:17.083400,528.21
13124,2025-09-25 10:22:17.082989,527.55
13125,2025-09-25 10:42:17.083239,528.33
13126,2025-09-25 11:02:17.079221,529.72
13127,2025-09-25 11:22:17.082588,536.28
13128,2025-09-25 11:42:17.083614,540.67
13129,2025-09-25 12:02:17.085518,539.69
13130,2025-09-25 12:22:17.102239,540.48
13131,2025-09-25 12:42:17.081179,540.96
13132,2025-09-25 13:02:17.094235,544.78
13133,2025-09-25 13:22:17.082908,542.26
13134,2025-09-25 13:42:17.092958,534.79
13135,2025-09-25 14:02:17.076704,525.83
13136,2025-09-25 14:22:17.084084,518.64
13137,2025-09-25 14:42:17.091367,511.58
13138,2025-09-25 15:02:17.089371,509.26
13139,2025-09-25 15:22:17.100667,508.56
13140,2025-09-25 15:42:17.085913,508.31
13141,2025-09-25 16:02:17.081092,501.68
13142,2025-09-25 16:22:17.094973,494.49
13143,2025-09-25 16:42:17.080343,490.58
13144,2025-09-25 17:02:17.095820,484.68
13145,2025-09-25 17:22:17.096256,483.68
13146,2025-09-25 17:42:17.089424,479.68
13147,2025-09-25 18:02:17.088558,473.41
13148,2025-09-25 18:22:17.080611,466.52
13149,2025-09-25 18:42:17.085199,463.78
13150,2025-09-25 19:02:17.080803,461.12
13151,2025-09-25 19:22:17.084301,458.3
13152,2025-09-25 19:42:17.082169,457.89
13153,2025-09-25 20:02:17.089381,458.16
13154,2025-09-25 20:22:17.078391,466.04
13155,2025-09-25 20:42:17.083418,471.02
13156,2025-09-25 21:02:17.093235,479.44
13157,2025-09-25 21:22:17.078886,484.06
13158,2025-09-25 21:42:17.078106,491.57
13159,2025-09-25 22:02:16.921073,493.41
13160,2025-09-25 22:22:17.094198,499.32
13161,2025-09-25 22:42:17.084179,499.94
13162,2025-09-25 23:02:17.088153,503.63
13163,2025-09-25 23:22:17.080523,509.51
13164,2025-09-25 23:42:17.102767,513.42
13165,2025-09-26 00:02:17.078621,521.76
13166,2025-09-26 00:22:17.081240,529.3
13167,2025-09-26 00:42:17.086319,531.68
13168,2025-09-26 01:02:17.093898,533.08
13169,2025-09-26 01:22:17.085061,538.52
13170,2025-09-26 01:42:17.083156,540.62
13171,2025-09-26 02:02:17.090091,544.52
13172,2025-09-26 02:22:17.094204,548.58
13173,2025-09-26 02:42:17.096383,552.18
13174,2025-09-26 03:02:17.080206,557.91
13175,2025-09-26 03:22:17.077378,560.5
13176,2025-09-26 03:42:17.087285,563.34
13177,2025-09-26 04:02:17.082022,566.24
13178,2025-09-26 04:22:17.082954,569.9
13179,2025-09-26 04:42:17.084831,573.91
13180,2025-09-26 05:02:17.088548,574.6
13181,2025-09-26 05:22:17.079705,575.41
13182,2025-09-26 05:42:17.080919,577.76
13183,2025-09-26 06:02:16.723833,582.76
13184,2025-09-26 06:22:17.085982,585.06
13185,2025-09-26 06:42:17.080602,589.0
13186,2025-09-26 07:02:17.078575,590.75
13187,2025-09-26 07:22:17.075990,592.73
13188,2025-09-26 07:42:17.082481,594.16
13189,2025-09-26 08:02:17.091969,596.48
13190,2025-09-26 08:22:17.083842,599.18
13191,2025-09-26 08:42:17.098841,599.04
13192,2025-09-26 09:02:17.084825,600.9
13193,2025-09-26 09:22:17.080350,601.6
13194,2025-09-26 09:42:17.089120,602.3
13195,2025-09-26 10:02:17.088702,604.66
13196,2025-09-26 10:42:16.781719,606.46
13197,2025-09-26 11:02:17.096373,610.27
13198,2025-09-26 11:22:17.082550,610.7
13199,2025-09-26 11:42:17.094733,611.84
13200,2025-09-26 12:02:17.085014,614.2
13201,2025-09-26 12:22:17.083812,614.82
13202,2025-09-26 12:42:17.079894,613.94
13203,2025-09-26 13:02:17.080120,613.49
13204,2025-09-26 13:22:17.083552,614.54
13205,2025-09-26 13:42:17.080047,616.1
13206,2025-09-26 14:02:17.083550,610.98
13207,2025-09-26 14:22:17.089341,606.5
13208,2025-09-26 14:42:17.087660,604.06
13209,2025-09-26 15:02:17.089518,598.37
13210,2025-09-26 15:22:16.789776,596.12
13211,2025-09-26 15:42:17.089921,590.14
13212,2025-09-26 16:02:17.076982,582.96
13213,2025-09-26 16:22:17.081799,580.3
13214,2025-09-26 16:42:17.084091,582.35
13215,2025-09-26 17:02:17.094293,579.42
13216,2025-09-26 17:22:17.083678,580.2
13217,2025-09-26 17:42:17.083452,581.58
13218,2025-09-26 18:02:17.095461,580.59
13219,2025-09-26 18:22:17.084067,584.19
13220,2025-09-26 18:42:17.091159,582.57
13221,2025-09-26 19:02:17.084977,582.5
13222,2025-09-26 19:22:17.081058,583.36
13223,2025-09-26 19:42:17.082131,582.1
13224,2025-09-26 20:02:16.791583,582.24
13225,2025-09-26 20:22:17.090222,577.84
13226,2025-09-26 20:42:17.094883,579.37
13227,2025-09-26 21:02:17.083150,576.48
13228,2025-09-26 21:22:17.091322,579.16
13229,2025-09-26 21:42:17.081917,582.24
13230,2025-09-26 22:02:17.074860,583.15
13231,2025-09-26 22:22:17.074100,585.55
13232,2025-09-26 22:42:17.142961,589.48
13233,2025-09-26 23:02:17.085814,592.1
13234,2025-09-26 23:22:17.092584,591.5
13235,2025-09-26 23:42:17.080647,596.57
13236,2025-09-27 00:02:17.102843,598.2
13237,2025-09-27 00:22:17.090708,603.04
13238,2025-09-27 00:42:16.862366,608.19
13239,2025-09-27 01:02:17.135364,606.38
13240,2025-09-27 01:22:17.076161,607.6
13241,2025-09-27 01:42:17.087799,608.39
13242,2025-09-27 02:02:17.105127,607.92
13243,2025-09-27 02:22:17.090759,609.81
13244,2025-09-27 02:42:17.162469,609.86
13245,2025-09-27 03:02:17.141348,611.32
13246,2025-09-27 03:22:17.095125,613.6
13247,2025-09-27 03:42:17.161278,614.52
13248,2025-09-27 04:02:17.093541,619.25
13249,2025-09-27 04:22:17.330435,619.8
13250,2025-09-27 04:42:17.085081,621.02
13251,2025-09-27 05:02:17.083544,623.7
13252,2025-09-27 05:22:17.086053,624.24
13253,2025-09-27 05:42:17.086512,625.94
13254,2025-09-27 06:02:17.096009,628.68
13255,2025-09-27 06:22:17.979382,628.28
13256,2025-09-27 06:42:17.078743,631.1
13257,2025-09-27 07:02:17.080084,631.96
13258,2025-09-27 07:22:17.084535,631.8
13259,2025-09-27 07:42:17.090197,635.8
13260,2025-09-27 08:02:17.079275,636.45
13261,2025-09-27 08:22:17.079335,637.24
13262,2025-09-27 08:42:16.804068,637.56
13263,2025-09-27 09:02:17.079012,641.34
13264,2025-09-27 09:22:17.080647,642.04
13265,2025-09-27 09:42:17.120742,643.45
13266,2025-09-27 10:02:17.087530,644.98
13267,2025-09-27 10:22:17.089435,644.48
13268,2025-09-27 10:42:17.103699,648.24
13269,2025-09-27 11:02:17.081649,646.7
13270,2025-09-27 11:22:17.094655,648.25
13271,2025-09-27 11:42:17.087064,650.07
13272,2025-09-27 12:02:17.101071,649.84
13273,2025-09-27 12:22:17.106938,651.06
13274,2025-09-27 12:42:17.090183,651.98
13275,2025-09-27 13:02:17.078462,652.89
13276,2025-09-27 13:22:17.088836,653.34
13277,2025-09-27 13:42:17.085962,654.37
13278,2025-09-27 14:02:17.081422,655.12
13279,2025-09-27 14:22:17.091382,655.22
13280,2025-09-27 14:42:17.080795,656.64
13281,2025-09-27 15:02:17.084476,656.93
13282,2025-09-27 15:22:17.094806,656.53
13283,2025-09-27 15:42:17.468542,655.84
13284,2025-09-27 16:02:17.082022,658.48
13285,2025-09-27 16:22:17.082749,658.1
13286,2025-09-27 16:42:17.079195,657.04
13287,2025-09-27 17:02:17.076151,656.74
13288,2025-09-27 17:22:17.087348,657.5
13289,2025-09-27 17:42:17.085625,656.58
13290,2025-09-27 18:02:17.093539,655.82
13291,2025-09-27 18:22:17.102054,657.6
13292,2025-09-27 18:42:17.091248,658.71
13293,2025-09-27 19:02:16.733968,658.76
13294,2025-09-27 19:22:17.085124,658.55
13295,2025-09-27 19:42:17.086501,656.44
13296,2025-09-27 20:02:17.085739,653.74
13297,2025-09-27 20:22:17.087834,653.26
13298,2025-09-27 20:42:17.109259,654.11
13299,2025-09-27 21:02:17.080978,652.68
13300,2025-09-27 21:22:17.079490,655.16
13301,2025-09-27 21:42:17.090572,655.38
13302,2025-09-27 22:02:17.082659,655.52
13303,2025-09-27 22:22:17.094362,652.54
13304,2025-09-27 22:42:17.083534,655.64
13305,2025-09-27 23:02:17.081338,655.89
13306,2025-09-27 23:22:17.098283,657.3
13307,2025-09-27 23:42:17.019854,659.5
13308,2025-09-28 00:02:17.099096,659.46
13309,2025-09-28 00:22:17.100707,660.29
13310,2025-09-28 00:42:17.094327,663.98
13311,2025-09-28 01:02:17.078381,663.03
13312,2025-09-28 01:22:17.081463,664.8
13313,2025-09-28 01:42:17.085503,663.46
13314,2025-09-28 02:02:17.090791,663.22
13315,2025-09-28 02:22:16.692211,663.28
13316,2025-09-28 02:42:17.741666,662.6
13317,2025-09-28 03:02:16.691105,664.38
13318,2025-09-28 03:22:16.701711,665.71
13319,2025-09-28 03:42:16.689083,665.82
13320,2025-09-28 04:02:16.701210,666.86
13321,2025-09-28 04:22:17.087985,666.3
13322,2025-09-28 04:42:17.103948,667.88
13323,2025-09-28 05:02:17.088910,668.22
13324,2025-09-28 05:22:17.090686,668.9
13325,2025-09-28 05:42:17.080418,670.02
13326,2025-09-28 06:02:17.090725,669.84
13327,2025-09-28 06:22:17.174745,671.97
13328,2025-09-28 06:42:17.085298,672.12
13329,2025-09-28 07:02:17.101025,671.0
13330,2025-09-28 07:22:17.085142,671.8
13331,2025-09-28 07:42:17.077783,671.94
13332,2025-09-28 08:02:17.108033,673.44
13333,2025-09-28 08:22:17.094369,671.89
13334,2025-09-28 09:02:17.085350,675.08
13335,2025-09-28 09:22:17.085251,673.24
13336,2025-09-28 09:42:17.087926,675.48
13337,2025-09-28 10:02:17.088620,676.92
13338,2025-09-28 10:22:17.080598,676.93
13339,2025-09-28 10:42:17.090952,676.26
13340,2025-09-28 11:02:17.085494,677.78
13341,2025-09-28 11:22:17.112946,677.1
13342,2025-09-28 11:42:17.085531,677.94
13343,2025-09-28 12:02:17.099155,678.23
13344,2025-09-28 12:22:17.103971,679.54
13345,2025-09-28 12:42:17.099202,678.26
13346,2025-09-28 13:02:17.083261,679.58
13347,2025-09-28 13:22:17.097000,679.9
13348,2025-09-28 13:42:17.083459,678.63
13349,2025-09-28 14:02:17.099081,677.74
13350,2025-09-28 14:22:17.085898,675.5
13351,2025-09-28 14:42:17.088406,675.18
13352,2025-09-28 15:02:17.080843,675.14
13353,2025-09-28 15:22:17.077833,673.86
13354,2025-09-28 15:42:17.341339,671.99
13355,2025-09-28 16:02:17.086165,670.05
13356,2025-09-28 16:22:17.085999,666.94
13357,2025-09-28 16:42:17.100163,664.62
13358,2025-09-28 17:02:17.107365,663.4
13359,2025-09-28 17:22:17.083380,661.93
13360,2025-09-28 17:42:17.092262,656.62
13361,2025-09-28 18:02:16.741036,652.61
13362,2025-09-28 18:22:17.087591,650.84
13363,2025-09-28 18:42:17.082744,651.56
13364,2025-09-28 19:02:17.089794,647.5
13365,2025-09-28 19:22:17.082668,647.61
13366,2025-09-28 19:42:17.090464,649.09
13367,2025-09-28 20:02:17.083742,647.4
13368,2025-09-28 20:22:17.083084,649.02
13369,2025-09-28 20:42:17.085195,650.48
13370,2025-09-28 21:02:17.094098,653.48
13371,2025-09-28 21:22:17.080290,656.37
13372,2025-09-28 21:42:17.101430,662.58
13373,2025-09-28 22:02:17.113536,664.42
13374,2025-09-28 22:22:17.085265,667.82
13375,2025-09-28 22:42:16.832037,670.04
13376,2025-09-28 23:02:17.084148,671.85
13377,2025-09-28 23:22:17.080061,672.04
13378,2025-09-28 23:42:17.109951,672.74
13379,2025-09-29 00:02:17.090947,675.62
13380,2025-09-29 00:22:17.085390,676.5
13381,2025-09-29 00:42:17.080164,677.42
13382,2025-09-29 01:02:17.097457,680.9
13383,2025-09-29 01:22:17.188989,681.03
13384,2025-09-29 01:42:17.085113,681.08
13385,2025-09-29 02:02:17.081351,682.3
13386,2025-09-29 02:22:17.109851,685.66
13387,2025-09-29 02:42:17.077479,685.81
13388,2025-09-29 03:02:17.081205,682.96
13389,2025-09-29 03:22:16.697832,683.33
13390,2025-09-29 03:42:17.096869,681.94
13391,2025-09-29 04:02:17.084686,683.92
13392,2025-09-29 04:22:17.082902,684.18
13393,2025-09-29 04:42:17.089003,683.37
13394,2025-09-29 05:02:17.083485,680.48
13395,2025-09-29 05:22:17.084259,681.51
13396,2025-09-29 05:42:17.288268,682.7
13397,2025-09-29 06:02:17.090851,681.52
13398,2025-09-29 06:22:17.083640,680.5
13399,2025-09-29 06:42:17.089343,682.17
13400,2025-09-29 07:02:17.087601,681.77
13401,2025-09-29 07:22:17.085898,680.24
13402,2025-09-29 07:42:17.096056,684.98
13403,2025-09-29 08:02:17.047022,684.56
13404,2025-09-29 08:22:17.070719,684.38
13405,2025-09-29 08:42:17.083638,683.55
13406,2025-09-29 09:02:17.097858,684.09
13407,2025-09-29 09:22:17.092362,685.14
13408,2025-09-29 09:42:17.231867,684.82
13409,2025-09-29 10:02:17.085480,686.42
13410,2025-09-29 10:22:17.091678,686.56
13411,2025-09-29 10:42:17.096009,686.69
13412,2025-09-29 11:02:17.085045,684.78
13413,2025-09-29 11:22:17.114045,685.92
13414,2025-09-29 11:42:17.076059,686.66
13415,2025-09-29 12:02:17.084758,686.3
13416,2025-09-29 12:22:17.098036,686.66
13417,2025-09-29 12:42:17.086550,685.05
13418,2025-09-29 13:02:17.081484,685.8
13419,2025-09-29 13:22:17.101437,682.96
13420,2025-09-29 13:42:17.088460,686.6
13421,2025-09-29 14:02:17.101437,684.3
13422,2025-09-29 14:22:17.102206,682.86
13423,2025-09-29 14:42:17.083839,681.88
13424,2025-09-29 15:02:17.095302,681.56
13425,2025-09-29 15:22:17.091347,679.9
13426,2025-09-29 15:42:17.279062,679.13
13427,2025-09-29 16:02:17.095867,680.31
13428,2025-09-29 16:22:17.113510,677.61
13429,2025-09-29 16:42:17.088419,679.31
13430,2025-09-29 17:02:17.083764,680.16
13431,2025-09-29 17:22:17.103190,678.88
13432,2025-09-29 17:42:17.086771,683.32
13433,2025-09-29 18:02:17.086018,680.13
13434,2025-09-29 18:22:17.088383,679.68
13435,2025-09-29 18:42:17.275001,678.68
13436,2025-09-29 19:02:17.101306,682.48
13437,2025-09-29 19:22:17.072858,679.82
13438,2025-09-29 19:42:17.116650,680.57
13439,2025-09-29 20:02:17.078701,681.26
13440,2025-09-29 20:22:17.082363,678.84
13441,2025-09-29 20:42:17.086066,680.54
13442,2025-09-29 21:02:17.101112,679.68
13443,2025-09-29 21:22:17.104074,682.94
13444,2025-09-29 21:42:17.079925,680.96
13445,2025-09-29 22:02:17.081384,679.0
13446,2025-09-29 22:22:17.086784,677.9
13447,2025-09-29 22:42:17.076975,677.68
13448,2025-09-29 23:02:17.079071,680.98
13449,2025-09-29 23:22:17.085213,680.54
13450,2025-09-29 23:42:17.079806,679.01
13451,2025-09-30 00:02:17.081686,683.14
13452,2025-09-30 00:22:17.083316,684.14
13453,2025-09-30 00:42:17.086307,685.78
13454,2025-09-30 01:02:17.084079,683.92
13455,2025-09-30 01:22:17.083611,686.27
13456,2025-09-30 01:42:17.092141,686.35
13457,2025-09-30 02:02:17.092791,686.97
13458,2025-09-30 02:22:17.096266,688.78
13459,2025-09-30 02:42:17.102144,683.84
13460,2025-09-30 03:02:17.131996,686.28
13461,2025-09-30 03:22:17.111213,687.16
13462,2025-09-30 03:42:17.118964,684.49
13463,2025-09-30 04:02:17.094279,684.62
13464,2025-09-30 04:22:17.087438,682.26
13465,2025-09-30 04:42:17.105307,682.38
13466,2025-09-30 05:02:17.098165,682.37
13467,2025-09-30 05:22:17.096214,680.83
13468,2025-09-30 05:42:17.279629,684.89
13469,2025-09-30 06:02:17.129520,682.36
13470,2025-09-30 06:22:17.088318,679.36
13471,2025-09-30 06:42:17.201231,679.58
13472,2025-09-30 07:02:16.755523,679.3
13473,2025-09-30 07:22:17.124204,678.71
13474,2025-09-30 07:42:17.073360,677.96
13475,2025-09-30 08:02:17.082596,679.52
13476,2025-09-30 08:22:17.077206,678.86
13477,2025-09-30 08:42:17.108636,675.99
13478,2025-09-30 09:02:17.087773,675.67
13479,2025-09-30 09:22:17.118450,675.98
13480,2025-09-30 09:42:17.086460,679.04
13481,2025-09-30 10:02:17.079079,678.92
13482,2025-09-30 10:22:17.079384,679.94
13483,2025-09-30 10:42:17.086481,681.41
13484,2025-09-30 11:02:17.097907,678.98
13485,2025-09-30 11:22:17.083182,683.36
13486,2025-09-30 11:42:17.089116,681.18
13487,2025-09-30 12:02:17.097054,683.6
13488,2025-09-30 12:22:17.302326,685.91
13489,2025-09-30 12:42:17.088363,687.02
13490,2025-09-30 13:02:17.088877,685.52
13491,2025-09-30 13:22:17.075663,684.44
13492,2025-09-30 13:42:17.080564,680.52
13493,2025-09-30 14:02:17.090310,675.6
13494,2025-09-30 14:22:17.112803,669.93
13495,2025-09-30 14:42:17.082485,664.19
13496,2025-09-30 15:02:17.082538,652.68
13497,2025-09-30 15:22:17.083892,647.86
13498,2025-09-30 15:42:17.082055,639.84
13499,2025-09-30 16:02:17.120718,634.52
13500,2025-09-30 16:22:17.087918,628.04
13501,2025-09-30 16:42:17.082399,623.19
13502,2025-09-30 17:02:17.086943,611.59
13503,2025-09-30 17:22:17.088756,605.4
13504,2025-09-30 17:42:17.086647,599.3
13505,2025-09-30 18:02:17.086452,599.5
13506,2025-09-30 18:22:17.083807,593.93
13507,2025-09-30 18:42:17.253184,590.15
13508,2025-09-30 19:02:17.190495,585.4
13509,2025-09-30 19:22:17.093620,577.48
13510,2025-09-30 19:42:16.906036,571.92
13511,2025-09-30 20:02:17.078177,569.75
13512,2025-09-30 20:22:17.089363,568.98
13513,2025-09-30 20:42:17.090718,568.81
13514,2025-09-30 21:02:17.090045,567.72
13515,2025-09-30 21:22:17.079857,564.8
13516,2025-09-30 21:42:17.079425,567.14
13517,2025-09-30 22:02:17.086503,574.52
13518,2025-09-30 22:22:17.079945,579.33
13519,2025-09-30 22:42:17.082310,586.76
13520,2025-09-30 23:02:17.085864,590.5
13521,2025-09-30 23:22:17.085478,593.62
13522,2025-09-30 23:42:17.104687,597.7
13523,2025-10-01 00:02:17.286308,599.99
13524,2025-10-01 00:22:17.083989,600.69
13525,2025-10-01 00:42:17.095951,603.54
13526,2025-10-01 01:02:17.079794,607.52
13527,2025-10-01 01:22:17.084597,610.48
13528,2025-10-01 01:42:17.083210,608.5
13529,2025-10-01 02:02:17.097370,614.49
13530,2025-10-01 02:22:17.080002,619.74
13531,2025-10-01 02:42:17.151362,626.2
13532,2025-10-01 03:02:17.092928,629.22
13533,2025-10-01 03:22:17.103052,632.94
13534,2025-10-01 03:42:17.090242,635.67
13535,2025-10-01 04:02:17.075784,635.12
13536,2025-10-01 04:22:17.097759,637.81
13537,2025-10-01 04:42:17.083210,638.42
13538,2025-10-01 05:02:17.178786,641.84
13539,2025-10-01 05:22:17.110569,644.49
13540,2025-10-01 05:42:17.083805,646.52
13541,2025-10-01 06:02:17.093667,650.87
13542,2025-10-01 06:22:17.087932,651.98
13543,2025-10-01 06:42:17.072456,652.0
13544,2025-10-01 07:02:17.094818,652.1
13545,2025-10-01 07:22:17.103349,651.21
13546,2025-10-01 07:42:17.079975,650.84
13547,2025-10-01 08:02:17.115058,652.23
13548,2025-10-01 08:22:17.087347,654.82
13549,2025-10-01 08:42:17.105887,654.8
13550,2025-10-01 09:22:17.093969,658.53
13551,2025-10-01 09:42:17.111165,659.12
13552,2025-10-01 10:02:17.080997,661.3
13553,2025-10-01 10:22:17.113573,658.28
13554,2025-10-01 10:42:16.908078,660.82
13555,2025-10-01 11:02:17.078550,661.61
13556,2025-10-01 11:22:17.076026,662.24
13557,2025-10-01 11:42:17.087819,663.09
13558,2025-10-01 12:02:17.082233,661.58
13559,2025-10-01 12:22:17.079244,661.0
13560,2025-10-01 12:42:17.084789,662.3
13561,2025-10-01 13:02:16.983941,661.78
13562,2025-10-01 13:22:17.085956,659.49
13563,2025-10-01 13:42:17.076360,654.93
13564,2025-10-01 14:02:17.075889,650.18
13565,2025-10-01 14:22:17.089612,637.96
13566,2025-10-01 14:42:17.096029,630.72
13567,2025-10-01 15:02:17.081238,621.16
13568,2025-10-01 15:22:17.054003,614.08
13569,2025-10-01 15:42:17.107404,603.04
13570,2025-10-01 16:02:17.077863,592.44
13571,2025-10-01 16:22:17.100109,582.3
13572,2025-10-01 16:42:17.098381,580.14
13573,2025-10-01 17:02:17.094454,576.81
13574,2025-10-01 17:22:17.084295,577.05
13575,2025-10-01 17:42:17.096562,573.98
13576,2025-10-01 18:02:17.080286,571.12
13577,2025-10-01 18:22:17.094713,563.92
13578,2025-10-01 18:42:17.084217,559.82
13579,2025-10-01 19:02:17.079244,553.57
13580,2025-10-01 19:22:17.080252,548.12
13581,2025-10-01 19:42:17.079210,547.64
13582,2025-10-01 20:02:17.094799,541.52
13583,2025-10-01 20:22:17.083373,543.86
13584,2025-10-01 20:42:17.089287,549.89
13585,2025-10-01 21:02:17.078956,555.65
13586,2025-10-01 21:22:17.073744,556.96
13587,2025-10-01 21:42:17.077320,559.04
13588,2025-10-01 22:02:17.075891,561.58
13589,2025-10-01 22:22:17.082846,562.52
13590,2025-10-01 22:42:17.081505,564.42
13591,2025-10-01 23:02:17.082548,563.01
13592,2025-10-01 23:22:17.095677,567.44
13593,2025-10-01 23:42:17.085383,570.08
13594,2025-10-02 00:22:17.083571,568.25
13595,2025-10-02 00:42:17.082992,565.58
13596,2025-10-02 01:02:17.089407,563.52
13597,2025-10-02 01:22:17.090110,566.52
13598,2025-10-02 01:42:17.085238,565.78
13599,2025-10-02 02:02:17.084607,571.7
13600,2025-10-02 02:22:17.081772,570.99
13601,2025-10-02 02:42:17.087306,576.01
13602,2025-10-02 03:02:17.099646,575.56
13603,2025-10-02 03:22:17.086423,583.46
13604,2025-10-02 03:42:17.086158,586.42
13605,2025-10-02 04:02:17.082051,590.48
13606,2025-10-02 04:22:17.090443,597.17
13607,2025-10-02 04:42:17.094171,600.24
13608,2025-10-02 05:02:17.084333,603.56
13609,2025-10-02 05:22:17.086895,604.12
13610,2025-10-02 05:42:17.085940,608.29
13611,2025-10-02 06:02:17.086015,611.31
13612,2025-10-02 06:22:17.078968,614.18
13613,2025-10-02 06:42:17.084553,617.06
13614,2025-10-02 07:02:17.077948,620.84
13615,2025-10-02 07:22:17.079658,621.02
13616,2025-10-02 07:42:17.083049,625.3
13617,2025-10-02 08:02:17.086742,626.64
13618,2025-10-02 08:22:17.079652,628.0
13619,2025-10-02 08:42:17.084131,630.2
13620,2025-10-02 09:02:17.081634,634.2
13621,2025-10-02 09:22:17.079247,632.98
13622,2025-10-02 09:42:17.084613,635.86
13623,2025-10-02 10:02:17.087568,636.59
13624,2025-10-02 10:22:17.082490,641.4
13625,2025-10-02 10:42:17.080677,643.34
13626,2025-10-02 11:02:17.077383,645.56
13627,2025-10-02 11:22:17.084072,648.02
13628,2025-10-02 11:42:17.081424,647.96
13629,2025-10-02 12:02:17.081178,647.48
13630,2025-10-02 12:22:17.096955,647.98
13631,2025-10-02 12:42:17.090207,651.72
13632,2025-10-02 13:02:17.085681,650.78
13633,2025-10-02 13:22:17.079990,651.57
13634,2025-10-02 13:42:17.097100,649.16
13635,2025-10-02 14:02:17.080682,644.04
13636,2025-10-02 14:22:17.082053,638.94
13637,2025-10-02 14:42:17.082474,631.7
13638,2025-10-02 15:02:17.086316,624.94
13639,2025-10-02 15:22:17.081247,619.13
13640,2025-10-02 15:42:17.083509,612.08
13641,2025-10-02 16:02:17.082807,610.2
13642,2025-10-02 16:22:17.076260,605.58
13643,2025-10-02 16:42:17.091057,601.56
13644,2025-10-02 17:02:17.086651,605.79
13645,2025-10-02 17:22:17.084746,604.32
13646,2025-10-02 17:42:17.081251,607.66
13647,2025-10-02 18:02:17.082603,602.22
13648,2025-10-02 18:22:17.083355,598.42
13649,2025-10-02 18:42:17.083714,593.06
13650,2025-10-02 19:02:17.091384,586.65
13651,2025-10-02 19:22:17.093975,582.81
13652,2025-10-02 19:42:17.086899,579.58
13653,2025-10-02 20:02:17.078871,580.04
13654,2025-10-02 20:22:17.083221,578.98
13655,2025-10-02 20:42:17.078706,580.02
13656,2025-10-02 21:02:17.082937,581.57
13657,2025-10-02 21:22:17.085398,585.48
13658,2025-10-02 21:42:17.101318,590.96
13659,2025-10-02 22:02:17.088431,592.4
13660,2025-10-02 22:22:17.083803,596.24
13661,2025-10-02 22:42:17.081894,600.43
13662,2025-10-02 23:02:17.080505,606.24
13663,2025-10-02 23:22:17.080739,611.1
13664,2025-10-02 23:42:16.661674,617.6
13665,2025-10-03 00:02:17.083677,617.48
13666,2025-10-03 00:22:17.073887,621.54
13667,2025-10-03 00:42:17.082922,624.71
13668,2025-10-03 01:02:17.084803,628.62
13669,2025-10-03 01:22:17.080590,630.42
13670,2025-10-03 01:42:17.083415,634.52
13671,2025-10-03 02:02:17.087653,634.62
13672,2025-10-03 02:22:16.689305,633.54
13673,2025-10-03 03:22:16.943375,634.98
13674,2025-10-03 03:42:16.938036,638.16
13675,2025-10-03 04:02:17.082118,640.6
13676,2025-10-03 04:42:17.102368,640.85
13677,2025-10-03 05:02:17.080215,638.47
13678,2025-10-03 05:22:17.100608,636.88
13679,2025-10-03 05:42:17.078834,634.8
13680,2025-10-03 06:02:17.081815,633.5
13681,2025-10-03 06:22:17.086150,634.1
13682,2025-10-03 06:42:17.070720,634.11
13683,2025-10-03 07:02:17.083885,634.07
13684,2025-10-03 07:22:17.083117,632.12
13685,2025-10-03 07:42:17.088817,637.18
13686,2025-10-03 08:02:17.082418,639.21
13687,2025-10-03 08:22:17.091234,639.57
13688,2025-10-03 08:42:17.080763,644.83
13689,2025-10-03 09:02:17.084126,646.44
13690,2025-10-03 09:22:17.081829,649.44
13691,2025-10-03 09:42:17.084770,651.2
13692,2025-10-03 10:02:17.095552,652.27
13693,2025-10-03 10:22:17.080162,652.99
13694,2025-10-03 10:42:17.090744,655.14
13695,2025-10-03 11:02:17.093441,657.12
13696,2025-10-03 11:22:17.084915,655.6
13697,2025-10-03 11:42:17.082535,654.1
13698,2025-10-03 12:02:17.084445,651.14
13699,2025-10-03 12:22:17.072373,653.53
13700,2025-10-03 12:42:17.083787,652.48
13701,2025-10-03 13:02:17.088814,651.66
13702,2025-10-03 13:22:17.084741,647.52
13703,2025-10-03 13:42:17.088542,645.88
13704,2025-10-03 14:02:17.095455,639.47
13705,2025-10-03 14:22:17.080642,633.56
13706,2025-10-03 14:42:17.087358,629.76
13707,2025-10-03 15:02:17.094436,628.28
13708,2025-10-03 15:22:17.082984,620.26
13709,2025-10-03 15:42:17.081765,619.76
13710,2025-10-03 16:02:17.084439,619.92
13711,2025-10-03 16:22:17.075165,619.39
13712,2025-10-03 16:42:17.083050,617.28
13713,2025-10-03 17:02:17.077122,618.8
13714,2025-10-03 17:22:17.103821,617.58
13715,2025-10-03 17:42:17.089441,620.16
13716,2025-10-03 18:02:17.077714,622.21
13717,2025-10-03 18:22:17.088558,624.88
13718,2025-10-03 18:42:17.075784,629.2
13719,2025-10-03 19:02:17.089042,629.46
13720,2025-10-03 19:22:17.083513,634.19
13721,2025-10-03 19:42:17.088228,634.42
13722,2025-10-03 20:02:17.087074,636.57
13723,2025-10-03 20:22:17.133665,633.7
13724,2025-10-03 20:42:17.085056,634.5
13725,2025-10-03 21:02:17.079902,637.9
13726,2025-10-03 21:22:17.082246,640.25
13727,2025-10-03 21:42:17.080652,643.47
13728,2025-10-03 22:02:17.094580,647.16
13729,2025-10-03 22:22:17.073207,648.86
13730,2025-10-03 22:42:17.079156,651.1
13731,2025-10-03 23:02:17.084367,652.17
13732,2025-10-03 23:22:17.084353,656.52
13733,2025-10-03 23:42:17.083108,657.94
13734,2025-10-04 00:02:17.077849,659.98
13735,2025-10-04 00:22:17.093730,659.82
13736,2025-10-04 00:42:17.076832,662.36
13737,2025-10-04 01:02:17.096351,663.18
13738,2025-10-04 01:22:17.083550,663.92
13739,2025-10-04 01:42:17.083140,667.18
13740,2025-10-04 02:02:17.079840,668.52
13741,2025-10-04 02:22:17.088009,668.66
13742,2025-10-04 03:02:17.080419,670.89
13743,2025-10-04 03:22:17.074309,675.61
13744,2025-10-04 03:42:17.099213,676.66
13745,2025-10-04 04:02:17.083136,676.1
13746,2025-10-04 04:22:17.091584,676.18
13747,2025-10-04 04:42:17.081004,676.72
13748,2025-10-04 05:02:17.070517,679.54
13749,2025-10-04 05:22:17.083358,679.17
13750,2025-10-04 05:42:17.082191,678.66
13751,2025-10-04 06:02:17.082779,680.26
13752,2025-10-04 06:22:17.083610,680.4
13753,2025-10-04 06:42:17.083296,680.47
13754,2025-10-04 07:02:17.076069,683.82
13755,2025-10-04 07:22:17.082362,685.9
13756,2025-10-04 07:42:17.074701,687.28
13757,2025-10-04 08:02:17.083410,684.54
13758,2025-10-04 08:22:17.087571,688.89
13759,2025-10-04 08:42:17.082795,687.02
13760,2025-10-04 09:02:17.080315,688.93
13761,2025-10-04 09:22:17.111517,689.82
13762,2025-10-04 09:42:17.166426,691.9
13763,2025-10-04 10:02:17.080577,694.9
13764,2025-10-04 10:22:17.117789,695.75
13765,2025-10-04 10:42:17.084498,695.87
13766,2025-10-04 11:02:17.114767,699.1
13767,2025-10-04 11:22:17.112080,701.6
13768,2025-10-04 11:42:17.091963,701.16
13769,2025-10-04 12:02:17.081433,702.78
13770,2025-10-04 12:22:17.092574,703.78
13771,2025-10-04 12:42:17.101013,706.47
13772,2025-10-04 13:02:17.085022,709.74
13773,2025-10-04 13:22:16.941853,713.16
13774,2025-10-04 13:42:16.696001,715.32
13775,2025-10-04 14:02:16.691347,717.42
13776,2025-10-04 14:22:16.691566,716.83
13777,2025-10-04 14:42:16.688469,718.55
13778,2025-10-04 15:02:16.702471,718.88
13779,2025-10-04 15:22:17.082319,719.82
13780,2025-10-04 15:42:17.103005,716.64
13781,2025-10-04 16:02:17.083767,717.94
13782,2025-10-04 16:22:17.086927,716.28
13783,2025-10-04 16:42:17.089009,715.42
13784,2025-10-04 17:02:17.090733,716.2
13785,2025-10-04 17:22:16.865058,714.12
13786,2025-10-04 17:42:17.089791,712.48
13787,2025-10-04 18:02:17.088879,712.63
13788,2025-10-04 18:22:17.075216,713.08
13789,2025-10-04 18:42:17.075542,711.3
13790,2025-10-04 19:02:17.080544,712.3
13791,2025-10-04 19:22:17.084865,709.66
13792,2025-10-04 19:42:17.073732,711.6
13793,2025-10-04 20:02:17.083745,711.27
13794,2025-10-04 20:22:17.080736,711.02
13795,2025-10-04 20:42:17.085402,712.22
13796,2025-10-04 21:02:17.088484,709.94
13797,2025-10-04 21:22:17.086912,708.55
13798,2025-10-04 21:42:17.087072,708.69
13799,2025-10-04 22:02:16.948574,710.68
13800,2025-10-04 22:22:17.082336,709.78
13801,2025-10-04 22:42:17.079874,708.0
13802,2025-10-04 23:02:17.082410,711.86
13803,2025-10-04 23:22:17.084008,710.75
13804,2025-10-04 23:42:17.082565,707.92
13805,2025-10-05 00:02:17.074572,709.94
13806,2025-10-05 00:22:17.075945,709.28
13807,2025-10-05 00:42:17.077073,708.04
13808,2025-10-05 01:02:17.082728,709.88
13809,2025-10-05 01:22:17.081673,710.28
13810,2025-10-05 01:42:17.082763,710.26
13811,2025-10-05 02:02:17.082993,708.58
13812,2025-10-05 02:22:17.083431,708.94
13813,2025-10-05 02:42:17.082336,707.44
13814,2025-10-05 03:02:17.077574,708.36
13815,2025-10-05 03:22:17.080106,708.75
13816,2025-10-05 03:42:17.093420,707.52
13817,2025-10-05 04:02:17.093364,705.22
13818,2025-10-05 04:22:17.081354,707.22
13819,2025-10-05 04:42:17.083248,708.6
13820,2025-10-05 05:02:17.095012,706.99
13821,2025-10-05 05:22:17.093472,706.87
13822,2025-10-05 05:42:17.079890,705.48
13823,2025-10-05 06:02:17.088655,703.16
13824,2025-10-05 06:22:17.090354,704.74
13825,2025-10-05 06:42:17.077391,704.0
13826,2025-10-05 07:02:17.080441,703.7
13827,2025-10-05 07:22:17.082991,702.56
13828,2025-10-05 07:42:17.080836,701.48
13829,2025-10-05 08:02:17.099499,701.38
13830,2025-10-05 08:22:17.083285,702.16
13831,2025-10-05 08:42:17.079784,699.42
13832,2025-10-05 09:02:17.085914,700.64
13833,2025-10-05 09:22:17.082536,699.24
13834,2025-10-05 09:42:17.083175,698.8
13835,2025-10-05 10:02:17.082299,701.08
13836,2025-10-05 10:22:17.080408,701.92
13837,2025-10-05 10:42:17.084528,700.38
13838,2025-10-05 11:02:17.089415,701.26
13839,2025-10-05 11:22:17.083277,698.07
13840,2025-10-05 11:42:17.086919,700.06
13841,2025-10-05 12:02:17.082769,699.0
13842,2025-10-05 12:22:17.085845,699.29
13843,2025-10-05 12:42:17.084420,696.6
13844,2025-10-05 13:02:17.075409,698.18
13845,2025-10-05 13:22:17.082048,696.56
13846,2025-10-05 13:42:17.090279,694.34
13847,2025-10-05 14:02:17.075246,695.06
13848,2025-10-05 14:22:17.082645,694.35
13849,2025-10-05 14:42:17.079575,691.96
13850,2025-10-05 15:02:17.072961,688.55
13851,2025-10-05 15:22:17.080634,684.82
13852,2025-10-05 15:42:17.087420,679.9
13853,2025-10-05 16:22:17.083363,678.9
13854,2025-10-05 16:42:17.087891,675.57
13855,2025-10-05 17:02:17.078632,673.34
13856,2025-10-05 17:22:17.080744,671.88
13857,2025-10-05 17:42:17.087481,672.32
13858,2025-10-05 18:02:17.081029,670.33
13859,2025-10-05 18:22:17.085434,668.16
13860,2025-10-05 18:42:17.082602,668.98
13861,2025-10-05 19:02:17.093230,666.94
13862,2025-10-05 19:22:17.080769,667.0
13863,2025-10-05 19:42:17.084084,664.84
13864,2025-10-05 20:02:17.087085,667.32
13865,2025-10-05 20:22:17.082825,664.1
13866,2025-10-05 20:42:17.080979,663.68
13867,2025-10-05 21:02:16.721700,662.56
13868,2025-10-05 21:22:17.093659,665.28
13869,2025-10-05 21:42:17.084789,663.56
13870,2025-10-05 22:02:17.085376,665.32
13871,2025-10-05 22:22:17.084083,662.02
13872,2025-10-05 22:42:17.086489,662.8
13873,2025-10-05 23:02:17.083481,664.96
13874,2025-10-05 23:22:17.088975,659.44
13875,2025-10-05 23:42:17.075500,661.66
13876,2025-10-06 00:02:17.079115,660.67
13877,2025-10-06 00:22:17.085256,656.43
13878,2025-10-06 00:42:17.090210,654.52
13879,2025-10-06 01:02:17.088844,651.54
13880,2025-10-06 01:22:17.093363,648.75
13881,2025-10-06 01:42:17.087980,645.78
13882,2025-10-06 02:02:17.093123,644.74
13883,2025-10-06 02:22:17.078391,640.86
13884,2025-10-06 02:42:17.080225,639.58
13885,2025-10-06 03:02:17.083994,638.76
13886,2025-10-06 03:22:17.091211,635.85
13887,2025-10-06 03:42:17.084779,634.71
13888,2025-10-06 04:02:17.087279,636.4
13889,2025-10-06 04:22:17.086485,634.52
13890,2025-10-06 04:42:17.089044,632.5
13891,2025-10-06 05:02:17.079534,631.02
13892,2025-10-06 05:22:17.090897,629.65
13893,2025-10-06 05:42:17.077830,628.08
13894,2025-10-06 06:02:17.081003,627.64
13895,2025-10-06 06:22:17.092649,627.98
13896,2025-10-06 06:42:17.079157,626.9
13897,2025-10-06 07:02:17.083386,624.82
13898,2025-10-06 07:22:17.085224,626.48
13899,2025-10-06 07:42:17.082691,628.07
13900,2025-10-06 08:02:17.087680,628.14
13901,2025-10-06 08:22:17.085434,626.22
13902,2025-10-06 08:42:17.092957,624.14
13903,2025-10-06 09:02:17.086987,626.78
13904,2025-10-06 09:22:17.074354,622.78
13905,2025-10-06 09:42:17.090946,624.54
13906,2025-10-06 10:02:17.095844,620.98
13907,2025-10-06 10:22:17.078246,624.36
13908,2025-10-06 10:42:17.081993,623.71
13909,2025-10-06 11:02:17.081617,623.8
13910,2025-10-06 11:22:17.079531,622.83
13911,2025-10-06 11:42:17.083483,624.4
13912,2025-10-06 12:02:17.086926,625.44
13913,2025-10-06 12:22:17.082144,626.74
13914,2025-10-06 12:42:17.082982,624.77
13915,2025-10-06 13:02:17.081224,623.52
13916,2025-10-06 13:22:17.081110,622.83
13917,2025-10-06 13:42:17.079649,619.74
13918,2025-10-06 14:02:17.080965,622.24
13919,2025-10-06 14:22:17.082106,622.78
13920,2025-10-06 14:42:17.085848,621.16
13921,2025-10-06 15:02:17.087524,621.42
13922,2025-10-06 15:22:17.080003,620.62
13923,2025-10-06 15:42:17.085594,621.3
13924,2025-10-06 16:02:17.080336,618.08
13925,2025-10-06 16:22:17.085373,618.81
13926,2025-10-06 16:42:17.084232,618.8
13927,2025-10-06 17:02:17.085600,618.67
13928,2025-10-06 17:22:17.091488,619.26
13929,2025-10-06 17:42:17.083413,620.0
13930,2025-10-06 18:02:17.086339,619.94
13931,2025-10-06 18:22:17.081620,622.41
13932,2025-10-06 18:42:17.073908,619.88
13933,2025-10-06 19:02:17.084759,619.74
13934,2025-10-06 19:22:17.083341,617.98
13935,2025-10-06 19:42:17.081942,616.86
13936,2025-10-06 20:02:17.095058,615.64
13937,2025-10-06 20:22:17.096838,616.8
13938,2025-10-06 20:42:17.081692,615.43
13939,2025-10-06 21:02:17.075778,617.5
13940,2025-10-06 21:22:17.074860,616.02
13941,2025-10-06 21:42:17.082468,615.72
13942,2025-10-06 22:02:17.084226,614.1
13943,2025-10-06 22:22:17.078630,614.43
13944,2025-10-06 22:42:17.082382,614.42
13945,2025-10-06 23:02:17.073913,617.3
13946,2025-10-06 23:22:17.087469,613.4
13947,2025-10-06 23:42:17.078036,615.34
13948,2025-10-07 00:02:17.085124,613.5
13949,2025-10-07 00:22:17.083994,614.51
13950,2025-10-07 00:42:17.078047,611.66
13951,2025-10-07 01:02:17.103072,612.76
13952,2025-10-07 01:22:17.094339,611.42
13953,2025-10-07 01:42:17.081853,611.2
13954,2025-10-07 02:02:17.081180,609.29
13955,2025-10-07 02:22:17.092198,611.09
13956,2025-10-07 02:42:17.086562,608.92
13957,2025-10-07 03:02:17.085784,610.14
13958,2025-10-07 03:22:17.082847,609.57
13959,2025-10-07 03:42:17.082695,608.82
13960,2025-10-07 04:02:17.081575,608.02
13961,2025-10-07 04:22:17.084850,610.54
13962,2025-10-07 04:42:17.083373,610.54
13963,2025-10-07 05:02:17.083094,612.86
13964,2025-10-07 05:22:17.077746,612.05
13965,2025-10-07 05:42:17.083468,611.43
13966,2025-10-07 06:02:17.080317,613.76
13967,2025-10-07 06:22:17.081274,613.84
13968,2025-10-07 06:42:17.076126,614.9
13969,2025-10-07 07:02:17.082055,614.82
13970,2025-10-07 07:22:17.085039,613.01
13971,2025-10-07 07:42:17.086010,614.54
13972,2025-10-07 08:02:17.084153,615.18
13973,2025-10-07 08:22:17.078605,615.36
13974,2025-10-07 08:42:17.078595,615.08
13975,2025-10-07 09:02:17.087685,614.03
13976,2025-10-07 09:22:17.083473,614.68
13977,2025-10-07 09:42:17.085515,613.36
13978,2025-10-07 10:02:17.080814,612.02
13979,2025-10-07 10:22:17.083603,613.42
13980,2025-10-07 10:42:17.085550,614.2
13981,2025-10-07 11:02:17.084465,614.19
13982,2025-10-07 11:22:17.077681,613.64
13983,2025-10-07 11:42:17.089945,610.49
13984,2025-10-07 12:02:17.084044,614.8
13985,2025-10-07 12:22:17.081211,610.46
13986,2025-10-07 12:42:17.090884,611.58
13987,2025-10-07 13:02:17.089327,612.95
13988,2025-10-07 13:22:17.074101,611.37
13989,2025-10-07 13:42:17.081478,606.7
13990,2025-10-07 14:02:17.094772,600.16
13991,2025-10-07 14:22:17.086579,587.5
13992,2025-10-07 14:42:16.641747,574.66
13993,2025-10-07 15:02:17.083643,564.8
13994,2025-10-07 15:22:17.094359,559.57
13995,2025-10-07 15:42:17.079548,556.02
13996,2025-10-07 16:02:17.095895,554.72
13997,2025-10-07 16:22:17.077477,548.03
13998,2025-10-07 16:42:17.080385,545.07
13999,2025-10-07 17:02:17.087950,544.92
14000,2025-10-07 17:22:17.086731,546.44
14001,2025-10-07 17:42:17.087442,546.58
14002,2025-10-07 18:02:17.080743,545.86
14003,2025-10-07 18:22:17.086533,543.09
14004,2025-10-07 18:42:17.087640,545.15
14005,2025-10-07 19:02:17.098770,546.04
14006,2025-10-07 19:22:16.962966,548.38
14007,2025-10-07 19:42:17.089343,548.2
14008,2025-10-07 20:02:17.095230,548.0
14009,2025-10-07 20:22:17.080727,548.42
14010,2025-10-07 20:42:17.082578,552.95
14011,2025-10-07 21:02:17.082755,554.24
14012,2025-10-07 21:22:17.081552,554.88
14013,2025-10-07 21:42:17.068825,557.52
14014,2025-10-07 22:02:17.085268,559.16
14015,2025-10-07 22:22:17.088902,553.94
14016,2025-10-07 22:42:17.078352,552.3
14017,2025-10-07 23:02:17.094169,550.76
14018,2025-10-07 23:22:17.070471,551.26
14019,2025-10-07 23:42:17.080289,547.18
14020,2025-10-08 00:02:17.086472,549.93
14021,2025-10-08 00:22:17.082282,549.28
14022,2025-10-08 00:42:17.081246,551.72
14023,2025-10-08 01:02:17.076540,552.44
14024,2025-10-08 01:22:17.083328,553.44
14025,2025-10-08 01:42:17.088859,554.08
14026,2025-10-08 02:02:17.085899,551.3
14027,2025-10-08 02:22:17.084959,552.22
14028,2025-10-08 02:42:17.080311,552.64
14029,2025-10-08 03:02:17.077903,550.52
14030,2025-10-08 03:22:17.078223,546.92
14031,2025-10-08 03:42:17.082089,543.13
14032,2025-10-08 04:02:17.076602,542.83
14033,2025-10-08 04:22:17.082394,542.45
14034,2025-10-08 04:42:17.080850,545.18
14035,2025-10-08 05:02:17.082495,547.4
14036,2025-10-08 05:22:17.084152,552.88
14037,2025-10-08 05:42:17.077262,556.32
14038,2025-10-08 06:02:17.080907,560.77
14039,2025-10-08 06:22:17.088884,562.16
14040,2025-10-08 06:42:17.080462,564.82
14041,2025-10-08 07:02:17.078077,564.56
14042,2025-10-08 07:22:17.077803,565.79
14043,2025-10-08 07:42:17.080054,564.17
14044,2025-10-08 08:02:17.086826,563.39
14045,2025-10-08 08:22:17.098889,561.82
14046,2025-10-08 08:42:17.075753,565.22
14047,2025-10-08 09:22:17.087255,569.5
14048,2025-10-08 09:42:17.073833,568.18
14049,2025-10-08 10:02:17.080715,567.16
14050,2025-10-08 10:22:17.086910,566.58
14051,2025-10-08 10:42:17.099457,564.08
14052,2025-10-08 11:02:17.083278,565.59
14053,2025-10-08 11:22:17.084129,563.54
14054,2025-10-08 11:42:17.101702,559.86
14055,2025-10-08 12:02:17.085954,554.54
14056,2025-10-08 12:22:17.081974,550.94
14057,2025-10-08 12:42:17.094272,552.72
14058,2025-10-08 13:02:17.081974,553.02
14059,2025-10-08 13:22:17.076423,552.83
14060,2025-10-08 13:42:17.080671,552.36
14061,2025-10-08 14:02:17.088459,552.7
14062,2025-10-08 14:22:17.081737,545.92
14063,2025-10-08 14:42:17.083838,536.85
14064,2025-10-08 15:02:17.100768,529.33
14065,2025-10-08 15:22:17.096214,525.24
14066,2025-10-08 15:42:17.105539,520.28
14067,2025-10-08 16:02:17.083701,515.28
14068,2025-10-08 16:22:17.093053,509.8
14069,2025-10-08 16:42:17.076753,508.21
14070,2025-10-08 17:02:17.081353,503.07
14071,2025-10-08 17:22:17.089268,501.18
14072,2025-10-08 17:42:17.087487,498.66
14073,2025-10-08 18:02:17.086165,502.64
14074,2025-10-08 18:22:17.081845,503.12
14075,2025-10-08 18:42:17.088654,503.55
14076,2025-10-08 19:02:17.097316,500.23
14077,2025-10-08 19:22:17.083148,499.46
14078,2025-10-08 19:42:17.089282,499.82
14079,2025-10-08 20:02:17.086090,499.24
14080,2025-10-08 20:22:17.085523,499.88
14081,2025-10-08 20:42:17.081630,502.03
14082,2025-10-08 21:02:17.090333,503.7
14083,2025-10-08 21:22:17.086865,510.42
14084,2025-10-08 21:42:17.092099,515.74
14085,2025-10-08 22:02:17.078520,519.77
14086,2025-10-08 22:22:17.104615,523.17
14087,2025-10-08 22:42:17.088004,527.37
14088,2025-10-08 23:02:17.085298,531.48
14089,2025-10-08 23:22:17.086841,534.8
14090,2025-10-08 23:42:17.085559,537.44
14091,2025-10-09 00:02:17.086855,541.11
14092,2025-10-09 00:22:17.084392,545.28
14093,2025-10-09 00:42:17.080105,549.8
14094,2025-10-09 01:02:17.075469,551.94
14095,2025-10-09 01:22:17.082424,553.68
14096,2025-10-09 01:42:17.081640,556.27
14097,2025-10-09 02:02:17.080612,562.84
14098,2025-10-09 02:22:17.082422,566.48
14099,2025-10-09 02:42:17.085936,569.3
14100,2025-10-09 03:02:17.087435,568.4
14101,2025-10-09 03:22:17.080231,569.34
14102,2025-10-09 03:42:16.729069,570.76
14103,2025-10-09 04:02:17.091827,572.4
14104,2025-10-09 04:22:17.096763,574.3
14105,2025-10-09 04:42:17.084334,575.26
14106,2025-10-09 05:02:17.092506,577.1
14107,2025-10-09 05:42:17.088341,579.69
14108,2025-10-09 06:02:17.082407,579.84
14109,2025-10-09 06:22:17.087644,583.56
14110,2025-10-09 06:42:17.091743,584.76
14111,2025-10-09 07:02:17.078091,581.7
14112,2025-10-09 07:22:17.079544,582.95
14113,2025-10-09 07:42:17.084490,586.41
14114,2025-10-09 08:02:17.084791,585.27
14115,2025-10-09 08:22:16.940225,587.28
14116,2025-10-09 08:42:17.086657,585.84
14117,2025-10-09 09:02:17.077627,591.02
14118,2025-10-09 09:22:17.077109,589.4
14119,2025-10-09 09:42:17.086519,590.69
14120,2025-10-09 10:02:17.075299,592.5
14121,2025-10-09 10:22:17.079430,593.16
14122,2025-10-09 10:42:17.077314,592.66
14123,2025-10-09 11:02:17.087765,593.33
14124,2025-10-09 11:22:17.075785,595.23
14125,2025-10-09 11:42:17.080341,595.45
14126,2025-10-09 12:02:17.080725,595.1
14127,2025-10-09 12:22:17.080107,597.98
14128,2025-10-09 12:42:17.076391,597.08
14129,2025-10-09 13:02:17.086112,599.56
14130,2025-10-09 13:22:17.083623,597.48
14131,2025-10-09 13:42:17.089153,598.46
14132,2025-10-09 14:02:17.073975,599.34
14133,2025-10-09 14:22:17.088157,601.12
14134,2025-10-09 14:42:17.088826,600.65
14135,2025-10-09 15:02:17.083739,600.16
14136,2025-10-09 15:22:17.082782,599.28
14137,2025-10-09 15:42:17.081793,595.76
14138,2025-10-09 16:02:17.096343,598.2
14139,2025-10-09 16:22:17.561423,593.15
14140,2025-10-09 16:42:17.087804,593.66
14141,2025-10-09 17:02:17.086344,592.14
14142,2025-10-09 17:22:17.083828,590.76
14143,2025-10-09 17:42:17.087380,586.28
14144,2025-10-09 18:02:17.092849,587.16
14145,2025-10-09 18:22:17.094040,585.5
14146,2025-10-09 18:42:17.080469,582.43
14147,2025-10-09 19:02:17.086869,578.93
14148,2025-10-09 19:22:17.080807,578.84
14149,2025-10-09 19:42:17.082630,584.34
14150,2025-10-09 20:02:17.083997,582.58
14151,2025-10-09 20:22:17.085415,585.24
14152,2025-10-09 20:42:17.080664,586.18
14153,2025-10-09 21:02:17.090666,585.43
14154,2025-10-09 21:22:17.084845,585.3
14155,2025-10-09 21:42:17.075695,585.14
14156,2025-10-09 22:02:17.077114,586.88
14157,2025-10-09 23:42:17.085363,588.18
14158,2025-10-10 00:22:17.090207,587.73
14159,2025-10-10 00:42:17.155227,587.47
14160,2025-10-10 01:02:17.095085,589.68
14161,2025-10-10 01:22:17.071516,592.98
14162,2025-10-10 01:42:17.081881,597.96
14163,2025-10-10 02:02:17.082542,597.21
14164,2025-10-10 02:22:17.082786,598.09
14165,2025-10-10 02:42:16.664880,597.93
14166,2025-10-10 03:02:17.088370,602.22
14167,2025-10-10 03:22:17.087831,602.32
14168,2025-10-10 03:42:17.083386,604.3
14169,2025-10-10 04:02:17.083294,605.0
14170,2025-10-10 04:22:17.195324,607.09
14171,2025-10-10 04:42:17.078006,604.36
14172,2025-10-10 05:02:16.705049,606.44
14173,2025-10-10 05:22:17.098372,606.68
14174,2025-10-10 05:42:17.091966,608.3
14175,2025-10-10 06:02:17.125888,609.25
14176,2025-10-10 06:22:17.084045,610.92
14177,2025-10-10 06:42:17.081866,607.86
14178,2025-10-10 07:02:17.581331,606.14
14179,2025-10-10 07:22:16.804263,608.28
14180,2025-10-10 07:42:17.082099,610.17
14181,2025-10-10 08:02:17.100327,610.37
14182,2025-10-10 08:22:17.085309,611.3
14183,2025-10-10 08:42:17.079946,609.64
14184,2025-10-10 09:02:17.077751,612.82
14185,2025-10-10 09:22:17.076069,611.46
14186,2025-10-10 09:42:17.077706,611.36
14187,2025-10-10 10:02:17.092274,611.9
14188,2025-10-10 10:22:17.083147,612.88
14189,2025-10-10 10:42:17.083832,612.1
14190,2025-10-10 11:02:17.085158,610.94
14191,2025-10-10 11:22:17.088132,612.25
14192,2025-10-10 11:42:17.084808,614.28
14193,2025-10-10 12:02:17.101838,616.2
14194,2025-10-10 12:22:17.083461,615.5
14195,2025-10-10 12:42:17.081585,615.72
14196,2025-10-10 13:02:17.090331,617.73
14197,2025-10-10 13:22:17.081922,616.29
14198,2025-10-10 13:42:17.088625,615.29
14199,2025-10-10 14:02:17.087482,615.48
14200,2025-10-10 14:22:17.091061,618.44
14201,2025-10-10 14:42:17.084073,617.62
14202,2025-10-10 15:02:17.089377,617.28
14203,2025-10-10 15:22:17.147949,613.31
14204,2025-10-10 15:42:17.113828,613.66
14205,2025-10-10 16:02:17.110105,614.64
14206,2025-10-10 16:22:17.226100,612.02
14207,2025-10-10 16:42:17.095539,613.47
14208,2025-10-10 17:02:17.081092,611.83
14209,2025-10-10 17:22:17.080291,611.14
14210,2025-10-10 17:42:17.079902,612.24
14211,2025-10-10 18:02:17.090942,610.82
14212,2025-10-10 18:22:17.078192,610.52
14213,2025-10-10 18:42:17.090821,612.87
14214,2025-10-10 19:02:17.092649,611.13
14215,2025-10-10 19:22:17.076442,611.58
14216,2025-10-10 19:42:17.079946,616.26
14217,2025-10-10 20:02:17.083615,615.82
14218,2025-10-10 20:22:17.324564,616.2
14219,2025-10-10 20:42:17.483434,616.87
14220,2025-10-10 21:02:17.085205,617.72
14221,2025-10-10 21:22:17.087991,619.96
14222,2025-10-10 21:42:17.076566,618.6
14223,2025-10-10 22:02:17.078903,616.68
14224,2025-10-10 22:22:16.764610,617.64
14225,2025-10-10 22:42:17.077342,617.08
14226,2025-10-10 23:02:17.089821,617.1
14227,2025-10-10 23:22:17.079722,617.84
14228,2025-10-10 23:42:17.085336,618.02
14229,2025-10-11 00:02:17.071234,619.01
14230,2025-10-11 00:22:17.096649,619.57
14231,2025-10-11 00:42:17.085258,620.57
14232,2025-10-11 01:02:17.084912,621.08
14233,2025-10-11 01:22:17.089121,619.18
14234,2025-10-11 01:42:17.094208,620.92
14235,2025-10-11 02:02:17.095372,621.15
14236,2025-10-11 02:22:17.073824,623.42
14237,2025-10-11 02:42:17.082725,622.33
14238,2025-10-11 03:02:17.086223,622.18
14239,2025-10-11 03:22:17.088036,620.6
14240,2025-10-11 03:42:17.102824,622.09
14241,2025-10-11 04:02:17.072193,623.1
14242,2025-10-11 04:22:17.080607,621.12
14243,2025-10-11 04:42:17.094604,624.04
14244,2025-10-12 16:02:16.690909,537.97
14245,2025-10-12 16:22:16.949976,539.24
14246,2025-10-12 16:42:16.707314,537.86
14247,2025-10-12 17:02:16.952513,533.35
14248,2025-10-12 17:22:16.955582,534.42
14249,2025-10-12 17:42:16.941522,534.17
14250,2025-10-12 18:02:16.696017,534.46
14251,2025-10-12 18:22:16.685490,533.68
14252,2025-10-12 18:42:16.938678,532.82
14253,2025-10-12 19:02:16.697033,534.01
14254,2025-10-12 19:22:16.952600,535.23
14255,2025-10-12 19:42:16.685607,534.89
14256,2025-10-12 20:02:16.959181,533.98
14257,2025-10-12 20:22:16.702163,533.72
14258,2025-10-12 20:42:17.105805,534.13
14259,2025-10-12 21:02:17.083586,533.88
14260,2025-10-12 21:22:17.081715,532.74
14261,2025-10-12 21:42:17.086945,534.64
14262,2025-10-12 22:02:17.083623,533.38
14263,2025-10-12 22:22:17.100847,534.21
14264,2025-10-12 22:42:17.087290,534.9
14265,2025-10-12 23:02:17.090886,533.71
14266,2025-10-12 23:22:17.090333,530.38
14267,2025-10-12 23:42:17.091446,530.04
14268,2025-10-13 00:02:17.087446,529.56
14269,2025-10-13 00:22:17.070850,526.36
14270,2025-10-13 00:42:17.090894,528.46
14271,2025-10-13 01:02:17.108784,525.8
14272,2025-10-13 01:22:17.098929,526.2
14273,2025-10-13 01:42:17.088577,522.82
14274,2025-10-13 02:02:17.083939,522.87
14275,2025-10-13 02:22:17.094628,521.91
14276,2025-10-13 02:42:17.089318,521.41
14277,2025-10-13 03:02:17.113695,520.86
14278,2025-10-13 03:22:17.103979,520.76
14279,2025-10-13 03:42:17.125069,520.56
14280,2025-10-13 04:02:17.103010,519.4
14281,2025-10-13 04:22:17.079565,518.29
14282,2025-10-13 04:42:17.084591,518.35
14283,2025-10-13 05:02:17.084960,518.22
14284,2025-10-13 05:22:17.083417,515.22
14285,2025-10-13 05:42:17.078096,514.34
14286,2025-10-13 06:02:17.108088,509.67
14287,2025-10-13 06:22:17.081850,509.77
14288,2025-10-13 06:42:17.085902,509.02
14289,2025-10-13 07:02:17.096218,507.02
14290,2025-10-13 07:22:17.083621,508.4
14291,2025-10-13 07:42:17.084995,509.32
14292,2025-10-13 08:02:17.080392,509.09
14293,2025-10-13 08:22:17.083952,506.09
14294,2025-10-13 08:42:17.084958,507.54
14295,2025-10-13 09:02:17.104270,506.16
14296,2025-10-13 09:22:17.086234,503.54
14297,2025-10-13 09:42:17.090291,501.13
14298,2025-10-13 10:02:17.087287,504.97
14299,2025-10-13 10:22:17.090703,503.16
14300,2025-10-13 10:42:17.085159,505.4
14301,2025-10-13 11:02:17.097978,503.46
14302,2025-10-13 11:22:17.153036,505.71
14303,2025-10-13 11:42:17.092806,501.57
14304,2025-10-13 12:02:17.090161,502.66
14305,2025-10-13 12:22:17.092842,505.18
14306,2025-10-13 12:42:17.094434,504.4
14307,2025-10-13 13:02:17.085625,504.94
14308,2025-10-13 13:22:17.084470,505.01
14309,2025-10-13 13:42:16.761673,505.37
14310,2025-10-13 14:02:17.090197,505.77
14311,2025-10-13 14:22:17.085776,502.32
14312,2025-10-13 14:42:17.082828,502.9
14313,2025-10-13 15:02:17.083450,451.24
14314,2025-10-13 15:22:17.075053,501.45
14315,2025-10-13 15:42:17.085262,503.41
14316,2025-10-13 16:02:16.881852,502.21
14317,2025-10-13 16:22:17.084361,500.82
14318,2025-10-13 16:42:17.076969,502.54
14319,2025-10-13 17:02:17.127428,499.53
14320,2025-10-13 17:22:17.105467,498.23
14321,2025-10-13 17:42:17.073021,497.54
14322,2025-10-13 18:02:17.104310,498.08
14323,2025-10-13 18:22:17.053901,499.62
14324,2025-10-13 18:42:17.087855,499.76
14325,2025-10-13 19:02:17.086525,499.76
14326,2025-10-13 19:22:17.079757,499.88
14327,2025-10-13 19:42:17.080058,498.74
14328,2025-10-13 20:02:17.087455,497.48
14329,2025-10-13 20:22:17.100166,499.98
14330,2025-10-13 20:42:17.082689,499.11
14331,2025-10-13 21:02:17.076570,498.64
14332,2025-10-13 21:22:17.579812,498.06
14333,2025-10-13 21:42:17.081487,500.02
14334,2025-10-13 22:02:17.081819,499.2
14335,2025-10-13 22:22:17.084537,499.18
14336,2025-10-13 22:42:17.085796,499.36
14337,2025-10-13 23:02:17.083486,499.3
14338,2025-10-13 23:22:17.080821,499.82
14339,2025-10-13 23:42:17.083002,500.82
14340,2025-10-14 00:02:17.100761,499.58
14341,2025-10-14 00:22:17.095990,497.72
14342,2025-10-14 00:42:17.094803,499.06
14343,2025-10-14 01:02:17.078482,499.64
14344,2025-10-14 01:22:17.092669,500.98
14345,2025-10-14 01:42:17.081836,499.68
14346,2025-10-14 02:02:17.074849,500.72
14347,2025-10-14 02:22:17.160200,499.43
14348,2025-10-14 02:42:17.085910,498.96
14349,2025-10-14 03:02:17.086560,497.9
14350,2025-10-14 03:22:17.080165,498.94
14351,2025-10-14 03:42:17.090116,501.04
14352,2025-10-14 04:02:17.081213,500.1
14353,2025-10-14 04:22:17.078989,499.15
14354,2025-10-14 04:42:17.106923,501.39
14355,2025-10-14 05:02:17.083357,500.62
14356,2025-10-14 05:22:17.084127,499.64
14357,2025-10-14 05:42:17.075076,499.74
14358,2025-10-14 06:02:17.078564,499.38
14359,2025-10-14 06:22:17.085272,499.64
14360,2025-10-14 06:42:17.092406,499.13
14361,2025-10-14 07:02:17.080610,499.2
14362,2025-10-14 07:22:17.099043,497.26
14363,2025-10-14 07:42:17.095653,498.66
14364,2025-10-14 08:02:17.087997,500.16
14365,2025-10-14 08:22:17.097829,498.02
14366,2025-10-14 08:42:17.085801,496.92
14367,2025-10-14 09:02:17.088702,498.7
14368,2025-10-14 09:22:17.090764,498.5
14369,2025-10-14 09:42:17.087877,499.57
14370,2025-10-14 10:02:17.073905,498.83
14371,2025-10-14 10:22:17.092246,501.27
14372,2025-10-14 10:42:17.090957,498.62
14373,2025-10-14 11:02:17.084732,498.4
14374,2025-10-14 11:22:17.082460,499.12
14375,2025-10-14 11:42:17.095316,499.73
14376,2025-10-14 12:02:17.093909,499.77
14377,2025-10-14 12:22:17.979864,500.58
14378,2025-10-14 12:42:16.861752,500.2
14379,2025-10-14 13:02:17.088340,498.42
14380,2025-10-14 13:22:17.090236,500.32
14381,2025-10-14 13:42:17.092437,499.03
14382,2025-10-14 14:02:17.087539,501.77
14383,2025-10-14 14:22:17.076594,498.82
14384,2025-10-14 14:42:17.086424,498.62
14385,2025-10-14 15:02:17.070485,498.82
14386,2025-10-14 15:22:17.108211,496.61
14387,2025-10-14 15:42:17.084283,492.25
14388,2025-10-14 16:02:17.084918,491.49
14389,2025-10-14 16:22:17.085487,487.82
14390,2025-10-14 16:42:17.077244,486.4
14391,2025-10-14 17:02:17.084481,484.98
14392,2025-10-14 17:22:17.083650,478.84
14393,2025-10-14 17:42:17.088853,474.02
14394,2025-10-14 18:02:17.090809,470.1
14395,2025-10-14 18:22:17.085876,467.9
14396,2025-10-14 18:42:17.083630,465.22
14397,2025-10-14 19:02:17.084906,463.58
14398,2025-10-14 19:22:17.090797,464.14
14399,2025-10-14 19:42:17.084975,462.67
14400,2025-10-14 20:02:17.081759,461.36
14401,2025-10-14 20:22:17.087283,461.88
14402,2025-10-14 20:42:17.086827,463.42
14403,2025-10-14 21:02:17.091654,467.25
14404,2025-10-14 21:22:17.082723,471.66
14405,2025-10-14 21:42:17.084783,474.42
14406,2025-10-14 22:02:17.086524,474.74
14407,2025-10-14 22:22:17.083089,475.84
14408,2025-10-14 22:42:17.092163,475.28
14409,2025-10-14 23:02:17.086725,479.78
14410,2025-10-14 23:22:17.086789,480.1
14411,2025-10-14 23:42:17.072694,481.12
14412,2025-10-15 00:02:17.084444,483.18
14413,2025-10-15 00:22:17.085808,480.98
14414,2025-10-15 00:42:17.084937,484.99
14415,2025-10-15 01:02:17.092130,484.67
14416,2025-10-15 01:22:17.082853,484.64
14417,2025-10-15 01:42:17.097704,485.74
14418,2025-10-15 02:02:17.084485,485.88
14419,2025-10-15 02:22:17.086465,488.13
14420,2025-10-15 02:42:17.105943,488.77
14421,2025-10-15 03:02:17.090466,489.55
14422,2025-10-15 03:22:17.084353,488.64
14423,2025-10-15 03:42:17.081828,489.52
14424,2025-10-15 04:02:17.080769,488.42
14425,2025-10-15 04:22:17.081969,493.08
14426,2025-10-15 04:42:17.081510,492.12
14427,2025-10-15 05:02:17.081038,490.68
14428,2025-10-15 05:22:17.082399,490.86
14429,2025-10-15 05:42:17.085488,491.4
14430,2025-10-15 06:02:17.074719,491.16
14431,2025-10-15 06:22:17.088761,493.01
14432,2025-10-15 06:42:17.342375,491.88
14433,2025-10-15 07:02:17.081346,490.6
14434,2025-10-15 07:22:17.086648,491.82
14435,2025-10-15 07:42:17.081235,491.8
14436,2025-10-15 08:02:17.079338,493.47
14437,2025-10-15 08:22:17.088781,492.8
14438,2025-10-15 08:42:17.082828,493.28
14439,2025-10-15 09:02:17.078523,494.06
14440,2025-10-15 09:22:17.082648,494.66
14441,2025-10-15 09:42:17.081836,494.29
14442,2025-10-15 10:02:17.080588,494.14
14443,2025-10-15 10:22:17.084144,493.38
14444,2025-10-15 10:42:17.096503,493.48
14445,2025-10-15 11:02:17.083365,496.82
14446,2025-10-15 11:22:17.087680,496.24
14447,2025-10-15 11:42:16.709540,496.3
14448,2025-10-15 12:02:17.082229,493.35
14449,2025-10-15 12:22:17.084259,495.72
14450,2025-10-15 12:42:17.090014,494.22
14451,2025-10-15 13:02:17.092050,495.76
14452,2025-10-15 13:22:17.090027,494.94
14453,2025-10-15 13:42:17.082564,492.23
14454,2025-10-15 14:02:17.073835,493.38
14455,2025-10-15 14:22:17.084050,490.38
14456,2025-10-15 14:42:17.083722,490.86
14457,2025-10-15 15:02:17.082249,485.98
14458,2025-10-15 15:22:17.080301,484.96
14459,2025-10-15 15:42:17.105397,484.88
14460,2025-10-15 16:02:17.083757,482.33
14461,2025-10-15 16:22:17.045166,482.72
14462,2025-10-15 16:42:17.084383,479.9
14463,2025-10-15 17:02:17.095914,478.73
14464,2025-10-15 17:22:17.085182,476.51
14465,2025-10-15 17:42:17.101877,476.85
14466,2025-10-15 18:02:17.078612,475.48
14467,2025-10-15 18:22:17.082857,475.74
14468,2025-10-15 18:42:17.076118,477.16
14469,2025-10-15 19:02:17.082638,475.02
14470,2025-10-15 19:22:17.086598,477.39
14471,2025-10-15 19:42:17.085019,478.38
14472,2025-10-15 20:02:17.100416,478.32
14473,2025-10-15 20:22:17.083374,480.3
14474,2025-10-15 20:42:17.079370,479.17
14475,2025-10-15 21:02:17.024049,478.7
14476,2025-10-15 21:22:17.083993,481.02
14477,2025-10-15 21:42:17.087506,479.26
14478,2025-10-15 22:02:17.078243,481.92
14479,2025-10-15 22:22:17.107783,483.34
14480,2025-10-15 22:42:17.095056,481.53
14481,2025-10-15 23:02:17.080826,479.09
14482,2025-10-15 23:22:17.087115,476.85
14483,2025-10-15 23:42:17.085259,476.84
14484,2025-10-16 00:02:17.080618,474.14
14485,2025-10-16 00:22:17.097734,473.53
14486,2025-10-16 00:42:17.082747,474.23
14487,2025-10-16 01:02:17.092231,476.1
14488,2025-10-16 01:22:17.083233,477.5
14489,2025-10-16 01:42:17.429775,480.98
14490,2025-10-16 02:02:17.111175,481.82
14491,2025-10-16 02:22:17.085170,483.57
14492,2025-10-16 02:42:17.086289,483.9
14493,2025-10-16 03:02:17.083119,484.77
14494,2025-10-16 03:22:17.083503,487.32
14495,2025-10-16 03:42:17.091201,488.06
14496,2025-10-16 04:02:17.085346,487.76
14497,2025-10-16 04:22:17.081801,490.2
14498,2025-10-16 04:42:17.079046,489.39
14499,2025-10-16 05:02:17.088062,489.48
14500,2025-10-16 05:22:17.092326,489.0
14501,2025-10-16 05:42:17.096953,490.12
14502,2025-10-16 06:02:17.083453,492.54
14503,2025-10-16 06:22:17.083277,491.04
14504,2025-10-16 06:42:17.084421,493.21
14505,2025-10-16 07:02:17.084799,492.9
14506,2025-10-16 07:22:17.089611,492.54
14507,2025-10-16 07:42:17.092998,493.6
14508,2025-10-16 08:02:17.080235,495.17
14509,2025-10-16 08:22:17.093257,492.17
14510,2025-10-16 08:42:17.083038,495.66
14511,2025-10-16 09:02:17.088001,494.7
14512,2025-10-16 09:22:17.093307,494.38
14513,2025-10-16 09:42:16.803658,494.02
14514,2025-10-16 10:02:17.099512,494.83
14515,2025-10-16 10:22:17.087277,495.29
14516,2025-10-16 10:42:17.091425,497.0
14517,2025-10-16 11:02:17.095907,496.16
14518,2025-10-16 11:22:17.081037,495.18
14519,2025-10-16 11:42:17.086879,496.09
14520,2025-10-16 12:02:17.082414,495.45
14521,2025-10-16 12:22:17.094177,497.56
14522,2025-10-16 12:42:17.084222,496.92
14523,2025-10-16 13:02:17.078976,498.4
14524,2025-10-16 13:22:17.089887,499.46
14525,2025-10-16 13:42:17.085943,498.18
14526,2025-10-16 14:02:17.083979,499.61
14527,2025-10-16 14:22:17.083885,499.0
14528,2025-10-16 14:42:17.090153,498.38
14529,2025-10-16 15:02:17.088103,500.04
14530,2025-10-16 15:22:17.083012,499.18
14531,2025-10-16 15:42:17.083227,500.46
14532,2025-10-16 16:02:17.094235,499.28
14533,2025-10-16 16:22:17.095176,497.26
14534,2025-10-16 16:42:17.087613,495.02
14535,2025-10-16 17:02:17.084226,491.19
14536,2025-10-16 17:22:17.086048,491.77
14537,2025-10-16 17:42:17.080680,488.13
14538,2025-10-16 18:02:17.088577,487.36
14539,2025-10-16 18:22:17.084385,485.96
14540,2025-10-16 18:42:17.088245,483.34
14541,2025-10-16 19:02:17.085233,485.79
14542,2025-10-16 19:22:17.093685,482.48
14543,2025-10-16 19:42:17.090562,482.54
14544,2025-10-16 20:02:17.079564,482.92
14545,2025-10-16 20:22:17.086174,481.14
14546,2025-10-16 20:42:17.083126,481.09
14547,2025-10-16 21:02:17.079672,481.84
14548,2025-10-16 21:22:17.081075,481.75
14549,2025-10-16 21:42:17.083931,484.64
14550,2025-10-16 22:02:17.089273,486.86
14551,2025-10-16 22:22:17.079111,487.38
14552,2025-10-16 22:42:17.077412,489.24
14553,2025-10-16 23:02:17.087864,488.98
14554,2025-10-16 23:22:17.084174,490.6
14555,2025-10-16 23:42:17.089629,493.48
14556,2025-10-17 00:02:17.099598,495.02
14557,2025-10-17 00:22:17.084418,494.23
14558,2025-10-17 00:42:17.078609,495.04
14559,2025-10-17 01:02:17.084606,493.38
14560,2025-10-17 01:22:17.097789,494.6
14561,2025-10-17 01:42:17.084428,496.04
14562,2025-10-17 02:02:17.089879,493.38
14563,2025-10-17 02:22:17.088330,493.13
14564,2025-10-17 02:42:17.087426,495.27
14565,2025-10-17 03:02:16.665446,495.18
14566,2025-10-17 03:22:17.080286,496.98
14567,2025-10-17 03:42:17.452376,497.84
14568,2025-10-17 04:02:17.087482,498.46
14569,2025-10-17 04:22:17.081590,497.91
14570,2025-10-17 04:42:17.090382,498.55
14571,2025-10-17 05:02:17.087625,499.0
14572,2025-10-17 05:22:16.724776,498.82
14573,2025-10-17 05:42:17.084289,499.94
14574,2025-10-17 06:02:17.082997,499.77
14575,2025-10-17 06:22:17.084652,499.76
14576,2025-10-17 06:42:17.099351,500.46
14577,2025-10-17 07:02:17.095496,499.28
14578,2025-10-17 07:22:17.083776,499.8
14579,2025-10-17 07:42:17.100054,496.63
14580,2025-10-17 08:02:17.098648,497.72
14581,2025-10-17 08:22:17.119804,499.31
14582,2025-10-17 08:42:17.080850,498.74
14583,2025-10-17 09:02:17.096620,499.4
14584,2025-10-17 09:22:17.075040,500.9
14585,2025-10-17 09:42:17.082848,500.73
14586,2025-10-17 10:02:16.677908,500.77
14587,2025-10-17 10:22:17.088079,500.9
14588,2025-10-17 10:42:17.093102,501.06
14589,2025-10-17 11:02:17.086670,501.58
14590,2025-10-17 11:22:17.110165,503.91
14591,2025-10-17 11:42:17.091441,501.98
14592,2025-10-17 12:02:17.091219,500.26
14593,2025-10-17 12:22:17.753794,499.68
14594,2025-10-17 12:42:17.115967,502.08
14595,2025-10-17 13:02:17.085786,500.98
14596,2025-10-17 13:22:17.099102,501.88
14597,2025-10-17 13:42:17.086340,503.37
14598,2025-10-17 14:02:17.093719,502.18
14599,2025-10-17 14:22:17.085444,502.8
14600,2025-10-17 14:42:16.853780,503.1
14601,2025-10-17 15:02:17.086871,501.65
14602,2025-10-17 15:22:17.083466,500.76
14603,2025-10-17 15:42:17.079054,501.64
14604,2025-10-17 16:02:17.158947,502.32
14605,2025-10-17 16:22:17.080148,502.14
14606,2025-10-17 16:42:17.083159,503.68
14607,2025-10-17 17:02:17.081038,501.21
14608,2025-10-17 17:22:17.482549,502.0
14609,2025-10-17 17:42:17.098649,500.96
14610,2025-10-17 18:02:17.092230,501.92
14611,2025-10-17 18:22:17.093858,501.36
14612,2025-10-17 18:42:17.078195,501.61
14613,2025-10-17 19:02:17.083697,501.3
14614,2025-10-17 19:22:17.031073,501.59
14615,2025-10-17 19:42:17.083488,502.64
14616,2025-10-17 20:02:17.085345,501.7
14617,2025-10-17 20:22:17.089054,502.44
14618,2025-10-17 20:42:17.079144,503.91
14619,2025-10-17 21:02:17.079977,502.86
14620,2025-10-17 21:22:17.081969,502.58
14621,2025-10-17 21:42:17.084784,502.52
14622,2025-10-17 22:02:17.086103,503.96
14623,2025-10-17 22:22:17.094957,503.95
14624,2025-10-17 22:42:17.509551,502.13
14625,2025-10-17 23:02:17.086201,501.55
14626,2025-10-17 23:22:17.076413,504.02
14627,2025-10-17 23:42:17.096448,504.32
14628,2025-10-18 00:02:17.084999,502.64
14629,2025-10-18 00:22:17.111261,502.6
14630,2025-10-18 00:42:17.091999,503.09
14631,2025-10-18 01:02:17.082446,504.32
14632,2025-10-18 01:22:17.082818,504.12
14633,2025-10-18 01:42:17.071752,503.66
14634,2025-10-18 02:02:17.082343,504.1
14635,2025-10-18 02:22:17.080607,504.98
14636,2025-10-18 02:42:17.096545,504.93
14637,2025-10-18 03:02:17.091813,505.44
14638,2025-10-18 03:22:17.084988,505.3
14639,2025-10-18 03:42:17.085444,506.71
14640,2025-10-18 04:02:17.078558,504.36
14641,2025-10-18 04:22:17.085574,504.28
14642,2025-10-18 04:42:17.094648,504.5
14643,2025-10-18 05:02:17.087055,505.02
14644,2025-10-18 05:22:17.081732,505.04
14645,2025-10-18 05:42:17.087766,501.42
14646,2025-10-18 06:02:17.082308,504.05
14647,2025-10-18 06:22:17.087269,502.0
14648,2025-10-18 06:42:17.084894,499.52
14649,2025-10-18 07:02:17.090907,502.08
14650,2025-10-18 07:22:17.089044,502.98
14651,2025-10-18 07:42:17.087213,501.93
14652,2025-10-18 08:02:17.082988,501.54
14653,2025-10-18 08:22:17.083797,501.98
14654,2025-10-18 08:42:17.088862,502.9
14655,2025-10-18 09:02:17.082121,501.68
14656,2025-10-18 09:22:17.083673,502.26
14657,2025-10-18 09:42:17.085275,502.02
14658,2025-10-18 10:02:17.085436,501.69
14659,2025-10-18 10:22:17.084225,502.5
14660,2025-10-18 10:42:17.096681,501.88
14661,2025-10-18 11:02:17.083396,501.79
14662,2025-10-18 11:22:17.095152,502.52
14663,2025-10-18 11:42:17.097881,502.78
14664,2025-10-18 12:02:17.081805,499.24
14665,2025-10-18 12:22:17.098537,501.74
14666,2025-10-18 12:42:17.089020,503.88
14667,2025-10-18 13:02:17.081604,503.63
14668,2025-10-18 13:22:17.080899,503.8
14669,2025-10-18 13:42:17.079005,500.98
14670,2025-10-18 14:02:17.082757,503.34
14671,2025-10-18 14:22:17.081687,501.16
14672,2025-10-18 14:42:17.090937,501.13
14673,2025-10-18 15:02:17.081339,503.81
14674,2025-10-18 15:22:17.083387,504.54
14675,2025-10-18 15:42:17.085133,501.74
14676,2025-10-18 16:02:17.908941,503.18
14677,2025-10-18 16:22:17.088821,503.24
14678,2025-10-18 16:42:17.082774,502.95
14679,2025-10-18 17:02:17.089970,501.72
14680,2025-10-18 17:22:16.882944,501.86
14681,2025-10-18 17:42:17.097608,503.36
14682,2025-10-18 18:02:17.084306,501.8
14683,2025-10-18 18:22:17.086001,503.4
14684,2025-10-18 18:42:17.083661,502.23
14685,2025-10-18 19:02:17.084889,502.13
14686,2025-10-18 19:22:17.075364,502.42
14687,2025-10-18 19:42:17.077326,502.46
14688,2025-10-18 20:02:17.106856,501.44
14689,2025-10-18 20:22:17.089822,501.82
14690,2025-10-18 20:42:17.086468,501.91
14691,2025-10-18 21:02:17.082737,502.84
14692,2025-10-18 21:22:17.082694,503.66
14693,2025-10-18 21:42:17.094276,501.7
14694,2025-10-18 22:02:17.084570,502.08
14695,2025-10-18 22:22:17.102755,502.54
14696,2025-10-18 22:42:17.086904,503.28
14697,2025-10-18 23:02:17.083355,503.2
14698,2025-10-18 23:22:17.090413,503.34
14699,2025-10-18 23:42:17.081763,502.44
14700,2025-10-19 00:02:17.086544,505.41
14701,2025-10-19 00:22:17.098904,502.49
14702,2025-10-19 00:42:17.089249,503.54
14703,2025-10-19 01:22:17.084614,505.42
14704,2025-10-19 01:42:17.086127,503.6
14705,2025-10-19 02:02:17.098607,503.55
14706,2025-10-19 02:22:17.076507,504.42
14707,2025-10-19 02:42:17.083083,503.42
14708,2025-10-19 03:02:17.098403,504.68
14709,2025-10-19 03:22:17.084995,504.0
14710,2025-10-19 03:42:16.853486,502.53
14711,2025-10-19 04:02:17.087662,501.75
14712,2025-10-19 04:22:17.094984,502.56
14713,2025-10-19 04:42:17.088668,502.9
14714,2025-10-19 05:02:17.078351,504.1
14715,2025-10-19 05:22:17.077775,504.26
14716,2025-10-19 05:42:17.082449,504.53
14717,2025-10-19 06:02:17.088226,504.59
14718,2025-10-19 06:22:17.084377,505.34
14719,2025-10-19 06:42:17.085927,504.58
14720,2025-10-19 07:02:17.091342,503.46
14721,2025-10-19 07:22:17.097195,505.48
14722,2025-10-19 07:42:17.080731,504.84
14723,2025-10-19 08:02:17.084523,503.98
14724,2025-10-19 08:22:17.084718,503.52
14725,2025-10-19 08:42:17.095885,503.34
14726,2025-10-19 09:02:17.081012,503.31
14727,2025-10-19 09:22:17.337113,503.54
14728,2025-10-19 09:42:17.090050,503.37
14729,2025-10-19 10:02:17.077412,503.72
14730,2025-10-19 10:22:17.083086,504.06
14731,2025-10-19 10:42:17.082153,505.74
14732,2025-10-19 11:02:17.084642,503.96
14733,2025-10-19 11:22:17.086743,506.23
14734,2025-10-19 11:42:17.080434,506.32
14735,2025-10-19 12:02:17.080957,506.38
14736,2025-10-19 12:22:17.096714,505.28
14737,2025-10-19 12:42:17.087931,505.66
14738,2025-10-19 13:02:17.082910,505.36
14739,2025-10-19 13:22:17.087917,504.23
14740,2025-10-19 13:42:17.080443,502.16
14741,2025-10-19 14:02:17.089786,502.68
14742,2025-10-19 14:22:17.088895,503.7
14743,2025-10-19 14:42:17.084145,499.22
14744,2025-10-19 15:02:17.087777,496.33
14745,2025-10-19 15:22:17.086021,493.38
14746,2025-10-19 15:42:17.089253,492.04
14747,2025-10-19 16:02:17.091693,487.1
14748,2025-10-19 16:22:17.084865,483.61
14749,2025-10-19 16:42:17.081793,480.0
14750,2025-10-19 17:02:17.080889,473.89
14751,2025-10-19 17:22:17.088319,473.08
14752,2025-10-19 17:42:17.088447,471.9
14753,2025-10-19 18:02:17.086888,469.19
14754,2025-10-19 18:22:17.088665,466.93
14755,2025-10-19 18:42:17.084731,463.85
14756,2025-10-19 19:02:17.086477,465.96
14757,2025-10-19 19:22:17.085175,462.54
14758,2025-10-19 19:42:17.080798,460.38
14759,2025-10-19 20:02:17.095240,458.75
14760,2025-10-19 20:22:17.100915,457.04
14761,2025-10-19 20:42:17.083524,455.65
14762,2025-10-19 21:02:17.078659,456.16
14763,2025-10-19 21:22:17.090027,454.88
14764,2025-10-19 21:42:17.082722,455.47
14765,2025-10-19 22:02:17.083771,458.78
14766,2025-10-19 22:22:17.082998,460.47
14767,2025-10-19 22:42:17.081648,463.66
14768,2025-10-19 23:02:17.082849,465.92
14769,2025-10-19 23:22:17.091468,468.38
14770,2025-10-19 23:42:17.085860,469.08
14771,2025-10-20 00:02:17.084438,470.24
14772,2025-10-20 00:22:17.079698,469.74
14773,2025-10-20 00:42:17.081875,471.28
14774,2025-10-20 01:02:17.089015,472.16
14775,2025-10-20 01:22:17.087999,472.65
14776,2025-10-20 01:42:17.085044,475.03
14777,2025-10-20 02:02:17.090946,474.26
14778,2025-10-20 02:22:17.084912,475.96
14779,2025-10-20 02:42:16.744523,472.54
14780,2025-10-20 03:02:17.088182,477.38
14781,2025-10-20 03:22:17.097999,477.39
14782,2025-10-20 03:42:17.078471,478.12
14783,2025-10-20 04:02:17.081537,480.97
14784,2025-10-20 04:22:17.088179,481.28
14785,2025-10-20 04:42:17.086109,482.82
14786,2025-10-20 05:02:17.082238,485.53
14787,2025-10-20 05:22:17.089472,484.41
14788,2025-10-20 05:42:17.079081,484.65
14789,2025-10-20 06:02:17.083374,487.88
14790,2025-10-20 06:22:17.083454,485.64
14791,2025-10-20 06:42:17.075587,488.52
14792,2025-10-20 07:02:17.086317,489.26
14793,2025-10-20 07:22:16.881254,490.65
14794,2025-10-20 07:42:17.084030,489.78
14795,2025-10-20 08:02:17.098445,489.74
14796,2025-10-20 08:22:17.084120,490.7
14797,2025-10-20 08:42:17.085179,491.97
14798,2025-10-20 09:02:17.083218,494.18
14799,2025-10-20 09:22:17.404184,494.34
14800,2025-10-20 09:42:17.083510,495.68
14801,2025-10-20 10:02:17.084283,495.04
14802,2025-10-20 10:22:17.086597,495.56
14803,2025-10-20 10:42:17.080370,494.55
14804,2025-10-20 11:02:17.098342,496.83
14805,2025-10-20 11:22:17.080210,498.06
14806,2025-10-20 11:42:17.085773,497.16
14807,2025-10-20 12:02:16.945796,498.28
14808,2025-10-20 12:22:17.097445,498.65
14809,2025-10-20 12:42:17.094007,497.99
14810,2025-10-20 13:02:17.078477,498.21
14811,2025-10-20 13:22:17.077980,498.42
14812,2025-10-20 13:42:17.083727,498.62
14813,2025-10-20 14:02:17.079546,496.08
14814,2025-10-20 14:22:17.093207,498.41
14815,2025-10-20 14:42:17.089806,496.33
14816,2025-10-20 15:02:17.090467,494.86
14817,2025-10-20 15:22:17.084450,493.1
14818,2025-10-20 15:42:17.085116,490.94
14819,2025-10-20 16:02:17.080509,486.93
14820,2025-10-20 16:22:17.081095,481.11
14821,2025-10-20 16:42:16.983346,477.29
14822,2025-10-20 17:02:17.093798,474.64
14823,2025-10-20 17:22:17.086032,474.44
14824,2025-10-20 17:42:17.092653,474.7
14825,2025-10-20 18:02:17.084692,477.78
14826,2025-10-20 18:22:17.087689,479.09
14827,2025-10-20 18:42:17.078604,480.68
14828,2025-10-20 19:02:17.088367,481.84
14829,2025-10-20 19:22:17.088639,482.98
14830,2025-10-20 19:42:17.085715,483.6
14831,2025-10-20 20:02:17.081383,485.63
14832,2025-10-20 20:22:17.086505,485.31
14833,2025-10-20 20:42:17.082129,486.64
14834,2025-10-20 21:02:17.083450,485.9
14835,2025-10-20 21:22:17.080928,488.36
14836,2025-10-20 21:42:17.096752,488.46
14837,2025-10-21 00:02:17.421859,494.22
14838,2025-10-21 00:22:17.078524,495.22
14839,2025-10-21 00:42:17.086312,495.3
14840,2025-10-21 01:02:17.093026,496.53
14841,2025-10-21 01:22:17.079918,496.73
14842,2025-10-21 01:42:17.085805,497.93
14843,2025-10-21 02:02:17.085824,497.62
14844,2025-10-21 02:22:17.083812,500.62
14845,2025-10-21 02:42:17.075583,497.94
14846,2025-10-21 03:02:17.078904,499.55
14847,2025-10-21 03:22:17.086736,497.32
14848,2025-10-21 03:42:17.096964,495.31
14849,2025-10-21 04:02:17.084499,492.84
14850,2025-10-21 04:22:17.088453,492.62
14851,2025-10-21 04:42:17.085382,492.32
14852,2025-10-21 05:02:17.076702,493.13
14853,2025-10-21 05:22:17.078191,495.22
14854,2025-10-21 05:42:17.080799,498.74
14855,2025-10-21 06:02:17.080005,495.92
14856,2025-10-21 06:22:17.081726,497.16
14857,2025-10-21 06:42:17.089892,497.5
14858,2025-10-21 07:02:17.084390,498.43
14859,2025-10-21 07:22:17.079241,498.61
14860,2025-10-21 07:42:17.081517,499.84
14861,2025-10-21 08:02:17.094063,499.0
14862,2025-10-21 08:22:17.083632,500.85
14863,2025-10-21 08:42:17.101978,501.13
14864,2025-10-21 09:02:17.086193,500.78
14865,2025-10-21 09:22:17.090197,503.9
14866,2025-10-21 09:42:17.082737,504.1
14867,2025-10-21 16:02:17.088186,483.2
14868,2025-10-21 16:22:17.093863,484.43
14869,2025-10-21 16:42:17.073032,483.92
14870,2025-10-21 17:02:17.089510,484.24
14871,2025-10-21 17:22:17.340097,485.43
14872,2025-10-21 17:42:17.115935,486.71
14873,2025-10-21 18:02:17.081631,485.25
14874,2025-10-21 18:22:17.083264,486.4
14875,2025-10-21 18:42:17.086242,487.22
14876,2025-10-21 19:02:17.081713,487.06
14877,2025-10-21 19:22:17.678048,489.15
14878,2025-10-21 19:42:17.081717,488.49
14879,2025-10-21 20:02:17.087829,488.62
14880,2025-10-21 20:22:17.074361,488.7
14881,2025-10-21 20:42:17.092619,489.92
14882,2025-10-21 21:02:17.088881,489.64
14883,2025-10-21 21:22:17.089176,489.71
14884,2025-10-21 21:42:17.089187,489.9
14885,2025-10-21 22:02:17.087857,492.56
14886,2025-10-21 22:22:17.083642,494.58
14887,2025-10-21 22:42:17.087323,492.6
14888,2025-10-21 23:02:17.081885,492.62
14889,2025-10-21 23:22:17.086386,492.14
14890,2025-10-21 23:42:17.081523,494.73
14891,2025-10-22 00:02:17.096431,495.56
14892,2025-10-22 00:22:17.088951,497.2
14893,2025-10-22 00:42:17.079618,494.98
14894,2025-10-22 01:02:17.087862,497.3
14895,2025-10-22 01:22:17.086726,499.97
14896,2025-10-22 01:42:17.083569,501.8
14897,2025-10-22 02:02:17.083370,498.94
14898,2025-10-22 02:22:17.085214,501.04
14899,2025-10-22 02:42:17.084917,502.24
14900,2025-10-22 03:02:17.084648,502.1
14901,2025-10-22 03:22:17.093093,502.26
14902,2025-10-22 03:42:17.099549,502.5
14903,2025-10-22 04:02:17.296481,501.32
14904,2025-10-22 04:22:16.815877,499.34
14905,2025-10-22 04:42:17.091810,500.2
14906,2025-10-22 05:02:17.375667,499.64
14907,2025-10-22 05:22:17.082720,500.8
14908,2025-10-22 05:42:17.088396,500.7
14909,2025-10-22 06:02:17.090207,499.52
14910,2025-10-22 06:22:17.091639,502.37
14911,2025-10-22 06:42:17.609603,499.14
14912,2025-10-22 07:02:17.083539,501.15
14913,2025-10-22 07:22:17.097803,501.1
14914,2025-10-22 07:42:17.080982,502.26
14915,2025-10-22 08:02:17.097932,502.6
14916,2025-10-22 08:22:17.337321,503.59
14917,2025-10-22 08:42:17.105759,502.93
14918,2025-10-22 09:02:17.073679,503.44
14919,2025-10-22 09:22:17.263828,504.44
14920,2025-10-22 09:42:17.078630,503.14
14921,2025-10-22 10:02:17.087278,502.68
14922,2025-10-22 10:22:17.089186,504.93
14923,2025-10-22 10:42:17.090713,504.45
14924,2025-10-22 11:02:17.083326,505.1
14925,2025-10-22 11:22:17.411036,505.36
14926,2025-10-22 11:42:17.084857,505.44
14927,2025-10-22 12:02:17.088331,506.39
14928,2025-10-22 12:22:17.087501,505.71
14929,2025-10-22 12:42:17.094992,506.8
14930,2025-10-22 13:02:17.083882,506.06
14931,2025-10-22 13:22:17.082778,509.7
14932,2025-10-22 13:42:17.079854,506.92
14933,2025-10-22 14:02:17.089162,504.83
14934,2025-10-22 14:22:17.089620,504.21
14935,2025-10-22 14:42:16.636957,503.38
14936,2025-10-22 15:02:17.090598,500.5
14937,2025-10-22 15:22:17.732293,498.08
14938,2025-10-22 15:42:17.084159,498.19
14939,2025-10-22 16:02:17.080646,496.63
14940,2025-10-22 16:22:17.082704,492.8
14941,2025-10-22 16:42:17.083544,492.56
14942,2025-10-22 17:02:17.080470,490.36
14943,2025-10-22 17:22:17.088043,490.88
14944,2025-10-22 17:42:17.082831,491.7
14945,2025-10-22 18:02:17.082320,490.22
14946,2025-10-22 18:22:17.090632,491.92
14947,2025-10-22 18:42:17.082060,489.88
14948,2025-10-22 19:02:17.085632,489.62
14949,2025-10-22 19:22:17.080657,490.63
14950,2025-10-22 19:42:17.090451,489.61
14951,2025-10-22 20:02:17.093740,491.64
14952,2025-10-22 20:22:17.080255,492.16
14953,2025-10-22 20:42:17.076576,493.84
14954,2025-10-22 21:02:17.095302,494.58
14955,2025-10-22 21:22:17.091241,495.05
14956,2025-10-22 21:42:17.100913,493.04
14957,2025-10-22 22:02:17.083519,492.1
14958,2025-10-22 22:22:17.081327,493.32
14959,2025-10-22 22:42:17.080685,493.9
14960,2025-10-22 23:02:17.093861,492.7
14961,2025-10-22 23:22:17.086217,492.55
14962,2025-10-22 23:42:17.074456,494.66
14963,2025-10-23 00:02:17.699119,493.08
14964,2025-10-23 00:22:17.095605,488.92
14965,2025-10-23 00:42:17.080228,486.41
14966,2025-10-23 01:02:17.080251,483.36
14967,2025-10-23 01:22:17.083031,480.95
14968,2025-10-23 01:42:17.083728,480.98
14969,2025-10-23 02:02:17.089337,481.3
14970,2025-10-23 17:42:17.098423,493.14
14971,2025-10-23 18:02:17.083576,490.32
14972,2025-10-23 18:22:17.085203,488.92
14973,2025-10-23 18:42:17.079775,487.1
14974,2025-10-23 19:02:17.081186,486.96
14975,2025-10-23 19:22:17.077621,486.64
14976,2025-10-23 19:42:17.079967,486.53
14977,2025-10-23 20:02:17.087201,485.68
14978,2025-10-23 20:22:17.091588,484.1
14979,2025-10-23 20:42:17.085422,485.72
14980,2025-10-23 21:02:17.088840,487.82
14981,2025-10-23 21:22:17.091987,488.95
14982,2025-10-23 21:42:17.082493,490.24
14983,2025-10-23 22:02:17.083000,492.74
14984,2025-10-23 22:22:17.088800,492.94
14985,2025-10-23 22:42:17.086793,496.42
14986,2025-10-23 23:02:17.083651,497.08
14987,2025-10-23 23:22:17.080786,497.52
14988,2025-10-23 23:42:17.081514,496.48
14989,2025-10-24 00:02:17.096049,498.0
14990,2025-10-24 00:22:17.650018,498.38
14991,2025-10-24 00:42:17.083338,499.6
14992,2025-10-24 01:02:17.088462,497.55
14993,2025-10-24 01:22:17.087191,497.19
14994,2025-10-24 01:42:17.084416,497.12
14995,2025-10-24 02:02:17.082744,496.92
14996,2025-10-24 02:22:17.088263,497.76
14997,2025-10-24 02:42:17.088078,498.28
14998,2025-10-24 03:02:17.087631,498.27
14999,2025-10-24 03:22:17.084814,500.59
15000,2025-10-24 03:42:17.090617,500.36
15001,2025-10-24 04:02:17.082370,503.84
15002,2025-10-24 04:22:17.085214,503.33
15003,2025-10-24 04:42:17.086201,505.87
15004,2025-10-24 05:02:17.081879,507.17
15005,2025-10-24 05:22:17.086048,507.02
15006,2025-10-24 05:42:17.083356,506.78
15007,2025-10-24 06:02:17.095379,506.54
15008,2025-10-24 06:22:17.081696,507.29
15009,2025-10-24 06:42:17.082113,507.56
15010,2025-10-24 07:02:17.085262,508.89
15011,2025-10-24 07:22:17.084786,505.7
15012,2025-10-24 07:42:17.098429,507.28
15013,2025-10-24 08:02:17.087661,507.44
15014,2025-10-24 08:22:17.097974,510.57
15015,2025-10-25 17:02:17.082398,530.22
15016,2025-10-25 17:22:17.085850,530.66
15017,2025-10-25 17:42:17.087959,531.21
15018,2025-10-25 18:02:17.080830,528.49
15019,2025-10-25 18:22:17.089639,526.8
15020,2025-10-25 18:42:17.081813,528.9
15021,2025-10-25 19:02:17.085157,524.84
15022,2025-10-25 19:22:17.088485,524.05
15023,2025-10-25 19:42:17.093880,519.97
15024,2025-10-25 20:02:17.086163,518.36
15025,2025-10-25 20:22:17.080203,516.9
15026,2025-10-25 20:42:17.082535,516.2
15027,2025-10-25 21:02:16.897895,512.31
15028,2025-10-25 21:22:17.084455,513.52
15029,2025-10-25 21:42:17.084785,510.48
15030,2025-10-25 22:02:17.081299,512.5
15031,2025-10-25 22:22:17.083343,511.92
15032,2025-10-25 22:42:17.080924,511.93
15033,2025-10-25 23:02:17.082395,510.43
15034,2025-10-25 23:22:17.082361,508.99
15035,2025-10-25 23:42:17.085715,509.84
15036,2025-10-26 00:02:17.086951,510.26
15037,2025-10-26 00:22:17.084931,511.42
15038,2025-10-26 00:42:17.099601,513.34
15039,2025-10-26 01:02:17.084276,514.26
15040,2025-10-26 01:22:17.083829,515.94
15041,2025-10-26 01:42:17.095454,518.92
15042,2025-10-26 02:02:17.081682,519.04
15043,2025-10-26 02:22:17.084259,518.66
15044,2025-10-26 02:42:17.084136,518.82
15045,2025-10-26 03:02:17.078309,518.59
15046,2025-10-26 03:22:17.076588,522.48
15047,2025-10-26 03:42:17.081433,522.52
15048,2025-10-26 04:02:17.087420,521.0
15049,2025-10-26 04:22:17.087751,522.78
15050,2025-10-26 04:42:17.089148,523.01
15051,2025-10-26 05:02:16.731242,523.85
15052,2025-10-26 05:22:17.085674,523.0
15053,2025-10-26 05:42:17.086425,526.86
15054,2025-10-26 06:02:17.088139,523.57
15055,2025-10-26 06:22:17.103473,526.06
15056,2025-10-26 06:42:17.082373,525.74
15057,2025-10-26 07:02:17.080372,525.04
15058,2025-10-26 07:22:17.077922,524.68
15059,2025-10-26 07:42:17.084488,527.62
15060,2025-10-26 08:02:17.083552,526.49
15061,2025-10-26 08:22:17.079902,529.7
15062,2025-10-26 08:42:17.087839,528.15
15063,2025-10-26 09:02:17.089453,528.2
15064,2025-10-26 09:22:17.083986,530.8
15065,2025-10-26 09:42:17.083590,530.38
15066,2025-10-26 10:02:17.083616,530.38
15067,2025-10-26 10:22:17.079958,531.73
15068,2025-10-26 10:42:17.085503,530.7
15069,2025-10-26 11:02:17.095607,531.42
15070,2025-10-26 11:22:17.084704,530.76
15071,2025-10-26 11:42:17.094231,530.32
15072,2025-10-26 12:02:17.087368,532.91
15073,2025-10-26 12:22:17.083129,535.26
15074,2025-10-26 12:42:17.076390,533.04
15075,2025-10-26 13:02:17.083497,534.5
15076,2025-10-26 13:22:17.081562,533.52
15077,2025-10-26 13:42:17.084905,534.92
15078,2025-10-26 14:02:17.110327,533.13
15079,2025-10-26 14:22:17.082093,534.52
15080,2025-10-26 14:42:17.093404,533.42
15081,2025-10-26 15:02:17.088037,534.92
15082,2025-10-26 15:22:17.084847,533.65
15083,2025-10-26 15:42:17.086068,533.58
15084,2025-10-26 16:02:17.082977,534.3
15085,2025-10-26 16:22:17.083575,533.8
15086,2025-10-26 16:42:17.082922,533.28
15087,2025-10-26 17:02:17.082023,533.65
15088,2025-10-26 17:22:17.083439,533.21
15089,2025-10-26 17:42:17.092486,534.12
15090,2025-10-26 18:02:17.092805,535.26
15091,2025-10-26 18:22:17.091193,535.3
15092,2025-10-26 18:42:17.087302,534.52
15093,2025-10-26 19:02:17.086385,536.14
15094,2025-10-26 19:22:17.073128,535.22
15095,2025-10-26 19:42:17.085477,533.37
15096,2025-10-26 20:02:16.642646,535.77
15097,2025-10-26 20:22:17.096064,534.1
15098,2025-10-26 20:42:17.080716,532.44
15099,2025-10-26 21:02:17.084802,531.35
15100,2025-10-26 21:22:17.082789,532.96
15101,2025-10-26 21:42:17.073759,533.42
15102,2025-10-26 22:02:17.092512,532.88
15103,2025-10-26 22:22:16.766676,534.36
15104,2025-10-26 22:42:17.447058,534.14
15105,2025-10-26 23:02:17.088296,533.5
15106,2025-10-26 23:22:17.093983,536.16
15107,2025-10-26 23:42:17.093659,535.16
15108,2025-10-27 00:02:17.080098,535.18
15109,2025-10-27 00:22:17.086882,535.51
15110,2025-10-27 00:42:16.854601,534.94
15111,2025-10-27 01:02:17.081597,538.27
15112,2025-10-27 01:42:17.085824,537.32
15113,2025-10-27 02:42:17.088105,538.8
15114,2025-10-27 03:02:17.079475,537.64
15115,2025-10-27 03:22:17.084911,538.06
15116,2025-10-27 03:42:17.105350,538.28
15117,2025-10-27 04:02:17.086549,537.93
15118,2025-10-27 04:22:17.088379,537.44
15119,2025-10-27 04:42:17.074200,538.09
15120,2025-10-27 05:02:17.090774,537.78
15121,2025-10-27 05:22:17.067848,539.78
15122,2025-10-27 06:02:17.085718,537.96
15123,2025-10-27 06:22:17.091564,536.98
15124,2025-10-27 06:42:17.085571,537.42
15125,2025-10-27 07:02:17.121526,539.46
15126,2025-10-27 07:22:17.085261,538.94
15127,2025-10-27 07:42:17.082421,537.73
15128,2025-10-27 08:02:17.085348,538.73
15129,2025-10-27 08:22:17.079861,538.07
15130,2025-10-27 08:42:17.086670,536.8
15131,2025-10-27 09:02:17.081316,535.7
15132,2025-10-27 09:22:17.083040,539.42
15133,2025-10-27 09:42:17.087743,541.08
15134,2025-10-27 10:02:17.097213,539.62
15135,2025-10-27 10:22:17.378433,540.02
15136,2025-10-27 10:42:17.094199,540.94
15137,2025-10-27 11:02:17.086338,540.3
15138,2025-10-27 11:22:17.082219,542.03
15139,2025-10-27 16:42:17.085515,541.54
15140,2025-10-27 17:02:17.089579,541.02
15141,2025-10-27 17:22:17.086253,541.82
15142,2025-10-27 17:42:17.078752,545.2
15143,2025-10-27 18:02:17.084400,540.74
15144,2025-10-27 18:22:17.093554,542.08
15145,2025-10-27 18:42:17.091309,542.04
15146,2025-10-27 19:02:17.078158,540.43
15147,2025-10-27 19:22:17.092660,542.56
15148,2025-10-27 19:42:17.081806,542.28
15149,2025-10-27 20:02:17.083579,544.1
15150,2025-10-27 20:22:17.092043,544.95
15151,2025-10-27 20:42:17.085969,541.53
15152,2025-10-27 21:02:17.084516,542.01
15153,2025-10-27 21:22:17.075897,544.12
15154,2025-10-27 21:42:17.089759,542.96
15155,2025-10-27 22:02:17.083599,543.47
15156,2025-10-27 22:22:17.093097,543.41
15157,2025-10-27 22:42:17.085250,541.74
15158,2025-10-27 23:02:17.086978,544.78
15159,2025-10-27 23:22:17.089390,543.64
15160,2025-10-27 23:42:16.767333,542.8
15161,2025-10-28 00:02:17.090166,543.65
15162,2025-10-28 00:22:17.087761,545.83
15163,2025-10-28 00:42:17.091213,542.78
15164,2025-10-28 01:02:17.084276,546.44
15165,2025-10-28 01:22:17.080462,547.14
15166,2025-10-28 01:42:17.086831,546.33
15167,2025-10-28 02:02:17.075015,549.02
15168,2025-10-28 02:22:17.091212,547.09
15169,2025-10-28 02:42:17.090730,549.28
15170,2025-10-28 03:02:17.081876,547.04
15171,2025-10-28 03:22:17.090530,548.24
15172,2025-10-28 03:42:17.085355,548.75
15173,2025-10-28 04:02:17.085048,545.23
15174,2025-10-28 04:22:17.097014,546.66
15175,2025-10-28 04:42:17.083726,545.1
15176,2025-10-28 05:02:17.083322,546.9
15177,2025-10-28 05:22:17.077832,547.29
15178,2025-10-28 05:42:17.090165,547.71
15179,2025-10-28 06:02:17.087295,544.96
15180,2025-10-28 06:22:17.265324,546.56
15181,2025-10-28 06:42:17.087594,546.62
15182,2025-10-28 07:02:17.090775,545.45
15183,2025-10-28 07:22:17.079971,547.83
15184,2025-10-28 07:42:17.088573,547.28
15185,2025-10-28 08:02:17.086318,545.92
15186,2025-10-28 08:22:17.083023,545.32
15187,2025-10-28 08:42:17.085083,549.9
15188,2025-10-28 09:02:17.092972,547.4
15189,2025-10-28 09:22:17.086978,545.69
15190,2025-10-28 09:42:17.075729,546.18
15191,2025-10-28 10:02:17.085088,548.02
15192,2025-10-28 10:22:17.084899,549.2
15193,2025-10-28 10:42:17.088767,550.75
15194,2025-10-28 11:02:17.081069,549.82
15195,2025-10-28 11:22:17.084488,548.48
15196,2025-10-28 11:42:17.095154,549.58
15197,2025-10-28 12:02:17.083085,549.06
15198,2025-10-28 12:22:17.083089,549.06
15199,2025-10-28 12:42:17.085988,550.32
15200,2025-10-28 13:02:17.089309,551.24
15201,2025-10-28 13:22:17.084108,550.79
15202,2025-10-28 13:42:17.311639,549.86
15203,2025-10-28 14:02:17.075964,551.1
15204,2025-10-28 14:22:17.084893,550.18
15205,2025-10-28 14:42:17.091387,549.78
15206,2025-10-28 15:02:17.520286,551.7
15207,2025-10-28 15:22:17.078726,551.56
15208,2025-10-28 15:42:17.081123,551.14
15209,2025-10-28 16:02:17.077359,549.38
15210,2025-10-28 16:22:17.079840,550.85
15211,2025-10-28 16:42:17.087979,548.75
15212,2025-10-28 17:02:17.094259,550.16
15213,2025-10-28 17:22:17.084830,550.14
15214,2025-10-28 17:42:17.088091,549.68
15215,2025-10-28 18:02:17.082069,549.32
15216,2025-10-28 18:22:17.088708,549.03
15217,2025-10-28 18:42:17.079921,548.6
15218,2025-10-28 19:02:17.082114,548.32
15219,2025-10-28 19:22:17.082777,548.36
15220,2025-10-28 19:42:17.083870,546.99
15221,2025-10-28 20:02:17.097666,548.3
15222,2025-10-28 20:22:17.082535,548.94
15223,2025-10-28 20:42:17.096361,549.1
15224,2025-10-28 21:02:17.087969,547.44
15225,2025-10-28 21:22:17.082580,548.46
15226,2025-10-28 21:42:17.084336,549.06
15227,2025-10-28 22:02:17.083013,549.33
15228,2025-10-28 22:22:17.082250,548.36
15229,2025-10-28 22:42:16.672280,549.75
15230,2025-10-28 23:02:17.084295,550.68
15231,2025-10-28 23:22:17.081704,550.01
15232,2025-10-28 23:42:17.083758,550.55
15233,2025-10-29 00:02:17.082180,552.69
15234,2025-10-29 00:22:17.088434,551.64
15235,2025-10-29 00:42:17.092263,553.68
15236,2025-10-29 01:02:17.078958,552.7
15237,2025-10-29 01:22:17.087448,553.17
15238,2025-10-29 01:42:17.080752,552.23
15239,2025-10-29 02:02:17.093221,550.5
15240,2025-10-29 02:22:17.083605,552.66
15241,2025-10-29 02:42:17.080939,551.56
15242,2025-10-29 03:02:17.086358,553.74
15243,2025-10-29 03:22:17.237695,555.25
15244,2025-10-29 03:42:17.103365,554.12
15245,2025-10-29 04:02:17.078158,551.16
15246,2025-10-29 04:22:17.085831,552.9
15247,2025-10-29 04:42:17.087014,553.11
15248,2025-10-29 05:02:17.077049,554.13
15249,2025-10-29 05:22:17.085679,552.72
15250,2025-10-29 05:42:17.088679,555.8
15251,2025-10-29 06:02:17.091667,555.86
15252,2025-10-29 06:22:17.076933,552.76
15253,2025-10-29 06:42:17.087902,555.86
15254,2025-10-29 07:02:17.085052,553.52
15255,2025-10-29 07:22:17.081756,556.01
15256,2025-10-29 07:42:17.087253,558.22
15257,2025-10-29 08:02:17.097103,556.44
15258,2025-10-29 08:22:17.085639,554.63
15259,2025-10-29 08:42:17.084755,553.88
15260,2025-10-29 09:02:17.100818,554.0
15261,2025-10-29 09:22:17.097996,553.1
15262,2025-10-29 09:42:17.080234,556.74
15263,2025-10-29 10:02:17.082339,555.28
15264,2025-10-29 10:22:17.083502,555.11
15265,2025-10-29 10:42:17.079736,553.8
15266,2025-10-29 11:02:17.079094,554.32
15267,2025-10-29 11:22:17.081234,556.36
15268,2025-10-29 11:42:17.088749,557.68
15269,2025-10-29 12:02:17.080877,555.72
15270,2025-10-29 12:22:17.080852,556.51
15271,2025-10-29 12:42:17.088971,557.76
15272,2025-10-29 13:02:17.087998,556.38
15273,2025-10-29 13:22:17.095938,557.14
15274,2025-10-29 13:42:17.087385,557.54
15275,2025-10-29 14:02:17.085521,556.11
15276,2025-10-29 14:22:17.076474,558.61
15277,2025-10-29 14:42:17.084623,555.56
15278,2025-10-29 15:02:17.080130,555.36
15279,2025-10-29 15:22:17.093844,555.0
15280,2025-10-29 15:42:17.084464,554.92
15281,2025-10-29 16:02:17.087576,557.15
15282,2025-10-29 16:22:17.085377,555.76
15283,2025-10-29 16:42:17.090691,557.02
15284,2025-10-29 17:02:17.078454,555.64
15285,2025-10-29 17:22:17.087334,555.82
15286,2025-10-29 17:42:17.085313,555.79
15287,2025-10-29 18:02:17.086480,559.32
15288,2025-10-29 18:22:17.082288,560.38
15289,2025-10-29 18:42:17.087504,556.42
15290,2025-10-29 19:02:17.076309,555.04
15291,2025-10-29 19:22:17.091771,557.21
15292,2025-10-29 19:42:17.279590,556.97
15293,2025-10-29 20:02:17.082716,554.32
15294,2025-10-29 20:22:17.087077,557.36
15295,2025-10-29 20:42:17.086187,556.28
15296,2025-10-29 21:02:17.080641,556.34
15297,2025-10-29 21:22:17.090672,555.11
15298,2025-10-29 21:42:16.744050,556.99
15299,2025-10-29 22:02:17.082584,556.86
15300,2025-10-29 22:22:17.092909,556.12
15301,2025-10-29 22:42:17.085109,555.42
15302,2025-10-29 23:02:17.081531,555.95
15303,2025-10-29 23:22:17.085984,555.65
15304,2025-10-29 23:42:17.078288,557.28
15305,2025-10-30 00:02:17.082885,555.4
15306,2025-10-30 00:22:17.084261,556.62
15307,2025-10-30 00:42:17.085906,555.12
15308,2025-10-30 01:02:17.085687,555.93
15309,2025-10-30 01:22:17.087730,556.44
15310,2025-10-30 01:42:17.304741,555.96
15311,2025-10-30 02:02:17.087958,556.8
15312,2025-10-30 02:22:16.971918,556.54
15313,2025-10-30 02:42:17.106280,555.55
15314,2025-10-30 03:02:17.088091,556.82
15315,2025-10-30 03:22:17.086338,553.1
15316,2025-10-30 03:42:17.104968,552.44
15317,2025-10-30 04:02:17.097004,555.9
15318,2025-10-30 17:02:17.094909,555.13
15319,2025-10-30 17:22:17.093659,554.36
15320,2025-10-30 17:42:17.094537,552.11
15321,2025-10-30 18:02:17.104677,550.58
15322,2025-10-30 18:22:17.088038,547.36
15323,2025-10-30 18:42:17.082758,545.24
15324,2025-10-30 19:02:17.095323,544.63
15325,2025-10-30 19:22:17.183778,545.02
15326,2025-10-30 19:42:17.080581,545.96
15327,2025-10-30 20:02:17.071487,543.7
15328,2025-10-30 20:22:17.072002,546.22
15329,2025-10-30 20:42:17.085922,544.28
15330,2025-10-30 21:02:17.079159,543.04
15331,2025-10-30 21:22:17.084588,542.72
15332,2025-10-30 21:42:17.079867,544.78
15333,2025-10-30 22:02:17.081791,545.44
15334,2025-10-30 22:22:17.084104,546.38
15335,2025-10-30 22:42:17.074677,541.59
15336,2025-10-30 23:02:17.078771,542.9
15337,2025-10-30 23:22:17.637636,541.68
15338,2025-10-30 23:42:17.077238,541.62
15339,2025-10-31 00:02:17.080413,539.7
15340,2025-10-31 00:22:17.082043,536.1
15341,2025-10-31 00:42:17.084915,535.84
15342,2025-10-31 01:02:17.080469,531.72
15343,2025-10-31 01:22:16.768376,530.84
15344,2025-10-31 01:42:17.087060,526.7
15345,2025-10-31 02:02:17.080886,520.43
15346,2025-10-31 02:22:17.083925,518.98
15347,2025-10-31 02:42:17.084100,518.41
15348,2025-10-31 03:02:17.080230,512.28
15349,2025-10-31 03:22:17.083653,515.9
15350,2025-10-31 03:42:17.078495,516.84
15351,2025-10-31 04:02:17.080838,516.91
15352,2025-10-31 04:22:17.088050,519.0
15353,2025-10-31 04:42:17.088991,515.68
15354,2025-10-31 05:02:17.096585,520.68
15355,2025-10-31 05:22:17.081701,522.48
15356,2025-10-31 05:42:17.080764,521.84
15357,2025-10-31 06:02:17.082372,521.86
15358,2025-10-31 06:22:17.085497,521.51
15359,2025-10-31 06:42:17.087750,521.22
15360,2025-10-31 07:02:17.080426,521.9
15361,2025-10-31 07:22:17.197723,520.88
15362,2025-10-31 07:42:17.084891,521.9
15363,2025-10-31 08:02:17.081467,521.55
15364,2025-10-31 08:22:17.085152,519.24
15365,2025-10-31 08:42:17.102078,518.0
15366,2025-10-31 09:02:17.561581,516.29
15367,2025-10-31 09:22:17.083167,511.25
15368,2025-10-31 09:42:17.087641,503.83
15369,2025-10-31 10:02:17.096136,500.86
15370,2025-10-31 10:22:17.086936,497.88
15371,2025-10-31 10:42:17.080441,492.6
15372,2025-10-31 11:02:17.080132,490.64
15373,2025-10-31 11:22:17.082644,484.96
15374,2025-10-31 11:42:17.092046,484.06
15375,2025-10-31 12:02:17.086251,483.4
15376,2025-10-31 12:22:17.087088,481.68
15377,2025-10-31 12:42:17.074363,477.02
15378,2025-10-31 13:02:17.078033,473.77
15379,2025-10-31 13:22:17.096571,472.75
15380,2025-10-31 14:02:17.092259,472.46
15381,2025-10-31 14:22:17.092849,472.38
15382,2025-10-31 14:42:17.084782,473.12
15383,2025-10-31 15:02:17.078045,475.72
15384,2025-10-31 15:22:17.086297,475.3
15385,2025-10-31 15:42:17.092306,475.82
15386,2025-10-31 16:02:17.092659,476.6
15387,2025-10-31 16:22:17.094288,477.16
15388,2025-10-31 16:42:17.090733,475.12
15389,2025-10-31 17:02:17.761508,476.62
15390,2025-10-31 17:22:17.117484,474.26
15391,2025-10-31 17:42:17.105863,473.12
15392,2025-10-31 18:02:17.083176,475.58
15393,2025-10-31 18:22:17.091765,473.8
15394,2025-10-31 18:42:17.090312,473.14
15395,2025-10-31 19:02:17.092811,476.2
15396,2025-10-31 19:22:17.081473,475.66
15397,2025-10-31 19:42:16.922864,477.24
15398,2025-10-31 20:02:17.102450,477.58
15399,2025-10-31 20:22:17.083011,474.57
15400,2025-10-31 20:42:17.084784,473.46
15401,2025-10-31 21:02:17.100619,471.42
15402,2025-10-31 21:22:17.099199,472.42
15403,2025-10-31 21:42:17.080971,471.12
15404,2025-10-31 22:02:17.083935,467.44
15405,2025-10-31 22:22:17.084551,467.57
15406,2025-10-31 22:42:17.083390,465.6
15407,2025-10-31 23:02:17.117772,462.56
15408,2025-10-31 23:22:17.089566,462.58
15409,2025-10-31 23:42:17.104195,461.18
15410,2025-11-01 00:02:17.083559,461.25
15411,2025-11-01 00:22:17.238580,460.49
15412,2025-11-01 00:42:17.080279,459.83
15413,2025-11-01 01:02:17.084198,458.16
15414,2025-11-01 01:22:17.078445,454.96
15415,2025-11-01 01:42:17.498191,451.66
15416,2025-11-01 02:02:17.098322,450.6
15417,2025-11-01 02:22:17.088375,446.55
15418,2025-11-01 02:42:17.093819,445.08
15419,2025-11-01 03:02:17.083049,446.34
15420,2025-11-01 03:22:17.113131,445.5
15421,2025-11-01 03:42:17.081543,446.97
15422,2025-11-01 04:02:17.322174,446.81
15423,2025-11-01 04:22:17.086567,448.71
15424,2025-11-01 04:42:17.083399,447.68
15425,2025-11-01 05:02:17.349269,447.68
15426,2025-11-01 05:22:17.083321,447.64
15427,2025-11-01 05:42:17.079958,446.94
15428,2025-11-01 06:02:16.730566,449.21
15429,2025-11-01 06:22:17.093124,449.42
15430,2025-11-01 06:42:17.415791,448.44
15431,2025-11-01 07:02:17.090447,443.34
15432,2025-11-01 07:22:17.081456,446.22
15433,2025-11-01 07:42:17.074568,446.34
15434,2025-11-01 08:02:17.090847,446.54
15435,2025-11-01 08:22:17.985512,450.62
15436,2025-11-01 08:42:17.094996,454.16
15437,2025-11-01 09:02:17.098121,454.46
15438,2025-11-01 09:22:17.097557,457.54
15439,2025-11-02 23:42:17.083596,542.08
15440,2025-11-03 14:42:17.084856,550.0
15441,2025-11-03 15:02:16.943518,549.2
15442,2025-11-03 15:22:16.949217,549.68
15443,2025-11-03 15:42:16.942482,547.24
15444,2025-11-03 16:02:16.701191,544.58
15445,2025-11-03 16:22:16.729019,541.88
15446,2025-11-03 16:42:16.956822,541.93
15447,2025-11-03 17:02:17.062321,539.94
15448,2025-11-03 17:22:17.096264,538.94
15449,2025-11-03 17:42:17.086610,535.77
15450,2025-11-03 18:02:17.081561,531.97
15451,2025-11-03 18:22:17.093976,527.44
15452,2025-11-03 18:42:17.086502,524.72
15453,2025-11-03 19:02:17.092344,522.58
15454,2025-11-03 19:42:17.082927,515.39
15455,2025-11-03 20:02:17.080917,513.79
15456,2025-11-03 20:22:17.082662,511.08
15457,2025-11-03 20:42:17.104230,510.74
15458,2025-11-03 21:02:17.084628,508.04
15459,2025-11-03 21:22:17.081771,504.22
15460,2025-11-03 21:42:17.087223,500.7
15461,2025-11-03 22:02:17.083700,495.56
15462,2025-11-03 22:22:17.081351,488.52
15463,2025-11-03 22:42:17.086291,485.92
15464,2025-11-03 23:02:17.100021,485.58
15465,2025-11-03 23:22:17.084968,487.63
15466,2025-11-03 23:42:17.080957,489.44
15467,2025-11-04 00:02:17.083889,494.02
15468,2025-11-04 00:22:17.089393,494.4
15469,2025-11-04 00:42:17.081510,500.32
15470,2025-11-04 01:02:17.087911,504.82
15471,2025-11-04 01:22:17.086184,508.51
15472,2025-11-04 01:42:17.087034,513.43
15473,2025-11-04 02:02:17.084142,510.36
15474,2025-11-04 02:22:17.089722,510.1
15475,2025-11-04 02:42:17.080911,510.88
15476,2025-11-04 03:02:17.082286,506.53
15477,2025-11-04 03:22:17.073989,503.29
15478,2025-11-04 03:42:17.104184,498.48
15479,2025-11-04 04:02:17.093397,486.42
15480,2025-11-04 04:22:17.088610,479.74
15481,2025-11-04 04:42:17.082075,473.9
15482,2025-11-04 05:02:17.093377,464.81
15483,2025-11-04 05:22:17.089929,456.35
15484,2025-11-04 05:42:17.081204,450.5
15485,2025-11-04 06:02:17.088134,446.68
15486,2025-11-04 06:22:17.080420,450.3
15487,2025-11-04 06:42:17.083668,454.33
15488,2025-11-04 07:02:17.096197,455.06
15489,2025-11-04 07:22:17.072400,457.03
15490,2025-11-04 07:42:17.087423,459.14
15491,2025-11-04 08:02:17.098205,465.46
15492,2025-11-04 08:22:17.087689,466.36
15493,2025-11-04 08:42:17.085119,470.05
15494,2025-11-04 09:02:17.087073,470.31
15495,2025-11-04 09:22:17.083922,472.42
15496,2025-11-04 09:42:17.087602,472.98
15497,2025-11-04 10:02:17.086132,473.42
15498,2025-11-04 10:22:17.096501,473.66
15499,2025-11-04 10:42:17.084855,470.84
15500,2025-11-04 11:02:17.077265,470.72
15501,2025-11-04 11:22:16.954699,466.72
15502,2025-11-04 11:42:17.082176,460.26
15503,2025-11-04 12:02:17.089325,450.48
15504,2025-11-04 12:22:17.081078,437.68
15505,2025-11-04 12:42:17.082786,427.12
15506,2025-11-04 13:02:17.088169,415.68
15507,2025-11-04 13:22:17.082253,405.84
15508,2025-11-04 13:42:17.093115,396.22
15509,2025-11-04 14:02:17.074308,387.07
15510,2025-11-04 14:22:17.076958,382.07
15511,2025-11-04 14:42:17.080475,379.27
15512,2025-11-04 15:02:17.092748,378.42
15513,2025-11-04 15:22:17.291888,379.54
15514,2025-11-04 15:42:17.088090,379.92
15515,2025-11-04 16:02:17.089641,383.63
15516,2025-11-04 16:22:17.077286,387.99
15517,2025-11-04 16:42:17.082255,390.21
15518,2025-11-04 17:02:16.667341,392.09
15519,2025-11-04 17:22:17.123005,392.14
15520,2025-11-04 17:42:17.099226,392.24
15521,2025-11-04 18:02:17.084800,396.72
15522,2025-11-04 18:22:17.095917,396.73
15523,2025-11-04 18:42:17.074612,402.48
15524,2025-11-04 19:02:17.087400,405.1
15525,2025-11-04 19:22:17.087845,407.14
15526,2025-11-04 19:42:17.085553,405.85
15527,2025-11-04 20:02:17.103158,403.49
15528,2025-11-04 20:22:17.097876,405.99
15529,2025-11-04 20:42:17.090462,406.52
15530,2025-11-04 21:02:17.084127,409.42
15531,2025-11-04 21:22:17.078693,413.51
15532,2025-11-04 21:42:17.077829,417.1
15533,2025-11-04 22:02:17.081998,417.88
15534,2025-11-04 22:22:17.090304,413.42
15535,2025-11-04 22:42:17.095241,412.84
15536,2025-11-04 23:02:17.099809,415.12
15537,2025-11-04 23:22:17.077073,416.86
15538,2025-11-04 23:42:17.081301,420.07
15539,2025-11-05 00:02:17.503851,424.64
15540,2025-11-05 00:22:17.097368,431.66
15541,2025-11-05 00:42:17.085892,435.82
15542,2025-11-05 01:02:17.086378,439.58
15543,2025-11-05 01:22:17.096295,445.75
15544,2025-11-05 01:42:17.079283,447.58
15545,2025-11-05 20:42:16.937246,389.74
15546,2025-11-05 21:02:16.709445,392.08
15547,2025-11-05 21:22:16.692077,392.82
15548,2025-11-05 21:42:16.695355,397.58
15549,2025-11-10 09:22:16.695017,418.93
