event_id,label,station,sensor_type,t1,t2,energy,duration,magnitude
163253,Eruption,VPVF,acoustic,2025-02-09 00:26:52.365,2025-02-09 00:27:42.855,7.139,50.49,0.5719370459122582
163706,Acoustic,VPVF,acoustic,2025-02-15 02:00:29.193,2025-02-15 02:00:43.638,1405.907,14.445,2.109130917500981
163635,Eruption,VPVF,acoustic,2025-02-15 02:21:18.705,2025-02-15 02:22:14.640,4565.719,55.935,2.451871149966303
163707,Acoustic,VPVF,acoustic,2025-02-15 03:08:26.328,2025-02-15 03:08:32.538,15.491,6.21,0.7973532341408149
163708,Acoustic,VPVF,acoustic,2025-02-15 03:32:16.990,2025-02-15 03:32:21.580,19.685,4.59,0.8670707308145865
163709,Acoustic,VPVF,acoustic,2025-02-15 03:35:51.058,2025-02-15 03:35:54.028,11.762,2.97,0.7172223872942326
163710,Acoustic,VPVF,acoustic,2025-02-15 03:36:00.990,2025-02-15 03:36:03.353,13.687,2.363,0.7613265390613948
163711,Acoustic,VPVF,acoustic,2025-02-15 03:40:56.058,2025-02-15 03:40:57.948,10.18,1.89,0.6751910112604959
163712,Acoustic,VPVF,acoustic,2025-02-15 03:45:15.788,2025-02-15 03:45:21.728,8.907,5.94,0.6363200730515238
163713,Acoustic,VPVF,acoustic,2025-02-15 03:49:52.260,2025-02-15 03:49:56.243,11.593,3.983,0.7130112100293106
163714,Acoustic,VPVF,acoustic,2025-02-15 03:56:59.395,2025-02-15 03:57:01.960,3.755,2.565,0.3849886606979254
163715,Acoustic,VPVF,acoustic,2025-02-15 03:57:14.463,2025-02-15 03:57:18.648,21.077,4.185,0.8869518930031008
163716,Acoustic,VPVF,acoustic,2025-02-15 03:58:53.193,2025-02-15 03:59:00.010,17.619,6.817,0.8348074412269552
163717,Acoustic,VPVF,acoustic,2025-02-15 04:02:18.193,2025-02-15 04:02:26.833,21.299,8.64,0.8900006730770275
163718,Acoustic,VPVF,acoustic,2025-02-15 04:08:53.990,2025-02-15 04:08:57.905,4.103,3.915,0.41077801636783146
163719,Acoustic,VPVF,acoustic,2025-02-15 04:10:24.108,2025-02-15 04:10:29.170,66.786,5.062,1.222539240200191
163720,Acoustic,VPVF,acoustic,2025-02-15 04:15:31.665,2025-02-15 04:15:36.795,10.105,5.13,0.6730393329603864
163721,Acoustic,VPVF,acoustic,2025-02-15 04:30:53.193,2025-02-15 04:30:59.268,9.027,6.075,0.6402141064480278
163722,Acoustic,VPVF,acoustic,2025-02-15 04:30:59.403,2025-02-15 04:31:02.913,15.416,3.51,0.7959410401037557
163723,Acoustic,VPVF,acoustic,2025-02-15 04:42:58.328,2025-02-15 04:43:02.648,22.59,4.32,0.9071238747166432
163724,Acoustic,VPVF,acoustic,2025-02-15 04:54:57.260,2025-02-15 04:54:59.555,13.142,2.295,0.7495031801125128
163725,Acoustic,VPVF,acoustic,2025-02-15 06:20:33.463,2025-02-15 06:20:40.213,164.463,6.75,1.4847656993877132
163726,Acoustic,VPVF,acoustic,2025-02-15 08:44:55.125,2025-02-15 08:45:01.605,27.332,6.48,0.9625698460739354
163727,Acoustic,VPVF,acoustic,2025-02-15 08:50:45.328,2025-02-15 08:50:52.348,102.598,7.02,1.3474630595923194
163728,Acoustic,VPVF,acoustic,2025-02-15 09:06:11.923,2025-02-15 09:06:19.550,50.716,7.627,1.1424471454236165
163729,Acoustic,VPVF,acoustic,2025-02-15 09:24:53.193,2025-02-15 09:25:00.348,20.06,7.155,0.8725617222185477
163730,Acoustic,VPVF,acoustic,2025-02-15 09:51:59.518,2025-02-15 09:52:05.323,18.186,5.805,0.8440239151233482
163731,Acoustic,VPVF,acoustic,2025-02-15 09:56:27.193,2025-02-15 09:56:31.310,3.863,4.117,0.3932395544570296
163732,Acoustic,VPVF,acoustic,2025-02-15 09:59:54.260,2025-02-15 10:00:00.943,6.613,6.683,0.5496670102116678
163733,Acoustic,VPVF,acoustic,2025-02-15 10:00:51.530,2025-02-15 10:00:57.200,12.167,5.67,0.7270729503953618
163734,Acoustic,VPVF,acoustic,2025-02-15 10:02:49.328,2025-02-15 10:02:55.335,3.668,6.007,0.37816764908864897
163735,Acoustic,VPVF,acoustic,2025-02-15 10:08:02.328,2025-02-15 10:08:09.820,33.487,7.492,1.0216670822345375
163736,Acoustic,VPVF,acoustic,2025-02-15 10:11:48.260,2025-02-15 10:11:53.728,3.49,5.468,0.3636930360626506
163737,Acoustic,VPVF,acoustic,2025-02-15 10:13:34.530,2025-02-15 10:13:41.078,17.001,6.548,0.8244178931319762
163738,Acoustic,VPVF,acoustic,2025-02-15 10:14:14.990,2025-02-15 10:14:20.998,31.375,6.008,1.0027111021076935
163739,Acoustic,VPVF,acoustic,2025-02-15 10:17:06.395,2025-02-15 10:17:15.508,160.385,9.113,1.47745971147843
163740,Acoustic,VPVF,acoustic,2025-02-15 10:17:29.260,2025-02-15 10:17:35.538,10.134,6.278,0.6738732029696171
163741,Acoustic,VPVF,acoustic,2025-02-15 10:18:23.800,2025-02-15 10:18:30.078,5.227,6.278,0.4812291750654929
163742,Acoustic,VPVF,acoustic,2025-02-15 10:20:47.463,2025-02-15 10:20:54.483,9.845,7.02,0.6654545327176719
163743,Acoustic,VPVF,acoustic,2025-02-15 10:24:22.395,2025-02-15 10:24:28.335,4.989,5.94,0.46766904763925177
163744,Acoustic,VPVF,acoustic,2025-02-15 10:38:50.463,2025-02-15 10:38:55.998,5.526,5.535,0.49741528998893003
163745,Acoustic,VPVF,acoustic,2025-02-15 10:50:37.990,2025-02-15 10:50:44.673,8.952,6.683,0.6377864492585967
163746,Acoustic,VPVF,acoustic,2025-02-15 10:52:54.260,2025-02-15 10:53:04.453,329.586,10.193,1.68703906629149
163747,Acoustic,VPVF,acoustic,2025-02-15 10:55:59.058,2025-02-15 10:56:05.673,36.276,6.615,1.0449449934610462
163748,Acoustic,VPVF,acoustic,2025-02-15 10:59:53.058,2025-02-15 10:59:58.458,4.974,5.4,0.46679287322572455
163749,Acoustic,VPVF,acoustic,2025-02-15 11:04:06.260,2025-02-15 11:04:11.323,15.871,5.063,0.8044048754018501
163750,Acoustic,VPVF,acoustic,2025-02-15 11:59:01.598,2025-02-15 11:59:09.090,66.767,7.492,1.222456448068349
163751,Acoustic,VPVF,acoustic,2025-02-15 12:08:26.800,2025-02-15 12:08:34.765,46.341,7.965,1.1161968188485951
163752,Acoustic,VPVF,acoustic,2025-02-15 12:16:50.653,2025-02-15 12:16:57.605,4.835,6.952,0.45854564054074376
163753,Acoustic,VPVF,acoustic,2025-02-15 12:17:10.395,2025-02-15 12:17:18.090,41.468,7.695,1.0838677702084967
163754,Acoustic,VPVF,acoustic,2025-02-15 12:18:05.855,2025-02-15 12:18:10.445,26.275,4.59,0.9510936255491875
163755,Acoustic,VPVF,acoustic,2025-02-15 12:19:43.990,2025-02-15 12:19:49.458,13.38,5.468,0.7547255959993089
163756,Acoustic,VPVF,acoustic,2025-02-15 12:22:11.260,2025-02-15 12:22:18.078,21.344,6.818,0.8906147941984249
163757,Acoustic,VPVF,acoustic,2025-02-15 12:26:36.855,2025-02-15 12:26:44.550,127.224,7.695,1.410061260778482
163758,Acoustic,VPVF,acoustic,2025-02-15 12:30:09.395,2025-02-15 12:30:15.403,45.066,6.008,1.1080788382837807
163759,Acoustic,VPVF,acoustic,2025-02-15 19:04:21.260,2025-02-15 19:04:27.133,49.416,5.873,1.1348912841808572
163760,Acoustic,VPVF,acoustic,2025-02-15 21:15:47.395,2025-02-15 21:15:54.753,102.396,7.358,1.3468896044257768
163761,Acoustic,VPVF,acoustic,2025-02-15 21:35:40.855,2025-02-15 21:35:47.673,116.552,6.818,1.3845682192965885
163762,Acoustic,VPVF,acoustic,2025-02-15 21:52:33.530,2025-02-15 21:52:40.010,63.272,6.48,1.2068117468971444
163763,Acoustic,VPVF,acoustic,2025-02-15 22:23:08.800,2025-02-15 22:23:13.863,16.993,5.063,0.8242809384655072
163764,Acoustic,VPVF,acoustic,2025-02-15 23:44:50.395,2025-02-15 23:44:55.863,55.161,5.468,1.1668935276302614
163765,Acoustic,VPVF,acoustic,2025-02-16 03:15:24.665,2025-02-16 03:15:28.378,4.895,3.713,0.46213430641323494
163768,Acoustic,VPVF,acoustic,2025-02-15 07:53:41.260,2025-02-15 07:53:47.268,19.605,6.008,0.8658857872462711
163769,Acoustic,VPVF,acoustic,2025-02-15 08:10:04.058,2025-02-15 08:10:08.715,16.821,4.657,0.8213207132481652
163770,Acoustic,VPVF,acoustic,2025-02-15 08:15:09.395,2025-02-15 08:15:15.200,133.733,5.805,1.4245798533828824
163771,Acoustic,VPVF,acoustic,2025-02-15 08:38:38.530,2025-02-15 08:38:44.875,21.07,6.345,0.8868552388574272
163772,Acoustic,VPVF,acoustic,2025-02-15 09:31:07.788,2025-02-15 09:31:13.458,24.599,5.67,0.9319146931731986
163773,Acoustic,VPVF,acoustic,2025-02-15 09:44:04.058,2025-02-15 09:44:09.120,4.308,5.062,0.4249647153993825
163774,Acoustic,VPVF,acoustic,2025-02-15 10:04:47.530,2025-02-15 10:04:52.728,2.07,5.198,0.21170013145613487
163775,Acoustic,VPVF,acoustic,2025-02-15 10:23:34.990,2025-02-15 10:23:39.918,1.62,4.928,0.14037505974356276
163776,Acoustic,VPVF,acoustic,2025-02-15 10:40:35.598,2025-02-15 10:40:39.310,7.862,3.712,0.6000071364543272
163777,Acoustic,VPVF,acoustic,2025-02-15 10:57:15.058,2025-02-15 10:57:20.255,0.803,5.197,-0.06384058466328375
163778,Acoustic,VPVF,acoustic,2025-02-15 11:09:15.328,2025-02-15 11:09:24.035,7.271,8.707,0.5772680769113898
163779,Acoustic,VPVF,acoustic,2025-02-15 11:37:32.868,2025-02-15 11:37:40.158,28.783,7.29,0.9776211586507039
163780,Acoustic,VPVF,acoustic,2025-02-15 11:38:32.935,2025-02-15 11:38:40.765,29.408,7.83,0.9838718781030316
163781,Acoustic,VPVF,acoustic,2025-02-15 11:55:15.180,2025-02-15 11:55:23.618,71.97,8.438,1.2442915068006204
163782,Acoustic,VPVF,acoustic,2025-02-15 20:52:15.450,2025-02-15 20:52:22.065,25.766,6.615,0.9454014916455825
163783,Acoustic,VPVF,acoustic,2025-02-16 02:40:15.210,2025-02-16 02:40:26.078,23.442,10.868,0.917896423277647
163784,Acoustic,VPVF,acoustic,2025-02-16 03:05:17.328,2025-02-16 03:05:23.065,4.8,5.737,0.4564316290416434
163785,Acoustic,VPVF,acoustic,2025-02-16 03:38:53.855,2025-02-16 03:39:00.605,20.272,6.75,0.8756207203513753
163786,Acoustic,VPVF,acoustic,2025-02-16 03:47:16.598,2025-02-16 03:47:23.415,17.145,6.817,0.8268721179321452
163787,Acoustic,VPVF,acoustic,2025-02-16 13:13:03.775,2025-02-16 13:13:09.918,74.445,6.143,1.2541298079495131
163788,Acoustic,VPVF,acoustic,2025-02-16 17:44:58.140,2025-02-16 17:45:14.160,3073.54,16.02,2.336718042589349
163790,Acoustic,VPVF,acoustic,2025-02-16 17:59:57.160,2025-02-16 18:00:04.090,117.16,6.93,1.3860821732164061
163791,Acoustic,VPVF,acoustic,2025-02-16 18:04:30.250,2025-02-16 18:04:32.500,9.585,2.25,0.6576667185334346
163792,Acoustic,VPVF,acoustic,2025-02-16 18:06:25.620,2025-02-16 18:06:31.380,45.375,5.76,1.1100671474895931
163793,Acoustic,VPVF,acoustic,2025-02-16 18:11:19.440,2025-02-16 18:11:24.210,22.547,4.77,0.9065694724387454
163794,Acoustic,VPVF,acoustic,2025-02-16 18:11:54.620,2025-02-16 18:11:59.480,1.462,4.86,0.1105147396566339
163795,Acoustic,VPVF,acoustic,2025-02-16 18:14:13.440,2025-02-16 18:14:18.300,17.417,4.86,0.8314521457328027
163796,Acoustic,VPVF,acoustic,2025-02-16 18:15:33.160,2025-02-16 18:15:38.380,18.534,5.22,0.8495393363190132
163797,Acoustic,VPVF,acoustic,2025-02-16 18:17:30.160,2025-02-16 18:17:35.290,14.594,5.13,0.7799968090841546
163798,Acoustic,VPVF,acoustic,2025-02-16 18:19:51.520,2025-02-16 18:19:59.980,99.0,8.46,1.3370755803803585
163799,Acoustic,VPVF,acoustic,2025-02-16 18:24:22.880,2025-02-16 18:24:28.730,10.285,5.85,0.6781768783405978
163800,Acoustic,VPVF,acoustic,2025-02-16 18:25:47.240,2025-02-16 18:25:52.820,17.421,5.58,0.8315189641045011
163801,Acoustic,VPVF,acoustic,2025-02-16 18:31:50.800,2025-02-16 18:31:55.930,6.327,5.13,0.5368025490876297
163802,Acoustic,VPVF,acoustic,2025-02-16 18:36:25.800,2025-02-16 18:36:32.730,8.764,6.93,0.6316105871554074
163803,Acoustic,VPVF,acoustic,2025-02-16 18:37:13.250,2025-02-16 18:37:19.820,0.611,6.57,-0.14335238913748866
163804,Acoustic,VPVF,acoustic,2025-02-16 18:37:52.800,2025-02-16 18:37:58.740,142.289,5.94,1.442624789212132
163805,Acoustic,VPVF,acoustic,2025-02-16 18:42:11.780,2025-02-16 18:42:21.770,5.194,9.99,0.47938630334650023
163806,Acoustic,VPVF,acoustic,2025-02-16 18:51:44.800,2025-02-16 18:51:50.200,5.333,5.4,0.48707096106752734
163807,Acoustic,VPVF,acoustic,2025-02-16 18:57:00.340,2025-02-16 18:57:08.890,9.822,8.55,0.664773952963042
163808,Acoustic,VPVF,acoustic,2025-02-16 18:57:38.610,2025-02-16 18:57:45.450,12.049,6.84,0.7242371729342538
163809,Acoustic,VPVF,acoustic,2025-02-16 18:59:31.060,2025-02-16 18:59:36.820,6.149,5.76,0.5284990103399144
163810,Acoustic,VPVF,acoustic,2025-02-16 19:00:25.250,2025-02-16 19:00:29.840,3.6,4.59,0.3727226755140825
163826,Acoustic,VPVF,acoustic,2025-02-17 11:19:07.620,2025-02-17 11:19:16.260,1165.109,8.64,2.054465593204901
163831,Acoustic,VPVF,acoustic,2025-02-17 00:19:51.665,2025-02-17 00:19:59.225,102.738,7.56,1.347859841731982
163832,Acoustic,VPVF,acoustic,2025-02-17 00:34:10.923,2025-02-17 00:34:19.293,457.364,8.37,1.7823755248996365
163833,Acoustic,VPVF,acoustic,2025-02-17 02:27:00.125,2025-02-17 02:27:09.103,373.774,8.978,1.7236480891230284
163834,Acoustic,VPVF,acoustic,2025-02-17 02:40:11.518,2025-02-17 02:40:19.415,103.861,7.897,1.3510231748501744
163835,Acoustic,VPVF,acoustic,2025-02-17 03:06:49.003,2025-02-17 03:06:57.035,528.137,8.032,1.824240218096996
163836,Acoustic,VPVF,acoustic,2025-02-17 03:37:24.665,2025-02-17 03:37:33.103,267.703,8.438,1.6265276695358029
163837,Acoustic,VPVF,acoustic,2025-02-17 03:57:07.923,2025-02-17 03:57:17.035,316.502,9.112,1.6752522273300845
163838,Acoustic,VPVF,acoustic,2025-02-17 04:05:57.733,2025-02-17 04:06:05.158,52.893,7.425,1.154676794102995
163839,Acoustic,VPVF,acoustic,2025-02-17 04:20:46.923,2025-02-17 04:20:54.415,47.933,7.492,1.1260251894960773
163840,Acoustic,VPVF,acoustic,2025-02-17 04:36:09.665,2025-02-17 04:36:17.428,368.148,7.763,1.7192350384661728
163841,Acoustic,VPVF,acoustic,2025-02-17 04:51:36.733,2025-02-17 04:51:44.563,230.722,7.83,1.5832696351668134
163842,Acoustic,VPVF,acoustic,2025-02-17 05:00:31.665,2025-02-17 05:00:39.833,74.596,8.168,1.2547194119882348
163843,Acoustic,VPVF,acoustic,2025-02-17 05:29:52.855,2025-02-17 05:30:00.483,268.381,7.628,1.6272636837296095
163844,Acoustic,VPVF,acoustic,2025-02-17 05:40:22.058,2025-02-17 05:40:28.403,39.558,6.345,1.070146998505322
163845,Acoustic,VPVF,acoustic,2025-02-17 05:48:55.923,2025-02-17 05:49:04.495,133.325,8.572,1.4236907668777927
163846,Acoustic,VPVF,acoustic,2025-02-17 06:15:07.328,2025-02-17 06:15:16.508,741.926,9.18,1.9231415957900504
163847,Acoustic,VPVF,acoustic,2025-02-17 06:31:23.395,2025-02-17 06:31:31.225,833.698,7.83,1.957075868963786
163848,Acoustic,VPVF,acoustic,2025-02-17 06:45:18.788,2025-02-17 06:45:25.133,220.558,6.345,1.5701602860315629
163849,Acoustic,VPVF,acoustic,2025-02-17 07:06:34.598,2025-02-17 07:06:42.428,389.414,7.83,1.7355757458588252
163850,Acoustic,VPVF,acoustic,2025-02-17 07:17:08.193,2025-02-17 07:17:15.955,214.556,7.762,1.5621322448566848
163851,Acoustic,VPVF,acoustic,2025-02-17 07:41:59.395,2025-02-17 07:42:10.398,314.395,11.003,1.6733086724977053
163852,Acoustic,VPVF,acoustic,2025-02-17 10:23:20.193,2025-02-17 10:23:28.158,2066.862,7.965,2.2212586920503488
163853,Acoustic,VPVF,acoustic,2025-02-17 10:52:59.058,2025-02-17 10:53:07.158,325.441,8.1,1.6833564180355007
163854,Acoustic,VPVF,acoustic,2025-02-17 11:00:14.855,2025-02-17 11:00:23.023,449.521,8.168,1.7773424900941543
163855,Acoustic,VPVF,acoustic,2025-02-17 11:38:09.125,2025-02-17 11:38:17.293,571.997,8.168,1.847453813182589
163856,Acoustic,VPVF,acoustic,2025-02-17 11:57:55.665,2025-02-17 11:58:05.048,3366.905,9.383,2.363244677931385
163857,Acoustic,VPVF,acoustic,2025-02-17 08:23:33.605,2025-02-17 08:23:44.135,1100.147,10.53,2.037771981606664
163859,Acoustic,VPVF,acoustic,2025-02-17 12:02:23.788,2025-02-17 12:02:30.875,1008.685,7.087,2.012516226908235
163860,Acoustic,VPVF,acoustic,2025-02-17 12:02:31.888,2025-02-17 12:02:40.325,1613.545,8.437,2.149213324876688
163861,Acoustic,VPVF,acoustic,2025-02-17 12:10:56.598,2025-02-17 12:11:03.348,956.228,6.75,1.9969761758115347
163862,Acoustic,VPVF,acoustic,2025-02-17 12:35:12.058,2025-02-17 12:35:22.318,1219.691,10.26,2.067787378867732
163863,Acoustic,VPVF,acoustic,2025-02-17 12:46:06.193,2025-02-17 12:46:15.373,786.622,9.18,1.9401632792661139
163864,Acoustic,VPVF,acoustic,2025-02-17 12:59:18.125,2025-02-17 12:59:24.875,752.062,6.75,1.9270899423574703
163865,Acoustic,VPVF,acoustic,2025-02-17 13:23:25.665,2025-02-17 13:23:32.348,869.875,6.683,1.969436089167058
163866,Acoustic,VPVF,acoustic,2025-02-17 13:48:15.193,2025-02-17 13:48:23.833,4120.424,8.64,2.4220110784384294
163867,Acoustic,VPVF,acoustic,2025-02-17 14:33:54.665,2025-02-17 14:34:02.563,5185.367,7.898,2.488902264650308
163868,Acoustic,VPVF,acoustic,2025-02-17 14:44:54.193,2025-02-17 14:45:01.213,918.879,7.02,1.9853830786224964
163869,Acoustic,VPVF,acoustic,2025-02-17 14:52:48.058,2025-02-17 14:52:54.673,129.155,6.615,1.4144445199142894
163870,Acoustic,VPVF,acoustic,2025-02-17 15:16:47.395,2025-02-17 15:16:53.943,929.691,6.548,1.9887868799108255
163871,Acoustic,VPVF,acoustic,2025-02-17 15:22:22.463,2025-02-17 15:22:29.483,81.63,7.02,1.2809393636546116
163872,Acoustic,VPVF,acoustic,2025-02-17 15:58:45.598,2025-02-17 15:58:52.888,673.738,7.29,1.8950889988172586
163873,Acoustic,VPVF,acoustic,2025-02-17 16:05:20.248,2025-02-17 16:05:26.795,1659.016,6.547,2.157299884913836
163874,Acoustic,VPVF,acoustic,2025-02-17 16:26:48.463,2025-02-17 16:26:55.888,1733.821,7.425,2.170132853404072
163875,Acoustic,VPVF,acoustic,2025-02-17 17:09:46.395,2025-02-17 17:09:52.538,1459.2,6.143,2.1199569300595087
163876,Acoustic,VPVF,acoustic,2025-02-17 17:18:40.463,2025-02-17 17:18:45.053,137.996,4.59,1.4337105536418715
163877,Acoustic,VPVF,acoustic,2025-02-17 17:26:38.395,2025-02-17 17:26:46.023,1389.485,7.628,2.105712088056262
163878,Acoustic,VPVF,acoustic,2025-02-17 17:34:00.868,2025-02-17 17:34:09.035,1215.707,8.167,2.0668353746296235
163879,Acoustic,VPVF,acoustic,2025-02-17 17:45:19.383,2025-02-17 17:45:25.525,1187.732,6.142,2.060061366482744
163880,Acoustic,VPVF,acoustic,2025-02-17 18:20:08.058,2025-02-17 18:20:11.703,193.831,3.645,1.5325735683537023
163881,Acoustic,VPVF,acoustic,2025-02-17 18:34:39.733,2025-02-17 18:34:46.888,145.608,7.155,1.4493341085592883
163882,Acoustic,VPVF,acoustic,2025-02-17 18:41:39.015,2025-02-17 18:41:46.035,2745.919,7.02,2.303920773828215
163883,Acoustic,VPVF,acoustic,2025-02-17 18:50:05.665,2025-02-17 18:50:12.415,722.545,6.75,1.9154394830465993
163884,Acoustic,VPVF,acoustic,2025-02-17 19:02:34.868,2025-02-17 19:02:42.495,363.51,7.627,1.71554596294824
163885,Acoustic,VPVF,acoustic,2025-02-17 19:17:06.598,2025-02-17 19:17:14.293,484.642,7.695,1.799232102307723
163886,Acoustic,VPVF,acoustic,2025-02-17 19:25:49.585,2025-02-17 19:25:58.563,184.346,8.978,1.5179745914487281
163887,Acoustic,VPVF,acoustic,2025-02-17 19:35:57.585,2025-02-17 19:36:04.133,778.642,6.548,1.9371963433439514
163888,Acoustic,VPVF,acoustic,2025-02-17 20:05:12.720,2025-02-17 20:05:19.065,311.22,6.345,1.6703552239127433
163889,Acoustic,VPVF,acoustic,2025-02-17 20:34:04.665,2025-02-17 20:34:11.483,65.26,6.818,1.2158135365327436
163890,Acoustic,VPVF,acoustic,2025-02-17 20:38:52.800,2025-02-17 20:39:02.385,189.426,9.585,1.525884524371565
163891,Acoustic,VPVF,acoustic,2025-02-17 20:43:21.260,2025-02-17 20:43:28.010,247.311,6.75,1.6034731004576148
163892,Acoustic,VPVF,acoustic,2025-02-17 20:52:34.855,2025-02-17 20:52:43.023,700.341,8.168,1.9063573998098025
163893,Acoustic,VPVF,acoustic,2025-02-17 21:10:03.923,2025-02-17 21:10:10.740,532.791,6.817,1.8267931096300474
163894,Acoustic,VPVF,acoustic,2025-02-17 21:19:38.395,2025-02-17 21:19:44.335,458.728,5.94,1.7832420172048107
163895,Acoustic,VPVF,acoustic,2025-02-17 21:28:38.800,2025-02-17 21:28:45.550,1022.865,6.75,2.0165782732889728
163896,Acoustic,VPVF,acoustic,2025-02-17 21:53:10.800,2025-02-17 21:53:17.280,1560.556,6.48,2.1394971697158347
163897,Acoustic,VPVF,acoustic,2025-02-17 22:01:45.070,2025-02-17 22:01:50.335,45.858,5.265,1.113148123678974
163898,Acoustic,VPVF,acoustic,2025-02-17 22:21:14.463,2025-02-17 22:21:20.200,237.621,5.737,1.591842828881598
163899,Acoustic,VPVF,acoustic,2025-02-17 22:27:41.260,2025-02-17 22:27:48.753,80.41,7.493,1.2765577416177774
163900,Acoustic,VPVF,acoustic,2025-02-17 22:45:44.665,2025-02-17 22:45:51.685,286.477,7.02,1.6462501392511584
163901,Acoustic,VPVF,acoustic,2025-02-17 22:58:55.463,2025-02-17 22:59:03.563,427.585,8.1,1.7627850491583348
163902,Acoustic,VPVF,acoustic,2025-02-17 23:14:15.923,2025-02-17 23:14:23.145,42.916,7.222,1.0938548885348092
163903,Acoustic,VPVF,acoustic,2025-02-17 23:20:12.990,2025-02-17 23:20:20.415,358.098,7.425,1.711181269955856
163913,Acoustic,VPVF,acoustic,2025-02-17 23:49:57.733,2025-02-17 23:50:06.913,1219.568,9.18,2.067758033719649
163914,Acoustic,VPVF,acoustic,2025-02-18 00:07:45.788,2025-02-18 00:07:53.618,126.709,7.83,1.40888100050165
163915,Acoustic,VPVF,acoustic,2025-02-18 00:11:39.058,2025-02-18 00:11:46.415,395.256,7.357,1.7399085757440764
163916,Acoustic,VPVF,acoustic,2025-02-18 00:21:45.855,2025-02-18 00:21:56.723,263.846,10.868,1.6223048447169606
163917,Acoustic,VPVF,acoustic,2025-02-18 00:38:34.463,2025-02-18 00:38:42.023,42.392,7.56,1.090280217359203
163918,Acoustic,VPVF,acoustic,2025-02-18 12:48:18.855,2025-02-18 12:48:26.955,76.797,8.1,1.2631806508982157
163931,Acoustic,VPVF,acoustic,2025-02-18 17:14:36.620,2025-02-18 17:14:44.990,883.536,8.37,1.973970247293672
163932,Acoustic,VPVF,acoustic,2025-02-18 18:40:33.720,2025-02-18 18:40:41.460,204.237,7.74,1.5477900631223702
163924,Eruption,VPVF,acoustic,2025-02-18 06:11:07.710,2025-02-18 06:11:29.880,16531.269,22.17,2.826265149220426
163933,Acoustic,VPVF,acoustic,2025-02-18 19:38:28.290,2025-02-18 19:38:41.430,262.713,13.14,1.6210526477439982
163950,Acoustic,VPVF,acoustic,2025-02-18 20:17:03.990,2025-02-18 20:17:09.480,346.145,5.49,1.7013029020022525
163951,Acoustic,VPVF,acoustic,2025-02-18 20:46:31.450,2025-02-18 20:46:40.270,35.168,8.82,1.0359189393980757
163952,Acoustic,VPVF,acoustic,2025-02-18 21:13:27.350,2025-02-18 21:13:38.510,766.331,11.16,1.932558984118595
163953,Acoustic,VPVF,acoustic,2025-02-18 21:37:06.730,2025-02-18 21:37:17.440,74.459,10.71,1.254184523501174
163954,Acoustic,VPVF,acoustic,2025-02-18 22:16:21.440,2025-02-18 22:16:31.070,389.845,9.63,1.7358976188954596
163955,Acoustic,VPVF,acoustic,2025-02-18 22:20:33.890,2025-02-18 22:20:42.530,323.629,8.64,1.6817317789595043
163956,Acoustic,VPVF,acoustic,2025-02-18 22:27:44.710,2025-02-18 22:27:52.090,80.691,7.38,1.2775728154537969
163957,Acoustic,VPVF,acoustic,2025-02-18 23:20:29.630,2025-02-18 23:20:38.270,297.519,8.64,1.6572548527742512
163958,Acoustic,VPVF,acoustic,2025-02-19 02:52:37.720,2025-02-19 02:52:46.000,164.363,8.28,1.4845887198837533
163959,Acoustic,VPVF,acoustic,2025-02-19 03:38:55.530,2025-02-19 03:39:05.250,1798.417,9.72,2.180776567456525
163960,Acoustic,VPVF,acoustic,2025-02-19 05:00:46.350,2025-02-19 05:00:53.910,1403.899,7.56,2.1087150293409866
163961,Acoustic,VPVF,acoustic,2025-02-19 07:12:55.450,2025-02-19 07:13:04.270,736.213,8.82,1.9208923328872851
163962,Acoustic,VPVF,acoustic,2025-02-19 07:48:15.710,2025-02-19 07:48:25.070,667.892,9.36,1.8925531818206323
163963,Acoustic,VPVF,acoustic,2025-02-19 08:01:12.350,2025-02-19 08:01:19.010,35.879,6.66,1.041743021180954
163964,Acoustic,VPVF,acoustic,2025-02-19 08:16:55.440,2025-02-19 08:17:02.730,122.697,7.29,1.3995187425806355
163965,Acoustic,VPVF,acoustic,2025-02-19 08:47:34.450,2025-02-19 08:47:42.730,165.18,8.28,1.4860314993905726
163966,Acoustic,VPVF,acoustic,2025-02-19 08:57:58.530,2025-02-19 08:58:06.720,153.106,8.19,1.4639447809657964
163967,Acoustic,VPVF,acoustic,2025-02-19 09:41:15.710,2025-02-19 09:41:24.350,597.288,8.64,1.8600431389694216
163968,Acoustic,VPVF,acoustic,2025-02-19 09:45:09.080,2025-02-19 09:45:17.990,175.43,8.91,1.5035495884622605
163969,Acoustic,VPVF,acoustic,2025-02-19 09:57:40.350,2025-02-19 09:57:48.990,72.77,8.64,1.2475080911973728
163970,Acoustic,VPVF,acoustic,2025-02-19 10:05:38.810,2025-02-19 10:05:46.370,94.944,7.56,1.324903241506621
163971,Acoustic,VPVF,acoustic,2025-02-19 10:07:59.710,2025-02-19 10:08:07.270,49.656,7.56,1.1363010606928183
163972,Acoustic,VPVF,acoustic,2025-02-19 10:16:14.080,2025-02-19 10:16:21.190,105.108,7.11,1.3544959675013684
163973,Acoustic,VPVF,acoustic,2025-02-19 10:36:52.530,2025-02-19 10:37:00.990,361.839,8.46,1.7142053009131224
163974,Acoustic,VPVF,acoustic,2025-02-19 10:47:50.990,2025-02-19 10:47:59.270,210.176,8.28,1.5561306920289646
163975,Acoustic,VPVF,acoustic,2025-02-19 11:25:53.990,2025-02-19 11:26:00.830,98.028,6.84,1.3342045952118589
163976,Acoustic,VPVF,acoustic,2025-02-19 11:31:25.710,2025-02-19 11:31:35.880,1571.411,10.17,2.141514158572972
163977,Acoustic,VPVF,acoustic,2025-02-19 11:33:17.070,2025-02-19 11:33:25.350,152.024,8.28,1.4618811440809032
163978,Acoustic,VPVF,acoustic,2025-02-19 11:55:53.170,2025-02-19 11:56:02.170,624.078,9.0,1.8728100449770126
163979,Acoustic,VPVF,acoustic,2025-02-19 12:17:10.080,2025-02-19 12:17:18.360,119.279,8.28,1.3912978729403402
163980,Acoustic,VPVF,acoustic,2025-02-19 12:27:04.990,2025-02-19 12:27:15.520,128.007,10.53,1.4118465920502223
163981,Acoustic,VPVF,acoustic,2025-02-19 12:27:15.610,2025-02-19 12:27:23.890,57.401,8.28,1.1784760371534762
163984,Acoustic,VPVF,acoustic,2025-02-19 13:33:13.360,2025-02-19 13:33:21.640,134.695,8.28,1.426665487994702
163985,Acoustic,VPVF,acoustic,2025-02-19 14:05:01.710,2025-02-19 14:05:07.650,24.819,5.94,0.934505466961515
163986,Acoustic,VPVF,acoustic,2025-02-19 17:28:20.810,2025-02-19 17:28:29.450,30.989,8.64,0.9991090665353803
163987,Acoustic,VPVF,acoustic,2025-02-19 17:40:36.170,2025-02-19 17:40:49.310,1177.405,13.14,2.057520336763749
163988,Acoustic,VPVF,acoustic,2025-02-19 17:55:26.350,2025-02-19 17:55:40.030,271.351,13.68,1.63046605569346
163989,Acoustic,VPVF,acoustic,2025-02-19 18:10:40.440,2025-02-19 18:10:50.250,110.524,9.81,1.3691159181021615
163990,Acoustic,VPVF,acoustic,2025-02-19 18:52:13.430,2025-02-19 18:52:22.250,36.015,8.82,1.0428438908055149
163991,Acoustic,VPVF,acoustic,2025-02-19 19:08:24.170,2025-02-19 19:08:32.270,15.207,8.1,0.7919691757818531
163992,Acoustic,VPVF,acoustic,2025-02-19 19:23:03.170,2025-02-19 19:23:10.370,65.516,7.2,1.2169527407397036
163993,Acoustic,VPVF,acoustic,2025-02-19 19:35:46.630,2025-02-19 19:35:58.510,77.398,11.88,1.2654489247670384
163994,Acoustic,VPVF,acoustic,2025-02-19 19:44:10.530,2025-02-19 19:44:20.250,25.549,9.72,0.9429405172283727
163995,Acoustic,VPVF,acoustic,2025-02-19 19:52:34.800,2025-02-19 19:52:47.040,111.324,12.24,1.3712144977722156
163996,Acoustic,VPVF,acoustic,2025-02-19 19:53:58.890,2025-02-19 19:54:09.960,156.203,11.07,1.4697718782915443
163997,Acoustic,VPVF,acoustic,2025-02-19 20:03:25.800,2025-02-19 20:03:35.610,10.363,9.81,0.6803752837634849
163998,Acoustic,VPVF,acoustic,2025-02-19 20:06:01.080,2025-02-19 20:06:07.650,1.444,6.57,0.10691001946652559
163999,Acoustic,VPVF,acoustic,2025-02-19 20:08:52.350,2025-02-19 20:09:00.810,5.946,8.46,0.5187306862621757
164000,Acoustic,VPVF,acoustic,2025-02-19 20:13:39.080,2025-02-19 20:13:47.270,149.669,8.19,1.4573383441691683
164001,Acoustic,VPVF,acoustic,2025-02-19 20:26:26.440,2025-02-19 20:26:35.890,95.042,9.45,1.3252034297121826
164002,Acoustic,VPVF,acoustic,2025-02-19 20:31:28.450,2025-02-19 20:31:41.050,121.997,12.6,1.3978539312845275
164003,Acoustic,VPVF,acoustic,2025-02-19 20:45:19.170,2025-02-19 20:45:29.250,631.589,10.08,1.876291153565393
164004,Acoustic,VPVF,acoustic,2025-02-19 20:46:54.440,2025-02-19 20:47:00.920,18.06,6.48,0.8420008898049163
164005,Acoustic,VPVF,acoustic,2025-02-19 20:47:02.450,2025-02-19 20:47:09.830,24.525,7.38,0.9310380407548308
164006,Acoustic,VPVF,acoustic,2025-02-19 20:48:27.710,2025-02-19 20:48:38.150,20.409,10.44,0.877580556205754
164007,Acoustic,VPVF,acoustic,2025-02-19 20:49:31.710,2025-02-19 20:49:42.330,68.007,10.62,1.2278109235174417
164008,Acoustic,VPVF,acoustic,2025-02-19 21:10:39.990,2025-02-19 21:10:47.730,16.486,7.74,0.8154672479901484
164009,Acoustic,VPVF,acoustic,2025-02-19 21:14:17.440,2025-02-19 21:14:26.530,7.382,9.09,0.5816766073759577
164010,Acoustic,VPVF,acoustic,2025-02-19 21:16:31.070,2025-02-19 21:16:47.450,102.076,16.38,1.3459788409673197
164011,Acoustic,VPVF,acoustic,2025-02-19 21:50:22.080,2025-02-19 21:50:34.050,320.796,11.97,1.6791733927715837
164012,Acoustic,VPVF,acoustic,2025-02-19 21:59:59.350,2025-02-19 22:00:13.030,26.156,13.68,0.9497727902227868
164013,Acoustic,VPVF,acoustic,2025-02-19 22:07:07.810,2025-02-19 22:07:17.530,51.168,9.72,1.1450289561843143
164014,Acoustic,VPVF,acoustic,2025-02-19 22:10:42.440,2025-02-19 22:10:51.710,82.247,9.27,1.2831304440892861
164015,Acoustic,VPVF,acoustic,2025-02-19 22:18:53.530,2025-02-19 22:19:03.880,106.141,10.35,1.3573417272417563
164016,Acoustic,VPVF,acoustic,2025-02-19 22:22:03.990,2025-02-19 22:22:10.830,3.17,6.84,0.3357097056858935
164017,Acoustic,VPVF,acoustic,2025-02-19 22:24:58.440,2025-02-19 22:25:04.470,7.737,6.03,0.5953436398945919
164018,Acoustic,VPVF,acoustic,2025-02-19 22:25:26.890,2025-02-19 22:25:33.010,20.199,6.12,0.8745710123556973
164019,Acoustic,VPVF,acoustic,2025-02-19 22:30:59.350,2025-02-19 22:31:07.090,8.041,7.74,0.6065577416177773
164020,Acoustic,VPVF,acoustic,2025-02-20 01:38:59.440,2025-02-20 01:39:11.950,333.772,12.51,1.6907114337238558
164021,Acoustic,VPVF,acoustic,2025-02-19 22:35:26.150,2025-02-19 22:35:36.230,27.885,10.08,0.9683983347144786
164022,Acoustic,VPVF,acoustic,2025-02-19 22:37:42.050,2025-02-19 22:37:50.870,29.82,8.82,0.9879201182083739
164023,Acoustic,VPVF,acoustic,2025-02-19 22:38:47.680,2025-02-19 22:38:57.670,193.895,9.99,1.5326696287032953
164024,Acoustic,VPVF,acoustic,2025-02-19 22:43:19.240,2025-02-19 22:43:28.240,118.823,9.0,1.3901833437693787
164025,Acoustic,VPVF,acoustic,2025-02-19 22:44:28.330,2025-02-19 22:44:37.150,391.273,8.82,1.7369615197437538
164026,Acoustic,VPVF,acoustic,2025-02-19 22:46:09.710,2025-02-19 22:46:17.360,26.81,7.65,0.9569588653685294
164027,Acoustic,VPVF,acoustic,2025-02-19 23:00:10.710,2025-02-19 23:00:19.080,7.597,8.37,0.590030224690871
164028,Acoustic,VPVF,acoustic,2025-02-19 23:02:35.080,2025-02-19 23:02:43.000,9.377,7.92,0.651282823725375
164029,Acoustic,VPVF,acoustic,2025-02-19 23:04:49.990,2025-02-19 23:04:57.730,70.936,7.74,1.240080685955977
164030,Acoustic,VPVF,acoustic,2025-02-19 23:07:08.170,2025-02-19 23:07:16.990,28.042,8.82,0.9700320199311157
164031,Acoustic,VPVF,acoustic,2025-02-19 23:08:39.530,2025-02-19 23:08:47.090,92.013,7.56,1.3157789577748507
164032,Acoustic,VPVF,acoustic,2025-02-19 23:08:58.350,2025-02-19 23:09:06.270,95.957,7.92,1.32799136335492
164033,Acoustic,VPVF,acoustic,2025-02-19 23:11:08.170,2025-02-19 23:11:17.080,41.96,8.91,1.0872997712794186
164034,Acoustic,VPVF,acoustic,2025-02-19 23:12:06.810,2025-02-19 23:12:13.560,7.752,6.75,0.595907221908615
164035,Acoustic,VPVF,acoustic,2025-02-19 23:19:58.810,2025-02-19 23:20:14.920,80.176,16.11,1.2757097382169291
164036,Acoustic,VPVF,acoustic,2025-02-19 23:24:19.080,2025-02-19 23:24:27.270,32.431,8.19,1.0123434279456662
164037,Acoustic,VPVF,acoustic,2025-02-19 23:29:48.810,2025-02-19 23:29:58.440,51.85,9.63,1.1488816696857902
164038,Acoustic,VPVF,acoustic,2025-02-19 23:32:21.170,2025-02-19 23:32:29.810,201.806,8.64,1.5443058298009682
164039,Acoustic,VPVF,acoustic,2025-02-19 23:43:02.630,2025-02-19 23:43:12.800,11.82,10.17,0.7186537092853085
164040,Acoustic,VPVF,acoustic,2025-02-19 23:50:52.350,2025-02-19 23:51:01.530,10.415,9.18,0.6818317137701224
164041,Acoustic,VPVF,acoustic,2025-02-19 23:51:23.530,2025-02-19 23:51:33.880,29.706,10.35,0.9868055983991356
164042,Acoustic,VPVF,acoustic,2025-02-19 23:56:05.530,2025-02-19 23:56:14.800,12.063,9.27,0.7245750696411244
164043,Acoustic,VPVF,acoustic,2025-02-19 23:58:31.990,2025-02-19 23:58:40.000,7.58,8.01,0.5893783677734759
164044,Acoustic,VPVF,acoustic,2025-02-19 23:59:17.150,2025-02-19 23:59:25.790,49.291,8.64,1.13415431147775
164045,Acoustic,VPVF,acoustic,2025-02-20 00:02:55.890,2025-02-20 00:03:04.080,99.769,8.19,1.3393270648907236
164046,Acoustic,VPVF,acoustic,2025-02-20 00:04:54.710,2025-02-20 00:05:04.070,7.652,9.36,0.592129224108023
164047,Acoustic,VPVF,acoustic,2025-02-20 00:06:02.250,2025-02-20 00:06:09.360,4.923,7.11,0.4637939899677463
164048,Acoustic,VPVF,acoustic,2025-02-20 00:06:28.530,2025-02-20 00:06:41.670,28.486,13.14,0.9746030848681029
164049,Acoustic,VPVF,acoustic,2025-02-20 00:07:15.350,2025-02-20 00:07:23.360,219.651,8.01,1.5689612338215133
164050,Acoustic,VPVF,acoustic,2025-02-20 00:12:18.170,2025-02-20 00:12:28.970,137.128,10.8,1.4318745150782195
164051,Acoustic,VPVF,acoustic,2025-02-20 00:17:14.250,2025-02-20 00:17:22.710,65.174,8.46,1.2154298321048573
164052,Acoustic,VPVF,acoustic,2025-02-20 00:17:29.530,2025-02-20 00:17:38.890,15.708,9.36,0.801400998040915
164053,Acoustic,VPVF,acoustic,2025-02-20 00:26:24.440,2025-02-20 00:26:32.810,17.145,8.37,0.8268721179321452
164054,Acoustic,VPVF,acoustic,2025-02-20 00:38:28.990,2025-02-20 00:38:36.910,15.562,7.92,0.7986838253561257
164055,Acoustic,VPVF,acoustic,2025-02-20 00:39:58.530,2025-02-20 00:40:06.000,6.433,7.47,0.5416370794382467
164056,Acoustic,VPVF,acoustic,2025-02-20 00:53:15.810,2025-02-20 00:53:25.170,51.413,9.36,1.146418873903107
164057,Acoustic,VPVF,acoustic,2025-02-20 00:56:16.170,2025-02-20 00:56:24.450,8.976,8.28,0.6385655054210978
164058,Acoustic,VPVF,acoustic,2025-02-20 01:04:37.270,2025-02-20 01:04:44.650,5.135,7.38,0.476062100115309
164059,Acoustic,VPVF,acoustic,2025-02-20 01:08:44.360,2025-02-20 01:08:53.090,5.022,8.73,0.46958739461252547
164060,Acoustic,VPVF,acoustic,2025-02-20 01:14:49.080,2025-02-20 01:14:57.450,26.656,8.37,0.9552826364168847
164061,Acoustic,VPVF,acoustic,2025-02-20 01:17:10.710,2025-02-20 01:17:20.970,139.237,10.26,1.4363156204616199
164062,Acoustic,VPVF,acoustic,2025-02-20 01:17:37.890,2025-02-20 01:17:46.530,26.457,8.64,0.9531022002062263
164063,Acoustic,VPVF,acoustic,2025-02-20 01:20:27.630,2025-02-20 01:20:35.640,12.031,8.01,0.723802156951921
164064,Acoustic,VPVF,acoustic,2025-02-20 01:27:39.810,2025-02-20 01:27:49.710,2.799,9.9,0.2994919419723288
164065,Acoustic,VPVF,acoustic,2025-02-20 01:35:28.350,2025-02-20 01:35:37.170,21.294,8.82,0.8899323573199285
164066,Acoustic,VPVF,acoustic,2025-02-20 01:43:48.720,2025-02-20 01:43:57.990,31.809,9.27,1.0067085108050253
164067,Acoustic,VPVF,acoustic,2025-02-20 01:48:24.350,2025-02-20 01:48:34.430,20.628,10.08,0.8806862722322338
164068,Acoustic,VPVF,acoustic,2025-02-20 01:57:56.810,2025-02-20 01:58:07.610,31.571,10.8,1.004523186614524
164069,Acoustic,VPVF,acoustic,2025-02-20 02:02:52.350,2025-02-20 02:03:03.510,34.391,11.16,1.0294180187798827
164070,Acoustic,VPVF,acoustic,2025-02-20 02:05:18.070,2025-02-20 02:05:28.870,295.862,10.8,1.655629756439447
164071,Acoustic,VPVF,acoustic,2025-02-20 02:08:23.710,2025-02-20 02:08:35.320,345.958,11.61,1.7011456631029507
164072,Acoustic,VPVF,acoustic,2025-02-20 02:17:20.350,2025-02-20 02:17:29.800,221.218,9.45,1.571029709281245
164073,Acoustic,VPVF,acoustic,2025-02-20 02:21:21.990,2025-02-20 02:21:31.710,118.895,9.72,1.3903596061176036
164074,Acoustic,VPVF,acoustic,2025-02-20 02:26:22.070,2025-02-20 02:26:30.080,82.815,8.01,1.285133034151199
164075,Acoustic,VPVF,acoustic,2025-02-20 02:35:11.160,2025-02-20 02:35:20.430,223.705,9.27,1.5742827130115067
164076,Acoustic,VPVF,acoustic,2025-02-20 02:42:17.350,2025-02-20 02:42:25.630,33.209,8.28,1.0192413847814863
164077,Acoustic,VPVF,acoustic,2025-02-20 02:46:02.990,2025-02-20 02:46:11.090,20.931,8.1,0.8849292850582001
164078,Acoustic,VPVF,acoustic,2025-02-20 02:54:56.710,2025-02-20 02:55:04.990,5.693,8.28,0.5060785931537369
164079,Acoustic,VPVF,acoustic,2025-02-20 02:57:41.710,2025-02-20 02:57:54.040,91.396,12.33,1.3138212166265608
164080,Acoustic,VPVF,acoustic,2025-02-20 02:58:21.800,2025-02-20 02:58:30.890,66.888,9.09,1.22298330098469
164081,Acoustic,VPVF,acoustic,2025-02-20 03:01:42.800,2025-02-20 03:01:52.250,253.43,9.45,1.6105848758007726
164082,Acoustic,VPVF,acoustic,2025-02-20 03:05:48.710,2025-02-20 03:05:58.250,256.637,9.54,1.6142439108180453
164083,Acoustic,VPVF,acoustic,2025-02-20 03:19:57.710,2025-02-20 03:20:07.160,1034.118,9.45,2.019761965380494
164084,Acoustic,VPVF,acoustic,2025-02-20 03:24:32.160,2025-02-20 03:24:43.680,281.542,11.52,1.6411939382374776
164085,Acoustic,VPVF,acoustic,2025-02-20 03:34:48.070,2025-02-20 03:34:59.590,83.514,11.52,1.2875787210982306
164086,Acoustic,VPVF,acoustic,2025-02-20 03:38:27.350,2025-02-20 03:38:37.790,60.49,10.44,1.1937280016199252
164087,Acoustic,VPVF,acoustic,2025-02-20 03:40:11.530,2025-02-20 03:40:22.510,2355.321,10.98,2.259273569853073
164088,Acoustic,VPVF,acoustic,2025-02-20 03:48:14.990,2025-02-20 03:48:20.210,53.4,5.22,1.157452642209133
164089,Acoustic,VPVF,acoustic,2025-02-20 04:32:38.170,2025-02-20 04:32:47.350,266.348,9.18,1.625051124818396
164090,Acoustic,VPVF,acoustic,2025-02-20 05:46:38.440,2025-02-20 05:46:48.250,1865.154,9.81,2.1913788463052426
164091,Acoustic,VPVF,acoustic,2025-02-20 05:51:34.350,2025-02-20 05:51:42.720,476.519,8.37,1.7943137485542893
164106,Acoustic,VPVF,acoustic,2025-02-20 19:26:05.710,2025-02-20 19:26:10.480,57.546,4.77,1.179210144721246
164107,Acoustic,VPVF,acoustic,2025-02-20 19:05:17.530,2025-02-20 19:05:26.890,37.75,9.36,1.0565343604966888
164108,Acoustic,VPVF,acoustic,2025-02-20 18:36:19.350,2025-02-20 18:36:27.090,545.566,7.74,1.8336876889896205
164109,Acoustic,VPVF,acoustic,2025-02-20 14:38:19.720,2025-02-20 14:38:26.830,110.189,7.11,1.368232621954517
164110,Acoustic,VPVF,acoustic,2025-02-20 09:57:16.440,2025-02-20 09:57:25.530,296.738,9.09,1.6564900207087099
164111,Acoustic,VPVF,acoustic,2025-02-20 09:49:51.530,2025-02-20 09:50:02.330,455.064,10.8,1.7809085615576041
164112,Acoustic,VPVF,acoustic,2025-02-20 09:31:42.170,2025-02-20 09:31:49.730,50.035,7.56,1.1385135157609572
164113,Acoustic,VPVF,acoustic,2025-02-20 07:31:33.350,2025-02-20 07:31:43.160,214.466,9.81,1.5620101627366867
164114,Acoustic,VPVF,acoustic,2025-02-20 06:01:16.440,2025-02-20 06:01:24.360,1419.334,7.92,2.111896686269566
164144,Acoustic,VPVF,acoustic,2025-02-21 05:06:22.160,2025-02-21 05:06:30.710,28.09,8.55,0.9705296652650574
164145,Acoustic,VPVF,acoustic,2025-02-21 09:16:19.430,2025-02-21 09:16:25.550,12.796,6.12,0.7417397350460866
164218,Acoustic,VPVF,acoustic,2025-02-23 20:34:20.620,2025-02-23 20:34:24.760,24.673,4.14,0.9327887123565992
164219,Acoustic,VPVF,acoustic,2025-02-23 20:54:54.890,2025-02-23 20:54:58.760,23.665,3.87,0.9206513608986886
164220,Acoustic,VPVF,acoustic,2025-02-23 20:54:58.980,2025-02-23 20:55:04.290,31.788,5.31,1.0065163469110534
164221,Acoustic,VPVF,acoustic,2025-02-23 21:04:42.440,2025-02-23 21:04:48.650,5.742,6.21,0.5085723360675265
164222,Acoustic,VPVF,acoustic,2025-02-23 21:15:30.260,2025-02-23 21:15:35.120,21.267,4.86,0.8895631748180349
164223,Acoustic,VPVF,acoustic,2025-02-23 21:59:38.170,2025-02-23 21:59:46.450,19.849,8.28,0.8694848832609777
164224,Acoustic,VPVF,acoustic,2025-02-23 22:05:39.260,2025-02-23 22:05:44.660,39.588,5.4,1.070367586267289
164225,Acoustic,VPVF,acoustic,2025-02-23 23:09:52.620,2025-02-23 23:09:59.460,30.439,6.84,0.9938983550248852
164226,Acoustic,VPVF,acoustic,2025-02-23 23:21:10.080,2025-02-23 23:21:14.580,22.289,4.5,0.9032206914254941
164227,Acoustic,VPVF,acoustic,2025-02-23 23:23:26.530,2025-02-23 23:23:33.460,114.538,6.93,1.3794962289384147
164228,Acoustic,VPVF,acoustic,2025-02-24 00:13:10.900,2025-02-24 00:13:15.490,1.678,4.59,0.15061061085009658
164229,Acoustic,VPVF,acoustic,2025-02-24 00:25:43.900,2025-02-24 00:25:51.640,204.645,7.74,1.548370762585665
164230,Acoustic,VPVF,acoustic,2025-02-24 00:42:37.170,2025-02-24 00:42:45.810,26.048,8.64,0.9485688367501018
164231,Acoustic,VPVF,acoustic,2025-02-24 01:19:46.530,2025-02-24 01:19:53.010,40.549,6.48,1.077346699372333
164232,Acoustic,VPVF,acoustic,2025-02-24 01:26:04.980,2025-02-24 01:26:14.160,71.086,9.18,1.24069533173847
164233,Acoustic,VPVF,acoustic,2025-02-24 01:39:52.620,2025-02-24 01:39:57.930,2.374,5.31,0.25157207879444354
164234,Acoustic,VPVF,acoustic,2025-02-24 02:26:30.620,2025-02-24 02:26:37.460,11.316,6.84,0.7059742689859186
164235,Acoustic,VPVF,acoustic,2025-02-24 02:36:00.260,2025-02-24 02:36:04.760,4.228,4.5,0.4195104356857104
164236,Acoustic,VPVF,acoustic,2025-02-24 02:50:49.260,2025-02-24 02:50:57.180,7.4,7.92,0.5823852522197541
164237,Acoustic,VPVF,acoustic,2025-02-24 02:54:54.620,2025-02-24 02:54:59.570,8.316,4.95,0.6163427020418192
164238,Acoustic,VPVF,acoustic,2025-02-24 02:57:26.535,2025-02-24 02:57:33.218,9.647,6.683,0.659542826611258
164239,Acoustic,VPVF,acoustic,2025-02-24 03:03:26.548,2025-02-24 03:03:34.648,95.673,8.1,1.327128892817759
164240,Acoustic,VPVF,acoustic,2025-02-24 03:12:11.670,2025-02-24 03:12:17.408,168.535,5.738,1.4918823706019282
164241,Acoustic,VPVF,acoustic,2025-02-24 03:14:01.615,2025-02-24 03:14:09.985,128.571,8.37,1.4131258245888363
164242,Acoustic,VPVF,acoustic,2025-02-24 03:15:23.075,2025-02-24 03:15:27.868,17.069,4.793,0.8255794125255318
164243,Acoustic,VPVF,acoustic,2025-02-24 03:30:50.265,2025-02-24 03:30:58.365,4.149,8.1,0.414022101335412
164244,Acoustic,VPVF,acoustic,2025-02-24 03:34:23.805,2025-02-24 03:34:31.838,24.566,8.033,0.9315240798329408
164245,Acoustic,VPVF,acoustic,2025-02-24 03:38:26.468,2025-02-24 03:38:34.770,14.547,8.302,0.7790582040195753
164246,Acoustic,VPVF,acoustic,2025-02-24 03:47:27.940,2025-02-24 03:47:32.935,4.99,4.995,0.4677273655676713
164247,Acoustic,VPVF,acoustic,2025-02-24 03:58:30.535,2025-02-24 03:58:36.678,17.178,6.143,0.8274316409315123
164248,Acoustic,VPVF,acoustic,2025-02-24 03:59:17.738,2025-02-24 03:59:22.800,10.147,5.062,0.6742462324509493
164249,Acoustic,VPVF,acoustic,2025-02-24 04:15:37.928,2025-02-24 04:15:44.475,14.337,6.547,0.7748270511111058
164250,Acoustic,VPVF,acoustic,2025-02-24 04:24:05.535,2025-02-24 04:24:08.978,59.937,3.443,1.1910556510754147
164251,Acoustic,VPVF,acoustic,2025-02-24 04:43:35.995,2025-02-24 04:43:39.235,5.659,3.24,0.5043355949366698
164252,Acoustic,VPVF,acoustic,2025-02-24 04:48:25.265,2025-02-24 04:48:29.045,34.085,3.78,1.0268174098840983
164253,Acoustic,VPVF,acoustic,2025-02-24 04:50:37.400,2025-02-24 04:50:44.218,30.895,6.818,0.9982250936989001
164254,Acoustic,VPVF,acoustic,2025-02-24 05:17:53.535,2025-02-24 05:17:59.880,10.385,6.345,0.680992355583649
164255,Acoustic,VPVF,acoustic,2025-02-24 05:22:47.535,2025-02-24 05:22:57.188,100.72,9.653,1.3420875304568705
164256,Acoustic,VPVF,acoustic,2025-02-24 05:29:49.928,2025-02-24 05:29:55.328,29.131,5.4,0.9811181134512591
164257,Acoustic,VPVF,acoustic,2025-02-24 05:39:20.075,2025-02-24 05:39:34.385,281.57,14.31,1.6412228751611704
164258,Acoustic,VPVF,acoustic,2025-02-24 05:49:20.468,2025-02-24 05:49:25.395,16.271,4.927,0.8116475442022436
164259,Acoustic,VPVF,acoustic,2025-02-24 05:50:50.265,2025-02-24 05:50:58.028,270.593,7.763,1.6296520935888685
164260,Acoustic,VPVF,acoustic,2025-02-24 05:55:05.940,2025-02-24 05:55:09.855,5.749,3.915,0.5089268467928032
164261,Acoustic,VPVF,acoustic,2025-02-24 06:20:29.130,2025-02-24 06:20:36.960,20.318,7.83,0.8762802405121297
164262,Acoustic,VPVF,acoustic,2025-02-24 06:32:46.130,2025-02-24 06:32:51.530,11.788,5.4,0.7178648852091847
164263,Acoustic,VPVF,acoustic,2025-02-24 06:39:19.210,2025-02-24 06:39:27.378,178.947,8.168,1.5093253627083811
164264,Acoustic,VPVF,acoustic,2025-02-24 07:18:20.860,2025-02-24 07:18:28.285,223.82,7.425,1.5744322572406209
164265,Acoustic,VPVF,acoustic,2025-02-24 07:19:43.006,2025-02-24 07:19:50.881,8.097,7.875,0.60857717331504
164266,Acoustic,VPVF,acoustic,2025-02-24 07:38:33.963,2025-02-24 07:38:40.263,30.873,6.3,0.9980178180566922
164267,Acoustic,VPVF,acoustic,2025-02-24 07:44:25.681,2025-02-24 07:44:31.756,6.241,6.075,0.5328203023291915
164268,Acoustic,VPVF,acoustic,2025-02-24 07:46:47.063,2025-02-24 07:46:52.688,8.104,5.625,0.6088286196759901
164269,Acoustic,VPVF,acoustic,2025-02-24 07:58:22.231,2025-02-24 07:58:27.238,40.85,5.007,1.079498680781851
164270,Acoustic,VPVF,acoustic,2025-02-24 08:37:49.513,2025-02-24 08:37:55.756,135.814,6.243,1.429072841976729
164271,Acoustic,VPVF,acoustic,2025-02-24 08:46:18.400,2025-02-24 08:46:24.531,58.278,6.131,1.182888108210023
164272,Acoustic,VPVF,acoustic,2025-02-24 08:48:26.456,2025-02-24 08:48:32.138,17.369,5.682,0.830649126161568
164273,Acoustic,VPVF,acoustic,2025-02-24 08:58:02.738,2025-02-24 08:58:09.263,107.176,6.525,1.3601653547233914
164274,Acoustic,VPVF,acoustic,2025-02-24 09:28:05.738,2025-02-24 09:28:10.800,12.744,5.062,0.7405548610713604
164275,Acoustic,VPVF,acoustic,2025-02-24 10:09:23.006,2025-02-24 10:09:29.531,19.721,6.525,0.8676023851726902
164276,Acoustic,VPVF,acoustic,2025-02-24 10:17:55.850,2025-02-24 10:18:00.238,5.001,4.388,0.4683680925469375
164277,Acoustic,VPVF,acoustic,2025-02-24 10:38:18.681,2025-02-24 10:38:25.375,46.596,6.694,1.1177935865177606
164278,Acoustic,VPVF,acoustic,2025-02-24 10:46:59.513,2025-02-24 10:47:04.181,7.986,4.668,0.6045606349250736
164279,Acoustic,VPVF,acoustic,2025-02-24 10:50:44.063,2025-02-24 10:50:49.631,14.083,5.568,0.7696257701209936
164280,Acoustic,VPVF,acoustic,2025-02-24 11:08:45.513,2025-02-24 11:08:51.025,2.837,5.512,0.30341575498322104
164281,Acoustic,VPVF,acoustic,2025-02-24 11:43:26.175,2025-02-24 11:43:32.475,3.377,6.3,0.35411581062572567
164282,Acoustic,VPVF,acoustic,2025-02-24 12:51:23.063,2025-02-24 12:51:29.475,198.94,6.412,1.5401438161158243
164350,Acoustic,VPVF,acoustic,2025-02-24 13:14:52.119,2025-02-24 13:15:01.175,18.541,9.056,0.849649213117089
164351,Acoustic,VPVF,acoustic,2025-02-24 13:47:09.569,2025-02-24 13:47:16.150,79.966,6.581,1.2749465996445446
164352,Acoustic,VPVF,acoustic,2025-02-24 13:52:12.275,2025-02-24 13:52:16.719,24.304,4.444,0.9284040968675364
164353,Acoustic,VPVF,acoustic,2025-02-24 13:54:38.019,2025-02-24 13:54:42.688,20.646,4.669,0.8809400684130645
164354,Acoustic,VPVF,acoustic,2025-02-24 14:01:56.963,2025-02-24 14:02:01.069,17.325,4.106,0.8299110730001757
164355,Acoustic,VPVF,acoustic,2025-02-24 14:18:57.738,2025-02-24 14:19:02.069,10.613,4.331,0.6873115700338992
164356,Acoustic,VPVF,acoustic,2025-02-24 14:32:49.738,2025-02-24 14:32:53.900,4.041,4.162,0.40634752979657424
164357,Acoustic,VPVF,acoustic,2025-02-24 14:52:29.175,2025-02-24 14:52:33.563,52.187,4.388,1.1507667623746944
164358,Acoustic,VPVF,acoustic,2025-02-24 14:54:54.219,2025-02-24 14:55:00.069,13.074,5.85,0.7479936820220325
164359,Acoustic,VPVF,acoustic,2025-02-24 15:22:03.288,2025-02-24 15:22:07.619,109.89,4.331,1.367441976167419
164360,Acoustic,VPVF,acoustic,2025-02-24 15:43:13.850,2025-02-24 15:43:18.800,39.386,4.95,1.068879057299216
164361,Acoustic,VPVF,acoustic,2025-02-24 15:49:42.175,2025-02-24 15:49:45.325,4.087,3.15,0.40964110726676767
164362,Acoustic,VPVF,acoustic,2025-02-24 16:38:12.119,2025-02-24 16:38:18.194,18.591,6.075,0.8504328430824587
164363,Acoustic,VPVF,acoustic,2025-02-24 16:59:06.119,2025-02-24 16:59:11.350,24.309,5.231,0.9284639527299399
164364,Acoustic,VPVF,acoustic,2025-02-24 17:17:21.625,2025-02-24 17:17:26.744,10.969,5.119,0.6969119144435075
164365,Acoustic,VPVF,acoustic,2025-02-24 17:22:56.613,2025-02-24 17:23:00.325,7.432,3.712,0.5836408196603422
164366,Acoustic,VPVF,acoustic,2025-02-24 17:47:33.963,2025-02-24 17:47:38.125,12.274,4.162,0.7296206996951018
164367,Acoustic,VPVF,acoustic,2025-02-24 17:57:50.894,2025-02-24 17:57:56.125,16.587,5.231,0.8172444559211272
164368,Acoustic,VPVF,acoustic,2025-02-24 18:09:17.794,2025-02-24 18:09:21.394,16.581,3.6,0.8171391819319632
164369,Acoustic,VPVF,acoustic,2025-02-24 18:15:46.175,2025-02-24 18:15:52.588,40.482,6.413,1.0768655135610887
164370,Acoustic,VPVF,acoustic,2025-02-24 18:41:31.400,2025-02-24 18:41:34.944,1.172,3.544,0.04618149982698813
164371,Acoustic,VPVF,acoustic,2025-02-24 19:33:10.850,2025-02-24 19:33:17.319,120.319,6.469,1.393823923203928
164372,Acoustic,VPVF,acoustic,2025-02-24 19:34:47.188,2025-02-24 19:34:55.625,5.625,8.437,0.5025820929448781
164373,Acoustic,VPVF,acoustic,2025-02-24 19:35:45.175,2025-02-24 19:35:51.588,50.384,6.413,1.1405360710059542
164374,Acoustic,VPVF,acoustic,2025-02-24 19:42:55.738,2025-02-24 19:43:03.275,20.836,7.537,0.883605613669642
164375,Acoustic,VPVF,acoustic,2025-02-24 19:46:37.625,2025-02-24 19:46:43.194,4.242,5.569,0.42047234500096387
164376,Acoustic,VPVF,acoustic,2025-02-24 19:51:13.625,2025-02-24 19:51:19.925,1.806,6.3,0.1720008898049163
164377,Acoustic,VPVF,acoustic,2025-02-24 19:51:47.513,2025-02-24 19:51:53.588,19.087,6.075,0.8580942412481368
164378,Acoustic,VPVF,acoustic,2025-02-24 19:52:14.075,2025-02-24 19:52:18.013,2.205,3.938,0.23008375784858445
164379,Acoustic,VPVF,acoustic,2025-02-24 20:17:12.175,2025-02-24 20:17:16.900,1.901,4.725,0.18691801829984694
164380,Acoustic,VPVF,acoustic,2025-02-24 20:22:04.075,2025-02-24 20:22:09.869,7.792,5.794,0.5974047923932747
164381,Acoustic,VPVF,acoustic,2025-02-24 20:26:58.288,2025-02-24 20:27:06.894,50.017,8.606,1.1384088183734333
164382,Acoustic,VPVF,acoustic,2025-02-24 20:32:45.175,2025-02-24 20:32:50.969,14.202,5.794,0.7720741705695268
164383,Acoustic,VPVF,acoustic,2025-02-24 20:37:10.963,2025-02-24 20:37:17.038,17.512,6.075,0.8330349515351165
164432,Acoustic,VPVF,acoustic,2025-02-24 20:44:34.950,2025-02-24 20:44:42.263,85.658,7.313,1.2949545130881335
164433,Acoustic,VPVF,acoustic,2025-02-24 20:58:44.456,2025-02-24 20:58:49.013,4.792,4.557,0.45594626228544083
164434,Acoustic,VPVF,acoustic,2025-02-24 21:12:30.738,2025-02-24 21:12:33.381,1.335,2.643,0.08407244801939799
164435,Acoustic,VPVF,acoustic,2025-02-24 21:13:49.950,2025-02-24 21:13:58.500,21.806,8.55,0.8968459251923715
164436,Acoustic,VPVF,acoustic,2025-02-24 21:26:27.231,2025-02-24 21:26:34.038,6.104,6.807,0.5263617317143722
164437,Acoustic,VPVF,acoustic,2025-02-24 21:35:03.906,2025-02-24 21:35:09.306,4.109,5.4,0.4112032146454538
164438,Acoustic,VPVF,acoustic,2025-02-24 21:37:36.456,2025-02-24 21:37:41.181,0.557,4.725,-0.1702770192336016
164439,Acoustic,VPVF,acoustic,2025-02-24 22:08:56.963,2025-02-24 22:09:03.263,62.406,6.3,1.2028016523290008
164440,Acoustic,VPVF,acoustic,2025-02-24 22:12:11.400,2025-02-24 22:12:17.250,7.693,5.85,0.5936841407332908
164441,Acoustic,VPVF,acoustic,2025-02-24 22:14:32.175,2025-02-24 22:14:38.813,112.99,6.638,1.3755368057906403
164442,Acoustic,VPVF,acoustic,2025-02-24 22:22:36.738,2025-02-24 22:22:41.181,13.438,4.443,0.7559842066249899
164443,Acoustic,VPVF,acoustic,2025-02-24 22:28:21.400,2025-02-24 22:28:26.238,2.426,4.838,0.2578768336754713
164444,Acoustic,VPVF,acoustic,2025-02-24 22:33:32.175,2025-02-24 22:33:38.363,3.051,6.188,0.32457627912041276
164445,Acoustic,VPVF,acoustic,2025-02-24 22:39:08.006,2025-02-24 22:39:14.250,20.479,6.244,0.8785768598205412
164446,Acoustic,VPVF,acoustic,2025-02-24 22:42:37.175,2025-02-24 22:42:43.138,6.615,5.963,0.5497549985107584
164447,Acoustic,VPVF,acoustic,2025-02-24 23:01:02.063,2025-02-24 23:01:08.981,61.97,6.918,1.200761602420285
164448,Acoustic,VPVF,acoustic,2025-02-24 23:10:34.513,2025-02-24 23:10:40.813,51.208,6.3,1.1452563355057819
164449,Acoustic,VPVF,acoustic,2025-02-24 23:30:49.806,2025-02-24 23:30:58.975,16.432,9.169,0.814512585589646
164450,Acoustic,VPVF,acoustic,2025-02-24 23:45:26.625,2025-02-24 23:45:32.925,8.401,6.3,0.6193017597548145
164451,Acoustic,VPVF,acoustic,2025-02-24 23:50:39.625,2025-02-24 23:50:44.913,25.316,5.288,0.940274708291681
164452,Acoustic,VPVF,acoustic,2025-02-24 23:51:22.456,2025-02-24 23:51:27.406,10.418,4.95,0.6819155165747746
164453,Acoustic,VPVF,acoustic,2025-02-24 23:57:12.950,2025-02-24 23:57:19.081,14.418,6.131,0.7764663641956544
164454,Acoustic,VPVF,acoustic,2025-02-25 00:10:29.906,2025-02-25 00:10:35.531,42.67,5.625,1.092182170715739
164455,Acoustic,VPVF,acoustic,2025-02-25 00:17:34.006,2025-02-25 00:17:39.238,41.004,5.232,1.0805935706470797
164456,Acoustic,VPVF,acoustic,2025-02-25 00:19:35.063,2025-02-25 00:19:40.181,5.451,5.118,0.4934390419585568
164457,Acoustic,VPVF,acoustic,2025-02-25 00:22:15.400,2025-02-25 00:22:17.200,4.553,1.8,0.44105942570648726
164458,Acoustic,VPVF,acoustic,2025-02-25 00:27:11.456,2025-02-25 00:27:16.575,28.092,5.119,0.9705503820286471
164459,Acoustic,VPVF,acoustic,2025-02-25 00:47:38.781,2025-02-25 00:47:47.556,10.336,8.775,0.6796161754361759
164460,Acoustic,VPVF,acoustic,2025-02-25 00:55:46.513,2025-02-25 00:55:52.025,5.551,5.512,0.49872872231234666
164461,Acoustic,VPVF,acoustic,2025-02-25 01:04:43.781,2025-02-25 01:04:48.788,43.901,5.007,1.1004578566713066
164462,Acoustic,VPVF,acoustic,2025-02-25 01:16:31.681,2025-02-25 01:16:37.531,6.55,5.85,0.5468816709944947
164463,Acoustic,VPVF,acoustic,2025-02-25 01:17:46.613,2025-02-25 01:17:52.800,3.933,6.187,0.3984650440945303
164464,Acoustic,VPVF,acoustic,2025-02-25 01:19:06.938,2025-02-25 01:19:11.831,1.908,4.893,0.18798750814661114
164465,Acoustic,VPVF,acoustic,2025-02-25 01:27:39.175,2025-02-25 01:27:49.975,16.513,10.8,0.8159434072029011
164466,Acoustic,VPVF,acoustic,2025-02-25 01:35:45.950,2025-02-25 01:35:51.350,5.471,5.4,0.4945046989009045
164467,Acoustic,VPVF,acoustic,2025-02-25 01:46:49.625,2025-02-25 01:46:52.438,1.191,2.813,0.05086088019346095
164468,Acoustic,VPVF,acoustic,2025-02-25 01:48:24.625,2025-02-25 01:48:28.900,5.804,4.275,0.5116973605230178
164469,Acoustic,VPVF,acoustic,2025-02-25 02:02:08.513,2025-02-25 02:02:16.275,345.514,7.762,1.7007719850936247
164470,Acoustic,VPVF,acoustic,2025-02-25 02:08:22.556,2025-02-25 02:08:27.900,40.377,5.344,1.0761098120566175
164471,Acoustic,VPVF,acoustic,2025-02-25 02:08:18.175,2025-02-25 02:08:22.450,51.031,4.275,1.1442488328098708
164472,Acoustic,VPVF,acoustic,2025-02-25 02:14:18.063,2025-02-25 02:14:25.263,39.75,7.2,1.0715558791049677
164473,Acoustic,VPVF,acoustic,2025-02-25 02:17:39.288,2025-02-25 02:17:46.150,145.524,6.862,1.449166197823816
164474,Acoustic,VPVF,acoustic,2025-02-25 02:29:42.963,2025-02-25 02:29:51.400,290.614,8.437,1.6504220765138955
164475,Acoustic,VPVF,acoustic,2025-02-25 02:32:43.006,2025-02-25 02:32:49.700,3.996,6.694,0.403089071301143
164476,Acoustic,VPVF,acoustic,2025-02-25 02:55:10.288,2025-02-25 02:55:16.081,16.517,5.793,0.816013883086473
164477,Acoustic,VPVF,acoustic,2025-02-25 02:57:04.256,2025-02-25 02:57:10.556,10.564,6.3,0.6859650229983739
164478,Acoustic,VPVF,acoustic,2025-02-25 02:57:55.188,2025-02-25 02:58:02.331,27.775,7.143,0.9672482253006466
164479,Acoustic,VPVF,acoustic,2025-02-25 03:07:23.075,2025-02-25 03:07:31.288,121.243,8.213,1.396049971499202
164480,Acoustic,VPVF,acoustic,2025-02-25 03:08:36.300,2025-02-25 03:08:45.413,5.104,9.113,0.474300146027781
164481,Acoustic,VPVF,acoustic,2025-02-25 03:20:16.950,2025-02-25 03:20:21.956,3.9,5.006,0.3960132867077545
164482,Acoustic,VPVF,acoustic,2025-02-25 03:25:14.006,2025-02-25 03:25:18.900,2.089,4.894,0.21435875478680677
164483,Acoustic,VPVF,acoustic,2025-02-25 03:25:19.963,2025-02-25 03:25:23.956,6.541,3.993,0.5464815799184168
164484,Acoustic,VPVF,acoustic,2025-02-25 03:29:04.963,2025-02-25 03:29:10.813,4.588,5.85,0.4432876841835842
164485,Acoustic,VPVF,acoustic,2025-02-25 03:29:41.244,2025-02-25 03:29:46.306,16.47,5.062,0.8151847114437354
164486,Acoustic,VPVF,acoustic,2025-02-25 03:35:10.344,2025-02-25 03:35:17.881,72.599,7.537,1.2468235278896294
164487,Acoustic,VPVF,acoustic,2025-02-25 03:48:25.569,2025-02-25 03:48:37.213,15.196,11.644,0.7917586208713975
164488,Acoustic,VPVF,acoustic,2025-02-25 03:52:24.063,2025-02-25 03:52:30.531,7.218,6.468,0.5751393080747372
164489,Acoustic,VPVF,acoustic,2025-02-25 03:59:31.581,2025-02-25 03:59:38.444,5.85,6.863,0.513994430275061
164490,Acoustic,VPVF,acoustic,2025-02-25 04:04:33.738,2025-02-25 04:04:39.306,5.606,5.568,0.5015975725942592
164491,Acoustic,VPVF,acoustic,2025-02-25 04:06:54.456,2025-02-25 04:07:00.981,86.446,6.525,1.2976190847070577
164492,Acoustic,VPVF,acoustic,2025-02-25 04:10:34.019,2025-02-25 04:10:40.881,34.292,6.862,1.028579186086647
164493,Acoustic,VPVF,acoustic,2025-02-25 04:18:17.006,2025-02-25 04:18:27.469,2.867,10.463,0.3064765542741446
164494,Acoustic,VPVF,acoustic,2025-02-25 04:28:59.569,2025-02-25 04:29:06.038,2.903,6.469,0.3101075140072214
164495,Acoustic,VPVF,acoustic,2025-02-25 04:36:05.119,2025-02-25 04:36:10.519,21.184,5.4,0.888425338398936
164496,Acoustic,VPVF,acoustic,2025-02-25 04:37:38.513,2025-02-25 04:37:43.406,2.729,4.893,0.29212236889883075
164497,Acoustic,VPVF,acoustic,2025-02-25 04:43:21.456,2025-02-25 04:43:28.656,16.113,7.2,0.8088081927537588
164498,Acoustic,VPVF,acoustic,2025-02-25 04:47:48.513,2025-02-25 04:47:57.569,384.235,9.056,1.7316799379076069
164499,Acoustic,VPVF,acoustic,2025-02-25 04:54:49.019,2025-02-25 04:54:57.456,58.453,8.437,1.1837605596779603
164500,Acoustic,VPVF,acoustic,2025-02-25 05:01:58.456,2025-02-25 05:02:09.706,61.801,11.25,1.1999669866420102
164501,Acoustic,VPVF,acoustic,2025-02-25 05:05:07.569,2025-02-25 05:05:15.894,98.839,8.325,1.3366019896717056
164502,Acoustic,VPVF,acoustic,2025-02-25 05:06:48.963,2025-02-25 05:06:58.863,16.515,9.9,0.8159786472783802
164503,Acoustic,VPVF,acoustic,2025-02-25 05:08:59.344,2025-02-25 05:09:04.744,19.861,5.4,0.8696607446430371
164504,Acoustic,VPVF,acoustic,2025-02-25 05:11:57.469,2025-02-25 05:12:02.981,8.732,5.512,0.630546197114858
164505,Acoustic,VPVF,acoustic,2025-02-25 05:12:21.456,2025-02-25 05:12:26.856,3.107,5.4,0.3298686396808329
164506,Acoustic,VPVF,acoustic,2025-02-25 05:18:31.681,2025-02-25 05:18:38.994,17.891,7.313,0.8392651925273046
164507,Acoustic,VPVF,acoustic,2025-02-25 05:28:09.963,2025-02-25 05:28:14.406,17.491,4.443,0.8326858086563051
164508,Acoustic,VPVF,acoustic,2025-02-25 05:29:59.131,2025-02-25 05:30:07.063,162.409,7.932,1.4811087618290866
164509,Acoustic,VPVF,acoustic,2025-02-25 05:33:50.144,2025-02-25 05:33:58.919,364.418,8.775,1.7162718795994518
164510,Acoustic,VPVF,acoustic,2025-02-25 05:34:09.794,2025-02-25 05:34:15.306,26.723,5.512,0.9560130918218491
164511,Acoustic,VPVF,acoustic,2025-02-25 05:35:07.063,2025-02-25 05:35:15.444,345.304,8.381,1.7005950781934396
164512,Acoustic,VPVF,acoustic,2025-02-25 05:37:36.344,2025-02-25 05:37:45.006,11.964,8.662,0.722177190920718
164513,Acoustic,VPVF,acoustic,2025-02-25 05:39:39.906,2025-02-25 05:39:50.538,3.392,10.632,0.3554054152017331
164514,Acoustic,VPVF,acoustic,2025-02-25 05:45:47.806,2025-02-25 05:45:54.388,6.951,6.582,0.5641716833014575
164515,Acoustic,VPVF,acoustic,2025-02-25 05:46:56.863,2025-02-25 05:47:03.331,65.594,6.468,1.2172989573868227
164516,Acoustic,VPVF,acoustic,2025-02-25 05:47:37.456,2025-02-25 05:47:45.388,65.671,7.932,1.2176403317804732
164517,Acoustic,VPVF,acoustic,2025-02-25 05:48:23.738,2025-02-25 05:48:30.206,4.219,6.468,0.4188903820058603
164518,Acoustic,VPVF,acoustic,2025-02-25 05:54:10.288,2025-02-25 05:54:17.713,199.028,7.425,1.5402724998445179
164519,Acoustic,VPVF,acoustic,2025-02-25 05:56:03.188,2025-02-25 05:56:10.556,11.028,7.368,0.6984728274806032
164520,Acoustic,VPVF,acoustic,2025-02-25 05:57:29.513,2025-02-25 05:57:36.038,33.356,6.525,1.0205265566603108
164521,Acoustic,VPVF,acoustic,2025-02-25 06:03:02.413,2025-02-25 06:03:08.881,80.636,6.468,1.2773744140420284
164522,Acoustic,VPVF,acoustic,2025-02-25 06:04:33.288,2025-02-25 06:04:41.556,519.371,8.268,1.819370056566824
164523,Acoustic,VPVF,acoustic,2025-02-25 06:08:15.006,2025-02-25 06:08:20.688,7.466,5.682,0.5849689503454915
164524,Acoustic,VPVF,acoustic,2025-02-25 06:18:30.581,2025-02-25 06:18:39.694,6.909,9.113,0.5624081790982087
164525,Acoustic,VPVF,acoustic,2025-02-25 06:19:19.513,2025-02-25 06:19:27.838,7.93,8.325,0.6025130355027946
164526,Acoustic,VPVF,acoustic,2025-02-25 06:24:34.906,2025-02-25 06:24:42.838,57.49,7.932,1.1789268467928031
164527,Acoustic,VPVF,acoustic,2025-02-25 06:26:13.794,2025-02-25 06:26:20.544,87.343,6.75,1.300622830151103
164528,Acoustic,VPVF,acoustic,2025-02-25 06:28:27.131,2025-02-25 06:28:37.088,77.673,9.957,1.2664809532207661
164529,Acoustic,VPVF,acoustic,2025-02-25 06:30:53.006,2025-02-25 06:31:00.656,24.191,7.65,0.927048060379914
164530,Acoustic,VPVF,acoustic,2025-02-25 06:33:24.963,2025-02-25 06:33:33.344,10.076,8.381,0.6722030664134705
164531,Acoustic,VPVF,acoustic,2025-02-25 06:36:19.569,2025-02-25 06:36:24.969,4.131,5.4,0.4127569806343127
164532,Acoustic,VPVF,acoustic,2025-02-25 06:42:22.063,2025-02-25 06:42:28.813,5.762,6.75,0.5095840801427441
164533,Acoustic,VPVF,acoustic,2025-02-25 06:57:54.119,2025-02-25 06:58:01.656,5.722,7.537,0.5075570618243934
164534,Acoustic,VPVF,acoustic,2025-02-25 07:04:45.906,2025-02-25 07:04:51.981,73.658,6.075,1.251037348069141
164535,Acoustic,VPVF,acoustic,2025-02-25 07:14:06.131,2025-02-25 07:14:10.688,2.598,4.557,0.2778082283137961
164536,Acoustic,VPVF,acoustic,2025-02-25 07:14:17.188,2025-02-25 07:14:25.006,11.707,7.818,0.7158585642974156
164537,Acoustic,VPVF,acoustic,2025-02-25 07:17:51.456,2025-02-25 07:17:54.663,2.024,3.207,0.20516104047240022
164538,Acoustic,VPVF,acoustic,2025-02-25 07:18:05.006,2025-02-25 07:18:11.869,12.002,6.863,0.7230999270281521
164539,Acoustic,VPVF,acoustic,2025-02-25 07:26:13.513,2025-02-25 07:26:20.094,2.514,6.581,0.2682447331444591
164540,Acoustic,VPVF,acoustic,2025-02-25 07:29:37.781,2025-02-25 07:29:43.688,8.548,5.907,0.6243492240396613
164541,Acoustic,VPVF,acoustic,2025-02-25 07:31:48.288,2025-02-25 07:31:57.119,266.638,8.831,1.6253677688809458
164542,Acoustic,VPVF,acoustic,2025-02-25 07:38:37.569,2025-02-25 07:38:46.006,58.914,8.437,1.186046401975578
164543,Acoustic,VPVF,acoustic,2025-02-25 07:42:08.738,2025-02-25 07:42:16.556,5.044,7.818,0.4708593021936995
164544,Acoustic,VPVF,acoustic,2025-02-25 07:43:13.288,2025-02-25 07:43:21.219,107.407,7.931,1.360791832896675
164545,Acoustic,VPVF,acoustic,2025-02-25 07:48:22.838,2025-02-25 07:48:30.881,2.25,8.043,0.23596228713461287
164546,Acoustic,VPVF,acoustic,2025-02-25 07:50:28.906,2025-02-25 07:50:37.231,36.123,8.325,1.043715153446276
164547,Acoustic,VPVF,acoustic,2025-02-25 08:02:25.188,2025-02-25 08:02:32.669,14.121,7.481,0.7704098535275953
164548,Acoustic,VPVF,acoustic,2025-02-25 08:05:46.569,2025-02-25 08:05:53.769,31.78,7.2,1.0064431082238117
164549,Acoustic,VPVF,acoustic,2025-02-25 08:18:56.569,2025-02-25 08:19:03.713,3.375,7.144,0.3539434307019193
164550,Acoustic,VPVF,acoustic,2025-02-25 08:43:14.669,2025-02-25 08:43:18.663,2.669,3.994,0.28565354443763014
164551,Acoustic,VPVF,acoustic,2025-02-25 08:43:29.838,2025-02-25 08:43:39.456,35.191,9.618,1.03610917741182
164552,Acoustic,VPVF,acoustic,2025-02-25 08:51:31.006,2025-02-25 08:51:38.544,116.874,7.538,1.3853709983439615
164553,Acoustic,VPVF,acoustic,2025-02-25 08:56:09.569,2025-02-25 08:56:15.756,6.098,6.187,0.5260755714196725
164554,Acoustic,VPVF,acoustic,2025-02-25 08:57:15.906,2025-02-25 08:57:23.163,152.693,7.257,1.4631588156804056
164555,Acoustic,VPVF,acoustic,2025-02-25 08:58:26.794,2025-02-25 08:58:33.544,1.639,6.75,0.1437678988922344
164556,Acoustic,VPVF,acoustic,2025-02-25 09:01:16.131,2025-02-25 09:01:26.144,41.123,10.013,1.081436809125903
164557,Acoustic,VPVF,acoustic,2025-02-25 09:02:52.063,2025-02-25 09:02:58.419,12.221,6.356,0.7283615185463922
164558,Acoustic,VPVF,acoustic,2025-02-25 09:09:28.363,2025-02-25 09:09:37.756,29.253,9.393,0.9823341754757815
164559,Acoustic,VPVF,acoustic,2025-02-25 09:22:16.413,2025-02-25 09:22:21.644,5.785,5.231,0.5107432534028048
164560,Acoustic,VPVF,acoustic,2025-02-25 09:23:38.288,2025-02-25 09:23:44.531,6.497,6.243,0.5445176207327971
164561,Acoustic,VPVF,acoustic,2025-02-25 09:34:11.681,2025-02-25 09:34:20.569,83.058,8.888,1.2859855844177503
164562,Acoustic,VPVF,acoustic,2025-02-25 09:45:42.063,2025-02-25 09:45:48.081,16.56,6.018,0.8167704227407372
164563,Acoustic,VPVF,acoustic,2025-02-25 09:50:39.131,2025-02-25 09:50:47.963,53.237,8.832,1.156563094729221
164564,Acoustic,VPVF,acoustic,2025-02-25 09:57:59.963,2025-02-25 09:58:08.794,30.417,8.831,0.9936879731088171
164565,Acoustic,VPVF,acoustic,2025-02-25 10:02:23.231,2025-02-25 10:02:30.881,9.008,7.65,0.6396010129298716
164566,Acoustic,VPVF,acoustic,2025-02-25 10:02:46.356,2025-02-25 10:02:53.163,39.01,6.807,1.0660878867089003
164567,Acoustic,VPVF,acoustic,2025-02-25 10:04:15.456,2025-02-25 10:04:23.613,84.877,8.157,1.2922893140105711
164568,Acoustic,VPVF,acoustic,2025-02-25 10:18:08.569,2025-02-25 10:18:16.106,27.98,7.537,0.969387965804392
164569,Acoustic,VPVF,acoustic,2025-02-25 10:31:19.940,2025-02-25 10:31:36.500,342.088,16.56,1.6978723527794777
164570,Acoustic,VPVF,acoustic,2025-02-25 10:32:40.569,2025-02-25 10:32:48.388,6.283,7.819,0.5347719300096794
164571,Acoustic,VPVF,acoustic,2025-02-25 10:34:17.694,2025-02-25 10:34:22.981,2.699,5.287,0.2889059326528661
164572,Acoustic,VPVF,acoustic,2025-02-25 10:34:41.794,2025-02-25 10:34:47.981,7.009,6.187,0.5665895601889748
164573,Acoustic,VPVF,acoustic,2025-02-25 10:43:02.681,2025-02-25 10:43:10.669,18.625,7.988,0.8509645085516214
164574,Acoustic,VPVF,acoustic,2025-02-25 10:46:34.838,2025-02-25 10:46:39.788,7.565,4.95,0.5888019846806678
164575,Acoustic,VPVF,acoustic,2025-02-25 10:49:27.838,2025-02-25 10:49:35.038,34.983,7.2,1.0343842235472962
164576,Acoustic,VPVF,acoustic,2025-02-25 10:51:28.906,2025-02-25 10:51:34.756,2.635,5.85,0.2819230150975388
164577,Acoustic,VPVF,acoustic,2025-02-25 10:53:14.963,2025-02-25 10:53:23.288,613.541,8.325,1.867855205198394
164578,Acoustic,VPVF,acoustic,2025-02-25 10:54:41.413,2025-02-25 10:54:47.263,11.356,5.85,0.707001007182059
164579,Acoustic,VPVF,acoustic,2025-02-25 10:55:24.963,2025-02-25 10:55:29.913,3.359,4.95,0.3525607025739151
164580,Acoustic,VPVF,acoustic,2025-02-25 11:10:57.344,2025-02-25 11:11:03.813,14.895,6.469,0.7859371400592119
164581,Acoustic,VPVF,acoustic,2025-02-25 11:11:28.131,2025-02-25 11:11:35.219,51.137,7.088,1.1448526149172167
164582,Acoustic,VPVF,acoustic,2025-02-25 11:18:16.513,2025-02-25 11:18:25.738,21.989,9.225,0.8992776711151492
164583,Acoustic,VPVF,acoustic,2025-02-25 11:18:53.794,2025-02-25 11:19:04.538,39.519,10.744,1.0698599841842875
164584,Acoustic,VPVF,acoustic,2025-02-25 11:21:40.794,2025-02-25 11:21:49.063,43.046,8.269,1.0947349769043477
164585,Acoustic,VPVF,acoustic,2025-02-25 11:23:02.456,2025-02-25 11:23:10.894,8.496,8.438,0.622573717504054
164586,Acoustic,VPVF,acoustic,2025-02-25 11:26:51.344,2025-02-25 11:27:00.794,10.028,9.45,0.6708135979417399
164587,Acoustic,VPVF,acoustic,2025-02-25 11:33:12.738,2025-02-25 11:33:21.344,5.885,8.606,0.5157301330102338
164588,Acoustic,VPVF,acoustic,2025-02-25 11:34:07.144,2025-02-25 11:34:17.438,16.423,10.294,0.8143531702317778
164589,Acoustic,VPVF,acoustic,2025-02-25 11:34:53.356,2025-02-25 11:35:00.163,14.526,6.807,0.7786378466830023
164590,Acoustic,VPVF,acoustic,2025-02-25 11:37:06.288,2025-02-25 11:37:12.419,2.818,6.131,0.30146046247813624
164591,Acoustic,VPVF,acoustic,2025-02-25 11:40:28.063,2025-02-25 11:40:35.263,51.879,7.2,1.1490443694515882
164592,Acoustic,VPVF,acoustic,2025-02-25 11:41:11.456,2025-02-25 11:41:16.969,5.326,5.513,0.48668877860895804
164593,Acoustic,VPVF,acoustic,2025-02-25 11:52:34.188,2025-02-25 11:52:42.456,57.585,8.268,1.1794072786859677
164594,Acoustic,VPVF,acoustic,2025-02-25 12:02:36.131,2025-02-25 12:02:49.069,237.97,12.938,1.5922698811047553
164595,Acoustic,VPVF,acoustic,2025-02-25 12:04:17.906,2025-02-25 12:04:26.344,19.412,8.438,0.8630070893709761
164596,Acoustic,VPVF,acoustic,2025-02-25 12:06:59.906,2025-02-25 12:07:06.488,2.877,6.582,0.30748970746651844
164597,Acoustic,VPVF,acoustic,2025-02-25 12:09:01.694,2025-02-25 12:09:10.638,105.479,8.944,1.3555212225366016
164598,Acoustic,VPVF,acoustic,2025-02-25 12:11:50.581,2025-02-25 12:11:58.681,25.142,8.1,0.9382678807760592
164599,Acoustic,VPVF,acoustic,2025-02-25 12:15:25.738,2025-02-25 12:15:30.856,19.94,5.118,0.8708158531636768
164600,Acoustic,VPVF,acoustic,2025-02-25 12:20:57.356,2025-02-25 12:21:05.681,7.014,8.325,0.5667970602354742
164601,Acoustic,VPVF,acoustic,2025-02-25 12:36:59.231,2025-02-25 12:37:04.181,3.21,4.95,0.3393583717112643
164602,Acoustic,VPVF,acoustic,2025-02-25 12:37:47.963,2025-02-25 12:37:55.894,33.575,7.931,1.0224307342983046
164603,Acoustic,VPVF,acoustic,2025-02-25 12:40:22.019,2025-02-25 12:40:30.231,70.186,8.212,1.2369878296782246
164604,Acoustic,VPVF,acoustic,2025-02-25 12:57:22.794,2025-02-25 12:57:31.006,161.265,8.212,1.4790518810130933
164605,Acoustic,VPVF,acoustic,2025-02-25 12:59:47.906,2025-02-25 12:59:54.488,25.0,6.582,0.9366198058102653
164606,Acoustic,VPVF,acoustic,2025-02-25 13:00:58.469,2025-02-25 13:01:07.131,271.048,8.662,1.6301409587373725
164607,Acoustic,VPVF,acoustic,2025-02-25 13:06:52.738,2025-02-25 13:07:00.894,40.651,8.156,1.078077726478346
164608,Acoustic,VPVF,acoustic,2025-02-25 13:10:18.794,2025-02-25 13:10:25.994,4.855,7.2,0.4597467869434959
164609,Acoustic,VPVF,acoustic,2025-02-25 13:17:01.906,2025-02-25 13:17:08.656,13.419,6.75,0.7555725024378541
164610,Acoustic,VPVF,acoustic,2025-02-25 13:18:44.231,2025-02-25 13:18:51.206,5.645,6.975,0.5036148439948611
164611,Acoustic,VPVF,acoustic,2025-02-25 13:21:23.694,2025-02-25 13:21:33.031,265.487,9.337,1.6241089842046739
164612,Acoustic,VPVF,acoustic,2025-02-25 13:22:40.569,2025-02-25 13:22:46.644,2.592,6.075,0.27713544812303237
164613,Acoustic,VPVF,acoustic,2025-02-25 13:29:01.063,2025-02-25 13:29:09.556,3.559,8.493,0.36938975196257684
164614,Acoustic,VPVF,acoustic,2025-02-25 13:38:07.019,2025-02-25 13:38:13.038,23.512,6.019,0.9187640139532527
164615,Acoustic,VPVF,acoustic,2025-02-25 13:42:12.288,2025-02-25 13:42:21.063,4.029,8.775,0.4054821691502131
164616,Acoustic,VPVF,acoustic,2025-02-25 13:47:27.244,2025-02-25 13:47:36.919,112.372,9.675,1.3739409340470872
164617,Acoustic,VPVF,acoustic,2025-02-25 13:49:12.906,2025-02-25 13:49:20.219,8.09,7.313,0.6083255094802225
164618,Acoustic,VPVF,acoustic,2025-02-25 13:50:24.669,2025-02-25 13:50:33.163,11.143,8.494,0.7014914274473988
164619,Acoustic,VPVF,acoustic,2025-02-25 13:51:40.019,2025-02-25 13:51:48.231,14.946,8.212,0.7869317352065006
164620,Acoustic,VPVF,acoustic,2025-02-25 13:54:40.681,2025-02-25 13:54:48.894,165.261,8.213,1.4861741521606888
164621,Acoustic,VPVF,acoustic,2025-02-25 14:30:20.569,2025-02-25 14:30:26.306,5.728,5.737,0.5078620162308655
164622,Acoustic,VPVF,acoustic,2025-02-25 14:32:46.006,2025-02-25 14:32:50.844,2.997,4.838,0.319380117773582
164623,Acoustic,VPVF,acoustic,2025-02-25 14:37:56.963,2025-02-25 14:38:04.163,9.983,7.2,0.6695049176457774
164624,Acoustic,VPVF,acoustic,2025-02-25 14:47:38.288,2025-02-25 14:47:45.769,476.728,7.481,1.7944413424670431
164625,Acoustic,VPVF,acoustic,2025-02-25 14:55:31.456,2025-02-25 14:55:40.288,98.769,8.832,1.336395840001113
164626,Acoustic,VPVF,acoustic,2025-02-25 15:08:58.906,2025-02-25 15:09:07.513,109.722,8.607,1.3669967892339294
164627,Acoustic,VPVF,acoustic,2025-02-25 15:29:07.613,2025-02-25 15:29:17.006,99.983,9.393,1.3399505296534127
164628,Acoustic,VPVF,acoustic,2025-02-25 16:27:58.344,2025-02-25 16:28:05.544,24.796,7.2,0.9342356905452892
164629,Acoustic,VPVF,acoustic,2025-02-25 17:15:01.119,2025-02-25 17:15:09.894,175.105,8.775,1.503010026646569
164630,Acoustic,VPVF,acoustic,2025-02-25 17:36:48.231,2025-02-25 17:36:52.338,2.811,4.107,0.3007367665569853
164631,Acoustic,VPVF,acoustic,2025-02-25 20:16:29.344,2025-02-25 20:16:37.219,41.159,7.875,1.0816914257752772
164632,Acoustic,VPVF,acoustic,2025-02-25 21:09:18.894,2025-02-25 21:09:25.869,8.611,6.975,0.6264859047848136
164633,Acoustic,VPVF,acoustic,2025-02-25 21:22:43.838,2025-02-25 21:22:49.631,4.162,5.793,0.4149323908366575
164634,Acoustic,VPVF,acoustic,2025-02-25 21:53:05.288,2025-02-25 21:53:14.906,28.995,9.618,0.979756485766437
164635,Acoustic,VPVF,acoustic,2025-02-25 22:08:59.669,2025-02-25 22:09:08.444,33.288,8.775,1.019932760865877
164636,Acoustic,VPVF,acoustic,2025-02-25 22:14:08.119,2025-02-25 22:14:14.531,68.511,6.412,1.229959405430795
164637,Acoustic,VPVF,acoustic,2025-02-25 22:21:22.119,2025-02-25 22:21:29.994,46.848,7.875,1.1193630068783271
164638,Acoustic,VPVF,acoustic,2025-02-25 22:45:19.344,2025-02-25 22:45:25.194,7.337,5.85,0.5798974077800986
164639,Acoustic,VPVF,acoustic,2025-02-25 22:58:51.781,2025-02-25 22:58:58.419,6.062,6.638,0.5243526744611744
164640,Acoustic,VPVF,acoustic,2025-02-25 23:04:57.119,2025-02-25 23:05:04.881,24.004,7.762,0.9247900241230196
164641,Acoustic,VPVF,acoustic,2025-02-25 23:08:15.356,2025-02-25 23:08:24.356,3.58,9.0,0.37110162785139583
164642,Acoustic,VPVF,acoustic,2025-02-25 23:24:32.006,2025-02-25 23:24:38.531,105.746,6.525,1.3562568455097042
164643,Acoustic,VPVF,acoustic,2025-02-25 23:42:26.838,2025-02-25 23:42:32.913,3.894,6.075,0.39556528461328866
164644,Acoustic,VPVF,acoustic,2025-02-25 23:47:56.838,2025-02-25 23:48:04.038,5.689,7.2,0.505874075624407
164645,Acoustic,VPVF,acoustic,2025-02-25 23:50:34.838,2025-02-25 23:50:42.656,13.143,7.818,0.7495253202915514
164646,Acoustic,VPVF,acoustic,2025-02-25 17:34:40.556,2025-02-25 17:34:46.406,3.279,5.85,0.3455467491684747
164656,Acoustic,VPVF,acoustic,2025-02-26 00:08:58.456,2025-02-26 00:09:06.725,21.71,8.269,0.8955620817144615
164657,Acoustic,VPVF,acoustic,2025-02-26 00:21:35.456,2025-02-26 00:21:46.256,17.093,10.8,0.8259882560603314
164658,Acoustic,VPVF,acoustic,2025-02-26 00:24:54.288,2025-02-26 00:25:02.219,33.598,7.931,1.0226299952581446
164659,Acoustic,VPVF,acoustic,2025-02-26 00:30:25.231,2025-02-26 00:30:33.725,103.581,8.494,1.3502376666668379
164660,Acoustic,VPVF,acoustic,2025-02-26 00:56:25.244,2025-02-26 00:56:33.569,27.231,8.325,0.961492605410595
164661,Acoustic,VPVF,acoustic,2025-02-26 00:59:51.344,2025-02-26 01:00:01.075,2.781,9.731,0.2976146625389869
164662,Acoustic,VPVF,acoustic,2025-02-26 01:16:27.850,2025-02-26 01:16:33.419,1.788,5.569,0.16908623468813225
164663,Acoustic,VPVF,acoustic,2025-02-26 01:24:37.738,2025-02-26 01:24:45.331,31.141,7.593,1.0005328115306298
164664,Acoustic,VPVF,acoustic,2025-02-26 01:43:13.513,2025-02-26 01:43:19.644,4.132,6.131,0.4128274096078806
164665,Acoustic,VPVF,acoustic,2025-02-26 01:46:14.738,2025-02-26 01:46:22.444,153.908,7.706,1.465465000419794
164666,Acoustic,VPVF,acoustic,2025-02-26 01:53:53.019,2025-02-26 01:54:01.175,66.594,8.156,1.221701518191782
164667,Acoustic,VPVF,acoustic,2025-02-26 02:38:22.638,2025-02-26 02:38:30.681,107.057,8.043,1.3598420963775395
164668,Acoustic,VPVF,acoustic,2025-02-26 02:41:57.063,2025-02-26 02:42:08.594,114.994,11.531,1.380652371216371
164669,Acoustic,VPVF,acoustic,2025-02-26 02:50:14.344,2025-02-26 02:50:20.025,43.743,5.681,1.0994087383367157
164670,Acoustic,VPVF,acoustic,2025-02-26 03:52:13.144,2025-02-26 03:52:20.006,106.792,6.862,1.3591209424349782
164671,Acoustic,VPVF,acoustic,2025-02-26 03:59:38.344,2025-02-26 03:59:44.869,31.523,6.525,1.004080453130118
164672,Acoustic,VPVF,acoustic,2025-02-26 04:00:59.569,2025-02-26 04:01:06.938,71.039,7.369,1.24050288236315
164673,Acoustic,VPVF,acoustic,2025-02-26 04:02:46.838,2025-02-26 04:02:54.319,21.047,7.481,0.8865374347103412
164674,Acoustic,VPVF,acoustic,2025-02-26 04:05:00.288,2025-02-26 04:05:07.431,10.719,7.143,0.6902033615178086
164675,Acoustic,VPVF,acoustic,2025-02-26 04:15:29.738,2025-02-26 04:15:36.094,34.105,6.356,1.0269880960910018
164676,Acoustic,VPVF,acoustic,2025-02-26 05:09:53.738,2025-02-26 05:10:01.050,115.901,7.312,1.3829384126741047
164677,Acoustic,VPVF,acoustic,2025-02-26 05:13:28.781,2025-02-26 05:13:36.431,69.438,7.65,1.2338701263494736
164678,Acoustic,VPVF,acoustic,2025-02-26 05:22:24.231,2025-02-26 05:22:32.163,15.766,7.932,0.8024734198919998
164679,Acoustic,VPVF,acoustic,2025-02-26 05:25:08.063,2025-02-26 05:25:15.656,10.055,7.593,0.6715959902049498
164680,Acoustic,VPVF,acoustic,2025-02-26 05:26:31.669,2025-02-26 05:26:37.688,4.267,6.019,0.4221821707157391
164681,Acoustic,VPVF,acoustic,2025-02-26 05:38:41.725,2025-02-26 05:38:48.700,89.34,6.975,1.3072007852509993
164682,Acoustic,VPVF,acoustic,2025-02-26 05:51:32.894,2025-02-26 05:51:39.306,10.155,6.412,0.6744755515863532
164683,Acoustic,VPVF,acoustic,2025-02-26 05:57:03.288,2025-02-26 05:57:07.338,10.869,4.05,0.6942470244653135
164684,Acoustic,VPVF,acoustic,2025-02-26 05:57:19.175,2025-02-26 05:57:23.788,6.188,4.613,0.5303387043683111
164685,Acoustic,VPVF,acoustic,2025-02-26 06:08:14.950,2025-02-26 06:08:20.238,4.938,5.288,0.4646792273492621
164686,Acoustic,VPVF,acoustic,2025-02-26 06:12:15.119,2025-02-26 06:12:20.463,9.464,5.344,0.6539700701853156
164687,Acoustic,VPVF,acoustic,2025-02-26 06:47:58.400,2025-02-26 06:48:03.294,5.237,4.894,0.4817853245139956
164688,Acoustic,VPVF,acoustic,2025-02-26 06:50:19.781,2025-02-26 06:50:25.519,73.743,5.738,1.2513729370201783
164689,Acoustic,VPVF,acoustic,2025-02-26 06:56:03.231,2025-02-26 06:56:11.275,123.735,8.044,1.4019700169819032
164690,Acoustic,VPVF,acoustic,2025-02-26 07:03:32.231,2025-02-26 07:03:37.744,4.383,5.513,0.4299868853381527
164691,Acoustic,VPVF,acoustic,2025-02-26 07:05:19.850,2025-02-26 07:05:27.163,531.583,7.313,1.8261326261293334
164692,Acoustic,VPVF,acoustic,2025-02-26 07:25:42.400,2025-02-26 07:25:49.431,14.308,7.031,0.7742378840895445
164693,Acoustic,VPVF,acoustic,2025-02-26 07:40:07.131,2025-02-26 07:40:15.738,255.382,8.607,1.6128174901328238
164694,Acoustic,VPVF,acoustic,2025-02-26 07:43:59.850,2025-02-26 07:44:05.756,5.201,5.906,0.4797781920291375
164695,Acoustic,VPVF,acoustic,2025-02-26 08:05:34.344,2025-02-26 08:05:42.556,44.286,8.212,1.1029985253262768
164696,Acoustic,VPVF,acoustic,2025-02-26 08:17:33.188,2025-02-26 08:17:41.513,39.874,8.325,1.0724621690357705
164697,Acoustic,VPVF,acoustic,2025-02-26 08:45:47.119,2025-02-26 08:46:00.506,233.185,13.387,1.5863594088974768
164698,Acoustic,VPVF,acoustic,2025-02-26 08:53:48.400,2025-02-26 08:53:56.050,125.449,7.65,1.40597302650834
164699,Acoustic,VPVF,acoustic,2025-02-26 09:08:18.456,2025-02-26 09:08:29.875,309.644,11.419,1.6688779882724625
164700,Acoustic,VPVF,acoustic,2025-02-26 09:11:47.894,2025-02-26 09:11:56.894,6.578,9.0,0.5481228923282461
164701,Acoustic,VPVF,acoustic,2025-02-26 09:20:38.725,2025-02-26 09:20:43.000,25.835,4.275,0.946179672140726
164702,Acoustic,VPVF,acoustic,2025-02-26 09:28:03.063,2025-02-26 09:28:08.631,382.548,5.568,1.7303995769659157
164703,Acoustic,VPVF,acoustic,2025-02-26 09:34:28.838,2025-02-26 09:34:36.319,4.877,7.481,0.46106234624634945
164704,Acoustic,VPVF,acoustic,2025-02-26 09:42:05.131,2025-02-26 09:42:15.650,93.354,10.519,1.319989063893262
164705,Acoustic,VPVF,acoustic,2025-02-26 09:43:01.063,2025-02-26 09:43:09.950,76.782,8.887,1.2631238116225725
164706,Acoustic,VPVF,acoustic,2025-02-26 09:51:01.231,2025-02-26 09:51:06.744,15.323,5.513,0.7941803470600663
164707,Acoustic,VPVF,acoustic,2025-02-26 09:57:56.288,2025-02-26 09:58:04.669,90.924,8.381,1.3123146173090259
164708,Acoustic,VPVF,acoustic,2025-02-26 10:05:34.231,2025-02-26 10:05:38.731,9.569,4.5,0.6571805915699931
164709,Acoustic,VPVF,acoustic,2025-02-26 10:18:45.175,2025-02-26 10:18:50.463,90.965,5.288,1.3124457969803631
164710,Acoustic,VPVF,acoustic,2025-02-26 10:35:53.344,2025-02-26 10:36:00.881,109.408,7.537,1.3661628830080557
164711,Acoustic,VPVF,acoustic,2025-02-26 10:36:59.950,2025-02-26 10:37:06.925,176.788,6.975,1.5057933643926684
164712,Acoustic,VPVF,acoustic,2025-02-26 10:39:48.569,2025-02-26 10:39:59.931,205.188,11.362,1.5491418121005398
164956,Acoustic,VPVF,acoustic,2025-02-26 13:13:15.119,2025-02-26 13:13:23.331,75.196,8.212,1.2570504752686393
164957,Acoustic,VPVF,acoustic,2025-02-26 13:16:46.681,2025-02-26 13:16:56.863,1226.57,10.182,2.0694238666689477
164959,Acoustic,VPVF,acoustic,2025-02-26 13:27:35.344,2025-02-26 13:27:42.656,25.404,7.312,0.9412844097249148
164960,Acoustic,VPVF,acoustic,2025-02-26 13:29:36.569,2025-02-26 13:29:43.206,28.434,6.637,0.9740714325856401
164962,Acoustic,VPVF,acoustic,2025-02-26 13:41:07.613,2025-02-26 13:41:13.744,58.655,6.131,1.184764376214392
164963,Acoustic,VPVF,acoustic,2025-02-26 13:44:20.838,2025-02-26 13:44:26.744,50.862,5.906,1.1432836004724385
164964,Acoustic,VPVF,acoustic,2025-02-26 13:55:38.006,2025-02-26 13:55:46.388,226.366,8.382,1.577723501799489
164965,Acoustic,VPVF,acoustic,2025-02-26 14:07:04.175,2025-02-26 14:07:10.025,75.946,5.85,1.2599382863127264
164967,Acoustic,VPVF,acoustic,2025-02-26 14:10:11.950,2025-02-26 14:10:16.844,98.148,4.894,1.3345605743397853
164968,Acoustic,VPVF,acoustic,2025-02-26 14:32:20.625,2025-02-26 14:32:28.388,70.571,7.763,1.2385796018952848
164970,Acoustic,VPVF,acoustic,2025-02-26 14:35:05.456,2025-02-26 14:35:13.500,26.46,8.044,0.9531351927004932
164971,Acoustic,VPVF,acoustic,2025-02-26 14:37:37.781,2025-02-26 14:37:43.856,278.246,6.075,1.6377673829223274
164972,Acoustic,VPVF,acoustic,2025-02-26 15:48:58.019,2025-02-26 15:49:03.925,880.985,5.906,1.9731289043832914
164973,Acoustic,VPVF,acoustic,2025-02-26 15:54:21.794,2025-02-26 15:54:28.488,514.101,6.694,1.8164024605839488
164974,Acoustic,VPVF,acoustic,2025-02-26 16:17:14.906,2025-02-26 16:17:24.075,183.192,9.169,1.5161473577424462
164975,Acoustic,VPVF,acoustic,2025-02-26 16:42:13.456,2025-02-26 16:42:19.869,43.605,6.413,1.098489314853493
164976,Acoustic,VPVF,acoustic,2025-02-26 16:57:28.625,2025-02-26 16:57:35.713,253.95,7.088,1.6111813055002933
164977,Acoustic,VPVF,acoustic,2025-02-26 17:18:38.569,2025-02-26 17:18:46.444,187.158,7.875,1.5223796250556128
164978,Acoustic,VPVF,acoustic,2025-02-26 17:21:54.400,2025-02-26 17:22:05.594,85.986,11.194,1.2960665900790622
165108,Acoustic,VPVF,acoustic,2025-02-26 17:30:40.794,2025-02-26 17:30:48.331,38.82,7.537,1.0646672058050706
165109,Acoustic,VPVF,acoustic,2025-02-26 17:35:12.288,2025-02-26 17:35:19.994,65.308,7.706,1.2160274773324375
165110,Acoustic,VPVF,acoustic,2025-02-26 17:39:57.963,2025-02-26 17:40:02.069,89.943,4.106,1.3091581373174275
165111,Acoustic,VPVF,acoustic,2025-02-26 17:54:04.513,2025-02-26 17:54:11.881,59.158,7.368,1.1872490336404904
165112,Acoustic,VPVF,acoustic,2025-02-26 17:55:17.513,2025-02-26 17:55:23.138,77.023,5.625,1.2640356881855523
165113,Acoustic,VPVF,acoustic,2025-02-26 17:58:51.963,2025-02-26 17:58:57.588,30.16,5.625,0.9912189959224835
165114,Acoustic,VPVF,acoustic,2025-02-26 18:01:39.738,2025-02-26 18:01:44.688,11.637,4.95,0.7141134929942117
165115,Acoustic,VPVF,acoustic,2025-02-26 18:09:34.569,2025-02-26 18:09:39.069,13.812,4.5,0.7639719016838693
165116,Acoustic,VPVF,acoustic,2025-02-26 18:12:37.063,2025-02-26 18:12:43.644,57.92,6.581,1.1810951306366908
165117,Acoustic,VPVF,acoustic,2025-02-26 18:22:09.963,2025-02-26 18:22:16.319,39.228,6.356,1.067709431640756
165118,Acoustic,VPVF,acoustic,2025-02-26 18:24:15.838,2025-02-26 18:24:21.519,30.934,5.681,0.9985921743994506
165119,Acoustic,VPVF,acoustic,2025-02-26 18:33:56.838,2025-02-26 18:34:01.788,46.942,4.95,1.119946264701729
165120,Acoustic,VPVF,acoustic,2025-02-26 18:40:10.738,2025-02-26 18:40:18.556,36.892,7.818,1.0498445739770443
165121,Acoustic,VPVF,acoustic,2025-02-26 18:50:27.456,2025-02-26 18:50:33.306,74.693,5.85,1.2550975349892701
165122,Acoustic,VPVF,acoustic,2025-02-26 19:10:54.063,2025-02-26 19:11:00.363,38.9,6.3,1.0652662328882243
165123,Acoustic,VPVF,acoustic,2025-02-26 19:11:23.019,2025-02-26 19:11:28.813,62.734,5.794,1.2043269963261585
165124,Acoustic,VPVF,acoustic,2025-02-26 19:13:34.063,2025-02-26 19:13:39.519,7.66,5.456,0.5924332756538447
165125,Acoustic,VPVF,acoustic,2025-02-26 19:19:24.556,2025-02-26 19:19:32.319,6.21,7.763,0.5313713721183088
165126,Acoustic,VPVF,acoustic,2025-02-26 19:23:16.288,2025-02-26 19:23:22.588,9.639,6.3,0.659301426781691
165127,Acoustic,VPVF,acoustic,2025-02-26 19:33:07.838,2025-02-26 19:33:14.644,13.482,6.806,0.7569353962778576
165128,Acoustic,VPVF,acoustic,2025-02-26 19:42:05.456,2025-02-26 19:42:11.194,21.683,5.738,0.8951999777718203
165129,Acoustic,VPVF,acoustic,2025-02-26 19:53:37.794,2025-02-26 19:53:43.981,121.528,6.187,1.396733154988296
165131,Acoustic,VPVF,acoustic,2025-02-26 20:25:48.456,2025-02-26 20:25:55.769,11.898,7.313,0.720567556274594
165132,Acoustic,VPVF,acoustic,2025-02-26 20:25:55.713,2025-02-26 20:25:59.594,12.026,3.881,0.7236812036713519
165133,Acoustic,VPVF,acoustic,2025-02-26 20:35:04.288,2025-02-26 20:35:11.431,63.1,7.143,1.20601967069357
165134,Acoustic,VPVF,acoustic,2025-02-26 20:43:43.738,2025-02-26 20:43:50.094,121.372,6.356,1.396359400640914
165135,Acoustic,VPVF,acoustic,2025-02-26 20:53:19.963,2025-02-26 20:53:27.556,92.279,7.593,1.3166189293017079
165136,Acoustic,VPVF,acoustic,2025-02-26 21:05:20.006,2025-02-26 21:05:28.219,239.999,8.213,1.5947403195388217
165137,Acoustic,VPVF,acoustic,2025-02-26 21:39:40.119,2025-02-26 21:39:47.769,48.406,7.65,1.1288824616325723
165138,Acoustic,VPVF,acoustic,2025-02-26 21:48:09.231,2025-02-26 21:48:16.319,2.432,7.088,0.2585955923024672
165139,Acoustic,VPVF,acoustic,2025-02-26 21:49:22.456,2025-02-26 21:49:29.656,16.353,7.2,0.8131102826207307
165140,Acoustic,VPVF,acoustic,2025-02-26 21:51:05.231,2025-02-26 21:51:11.981,8.547,6.75,0.6243151816526233
165141,Acoustic,VPVF,acoustic,2025-02-26 22:23:59.119,2025-02-26 22:24:05.419,88.539,6.3,1.3045801904083838
165142,Acoustic,VPVF,acoustic,2025-02-26 22:25:59.681,2025-02-26 22:26:08.681,633.045,9.0,1.876961170566645
165143,Acoustic,VPVF,acoustic,2025-02-26 22:39:29.838,2025-02-26 22:39:36.588,20.503,6.75,0.8789176658362232
165144,Acoustic,VPVF,acoustic,2025-02-26 22:44:34.469,2025-02-26 22:44:40.938,4.236,6.469,0.42006048746174973
165145,Acoustic,VPVF,acoustic,2025-02-26 22:47:15.781,2025-02-26 22:47:21.069,3.021,5.288,0.3217009859330979
165146,Acoustic,VPVF,acoustic,2025-02-26 22:51:36.063,2025-02-26 22:51:43.038,3.598,6.975,0.37256097653638687
165147,Acoustic,VPVF,acoustic,2025-02-26 22:58:23.963,2025-02-26 22:58:30.488,13.652,6.525,0.7605815073364229
165148,Acoustic,VPVF,acoustic,2025-02-26 23:00:45.019,2025-02-26 23:00:52.388,4.848,7.369,0.459326949476014
165149,Acoustic,VPVF,acoustic,2025-02-26 23:04:11.131,2025-02-26 23:04:20.188,387.348,9.057,1.7340278829990474
165172,Acoustic,VPVF,acoustic,2025-02-26 23:09:58.413,2025-02-26 23:10:08.875,28.077,10.462,0.9703949703372555
165173,Acoustic,VPVF,acoustic,2025-02-26 23:12:11.625,2025-02-26 23:12:20.963,42.285,9.338,1.08954484440128
165174,Acoustic,VPVF,acoustic,2025-02-26 23:14:44.625,2025-02-26 23:14:52.388,10.911,7.763,0.6953692523688308
165175,Acoustic,VPVF,acoustic,2025-02-26 23:17:57.794,2025-02-26 23:18:05.838,18.262,8.044,0.8452373867579417
165176,Acoustic,VPVF,acoustic,2025-02-26 23:19:15.950,2025-02-26 23:19:21.463,34.333,5.513,1.0289268748542197
165177,Acoustic,VPVF,acoustic,2025-02-26 23:23:49.738,2025-02-26 23:23:56.769,65.726,7.031,1.2178839256615026
165178,Acoustic,VPVF,acoustic,2025-02-26 23:25:03.288,2025-02-26 23:25:11.275,13.131,7.987,0.7492595268929603
165179,Acoustic,VPVF,acoustic,2025-02-26 23:27:04.400,2025-02-26 23:27:11.994,25.088,7.594,0.9376422474729108
165180,Acoustic,VPVF,acoustic,2025-02-26 23:45:27.513,2025-02-26 23:45:36.344,23.215,8.831,0.9150650209614692
165181,Acoustic,VPVF,acoustic,2025-02-26 23:47:03.794,2025-02-26 23:47:13.019,75.166,9.225,1.2569343645597888
165182,Acoustic,VPVF,acoustic,2025-02-26 23:50:52.794,2025-02-26 23:51:01.513,9.558,8.719,0.6568459075437993
165183,Acoustic,VPVF,acoustic,2025-02-26 23:52:14.188,2025-02-26 23:52:19.419,87.34,5.231,1.3006128356821653
165184,Acoustic,VPVF,acoustic,2025-02-26 23:55:48.400,2025-02-26 23:55:55.319,22.774,6.919,0.9094843419303125
165185,Acoustic,VPVF,acoustic,2025-02-26 23:59:00.569,2025-02-26 23:59:07.544,2.819,6.975,0.3015637008339736
165186,Acoustic,VPVF,acoustic,2025-02-27 00:05:50.119,2025-02-27 00:05:56.813,63.119,6.694,1.2061072734918237
165187,Acoustic,VPVF,acoustic,2025-02-27 00:08:21.738,2025-02-27 00:08:28.263,16.721,6.525,0.8195857054073427
165188,Acoustic,VPVF,acoustic,2025-02-27 00:12:06.894,2025-02-27 00:12:12.519,38.417,5.625,1.0616307098970343
165189,Acoustic,VPVF,acoustic,2025-02-27 00:18:32.725,2025-02-27 00:18:40.263,15.271,7.538,0.7931912096919507
165190,Acoustic,VPVF,acoustic,2025-02-27 00:21:14.569,2025-02-27 00:21:24.188,178.526,9.619,1.5086399878624646
165191,Acoustic,VPVF,acoustic,2025-02-27 00:28:30.750,2025-02-27 00:28:37.275,106.77,6.525,1.3590609926247506
165192,Acoustic,VPVF,acoustic,2025-02-27 00:34:15.738,2025-02-27 00:34:22.038,10.487,6.3,0.6838363495629091
165193,Acoustic,VPVF,acoustic,2025-02-27 00:39:21.344,2025-02-27 00:39:26.069,26.161,4.725,0.9498284083399879
165194,Acoustic,VPVF,acoustic,2025-02-27 00:48:39.963,2025-02-27 00:48:48.288,103.127,8.325,1.3489594973853034
165195,Acoustic,VPVF,acoustic,2025-02-27 00:57:31.738,2025-02-27 00:57:39.219,74.942,7.481,1.2560659369713187
165196,Acoustic,VPVF,acoustic,2025-02-27 01:02:29.344,2025-02-27 01:02:38.625,495.515,9.281,1.8056880598733953
165197,Acoustic,VPVF,acoustic,2025-02-27 01:20:30.625,2025-02-27 01:20:38.388,219.666,7.763,1.5689811040270591
165198,Acoustic,VPVF,acoustic,2025-02-27 01:21:20.569,2025-02-27 01:21:26.813,28.133,6.244,0.9709747509582155
165199,Acoustic,VPVF,acoustic,2025-02-27 01:29:25.794,2025-02-27 01:29:33.894,32.776,8.1,1.0154224871332076
165200,Acoustic,VPVF,acoustic,2025-02-27 01:39:13.400,2025-02-27 01:39:22.625,573.959,9.225,1.8484501830712554
165201,Acoustic,VPVF,acoustic,2025-02-27 01:45:33.950,2025-02-27 01:45:40.475,63.887,6.525,1.2096263716833149
165202,Acoustic,VPVF,acoustic,2025-02-27 01:46:49.625,2025-02-27 01:46:56.488,47.362,6.863,1.1225381224223665
165203,Acoustic,VPVF,acoustic,2025-02-27 02:21:22.188,2025-02-27 02:21:30.738,541.164,8.55,1.8313303617916694
165204,Acoustic,VPVF,acoustic,2025-02-27 02:29:51.963,2025-02-27 02:30:00.288,208.591,8.325,1.5539280293196405
165205,Acoustic,VPVF,acoustic,2025-02-27 02:34:59.725,2025-02-27 02:35:08.725,54.544,9.0,1.1636204792028269
165206,Acoustic,VPVF,acoustic,2025-02-27 02:49:05.400,2025-02-27 02:49:13.838,87.012,8.438,1.2995180312872083
165207,Acoustic,VPVF,acoustic,2025-02-27 02:55:43.119,2025-02-27 02:55:55.213,97.958,12.094,1.3339967394255536
165208,Acoustic,VPVF,acoustic,2025-02-27 02:57:21.625,2025-02-27 02:57:28.094,25.718,6.469,0.9448589186293112
165209,Acoustic,VPVF,acoustic,2025-02-27 03:04:05.063,2025-02-27 03:04:11.700,16.376,6.637,0.8135192458684811
165210,Acoustic,VPVF,acoustic,2025-02-27 03:06:00.400,2025-02-27 03:06:07.094,26.167,6.694,0.94989513605077
165211,Acoustic,VPVF,acoustic,2025-02-27 03:12:59.175,2025-02-27 03:13:10.650,199.085,11.475,1.540355821446059
165212,Acoustic,VPVF,acoustic,2025-02-27 03:21:35.344,2025-02-27 03:21:42.769,122.691,7.425,1.3995045131658506
165213,Acoustic,VPVF,acoustic,2025-02-27 03:33:28.344,2025-02-27 03:33:38.525,149.845,10.181,1.4576803115643517
165214,Acoustic,VPVF,acoustic,2025-02-27 03:42:54.175,2025-02-27 03:43:01.488,32.475,7.313,1.0127379370291938
165215,Acoustic,VPVF,acoustic,2025-02-27 04:03:55.513,2025-02-27 04:04:02.994,21.945,7.481,0.8986948420712647
165216,Acoustic,VPVF,acoustic,2025-02-27 04:11:15.794,2025-02-27 04:11:23.275,180.276,7.481,1.511478401906232
165217,Acoustic,VPVF,acoustic,2025-02-27 04:24:01.850,2025-02-27 04:24:10.119,385.616,8.269,1.732723880401153
165218,Acoustic,VPVF,acoustic,2025-02-27 04:40:47.625,2025-02-27 04:40:53.869,9.674,6.244,0.6603560756451324
165219,Acoustic,VPVF,acoustic,2025-02-27 04:45:24.400,2025-02-27 04:45:35.200,19.361,10.8,0.8622416159227011
165220,Acoustic,VPVF,acoustic,2025-02-27 04:53:28.850,2025-02-27 04:53:35.150,25.955,6.3,0.9475280922539617
165221,Acoustic,VPVF,acoustic,2025-02-27 04:54:17.344,2025-02-27 04:54:25.275,63.752,7.931,1.2090108552575212
165222,Acoustic,VPVF,acoustic,2025-02-27 04:58:50.963,2025-02-27 04:58:59.513,384.057,8.55,1.7315451090643066
165223,Acoustic,VPVF,acoustic,2025-02-27 05:00:22.400,2025-02-27 05:00:28.475,6.646,6.075,0.5511154257516039
165224,Acoustic,VPVF,acoustic,2025-02-27 05:03:46.288,2025-02-27 05:03:58.044,19.981,11.756,0.8714135372704099
165225,Acoustic,VPVF,acoustic,2025-02-27 05:12:45.063,2025-02-27 05:12:52.825,35.707,7.762,1.0403447535754473
165226,Acoustic,VPVF,acoustic,2025-02-27 05:19:17.669,2025-02-27 05:19:26.219,23.129,8.55,0.9139850936020956
165227,Acoustic,VPVF,acoustic,2025-02-27 05:23:04.894,2025-02-27 05:23:11.813,4.002,6.919,0.40352564648112904
165228,Acoustic,VPVF,acoustic,2025-02-27 05:31:53.950,2025-02-27 05:32:02.613,257.147,8.663,1.6148215795395569
165229,Acoustic,VPVF,acoustic,2025-02-27 05:36:35.625,2025-02-27 05:36:42.994,36.857,7.369,1.049568388364623
165230,Acoustic,VPVF,acoustic,2025-02-27 05:54:35.344,2025-02-27 05:54:44.569,100.771,9.225,1.3422348307607401
165231,Acoustic,VPVF,acoustic,2025-02-27 05:57:33.513,2025-02-27 05:57:41.725,66.894,8.212,1.2230094011150277
165232,Acoustic,VPVF,acoustic,2025-02-27 05:58:25.288,2025-02-27 05:58:33.163,81.267,7.875,1.279642532702777
165233,Acoustic,VPVF,acoustic,2025-02-27 05:59:47.850,2025-02-27 05:59:57.525,113.369,9.675,1.3765111916188397
165234,Acoustic,VPVF,acoustic,2025-02-27 06:07:52.569,2025-02-27 06:08:01.400,16.518,8.831,0.8160314993905726
165235,Acoustic,VPVF,acoustic,2025-02-27 06:12:08.175,2025-02-27 06:12:15.150,11.174,6.975,0.7022998069061775
165236,Acoustic,VPVF,acoustic,2025-02-27 06:19:27.513,2025-02-27 06:19:34.713,62.299,7.2,1.202302320641448
165237,Acoustic,VPVF,acoustic,2025-02-27 06:20:00.400,2025-02-27 06:20:09.063,140.985,8.663,1.4399458488002228
165238,Acoustic,VPVF,acoustic,2025-02-27 06:30:44.019,2025-02-27 06:30:51.163,56.998,7.144,1.1764259433915216
165239,Acoustic,VPVF,acoustic,2025-02-27 06:31:04.288,2025-02-27 06:31:11.825,26.819,7.537,0.9570565287875922
165240,Acoustic,VPVF,acoustic,2025-02-27 06:33:02.188,2025-02-27 06:33:09.613,237.23,7.425,1.5913636379305955
165241,Acoustic,VPVF,acoustic,2025-02-27 06:39:19.725,2025-02-27 06:39:28.500,24.911,8.775,0.935582078359233
165242,Acoustic,VPVF,acoustic,2025-02-27 06:39:47.188,2025-02-27 06:39:58.269,24.834,11.081,0.9346812734455505
165243,Acoustic,VPVF,acoustic,2025-02-27 06:47:25.063,2025-02-27 06:47:32.769,6.023,7.706,0.5224746183242889
165244,Acoustic,VPVF,acoustic,2025-02-27 06:48:00.850,2025-02-27 06:48:08.894,36.905,8.044,1.0499470904743682
165245,Acoustic,VPVF,acoustic,2025-02-27 06:49:28.344,2025-02-27 06:49:35.938,248.168,7.594,1.6044796730761846
165246,Acoustic,VPVF,acoustic,2025-02-27 06:55:50.625,2025-02-27 06:55:57.938,51.244,7.313,1.1454608250879206
165247,Acoustic,VPVF,acoustic,2025-02-27 06:58:16.213,2025-02-27 06:58:25.663,482.422,9.45,1.7978961602250887
165248,Acoustic,VPVF,acoustic,2025-02-27 07:07:53.794,2025-02-27 07:08:02.344,24.642,8.55,0.9324228886689884
165249,Acoustic,VPVF,acoustic,2025-02-27 07:10:42.919,2025-02-27 07:10:51.638,25.719,8.719,0.944870232559086
165250,Acoustic,VPVF,acoustic,2025-02-27 07:13:14.344,2025-02-27 07:13:22.613,105.621,8.269,1.3559126842442306
165251,Acoustic,VPVF,acoustic,2025-02-27 07:22:27.400,2025-02-27 07:22:36.119,34.431,8.719,1.0297562563616323
165252,Acoustic,VPVF,acoustic,2025-02-27 07:28:37.075,2025-02-27 07:28:47.369,83.683,10.294,1.2881669515202245
165253,Acoustic,VPVF,acoustic,2025-02-27 07:29:00.400,2025-02-27 07:29:09.794,267.536,9.394,1.6263460937868122
165254,Acoustic,VPVF,acoustic,2025-02-27 07:36:13.400,2025-02-27 07:36:20.319,12.742,6.919,0.7405091924998353
165255,Acoustic,VPVF,acoustic,2025-02-27 07:40:58.894,2025-02-27 07:41:04.575,5.424,5.681,0.4919941861755347
165256,Acoustic,VPVF,acoustic,2025-02-27 07:52:10.794,2025-02-27 07:52:17.994,66.979,7.2,1.223378901672541
165257,Acoustic,VPVF,acoustic,2025-02-27 07:58:12.569,2025-02-27 07:58:26.688,36.276,14.119,1.0449449934610462
165258,Acoustic,VPVF,acoustic,2025-02-27 08:01:55.119,2025-02-27 08:02:03.388,9.778,8.269,0.6634675220616373
165259,Acoustic,VPVF,acoustic,2025-02-27 08:05:28.950,2025-02-27 08:05:36.825,7.745,7.875,0.5956443528038007
165260,Acoustic,VPVF,acoustic,2025-02-27 08:12:16.950,2025-02-27 08:12:26.175,48.885,9.225,1.131747665078953
165261,Acoustic,VPVF,acoustic,2025-02-27 08:15:35.850,2025-02-27 08:15:43.669,533.095,7.819,1.8269590881727291
165262,Acoustic,VPVF,acoustic,2025-02-27 08:24:05.288,2025-02-27 08:24:15.244,97.262,9.956,1.3319219411378138
165263,Acoustic,VPVF,acoustic,2025-02-27 08:25:50.175,2025-02-27 08:25:56.869,12.026,6.694,0.7236812036713519
165264,Acoustic,VPVF,acoustic,2025-02-27 08:32:00.950,2025-02-27 08:32:09.388,150.668,8.438,1.4592740856704378
165265,Acoustic,VPVF,acoustic,2025-02-27 08:40:38.019,2025-02-27 08:40:49.325,186.621,11.306,1.5215435432043067
165266,Acoustic,VPVF,acoustic,2025-02-27 08:46:08.500,2025-02-27 08:46:15.588,15.98,7.088,0.8063964392352417
165267,Acoustic,VPVF,acoustic,2025-02-27 08:48:18.569,2025-02-27 08:48:24.813,27.717,6.244,0.9666399686253665
165268,Acoustic,VPVF,acoustic,2025-02-27 08:56:19.569,2025-02-27 08:56:27.613,205.644,8.044,1.5497877486614673
165269,Acoustic,VPVF,acoustic,2025-02-27 08:59:52.119,2025-02-27 08:59:58.025,2.083,5.906,0.21352181086498978
165270,Acoustic,VPVF,acoustic,2025-02-27 09:02:51.188,2025-02-27 09:02:59.738,209.043,8.55,1.5545578716804256
165271,Acoustic,VPVF,acoustic,2025-02-27 09:05:08.400,2025-02-27 09:05:17.850,44.671,9.45,1.1055172020143356
165272,Acoustic,VPVF,acoustic,2025-02-27 09:16:01.063,2025-02-27 09:16:08.150,15.149,7.087,0.7908572569451418
165273,Acoustic,VPVF,acoustic,2025-02-27 09:33:59.625,2025-02-27 09:34:07.669,497.417,8.044,1.8068028179977769
165274,Acoustic,VPVF,acoustic,2025-02-27 09:43:40.019,2025-02-27 09:43:47.838,122.475,7.819,1.3989917902460067
165275,Acoustic,VPVF,acoustic,2025-02-27 09:34:52.894,2025-02-27 09:35:01.444,277.133,8.55,1.6366011228669188
165276,Acoustic,VPVF,acoustic,2025-02-27 09:46:51.119,2025-02-27 09:46:57.363,27.07,6.244,0.9597671313662395
165277,Acoustic,VPVF,acoustic,2025-02-27 09:50:56.950,2025-02-27 09:51:02.013,61.325,5.063,1.1977171631085437
165278,Acoustic,VPVF,acoustic,2025-02-27 09:54:49.625,2025-02-27 09:54:56.038,16.406,6.413,0.814051813834018
165279,Acoustic,VPVF,acoustic,2025-02-27 10:05:47.513,2025-02-27 10:05:54.994,789.207,7.481,1.941117922190719
165280,Acoustic,VPVF,acoustic,2025-02-27 10:07:00.344,2025-02-27 10:07:08.163,143.319,7.819,1.4447235253908781
165281,Acoustic,VPVF,acoustic,2025-02-27 10:11:05.950,2025-02-27 10:11:12.700,45.695,6.75,1.1121120167139953
165282,Acoustic,VPVF,acoustic,2025-02-27 10:18:59.625,2025-02-27 10:19:07.725,48.589,8.1,1.1299804338911044
165283,Acoustic,VPVF,acoustic,2025-02-27 10:21:09.288,2025-02-27 10:21:17.950,198.133,8.662,1.5389610663104734
165284,Acoustic,VPVF,acoustic,2025-02-27 10:22:38.400,2025-02-27 10:22:46.444,14.622,8.044,0.7805545423108065
165285,Acoustic,VPVF,acoustic,2025-02-27 10:29:16.019,2025-02-27 10:29:26.369,14.247,10.35,0.7729946942821261
165286,Acoustic,VPVF,acoustic,2025-02-27 10:30:40.569,2025-02-27 10:30:48.894,73.611,8.325,1.2508516208122242
165287,Acoustic,VPVF,acoustic,2025-02-27 10:31:06.838,2025-02-27 10:31:14.038,57.225,7.2,1.1775824869022091
165288,Acoustic,VPVF,acoustic,2025-02-27 10:33:25.738,2025-02-27 10:33:33.838,229.771,8.1,1.582067793625533
165289,Acoustic,VPVF,acoustic,2025-02-27 10:35:42.175,2025-02-27 10:35:52.188,75.111,10.013,1.256721374516433
165290,Acoustic,VPVF,acoustic,2025-02-27 10:47:23.569,2025-02-27 10:47:30.938,80.099,7.369,1.2754301530783216
165291,Acoustic,VPVF,acoustic,2025-02-27 10:54:36.963,2025-02-27 10:54:45.513,112.067,8.55,1.373150089924558
165292,Acoustic,VPVF,acoustic,2025-02-27 10:57:39.725,2025-02-27 10:57:44.225,10.792,4.5,0.6921782975647781
165293,Acoustic,VPVF,acoustic,2025-02-27 11:02:30.175,2025-02-27 11:02:43.450,338.371,13.275,1.6946934003591667
165294,Acoustic,VPVF,acoustic,2025-02-27 11:06:01.063,2025-02-27 11:06:06.575,16.604,5.512,0.8175425255533428
165295,Acoustic,VPVF,acoustic,2025-02-27 11:13:28.344,2025-02-27 11:13:36.444,71.868,8.1,1.2438788246183285
165296,Acoustic,VPVF,acoustic,2025-02-27 11:18:59.625,2025-02-27 11:19:07.894,592.665,8.269,1.8577822180102057
165297,Acoustic,VPVF,acoustic,2025-02-27 11:21:40.963,2025-02-27 11:21:49.963,520.018,9.0,1.8197323123522449
165298,Acoustic,VPVF,acoustic,2025-02-27 11:22:52.863,2025-02-27 11:23:08.444,735.354,15.581,1.9205526276186033
165299,Acoustic,VPVF,acoustic,2025-02-27 11:26:31.344,2025-02-27 11:26:40.063,6.988,8.719,0.5657164405282986
165300,Acoustic,VPVF,acoustic,2025-02-27 11:27:37.513,2025-02-27 11:27:45.050,80.055,7.537,1.27527026944571
165301,Acoustic,VPVF,acoustic,2025-02-27 11:30:20.850,2025-02-27 11:30:28.163,7.622,7.313,0.5909861927722194
165302,Acoustic,VPVF,acoustic,2025-02-27 11:31:34.625,2025-02-27 11:31:42.050,172.378,7.425,1.4984428311536522
165303,Acoustic,VPVF,acoustic,2025-02-27 11:31:55.063,2025-02-27 11:32:03.388,32.985,8.325,1.0172720472390362
165304,Acoustic,VPVF,acoustic,2025-02-27 11:40:53.738,2025-02-27 11:41:01.275,230.337,7.537,1.5827836830971436
165305,Acoustic,VPVF,acoustic,2025-02-27 11:42:16.075,2025-02-27 11:42:24.794,620.753,8.719,1.8712556141620034
165306,Acoustic,VPVF,acoustic,2025-02-27 11:44:32.963,2025-02-27 11:44:40.444,48.574,7.481,1.1298905918817428
165307,Acoustic,VPVF,acoustic,2025-02-27 11:45:53.344,2025-02-27 11:46:00.994,41.627,7.65,1.0849813257201952
165308,Acoustic,VPVF,acoustic,2025-02-27 11:47:55.288,2025-02-27 11:48:02.319,48.944,7.031,1.1320986379592044
165309,Acoustic,VPVF,acoustic,2025-02-27 11:51:08.513,2025-02-27 11:51:16.219,171.86,7.706,1.4975671209958272
165310,Acoustic,VPVF,acoustic,2025-02-27 11:52:49.513,2025-02-27 11:52:56.938,11.827,7.425,0.7188259798633625
165311,Acoustic,VPVF,acoustic,2025-02-27 11:54:10.613,2025-02-27 11:54:18.375,6.769,7.762,0.5564514244451633
165312,Acoustic,VPVF,acoustic,2025-02-27 12:00:23.300,2025-02-27 12:00:31.400,467.885,8.1,1.7889932119404277
165313,Acoustic,VPVF,acoustic,2025-02-27 12:02:01.175,2025-02-27 12:02:07.869,15.225,6.694,0.7923133918742917
165314,Acoustic,VPVF,acoustic,2025-02-27 12:15:16.288,2025-02-27 12:15:24.669,129.402,8.381,1.4150004624389438
165315,Acoustic,VPVF,acoustic,2025-02-27 12:21:50.288,2025-02-27 12:21:58.725,35.736,8.437,1.0405809794407341
165316,Acoustic,VPVF,acoustic,2025-02-27 12:27:31.513,2025-02-27 12:27:39.500,36.034,7.987,1.0429973577206082
165317,Acoustic,VPVF,acoustic,2025-02-27 12:31:15.794,2025-02-27 12:31:24.738,138.943,8.944,1.4357005700705299
165318,Acoustic,VPVF,acoustic,2025-02-27 12:33:43.175,2025-02-27 12:33:51.163,442.587,7.988,1.772819097746304
165319,Acoustic,VPVF,acoustic,2025-02-27 12:36:06.513,2025-02-27 12:36:14.444,41.859,7.931,1.0865985287970639
165320,Acoustic,VPVF,acoustic,2025-02-27 12:37:46.569,2025-02-27 12:37:55.175,41.027,8.606,1.080756740135237
165321,Acoustic,VPVF,acoustic,2025-02-27 12:38:40.175,2025-02-27 12:38:48.388,20.535,8.213,0.8793714538170798
165322,Acoustic,VPVF,acoustic,2025-02-27 12:39:38.400,2025-02-27 12:39:47.513,75.837,9.113,1.2595203668953268
165323,Acoustic,VPVF,acoustic,2025-02-27 12:49:51.288,2025-02-27 12:49:59.725,116.563,8.437,1.3845956799948191
165324,Acoustic,VPVF,acoustic,2025-02-27 12:54:26.513,2025-02-27 12:54:34.838,29.36,8.325,0.983396554333502
165325,Acoustic,VPVF,acoustic,2025-02-27 12:59:39.400,2025-02-27 12:59:45.194,9.718,5.794,0.6616765194670816
165381,Acoustic,VPVF,acoustic,2025-02-27 13:07:06.669,2025-02-27 13:07:15.725,844.322,9.056,1.9607604307356712
165382,Acoustic,VPVF,acoustic,2025-02-27 13:08:51.288,2025-02-27 13:09:02.538,3.165,11.25,0.3352503886167606
165383,Acoustic,VPVF,acoustic,2025-02-27 13:11:21.094,2025-02-27 13:11:28.913,23.829,7.819,0.9226608975702659
165391,Acoustic,VPVF,acoustic,2025-02-27 13:12:14.556,2025-02-27 13:12:24.063,222.958,9.507,1.5733094501807154
165392,Acoustic,VPVF,acoustic,2025-02-27 13:13:46.644,2025-02-27 13:13:55.268,176.442,8.624,1.5052233211970478
165393,Acoustic,VPVF,acoustic,2025-02-27 13:22:54.070,2025-02-27 13:23:02.625,40.31,8.555,1.0756265747625444
165394,Acoustic,VPVF,acoustic,2025-02-27 13:28:12.409,2025-02-27 13:28:19.329,62.034,6.92,1.2010619564255995
165395,Acoustic,VPVF,acoustic,2025-02-27 13:35:22.305,2025-02-27 13:35:30.268,197.271,7.963,1.5376923748838136
165396,Acoustic,VPVF,acoustic,2025-02-27 13:37:49.253,2025-02-27 13:37:57.773,268.2,8.52,1.6270673782554388
165397,Acoustic,VPVF,acoustic,2025-02-27 13:48:20.061,2025-02-27 13:48:27.225,47.92,7.164,1.125946262285441
165398,Acoustic,VPVF,acoustic,2025-02-27 13:52:31.853,2025-02-27 13:52:41.173,213.331,9.32,1.5604661593253757
165399,Acoustic,VPVF,acoustic,2025-02-27 13:53:54.409,2025-02-27 13:54:01.990,428.79,7.581,1.7636039144483513
165400,Acoustic,VPVF,acoustic,2025-02-27 14:01:31.131,2025-02-27 14:01:38.642,516.943,7.511,1.8180065814345854
165401,Acoustic,VPVF,acoustic,2025-02-27 14:09:29.861,2025-02-27 14:09:37.616,79.842,7.755,1.2744950428664403
165402,Acoustic,VPVF,acoustic,2025-02-27 14:10:50.479,2025-02-27 14:10:56.390,61.066,5.911,1.1964856471647038
165403,Acoustic,VPVF,acoustic,2025-02-27 14:17:17.861,2025-02-27 14:17:25.616,43.369,7.755,1.0969102035784872
165404,Acoustic,VPVF,acoustic,2025-02-27 14:19:42.853,2025-02-27 14:19:46.226,13.007,3.373,0.7464986839637807
165405,Acoustic,VPVF,acoustic,2025-02-27 14:23:19.548,2025-02-27 14:23:26.469,187.396,6.921,1.5227494120951575
165406,Acoustic,VPVF,acoustic,2025-02-27 14:26:51.487,2025-02-27 14:26:57.712,61.686,6.225,1.199425028387226
165407,Acoustic,VPVF,acoustic,2025-02-27 14:41:01.757,2025-02-27 14:41:07.947,836.254,6.19,1.9579665994361957
165408,Acoustic,VPVF,acoustic,2025-02-27 14:42:44.200,2025-02-27 14:42:51.225,57.415,7.025,1.1785469973377787
165409,Acoustic,VPVF,acoustic,2025-02-27 14:45:45.757,2025-02-27 14:45:53.964,135.2,8.207,1.4277543833757635
165410,Acoustic,VPVF,acoustic,2025-02-27 14:50:55.270,2025-02-27 14:51:02.608,969.176,7.338,2.0008897761916464
165411,Acoustic,VPVF,acoustic,2025-02-27 14:52:14.305,2025-02-27 14:52:19.139,210.353,4.834,1.5563756358290368
165412,Acoustic,VPVF,acoustic,2025-02-27 14:54:37.339,2025-02-27 14:54:46.416,447.194,9.077,1.7758322985534585
165413,Acoustic,VPVF,acoustic,2025-02-27 15:04:53.444,2025-02-27 15:04:59.843,87.441,6.399,1.3009491275086413
165414,Acoustic,VPVF,acoustic,2025-02-27 15:16:50.757,2025-02-27 15:16:58.373,955.567,7.616,1.9967749659486944
165415,Acoustic,VPVF,acoustic,2025-02-27 15:19:59.652,2025-02-27 15:20:10.642,42.871,10.99,1.0935496213071325
165416,Acoustic,VPVF,acoustic,2025-02-27 15:21:15.027,2025-02-27 15:21:21.356,216.001,6.329,1.5640853603851483
165417,Acoustic,VPVF,acoustic,2025-02-27 15:37:57.818,2025-02-27 15:38:05.364,21.741,7.546,0.8959772757454203
165418,Acoustic,VPVF,acoustic,2025-02-27 15:38:32.305,2025-02-27 15:38:39.642,61.705,7.337,1.1995146389552305
165419,Acoustic,VPVF,acoustic,2025-02-27 16:05:59.105,2025-02-27 16:06:05.886,122.528,6.781,1.3991176809272878
165420,Acoustic,VPVF,acoustic,2025-02-27 16:10:04.792,2025-02-27 16:10:12.999,549.308,8.207,1.8356766691041357
165421,Acoustic,VPVF,acoustic,2025-02-27 16:23:10.687,2025-02-27 16:23:18.581,234.412,7.894,1.5878864929895131
165422,Acoustic,VPVF,acoustic,2025-02-27 16:23:57.401,2025-02-27 16:24:04.182,42.168,6.781,1.0887386121486238
165423,Acoustic,VPVF,acoustic,2025-02-27 16:25:48.887,2025-02-27 16:25:55.321,40.799,6.434,1.0791351773861797
165424,Acoustic,VPVF,acoustic,2025-02-27 16:29:14.096,2025-02-27 16:29:21.225,50.84,7.129,1.1431577130609203
165425,Acoustic,VPVF,acoustic,2025-02-27 16:33:17.513,2025-02-27 16:33:31.041,159.727,13.528,1.4762634843145028
165426,Acoustic,VPVF,acoustic,2025-02-27 16:35:07.861,2025-02-27 16:35:15.616,50.236,7.755,1.1396800846835091
165427,Acoustic,VPVF,acoustic,2025-02-27 16:39:28.374,2025-02-27 16:39:36.581,593.305,8.207,1.8580962655694482
165428,Acoustic,VPVF,acoustic,2025-02-27 16:41:10.105,2025-02-27 16:41:16.156,51.467,6.051,1.1467243322195577
165429,Acoustic,VPVF,acoustic,2025-02-27 16:57:21.027,2025-02-27 16:57:27.008,46.401,5.981,1.1165733179667572
165430,Acoustic,VPVF,acoustic,2025-02-27 17:00:22.775,2025-02-27 17:00:31.990,301.383,9.215,1.6610095635588853
165431,Acoustic,VPVF,acoustic,2025-02-27 17:12:43.061,2025-02-27 17:12:49.182,29.285,6.121,0.9826523030038659
165432,Acoustic,VPVF,acoustic,2025-02-27 17:17:18.626,2025-02-27 17:17:26.764,151.89,8.138,1.4616245520113573
165433,Acoustic,VPVF,acoustic,2025-02-27 17:20:02.872,2025-02-27 17:20:23.182,366.152,20.31,1.7176531451609998
165434,Acoustic,VPVF,acoustic,2025-02-27 17:27:59.479,2025-02-27 17:28:07.268,218.586,7.789,1.56754696967851
165435,Acoustic,VPVF,acoustic,2025-02-27 17:29:17.487,2025-02-27 17:29:25.799,81.878,8.312,1.2818220412783368
165436,Acoustic,VPVF,acoustic,2025-02-27 17:35:04.896,2025-02-27 17:35:13.938,701.567,9.042,1.9068663322993356
165437,Acoustic,VPVF,acoustic,2025-02-27 17:36:22.444,2025-02-27 17:36:30.860,522.974,8.416,1.8213816657706507
165438,Acoustic,VPVF,acoustic,2025-02-27 17:38:41.305,2025-02-27 17:38:51.112,171.51,9.807,1.4969739294457367
165439,Acoustic,VPVF,acoustic,2025-02-27 17:44:06.339,2025-02-27 17:44:12.147,12.389,5.808,0.7323342894732594
165452,Acoustic,VPVF,acoustic,2025-02-27 17:48:44.479,2025-02-27 17:48:53.938,88.025,9.459,1.3028860426072888
165454,Acoustic,VPVF,acoustic,2025-02-27 17:49:34.783,2025-02-27 17:49:41.599,36.975,6.816,1.050498482388183
165455,Acoustic,VPVF,acoustic,2025-02-27 17:51:55.339,2025-02-27 17:52:03.373,36.783,8.034,1.0489835885911154
165456,Acoustic,VPVF,acoustic,2025-02-27 17:53:10.618,2025-02-27 17:53:17.677,483.896,7.059,1.7987838615347826
165457,Acoustic,VPVF,acoustic,2025-02-27 17:55:21.444,2025-02-27 17:55:25.756,56.174,4.312,1.1721886844486995
165458,Acoustic,VPVF,acoustic,2025-02-27 17:56:05.339,2025-02-27 17:56:10.382,8.255,5.043,0.6142004419912044
165459,Acoustic,VPVF,acoustic,2025-02-27 18:02:11.783,2025-02-27 18:02:17.556,25.096,5.773,0.9377350188120914
165460,Acoustic,VPVF,acoustic,2025-02-27 18:05:18.339,2025-02-27 18:05:28.842,384.739,10.503,1.7320613619392347
165461,Acoustic,VPVF,acoustic,2025-02-27 18:07:42.027,2025-02-27 18:07:49.886,633.887,7.859,1.8773479362732377
165462,Acoustic,VPVF,acoustic,2025-02-27 18:08:05.757,2025-02-27 18:08:12.608,209.682,6.851,1.5554459707472408
165463,Acoustic,VPVF,acoustic,2025-02-27 18:11:47.061,2025-02-27 18:11:54.955,134.659,7.894,1.4265877079508498
165464,Acoustic,VPVF,acoustic,2025-02-27 18:25:54.444,2025-02-27 18:26:00.947,38.163,6.503,1.059700479916454
165465,Acoustic,VPVF,acoustic,2025-02-27 18:26:45.027,2025-02-27 18:26:53.651,581.741,8.624,1.85236888099487
165466,Acoustic,VPVF,acoustic,2025-02-27 18:32:34.687,2025-02-27 18:32:40.112,57.206,5.425,1.1774858597853362
165467,Acoustic,VPVF,acoustic,2025-02-27 18:34:27.887,2025-02-27 18:34:32.408,140.998,4.521,1.4399726781122029
165468,Acoustic,VPVF,acoustic,2025-02-27 18:36:58.687,2025-02-27 18:37:07.659,60.634,8.972,1.1944198670034138
165469,Acoustic,VPVF,acoustic,2025-02-27 18:40:21.488,2025-02-27 18:40:26.183,4.956,4.695,0.4657379694616974
165470,Acoustic,VPVF,acoustic,2025-02-27 18:42:55.661,2025-02-27 18:43:04.042,188.19,8.381,1.5239796833121881
165471,Acoustic,VPVF,acoustic,2025-02-27 18:45:14.722,2025-02-27 18:45:26.129,356.02,11.407,1.7094878452221445
165472,Acoustic,VPVF,acoustic,2025-02-27 18:46:45.479,2025-02-27 18:46:58.624,96.403,13.145,1.329340667884253
165473,Acoustic,VPVF,acoustic,2025-02-27 18:47:37.722,2025-02-27 18:47:46.764,141.956,9.042,1.4419430147838315
165474,Acoustic,VPVF,acoustic,2025-02-27 18:49:38.661,2025-02-27 18:49:46.868,1185.835,8.207,2.0595962571674553
165475,Acoustic,VPVF,acoustic,2025-02-27 18:51:30.444,2025-02-27 18:51:38.894,84.382,8.45,1.2905873758500643
165476,Acoustic,VPVF,acoustic,2025-02-27 18:53:44.583,2025-02-27 18:53:50.356,9.059,5.773,0.6412437739707929
165477,Acoustic,VPVF,acoustic,2025-02-27 18:55:14.235,2025-02-27 18:55:22.999,833.999,8.764,1.9571809050334275
165478,Acoustic,VPVF,acoustic,2025-02-27 19:21:25.896,2025-02-27 19:21:31.390,68.6,5.494,1.2303371575235236
165479,Acoustic,VPVF,acoustic,2025-02-27 19:22:02.027,2025-02-27 19:22:11.833,41.72,9.806,1.0856306808355105
165480,Acoustic,VPVF,acoustic,2025-02-27 19:31:23.235,2025-02-27 19:31:30.642,29.439,7.407,0.9841784458880855
165481,Acoustic,VPVF,acoustic,2025-02-27 19:33:49.444,2025-02-27 19:33:57.616,178.646,8.172,1.5088355086628569
165482,Acoustic,VPVF,acoustic,2025-02-27 19:39:09.965,2025-02-27 19:39:15.703,31.786,5.738,1.0064980389673677
165483,Acoustic,VPVF,acoustic,2025-02-27 19:41:59.348,2025-02-27 19:42:06.025,274.745,6.677,1.6340829643754862
165484,Acoustic,VPVF,acoustic,2025-02-27 19:44:55.339,2025-02-27 19:45:03.477,128.152,8.138,1.4121760102117804
165485,Acoustic,VPVF,acoustic,2025-02-27 19:48:19.313,2025-02-27 19:48:26.825,387.998,7.512,1.7345157562612488
165486,Acoustic,VPVF,acoustic,2025-02-27 19:51:26.722,2025-02-27 19:51:36.424,14.554,9.702,0.7791981882922401
165487,Acoustic,VPVF,acoustic,2025-02-27 19:58:36.479,2025-02-27 19:58:44.894,49.405,8.415,1.1348265054325173
165488,Acoustic,VPVF,acoustic,2025-02-27 20:00:49.070,2025-02-27 20:00:56.199,36.46,7.129,1.0464171650937015
165489,Acoustic,VPVF,acoustic,2025-02-27 20:02:23.618,2025-02-27 20:02:30.677,99.865,7.059,1.3396069152491716
165490,Acoustic,VPVF,acoustic,2025-02-27 20:04:41.479,2025-02-27 20:04:49.999,884.074,8.52,1.9741473743678355
165491,Acoustic,VPVF,acoustic,2025-02-27 20:10:40.487,2025-02-27 20:10:47.095,58.913,6.608,1.1860414629157212
165492,Acoustic,VPVF,acoustic,2025-02-27 20:13:50.722,2025-02-27 20:13:59.277,92.99,8.555,1.3188522859668423
165493,Acoustic,VPVF,acoustic,2025-02-27 20:17:17.792,2025-02-27 20:17:26.138,927.95,8.346,1.9882414659878669
165494,Acoustic,VPVF,acoustic,2025-02-27 20:17:55.096,2025-02-27 20:18:02.538,25.196,7.442,0.9388921717841495
165495,Acoustic,VPVF,acoustic,2025-02-27 20:22:31.896,2025-02-27 20:22:48.345,257.244,16.449,1.614931320179317
165496,Acoustic,VPVF,acoustic,2025-02-27 20:34:20.444,2025-02-27 20:34:25.938,131.965,5.494,1.420707370604752
165497,Acoustic,VPVF,acoustic,2025-02-27 20:35:58.444,2025-02-27 20:36:08.355,171.401,9.911,1.496788945429
165498,Acoustic,VPVF,acoustic,2025-02-27 20:38:48.096,2025-02-27 20:38:58.668,282.066,10.572,1.6417349956768268
165499,Acoustic,VPVF,acoustic,2025-02-27 20:39:31.105,2025-02-27 20:39:38.025,64.404,6.92,1.2119716036942225
165500,Acoustic,VPVF,acoustic,2025-02-27 20:43:08.548,2025-02-27 20:43:15.921,66.724,7.373,1.2222689893714125
165501,Acoustic,VPVF,acoustic,2025-02-27 20:44:11.209,2025-02-27 20:44:18.477,29.646,7.268,0.9862172898629507
165502,Acoustic,VPVF,acoustic,2025-02-27 20:47:01.931,2025-02-27 20:47:08.608,16.947,6.677,0.8234921957355131
165503,Acoustic,VPVF,acoustic,2025-02-27 20:47:56.409,2025-02-27 20:48:02.286,27.004,5.877,0.9590568265422444
165504,Acoustic,VPVF,acoustic,2025-02-27 20:50:35.200,2025-02-27 20:50:44.451,52.123,9.251,1.1504097007368679
165505,Acoustic,VPVF,acoustic,2025-02-27 20:55:09.687,2025-02-27 20:55:16.921,22.654,7.234,0.90794708043696
165506,Acoustic,VPVF,acoustic,2025-02-27 20:56:07.174,2025-02-27 20:56:13.399,15.546,6.225,0.7983845044575439
165507,Acoustic,VPVF,acoustic,2025-02-27 20:57:32.618,2025-02-27 20:57:38.390,18.065,5.772,0.8420814371557076
165508,Acoustic,VPVF,acoustic,2025-02-27 20:58:57.965,2025-02-27 20:59:05.512,480.462,7.547,1.7967115600004875
165509,Acoustic,VPVF,acoustic,2025-02-27 21:01:01.139,2025-02-27 21:01:08.755,108.035,7.616,1.3624881990997617
165510,Acoustic,VPVF,acoustic,2025-02-27 21:02:15.479,2025-02-27 21:02:22.747,90.538,7.268,1.3110767007389876
165511,Acoustic,VPVF,acoustic,2025-02-27 21:03:37.166,2025-02-27 21:03:43.390,27.265,6.224,0.9618556863553029
165512,Acoustic,VPVF,acoustic,2025-02-27 21:05:01.548,2025-02-27 21:05:07.356,61.472,5.808,1.1984138199316718
165513,Acoustic,VPVF,acoustic,2025-02-27 21:07:07.557,2025-02-27 21:07:20.111,237.876,12.554,1.5921549201012961
165514,Acoustic,VPVF,acoustic,2025-02-27 21:10:37.922,2025-02-27 21:10:46.199,197.519,8.277,1.5380579483816486
165515,Acoustic,VPVF,acoustic,2025-02-27 21:10:59.557,2025-02-27 21:11:10.998,40.079,11.441,1.0739543076123412
165516,Acoustic,VPVF,acoustic,2025-02-27 21:14:51.887,2025-02-27 21:15:00.025,30.587,8.138,0.9953097116681234
165517,Acoustic,VPVF,acoustic,2025-02-27 21:16:27.209,2025-02-27 21:16:35.590,76.115,8.381,1.2605850686491966
165518,Acoustic,VPVF,acoustic,2025-02-27 21:18:00.000,2025-02-27 21:18:10.572,181.955,10.572,1.5141758761167181
165519,Acoustic,VPVF,acoustic,2025-02-27 21:21:11.209,2025-02-27 21:21:23.833,330.995,12.624,1.6882803603689973
165520,Acoustic,VPVF,acoustic,2025-02-27 21:24:20.061,2025-02-27 21:24:34.945,281.612,14.884,1.6412662751517364
165521,Acoustic,VPVF,acoustic,2025-02-27 21:25:55.861,2025-02-27 21:26:08.485,154.858,12.624,1.4672555428370546
165522,Acoustic,VPVF,acoustic,2025-02-27 21:32:09.105,2025-02-27 21:32:15.782,119.326,6.677,1.3914125053530058
165523,Acoustic,VPVF,acoustic,2025-02-27 21:33:45.418,2025-02-27 21:33:55.642,120.359,10.224,1.3939206424073631
165524,Acoustic,VPVF,acoustic,2025-02-27 21:34:26.687,2025-02-27 21:34:34.616,207.349,7.929,1.5521903032809414
165525,Acoustic,VPVF,acoustic,2025-02-27 21:35:09.270,2025-02-27 21:35:17.442,71.339,8.172,1.2417291015831002
165526,Acoustic,VPVF,acoustic,2025-02-27 21:37:38.931,2025-02-27 21:37:45.608,449.568,6.677,1.7773729118505044
165527,Acoustic,VPVF,acoustic,2025-02-27 21:38:59.313,2025-02-27 21:39:08.529,235.622,9.216,1.5893846114840209
165528,Acoustic,VPVF,acoustic,2025-02-27 21:43:18.896,2025-02-27 21:43:29.746,420.274,10.85,1.7577667907233796
165529,Acoustic,VPVF,acoustic,2025-02-27 21:46:05.139,2025-02-27 21:46:16.059,247.199,10.92,1.6033412954042114
165530,Acoustic,VPVF,acoustic,2025-02-27 21:50:39.035,2025-02-27 21:50:52.459,56.762,13.424,1.1752186518656416
165531,Acoustic,VPVF,acoustic,2025-02-27 21:50:58.479,2025-02-27 21:51:06.547,84.96,8.068,1.292573717504054
165532,Acoustic,VPVF,acoustic,2025-02-27 21:52:18.992,2025-02-27 21:52:27.477,176.268,8.485,1.5049362295080824
165533,Acoustic,VPVF,acoustic,2025-02-27 21:53:12.792,2025-02-27 21:53:20.720,33.06,7.928,1.0179329089877374
165534,Acoustic,VPVF,acoustic,2025-02-27 21:54:32.139,2025-02-27 21:54:40.277,126.914,8.138,1.4093513865477092
165535,Acoustic,VPVF,acoustic,2025-02-27 21:57:53.444,2025-02-27 21:58:03.216,18.455,9.772,0.848296413186223
165536,Acoustic,VPVF,acoustic,2025-02-27 22:00:10.305,2025-02-27 22:00:18.860,28.248,8.555,0.9721617620518774
165537,Acoustic,VPVF,acoustic,2025-02-27 22:00:28.339,2025-02-27 22:00:32.686,5.643,4.347,0.5035117336809277
165538,Acoustic,VPVF,acoustic,2025-02-27 22:01:23.479,2025-02-27 22:01:31.860,375.692,8.381,1.7251374046764787
165539,Acoustic,VPVF,acoustic,2025-02-27 22:03:04.174,2025-02-27 22:03:12.277,279.307,8.103,1.638874819492521
165540,Acoustic,VPVF,acoustic,2025-02-27 22:03:48.861,2025-02-27 22:04:01.033,81.375,12.172,1.2800289710560866
165541,Acoustic,VPVF,acoustic,2025-02-27 22:06:18.479,2025-02-27 22:06:27.451,425.536,8.972,1.7613873256466364
165542,Acoustic,VPVF,acoustic,2025-02-27 22:08:05.479,2025-02-27 22:08:12.121,154.444,6.642,1.466476597499935
165543,Acoustic,VPVF,acoustic,2025-02-27 22:08:53.270,2025-02-27 22:09:02.799,216.433,9.529,1.5646667311222262
165544,Acoustic,VPVF,acoustic,2025-02-27 22:14:41.166,2025-02-27 22:14:47.564,9.465,6.398,0.6540008142608764
165546,Acoustic,VPVF,acoustic,2025-02-27 22:26:39.965,2025-02-27 22:26:48.346,323.612,8.381,1.681716493728346
165547,Acoustic,VPVF,acoustic,2025-02-27 22:29:01.200,2025-02-27 22:29:10.625,239.094,9.425,1.5936410140915758
165548,Acoustic,VPVF,acoustic,2025-02-27 22:30:23.209,2025-02-27 22:30:30.407,210.469,7.198,1.5565360521950462
165549,Acoustic,VPVF,acoustic,2025-02-27 22:32:40.826,2025-02-27 22:32:49.486,102.477,8.66,1.3471196900179332
165550,Acoustic,VPVF,acoustic,2025-02-27 22:33:28.348,2025-02-27 22:33:35.373,219.499,7.025,1.5687598058274193
165551,Acoustic,VPVF,acoustic,2025-02-27 22:35:15.061,2025-02-27 22:35:21.877,12.265,6.816,0.7294072602034111
165552,Acoustic,VPVF,acoustic,2025-02-27 22:38:25.722,2025-02-27 22:38:34.938,736.346,9.216,1.920944894423207
165553,Acoustic,VPVF,acoustic,2025-02-27 22:41:54.383,2025-02-27 22:42:01.268,31.021,6.885,0.9994093817915823
165554,Acoustic,VPVF,acoustic,2025-02-27 22:44:28.000,2025-02-27 22:44:34.816,331.224,6.816,1.6884816043834836
165555,Acoustic,VPVF,acoustic,2025-02-27 22:47:08.096,2025-02-27 22:47:18.668,183.575,10.572,1.5167550697095011
165556,Acoustic,VPVF,acoustic,2025-02-27 22:53:48.548,2025-02-27 22:53:56.025,112.066,7.477,1.373147493454579
165557,Acoustic,VPVF,acoustic,2025-02-27 22:57:29.174,2025-02-27 22:57:37.242,177.405,8.068,1.506807123430669
165558,Acoustic,VPVF,acoustic,2025-02-27 22:58:34.687,2025-02-27 22:58:42.964,14.426,8.277,0.7766277716622118
165559,Acoustic,VPVF,acoustic,2025-02-27 22:58:52.792,2025-02-27 22:58:57.556,21.102,4.764,0.8872968245293928
165560,Acoustic,VPVF,acoustic,2025-02-27 22:59:13.652,2025-02-27 22:59:18.139,6.892,4.487,0.5616913300799139
165561,Acoustic,VPVF,acoustic,2025-02-27 23:01:39.574,2025-02-27 23:01:44.408,25.53,4.834,0.9427240459188478
165562,Acoustic,VPVF,acoustic,2025-02-27 23:03:19.722,2025-02-27 23:03:31.859,6.296,12.137,0.5353733619651755
165563,Acoustic,VPVF,acoustic,2025-02-27 23:03:50.348,2025-02-27 23:03:56.677,18.623,6.329,0.8509332609889976
165564,Acoustic,VPVF,acoustic,2025-02-27 23:04:51.235,2025-02-27 23:04:58.886,8.362,7.651,0.6179478093536453
165565,Acoustic,VPVF,acoustic,2025-02-27 23:07:28.896,2025-02-27 23:07:35.747,205.474,6.851,1.5495471065864028
165566,Acoustic,VPVF,acoustic,2025-02-27 23:10:02.209,2025-02-27 23:10:12.224,8.517,10.015,0.6232920536544981
165567,Acoustic,VPVF,acoustic,2025-02-27 23:10:40.166,2025-02-27 23:10:48.616,185.0,8.45,1.5190050580300194
165568,Acoustic,VPVF,acoustic,2025-02-27 23:13:56.479,2025-02-27 23:14:06.494,898.414,10.015,1.97882926231916
165569,Acoustic,VPVF,acoustic,2025-02-27 23:17:17.035,2025-02-27 23:17:26.320,72.846,9.285,1.2478118253615649
165570,Acoustic,VPVF,acoustic,2025-02-27 23:18:21.444,2025-02-27 23:18:29.129,41.591,7.685,1.0847295728889097
165571,Acoustic,VPVF,acoustic,2025-02-27 23:19:58.339,2025-02-27 23:20:04.982,69.172,6.643,1.2327533229791492
165572,Acoustic,VPVF,acoustic,2025-02-27 23:20:45.826,2025-02-27 23:20:51.808,109.791,5.982,1.3671797163002957
165573,Acoustic,VPVF,acoustic,2025-02-27 23:32:30.861,2025-02-27 23:32:39.312,22.363,8.451,0.9041851427434967
165594,Acoustic,VPVF,acoustic,2025-02-28 00:52:10.487,2025-02-28 00:52:15.738,9.712,5.251,0.6614968113998922
165574,Acoustic,VPVF,acoustic,2025-02-27 23:34:50.217,2025-02-27 23:34:59.503,416.162,9.286,1.7549058227388419
165575,Acoustic,VPVF,acoustic,2025-02-27 23:36:07.800,2025-02-27 23:36:19.207,15.953,11.407,0.8059043846804038
165576,Acoustic,VPVF,acoustic,2025-02-27 23:40:31.313,2025-02-27 23:40:39.938,157.493,8.625,1.4721650413321992
165577,Acoustic,VPVF,acoustic,2025-02-27 23:44:53.618,2025-02-27 23:45:05.372,49.499,11.754,1.1353796048967622
165578,Acoustic,VPVF,acoustic,2025-02-27 23:51:33.348,2025-02-27 23:51:40.686,128.539,7.338,1.4130533943158783
165579,Acoustic,VPVF,acoustic,2025-02-27 23:57:36.235,2025-02-27 23:57:42.356,42.45,6.121,1.090678055368581
165582,Acoustic,VPVF,acoustic,2025-02-28 00:08:09.965,2025-02-28 00:08:20.050,40.844,10.085,1.0794559392385212
165583,Acoustic,VPVF,acoustic,2025-02-28 00:09:18.757,2025-02-28 00:09:26.720,27.773,7.963,0.9672272720851932
165584,Acoustic,VPVF,acoustic,2025-02-28 00:21:10.061,2025-02-28 00:21:19.451,1128.972,9.39,2.0452977245569453
165585,Acoustic,VPVF,acoustic,2025-02-28 00:23:23.922,2025-02-28 00:23:32.060,152.187,8.138,1.4621929625549723
165586,Acoustic,VPVF,acoustic,2025-02-28 00:30:18.070,2025-02-28 00:30:27.494,290.515,9.424,1.6503229358643554
165587,Acoustic,VPVF,acoustic,2025-02-28 00:33:45.826,2025-02-28 00:33:53.303,34.284,7.477,1.0285112959083464
165588,Acoustic,VPVF,acoustic,2025-02-28 00:39:44.278,2025-02-28 00:39:54.224,817.196,9.946,1.9512585755651684
165589,Acoustic,VPVF,acoustic,2025-02-28 00:40:09.209,2025-02-28 00:40:14.530,36.027,5.321,1.0429408266947682
165590,Acoustic,VPVF,acoustic,2025-02-28 00:42:49.070,2025-02-28 00:42:57.764,11.96,8.694,0.7220798903671027
165591,Acoustic,VPVF,acoustic,2025-02-28 00:43:31.348,2025-02-28 00:43:37.469,7.065,6.121,0.5689051513436669
165592,Acoustic,VPVF,acoustic,2025-02-28 00:44:30.722,2025-02-28 00:44:38.512,16.551,7.79,0.8166122399138597
165593,Acoustic,VPVF,acoustic,2025-02-28 00:50:44.313,2025-02-28 00:50:52.242,40.563,7.929,1.0774471452319028
165595,Acoustic,VPVF,acoustic,2025-02-28 00:53:24.409,2025-02-28 00:53:32.477,323.369,8.068,1.6814979170223112
165596,Acoustic,VPVF,acoustic,2025-02-28 00:54:25.792,2025-02-28 00:54:33.616,419.537,7.824,1.7572560797961077
165597,Acoustic,VPVF,acoustic,2025-02-28 01:00:50.992,2025-02-28 01:00:58.677,70.82,7.685,1.239604468022802
165598,Acoustic,VPVF,acoustic,2025-02-28 01:10:44.583,2025-02-28 01:10:52.686,16.594,8.103,0.8173672274560625
165599,Acoustic,VPVF,acoustic,2025-02-28 01:17:15.174,2025-02-28 01:17:20.808,68.902,5.634,1.231615324921354
165600,Acoustic,VPVF,acoustic,2025-02-28 01:17:47.270,2025-02-28 01:17:53.634,238.558,6.364,1.5929879700352076
165601,Acoustic,VPVF,acoustic,2025-02-28 01:18:14.000,2025-02-28 01:18:20.225,78.199,6.225,1.26844480358893
165602,Acoustic,VPVF,acoustic,2025-02-28 01:25:09.548,2025-02-28 01:25:18.173,38.743,8.625,1.0640894751942953
165603,Acoustic,VPVF,acoustic,2025-02-28 01:26:05.061,2025-02-28 01:26:12.851,123.681,7.79,1.4018430019577757
165604,Acoustic,VPVF,acoustic,2025-02-28 01:32:53.505,2025-02-28 01:33:02.894,606.214,9.389,1.8643593944136667
165605,Acoustic,VPVF,acoustic,2025-02-28 01:35:24.470,2025-02-28 01:35:30.591,115.475,6.121,1.3818669405154516
165606,Acoustic,VPVF,acoustic,2025-02-28 01:39:07.904,2025-02-28 01:39:16.216,306.109,8.312,1.6655369860645413
165607,Acoustic,VPVF,acoustic,2025-02-28 01:42:26.583,2025-02-28 01:42:32.947,18.582,6.364,0.8502919453460884
165608,Acoustic,VPVF,acoustic,2025-02-28 01:45:18.409,2025-02-28 01:45:25.016,31.273,6.607,1.0017635950486072
165609,Acoustic,VPVF,acoustic,2025-02-28 01:59:44.957,2025-02-28 01:59:52.816,77.433,7.859,1.2655804773085075
165610,Acoustic,VPVF,acoustic,2025-02-28 02:05:45.957,2025-02-28 02:05:52.495,112.378,6.538,1.3739564700988574
165611,Acoustic,VPVF,acoustic,2025-02-28 02:06:55.783,2025-02-28 02:07:01.695,76.281,5.912,1.2612189731005061
165612,Acoustic,VPVF,acoustic,2025-02-28 02:12:08.270,2025-02-28 02:12:15.886,550.339,7.616,1.8362222945406044
165613,Acoustic,VPVF,acoustic,2025-02-28 02:15:02.313,2025-02-28 02:15:11.494,295.423,9.181,1.6551976837183955
165614,Acoustic,VPVF,acoustic,2025-02-28 02:21:32.096,2025-02-28 02:21:38.738,74.801,6.642,1.2555179606140803
165615,Acoustic,VPVF,acoustic,2025-02-28 02:25:41.070,2025-02-28 02:25:48.825,308.531,7.755,1.6678302005487715
165616,Acoustic,VPVF,acoustic,2025-02-28 02:29:24.000,2025-02-28 02:29:32.277,57.661,8.277,1.1797910538837924
165617,Acoustic,VPVF,acoustic,2025-02-28 02:31:11.479,2025-02-28 02:31:17.356,18.547,5.877,0.8497433602176327
165618,Acoustic,VPVF,acoustic,2025-02-28 02:34:34.409,2025-02-28 02:34:39.069,9.633,4.66,0.6591202453917305
165619,Acoustic,VPVF,acoustic,2025-02-28 02:39:15.861,2025-02-28 02:39:28.067,900.532,12.206,1.9795144304256516
165620,Acoustic,VPVF,acoustic,2025-02-28 02:41:30.131,2025-02-28 02:41:37.329,110.61,7.198,1.369342242858272
165621,Acoustic,VPVF,acoustic,2025-02-28 02:42:47.200,2025-02-28 02:42:56.346,431.729,9.146,1.7655915187159097
165622,Acoustic,VPVF,acoustic,2025-02-28 02:45:59.992,2025-02-28 02:46:07.225,44.935,7.233,1.107231779837862
165623,Acoustic,VPVF,acoustic,2025-02-28 02:48:15.479,2025-02-28 02:48:22.225,31.316,6.746,1.0021634105430928
165624,Acoustic,VPVF,acoustic,2025-02-28 02:52:45.548,2025-02-28 02:52:55.598,298.6,10.05,1.6583101682706345
165625,Acoustic,VPVF,acoustic,2025-02-28 02:55:23.313,2025-02-28 02:55:36.250,178.589,12.937,1.5087426526638386
165626,Acoustic,VPVF,acoustic,2025-02-28 02:59:35.209,2025-02-28 02:59:44.633,658.176,9.424,1.888289168109656
165627,Acoustic,VPVF,acoustic,2025-02-28 03:03:03.826,2025-02-28 03:03:13.355,131.89,9.529,1.4205419517322395
165628,Acoustic,VPVF,acoustic,2025-02-28 03:05:29.444,2025-02-28 03:05:38.625,421.536,9.181,1.7586392289964508
165629,Acoustic,VPVF,acoustic,2025-02-28 03:06:51.487,2025-02-28 03:06:59.590,450.137,8.103,1.7777409571707143
165630,Acoustic,VPVF,acoustic,2025-02-28 03:10:33.000,2025-02-28 03:10:42.564,585.936,9.564,1.8544596219055185
165631,Acoustic,VPVF,acoustic,2025-02-28 03:12:48.792,2025-02-28 03:12:58.112,55.982,9.32,1.1711924346407983
165632,Acoustic,VPVF,acoustic,2025-02-28 03:15:09.035,2025-02-28 03:15:16.407,65.531,7.372,1.2170193528645472
165633,Acoustic,VPVF,acoustic,2025-02-28 03:19:25.479,2025-02-28 03:19:31.495,67.507,6.016,1.2256637016562453
165634,Acoustic,VPVF,acoustic,2025-02-28 03:20:54.896,2025-02-28 03:21:07.415,197.696,12.519,1.5383185811311766
165635,Acoustic,VPVF,acoustic,2025-02-28 03:23:07.652,2025-02-28 03:23:17.181,120.427,9.529,1.394084991307395
165636,Acoustic,VPVF,acoustic,2025-02-28 03:25:32.270,2025-02-28 03:25:39.016,9.757,6.746,0.6628419243432675
165637,Acoustic,VPVF,acoustic,2025-02-28 03:27:49.061,2025-02-28 03:27:57.651,29.212,8.59,0.9819260656195065
165638,Acoustic,VPVF,acoustic,2025-02-28 03:28:55.096,2025-02-28 03:29:03.025,146.785,7.929,1.4516767237062886
165639,Acoustic,VPVF,acoustic,2025-02-28 03:31:05.113,2025-02-28 03:31:13.042,960.39,7.929,1.9982399116609944
165644,Acoustic,VPVF,acoustic,2025-02-28 03:32:43.850,2025-02-28 03:32:51.219,47.058,7.369,1.120664421813802
165645,Acoustic,VPVF,acoustic,2025-02-28 03:33:21.850,2025-02-28 03:33:35.294,253.328,13.444,1.6104677402635177
165646,Acoustic,VPVF,acoustic,2025-02-28 03:36:49.063,2025-02-28 03:36:57.725,24.589,8.662,0.9317963808584536
165647,Acoustic,VPVF,acoustic,2025-02-28 03:39:09.794,2025-02-28 03:39:19.919,69.628,10.125,1.2346652268333616
165648,Acoustic,VPVF,acoustic,2025-02-28 03:41:02.131,2025-02-28 03:41:10.850,26.863,8.719,0.9575335230945696
165649,Acoustic,VPVF,acoustic,2025-02-28 03:43:32.850,2025-02-28 03:43:44.044,8.548,11.194,0.6243492240396613
165650,Acoustic,VPVF,acoustic,2025-02-28 03:47:10.906,2025-02-28 03:47:18.444,7.855,7.538,0.5997479468819148
165651,Acoustic,VPVF,acoustic,2025-02-28 03:47:56.175,2025-02-28 03:48:04.163,23.072,7.988,0.9132671128363545
165652,Acoustic,VPVF,acoustic,2025-02-28 03:51:43.400,2025-02-28 03:51:54.369,483.707,10.969,1.798670189479316
165653,Acoustic,VPVF,acoustic,2025-02-28 03:55:39.456,2025-02-28 03:55:48.681,130.507,9.225,1.417474650381123
165654,Acoustic,VPVF,acoustic,2025-02-28 03:56:08.513,2025-02-28 03:56:15.375,16.53,6.862,0.81624281189287
165655,Acoustic,VPVF,acoustic,2025-02-28 03:58:21.725,2025-02-28 03:58:31.119,344.605,9.394,1.7000054549118009
165656,Acoustic,VPVF,acoustic,2025-02-28 03:59:58.569,2025-02-28 04:00:07.063,118.879,8.494,1.390320445933117
165657,Acoustic,VPVF,acoustic,2025-02-28 04:01:28.131,2025-02-28 04:01:35.894,62.294,7.763,1.2022789664158469
165658,Acoustic,VPVF,acoustic,2025-02-28 04:07:22.681,2025-02-28 04:07:30.444,39.529,7.763,1.0699336045932613
165659,Acoustic,VPVF,acoustic,2025-02-28 04:08:10.950,2025-02-28 04:08:20.344,191.395,9.394,1.5288934940181118
165660,Acoustic,VPVF,acoustic,2025-02-28 04:10:36.681,2025-02-28 04:10:51.138,262.241,14.457,1.6205293968535686
165661,Acoustic,VPVF,acoustic,2025-02-28 04:12:19.681,2025-02-28 04:12:28.738,1163.972,9.057,2.0541814972720847
165662,Acoustic,VPVF,acoustic,2025-02-28 04:16:28.781,2025-02-28 04:16:37.444,55.121,8.663,1.1666824488934704
165663,Acoustic,VPVF,acoustic,2025-02-28 04:17:53.075,2025-02-28 04:18:04.606,90.23,11.531,1.3100851414363321
165664,Acoustic,VPVF,acoustic,2025-02-28 04:22:24.075,2025-02-28 04:22:32.344,116.233,8.269,1.383770729615377
165665,Acoustic,VPVF,acoustic,2025-02-28 04:23:51.794,2025-02-28 04:24:02.481,613.867,10.687,1.8680097725516585
165666,Acoustic,VPVF,acoustic,2025-02-28 04:31:13.963,2025-02-28 04:31:22.906,44.443,8.943,1.1040282559493682
165667,Acoustic,VPVF,acoustic,2025-02-28 04:32:18.075,2025-02-28 04:32:28.538,43.25,10.463,1.0961106949065582
165668,Acoustic,VPVF,acoustic,2025-02-28 04:39:23.838,2025-02-28 04:39:32.444,6.377,8.606,0.5390929993814609
165669,Acoustic,VPVF,acoustic,2025-02-28 04:42:26.919,2025-02-28 04:42:40.925,816.442,14.006,1.9509899763994452
165670,Acoustic,VPVF,acoustic,2025-02-28 04:46:10.019,2025-02-28 04:46:18.850,285.411,8.831,1.6451653738281802
165671,Acoustic,VPVF,acoustic,2025-02-28 04:46:20.781,2025-02-28 04:46:30.513,766.863,9.732,1.9327609154219296
165672,Acoustic,VPVF,acoustic,2025-02-28 04:47:52.738,2025-02-28 04:48:01.063,28.044,8.325,0.9700527721547008
165673,Acoustic,VPVF,acoustic,2025-02-28 04:48:44.850,2025-02-28 04:48:55.931,45.91,11.081,1.113477886153234
165674,Acoustic,VPVF,acoustic,2025-02-28 04:54:41.681,2025-02-28 04:54:49.669,78.554,7.988,1.2697627639357358
165675,Acoustic,VPVF,acoustic,2025-02-28 04:55:06.738,2025-02-28 04:55:12.756,8.462,6.018,0.6214069240668348
165676,Acoustic,VPVF,acoustic,2025-02-28 04:56:18.288,2025-02-28 04:56:24.644,13.877,6.356,0.7653380441541416
165677,Acoustic,VPVF,acoustic,2025-02-28 05:00:10.288,2025-02-28 05:00:16.981,47.435,6.693,1.1229862662941896
165678,Acoustic,VPVF,acoustic,2025-02-28 05:00:19.681,2025-02-28 05:00:28.288,41.741,8.607,1.0857771090711974
165679,Acoustic,VPVF,acoustic,2025-02-28 05:02:15.356,2025-02-28 05:02:24.525,1674.536,9.169,2.1600093073975137
165680,Acoustic,VPVF,acoustic,2025-02-28 05:03:40.794,2025-02-28 05:03:51.875,41.664,11.081,1.0852398449098932
165681,Acoustic,VPVF,acoustic,2025-02-28 05:07:27.681,2025-02-28 05:07:38.538,71.956,10.857,1.244234898790211
165682,Acoustic,VPVF,acoustic,2025-02-28 05:09:52.806,2025-02-28 05:10:03.381,54.745,10.575,1.1646907882700104
165683,Acoustic,VPVF,acoustic,2025-02-28 05:12:21.681,2025-02-28 05:12:29.050,29.742,7.369,0.9871580134234924
165684,Acoustic,VPVF,acoustic,2025-02-28 05:13:01.638,2025-02-28 05:13:08.219,128.259,6.581,1.4124188591785944
165685,Acoustic,VPVF,acoustic,2025-02-28 05:13:46.850,2025-02-28 05:13:54.781,35.616,7.931,1.0396022455785916
165686,Acoustic,VPVF,acoustic,2025-02-28 05:14:43.681,2025-02-28 05:14:50.713,14.238,7.032,0.7728108223626584
165687,Acoustic,VPVF,acoustic,2025-02-28 05:15:51.006,2025-02-28 05:15:59.331,351.867,8.325,1.7060736206259652
165688,Acoustic,VPVF,acoustic,2025-02-28 05:16:07.400,2025-02-28 05:16:14.319,18.459,6.919,0.8483594737711532
165689,Acoustic,VPVF,acoustic,2025-02-28 05:18:22.300,2025-02-28 05:18:32.650,401.574,10.35,1.7445229429899385
165690,Acoustic,VPVF,acoustic,2025-02-28 05:20:33.188,2025-02-28 05:20:42.694,215.542,9.506,1.5634663785808571
165691,Acoustic,VPVF,acoustic,2025-02-28 05:23:21.794,2025-02-28 05:23:30.231,134.417,8.437,1.4260643128782173
165692,Acoustic,VPVF,acoustic,2025-02-28 05:28:34.681,2025-02-28 05:28:40.925,40.955,6.244,1.08024564327999
165693,Acoustic,VPVF,acoustic,2025-02-28 05:29:26.469,2025-02-28 05:29:36.706,151.156,10.237,1.4602150118230135
165694,Acoustic,VPVF,acoustic,2025-02-28 05:30:38.469,2025-02-28 05:30:47.188,56.03,8.719,1.171441817053271
165695,Acoustic,VPVF,acoustic,2025-02-28 05:32:22.625,2025-02-28 05:32:32.525,46.92,9.9,1.1198098623071395
165696,Acoustic,VPVF,acoustic,2025-02-28 05:34:11.681,2025-02-28 05:34:19.556,333.706,7.875,1.6906538902481087
165697,Acoustic,VPVF,acoustic,2025-02-28 05:35:52.681,2025-02-28 05:36:01.231,8.304,8.55,0.6159225181379364
165698,Acoustic,VPVF,acoustic,2025-02-28 05:36:00.456,2025-02-28 05:36:11.088,116.584,10.632,1.384648097768815
165699,Acoustic,VPVF,acoustic,2025-02-28 05:38:28.188,2025-02-28 05:38:35.950,348.48,7.762,1.7032591649107063
165700,Acoustic,VPVF,acoustic,2025-02-28 05:41:29.850,2025-02-28 05:41:39.975,439.017,10.125,1.7704624962578344
165701,Acoustic,VPVF,acoustic,2025-02-28 05:44:35.400,2025-02-28 05:44:49.688,294.507,14.288,1.6542940665989545
165702,Acoustic,VPVF,acoustic,2025-02-28 05:46:08.769,2025-02-28 05:46:17.094,9.239,8.325,0.6469687279631927
165703,Acoustic,VPVF,acoustic,2025-02-28 05:46:25.006,2025-02-28 05:46:38.394,64.257,13.388,1.2113066985227285
165704,Acoustic,VPVF,acoustic,2025-02-28 05:47:01.300,2025-02-28 05:47:10.919,13.904,9.619,0.7659036386000763
165705,Acoustic,VPVF,acoustic,2025-02-28 05:47:11.288,2025-02-28 05:47:18.881,8.161,7.593,0.6108680631634743
165706,Acoustic,VPVF,acoustic,2025-02-28 05:47:30.063,2025-02-28 05:47:35.800,3.908,5.737,0.39660955188131275
165707,Acoustic,VPVF,acoustic,2025-02-28 05:48:54.794,2025-02-28 05:49:03.906,271.613,9.112,1.6307468701094072
165708,Acoustic,VPVF,acoustic,2025-02-28 05:50:01.188,2025-02-28 05:50:12.269,282.097,11.081,1.6417669733017266
165709,Acoustic,VPVF,acoustic,2025-02-28 05:51:22.131,2025-02-28 05:51:30.288,32.572,8.157,1.0136057655009358
165710,Acoustic,VPVF,acoustic,2025-02-28 05:53:17.681,2025-02-28 05:53:26.288,69.002,8.607,1.2320373247964507
165711,Acoustic,VPVF,acoustic,2025-02-28 05:56:36.569,2025-02-28 05:56:45.231,177.441,8.662,1.5068661641578545
165712,Acoustic,VPVF,acoustic,2025-02-28 05:59:48.075,2025-02-28 05:59:53.925,3.881,5.85,0.39459224063581
165713,Acoustic,VPVF,acoustic,2025-02-28 06:04:48.794,2025-02-28 06:05:01.563,3112.223,12.769,2.340357374305789
165714,Acoustic,VPVF,acoustic,2025-02-28 06:06:04.794,2025-02-28 06:06:16.606,348.09,11.812,1.7029333364656711
165715,Acoustic,VPVF,acoustic,2025-02-28 06:12:01.963,2025-02-28 06:12:10.963,73.276,9.0,1.2495243751680072
165716,Acoustic,VPVF,acoustic,2025-02-28 06:12:11.344,2025-02-28 06:12:17.531,112.554,6.187,1.3744118256352629
165717,Acoustic,VPVF,acoustic,2025-02-28 06:14:29.175,2025-02-28 06:14:40.706,93.962,11.531,1.3218780090068505
165718,Acoustic,VPVF,acoustic,2025-02-28 06:16:10.850,2025-02-28 06:16:19.794,172.757,8.944,1.4990818879987573
165719,Acoustic,VPVF,acoustic,2025-02-28 06:17:35.513,2025-02-28 06:17:45.638,740.617,10.125,1.9226277632894857
165720,Acoustic,VPVF,acoustic,2025-02-28 06:20:05.850,2025-02-28 06:20:14.850,14.715,9.0,0.7823993785118719
165721,Acoustic,VPVF,acoustic,2025-02-28 06:23:44.288,2025-02-28 06:23:50.194,7.446,5.906,0.5841884313611903
165722,Acoustic,VPVF,acoustic,2025-02-28 06:27:07.288,2025-02-28 06:27:14.094,62.65,6.806,1.203937120471213
165723,Acoustic,VPVF,acoustic,2025-02-28 06:27:52.569,2025-02-28 06:27:56.844,30.139,4.275,0.9910163217949715
165724,Acoustic,VPVF,acoustic,2025-02-28 06:31:02.344,2025-02-28 06:31:10.106,28.852,7.762,0.9783178687570792
165725,Acoustic,VPVF,acoustic,2025-02-28 06:31:34.906,2025-02-28 06:31:42.275,83.598,7.369,1.2878712446213774
165726,Acoustic,VPVF,acoustic,2025-02-28 06:33:04.738,2025-02-28 06:33:09.294,60.284,4.556,1.1927353809810233
165727,Acoustic,VPVF,acoustic,2025-02-28 06:35:06.625,2025-02-28 06:35:13.431,88.135,6.806,1.3032494339274108
165728,Acoustic,VPVF,acoustic,2025-02-28 06:43:46.019,2025-02-28 06:43:55.131,493.319,9.112,1.8043956544593465
165729,Acoustic,VPVF,acoustic,2025-02-28 06:45:27.625,2025-02-28 06:45:34.488,35.475,6.863,1.0384480107667728
165730,Acoustic,VPVF,acoustic,2025-02-28 06:49:59.469,2025-02-28 06:50:10.606,21.985,11.137,0.8992247348703357
165731,Acoustic,VPVF,acoustic,2025-02-28 06:52:43.625,2025-02-28 06:52:52.288,102.761,8.663,1.3479249756547174
165732,Acoustic,VPVF,acoustic,2025-02-28 06:53:35.344,2025-02-28 06:53:41.700,38.566,6.356,1.062757079933721
165733,Acoustic,VPVF,acoustic,2025-02-28 06:54:56.288,2025-02-28 06:55:03.263,275.743,6.975,1.6351380125015902
165734,Acoustic,VPVF,acoustic,2025-02-28 06:56:17.188,2025-02-28 06:56:26.188,437.056,9.0,1.769159848090536
165735,Acoustic,VPVF,acoustic,2025-02-28 07:01:08.681,2025-02-28 07:01:17.569,75.565,8.888,1.2584748600786193
165736,Acoustic,VPVF,acoustic,2025-02-28 07:03:11.456,2025-02-28 07:03:22.200,68.71,10.744,1.2308033655224087
165737,Acoustic,VPVF,acoustic,2025-02-28 07:05:38.175,2025-02-28 07:05:44.981,42.651,6.806,1.0920525761529465
165738,Acoustic,VPVF,acoustic,2025-02-28 07:08:48.919,2025-02-28 07:08:57.581,912.38,8.662,1.983317756971471
165739,Acoustic,VPVF,acoustic,2025-02-28 07:11:02.356,2025-02-28 07:11:10.794,303.281,8.438,1.6628362862832573
165740,Acoustic,VPVF,acoustic,2025-02-28 07:19:41.513,2025-02-28 07:19:48.544,124.108,7.031,1.4028458506016979
165741,Acoustic,VPVF,acoustic,2025-02-28 07:21:31.669,2025-02-28 07:21:40.219,80.77,8.55,1.27785755553049
165742,Acoustic,VPVF,acoustic,2025-02-28 07:24:05.231,2025-02-28 07:24:13.388,31.828,8.157,1.0068822640906583
165743,Acoustic,VPVF,acoustic,2025-02-28 07:27:36.906,2025-02-28 07:27:47.594,528.454,10.688,1.8244148169867824
165744,Acoustic,VPVF,acoustic,2025-02-28 07:29:45.400,2025-02-28 07:29:56.988,218.829,11.588,1.5678702667390707
165745,Acoustic,VPVF,acoustic,2025-02-28 07:30:27.906,2025-02-28 07:30:37.019,485.286,9.113,1.7996185009075953
165746,Acoustic,VPVF,acoustic,2025-02-28 07:31:50.288,2025-02-28 07:31:58.725,78.311,8.437,1.2688612557451502
165747,Acoustic,VPVF,acoustic,2025-02-28 07:34:05.244,2025-02-28 07:34:10.813,13.668,5.569,0.7609223299849059
165748,Acoustic,VPVF,acoustic,2025-02-28 07:35:51.031,2025-02-28 07:35:59.975,167.767,8.944,1.4905533808422244
165749,Acoustic,VPVF,acoustic,2025-02-28 07:46:41.681,2025-02-28 07:46:50.063,801.143,8.382,1.9454857283988167
165810,Acoustic,VPVF,acoustic,2025-02-28 12:30:06.836,2025-02-28 12:30:16.992,626.331,10.156,1.8738586180004344
165750,Acoustic,VPVF,acoustic,2025-02-28 07:47:35.175,2025-02-28 07:47:43.894,672.151,8.719,1.8944027888940316
165751,Acoustic,VPVF,acoustic,2025-02-28 07:49:45.175,2025-02-28 07:49:52.600,37.436,7.425,1.0541039238648164
165752,Acoustic,VPVF,acoustic,2025-02-28 07:52:51.569,2025-02-28 07:52:57.419,22.393,5.85,0.9045752276659038
165753,Acoustic,VPVF,acoustic,2025-02-28 07:53:06.569,2025-02-28 07:53:16.694,41.219,10.125,1.082115292372178
165754,Acoustic,VPVF,acoustic,2025-02-28 07:59:24.063,2025-02-28 07:59:34.413,52.841,10.35,1.1543905887013381
165755,Acoustic,VPVF,acoustic,2025-02-28 08:05:10.565,2025-02-28 08:05:21.963,62.262,11.398,1.2021294549688373
165756,Acoustic,VPVF,acoustic,2025-02-28 08:06:25.674,2025-02-28 08:06:33.561,157.442,7.887,1.472070800663005
165757,Acoustic,VPVF,acoustic,2025-02-28 08:06:38.998,2025-02-28 08:06:48.992,132.575,9.994,1.4220492959797022
165758,Acoustic,VPVF,acoustic,2025-02-28 08:08:59.702,2025-02-28 08:09:09.425,1019.754,9.723,2.0156919297376894
165759,Acoustic,VPVF,acoustic,2025-02-28 08:11:56.754,2025-02-28 08:12:04.047,81.052,7.293,1.2788717029575942
165760,Acoustic,VPVF,acoustic,2025-02-28 08:15:51.646,2025-02-28 08:16:05.314,1194.695,13.668,2.0617622208877524
165761,Acoustic,VPVF,acoustic,2025-02-28 08:17:10.242,2025-02-28 08:17:19.047,14.939,8.805,0.7867954232669071
165762,Acoustic,VPVF,acoustic,2025-02-28 08:19:00.700,2025-02-28 08:19:09.776,411.289,9.076,1.7514785532336963
165763,Acoustic,VPVF,acoustic,2025-02-28 08:19:57.052,2025-02-28 08:20:05.641,54.563,8.589,1.1637218213497196
165764,Acoustic,VPVF,acoustic,2025-02-28 08:22:02.836,2025-02-28 08:22:10.669,230.182,7.833,1.582587810685153
165765,Acoustic,VPVF,acoustic,2025-02-28 08:23:29.188,2025-02-28 08:23:36.967,257.422,7.779,1.6151325923129995
165766,Acoustic,VPVF,acoustic,2025-02-28 08:30:42.404,2025-02-28 08:30:51.101,325.572,8.697,1.6834735217713437
165767,Acoustic,VPVF,acoustic,2025-02-28 08:31:03.890,2025-02-28 08:31:13.128,143.882,9.238,1.4458643322220563
165768,Acoustic,VPVF,acoustic,2025-02-28 08:32:02.106,2025-02-28 08:32:11.614,464.124,9.508,1.7866447977588875
165769,Acoustic,VPVF,acoustic,2025-02-28 08:34:12.998,2025-02-28 08:34:20.669,42.258,7.671,1.0893589889799031
165770,Acoustic,VPVF,acoustic,2025-02-28 08:36:49.836,2025-02-28 08:36:59.398,115.362,9.562,1.3815820603805398
165771,Acoustic,VPVF,acoustic,2025-02-28 08:38:14.566,2025-02-28 08:38:22.021,256.542,7.455,1.6141361790360007
165772,Acoustic,VPVF,acoustic,2025-02-28 08:39:34.836,2025-02-28 08:39:42.561,192.505,7.725,1.5305761494296986
165773,Acoustic,VPVF,acoustic,2025-02-28 08:42:16.998,2025-02-28 08:42:25.479,103.583,8.481,1.3502432849654398
165774,Acoustic,VPVF,acoustic,2025-02-28 08:43:14.295,2025-02-28 08:43:23.046,341.558,8.751,1.6974211894539555
165775,Acoustic,VPVF,acoustic,2025-02-28 08:45:31.998,2025-02-28 08:45:41.182,657.764,9.184,1.8881069673213198
165776,Acoustic,VPVF,acoustic,2025-02-28 08:47:07.836,2025-02-28 08:47:17.128,99.74,9.292,1.3392424738011708
165777,Acoustic,VPVF,acoustic,2025-02-28 08:51:07.890,2025-02-28 08:51:14.589,40.153,6.699,1.074491059195712
165778,Acoustic,VPVF,acoustic,2025-02-28 08:51:14.967,2025-02-28 08:51:17.830,12.537,2.863,0.7357897293284034
165779,Acoustic,VPVF,acoustic,2025-02-28 08:53:34.430,2025-02-28 08:53:43.614,104.909,9.184,1.3539445407063782
165780,Acoustic,VPVF,acoustic,2025-02-28 08:58:19.700,2025-02-28 08:58:28.992,359.288,9.292,1.7121466172250148
165781,Acoustic,VPVF,acoustic,2025-02-28 09:00:19.674,2025-02-28 09:00:31.289,14.132,11.615,0.7706364312710814
165782,Acoustic,VPVF,acoustic,2025-02-28 09:02:16.214,2025-02-28 09:02:25.344,47.463,9.13,1.123157974121898
165783,Acoustic,VPVF,acoustic,2025-02-28 09:04:12.836,2025-02-28 09:04:21.533,67.45,8.697,1.2254179091853086
165784,Acoustic,VPVF,acoustic,2025-02-28 09:08:37.458,2025-02-28 09:08:46.101,346.106,8.643,1.7012701158746077
165785,Acoustic,VPVF,acoustic,2025-02-28 09:09:56.620,2025-02-28 09:10:04.129,265.045,7.509,1.623624142582953
165786,Acoustic,VPVF,acoustic,2025-02-28 09:10:07.106,2025-02-28 09:10:16.938,1407.359,9.832,2.1094312794868655
165787,Acoustic,VPVF,acoustic,2025-02-28 09:11:17.134,2025-02-28 09:11:20.213,20.21,3.079,0.8747294300552537
165788,Acoustic,VPVF,acoustic,2025-02-28 09:11:50.242,2025-02-28 09:11:59.209,41.931,8.967,1.0870985973246556
165789,Acoustic,VPVF,acoustic,2025-02-28 09:19:42.754,2025-02-28 09:19:50.966,39.696,8.212,1.0711603204418496
165790,Acoustic,VPVF,acoustic,2025-02-28 09:21:42.538,2025-02-28 09:21:50.695,145.309,8.157,1.448735984391953
165791,Acoustic,VPVF,acoustic,2025-02-28 09:24:53.430,2025-02-28 09:25:03.640,1235.117,10.21,2.071444426554219
165792,Acoustic,VPVF,acoustic,2025-02-28 09:26:49.620,2025-02-28 09:26:59.344,136.929,9.724,1.4314519424495398
165793,Acoustic,VPVF,acoustic,2025-02-28 09:27:22.242,2025-02-28 09:27:29.913,158.622,7.671,1.4742434923499714
165794,Acoustic,VPVF,acoustic,2025-02-28 09:28:36.700,2025-02-28 09:28:45.290,164.189,8.59,1.484280518713566
165795,Acoustic,VPVF,acoustic,2025-02-28 09:29:34.322,2025-02-28 09:29:41.777,184.372,7.455,1.5180156277414358
165796,Acoustic,VPVF,acoustic,2025-02-28 09:30:22.026,2025-02-28 09:30:29.751,701.593,7.725,1.9068771156880804
165797,Acoustic,VPVF,acoustic,2025-02-28 09:31:45.106,2025-02-28 09:31:53.695,68.325,8.589,1.229168359044348
165798,Acoustic,VPVF,acoustic,2025-02-28 09:43:14.674,2025-02-28 09:43:21.967,43.441,7.293,1.0973928754045656
165799,Acoustic,VPVF,acoustic,2025-02-28 09:53:18.322,2025-02-28 09:53:28.586,105.18,10.264,1.354695221539884
165800,Acoustic,VPVF,acoustic,2025-02-28 09:54:38.026,2025-02-28 09:54:47.263,1590.197,9.237,2.1449721229663044
165801,Acoustic,VPVF,acoustic,2025-02-28 09:56:03.890,2025-02-28 09:56:14.208,638.248,10.318,1.8793429399304171
165802,Acoustic,VPVF,acoustic,2025-02-28 09:57:01.836,2025-02-28 09:57:09.669,147.627,7.833,1.453341082203929
165803,Acoustic,VPVF,acoustic,2025-02-28 10:12:31.782,2025-02-28 10:12:39.345,812.615,7.563,1.9496228392315837
165804,Acoustic,VPVF,acoustic,2025-02-28 10:30:24.972,2025-02-28 10:30:33.885,153.953,8.913,1.4655500646450295
165805,Acoustic,VPVF,acoustic,2025-02-28 10:32:21.188,2025-02-28 10:32:28.805,106.134,7.617,1.3573225366529365
165806,Acoustic,VPVF,acoustic,2025-02-28 10:35:12.458,2025-02-28 10:35:19.697,238.679,7.239,1.5931355204321902
165807,Acoustic,VPVF,acoustic,2025-02-28 10:39:59.026,2025-02-28 10:40:11.667,296.988,12.641,1.6567350641463159
165808,Acoustic,VPVF,acoustic,2025-02-28 10:48:40.188,2025-02-28 10:48:46.238,705.88,6.05,1.9086496876025056
165809,Acoustic,VPVF,acoustic,2025-02-28 11:17:10.674,2025-02-28 11:17:18.993,100.412,8.319,1.34119636366751
165811,Acoustic,VPVF,acoustic,2025-02-28 13:22:39.106,2025-02-28 13:22:47.533,1215.74,8.427,2.066843273013586
165812,Acoustic,VPVF,acoustic,2025-02-28 13:34:45.322,2025-02-28 13:34:53.858,1074.559,8.536,2.0309242781941763
165813,Acoustic,VPVF,acoustic,2025-02-28 13:38:26.484,2025-02-28 13:38:33.831,339.128,7.347,1.69534364459552
165814,Acoustic,VPVF,acoustic,2025-02-28 13:46:28.836,2025-02-28 13:46:35.589,622.431,6.753,1.8720411136709052
165815,Acoustic,VPVF,acoustic,2025-02-28 04:27:25.242,2025-02-28 04:27:31.508,20.755,6.266,0.8824722342687407
165833,Acoustic,VPVF,acoustic,2025-02-28 13:59:08.836,2025-02-28 13:59:18.074,547.424,9.238,1.834676968579569
165834,Acoustic,VPVF,acoustic,2025-02-28 17:34:29.323,2025-02-28 17:34:38.453,826.508,9.13,1.9545555312615928
165835,Acoustic,VPVF,acoustic,2025-02-28 19:04:23.539,2025-02-28 19:04:33.263,500.659,9.724,1.8086931584803416
165836,Acoustic,VPVF,acoustic,2025-02-28 19:06:47.350,2025-02-28 19:06:56.695,981.467,9.345,2.0045567202317147
165837,Acoustic,VPVF,acoustic,2025-02-28 19:18:27.188,2025-02-28 19:18:33.292,84.831,6.104,1.2921315729935294
165838,Acoustic,VPVF,acoustic,2025-02-28 20:26:24.836,2025-02-28 20:26:31.319,577.701,6.483,1.8503410899346768
165839,Acoustic,VPVF,acoustic,2025-02-28 21:04:12.674,2025-02-28 21:04:21.479,441.474,8.805,1.7720864381013164
165840,Acoustic,VPVF,acoustic,2025-02-28 21:05:45.620,2025-02-28 21:05:53.021,228.632,7.401,1.5806218003400436
165841,Acoustic,VPVF,acoustic,2025-02-28 21:07:27.890,2025-02-28 21:07:36.317,729.599,8.427,1.9182664341467928
165842,Acoustic,VPVF,acoustic,2025-02-28 21:11:16.810,2025-02-28 21:11:24.913,1972.933,8.103,2.207725265816222
165843,Acoustic,VPVF,acoustic,2025-02-28 21:14:18.458,2025-02-28 21:14:25.967,1431.264,7.509,2.1143322310152017
165844,Acoustic,VPVF,acoustic,2025-02-28 21:31:24.134,2025-02-28 21:31:31.805,111.446,7.671,1.3715332052687346
165845,Acoustic,VPVF,acoustic,2025-02-28 21:32:49.134,2025-02-28 21:32:54.428,299.509,5.294,1.6591946176668364
165846,Acoustic,VPVF,acoustic,2025-02-28 21:34:50.188,2025-02-28 21:34:58.129,47.672,7.941,1.1244364595192093
165847,Acoustic,VPVF,acoustic,2025-02-28 21:35:29.972,2025-02-28 21:35:37.156,114.259,7.184,1.3787865805799004
165848,Acoustic,VPVF,acoustic,2025-02-28 21:35:44.404,2025-02-28 21:35:47.483,36.256,3.079,1.0447845250828132
165849,Acoustic,VPVF,acoustic,2025-02-28 21:38:09.350,2025-02-28 21:38:16.048,27.352,6.698,0.9627826888183207
165850,Acoustic,VPVF,acoustic,2025-02-28 21:44:40.350,2025-02-28 21:44:48.021,5.112,7.671,0.47475586625073035
165851,Acoustic,VPVF,acoustic,2025-02-28 21:49:21.134,2025-02-28 21:49:30.912,568.667,9.778,1.8457548778760229
165852,Acoustic,VPVF,acoustic,2025-02-28 21:51:11.188,2025-02-28 21:51:23.018,9.697,11.83,0.6610470550588031
165853,Acoustic,VPVF,acoustic,2025-02-28 21:52:21.134,2025-02-28 21:52:31.182,1370.484,10.048,2.101705559661491
165854,Acoustic,VPVF,acoustic,2025-02-28 21:54:57.134,2025-02-28 21:55:09.559,534.671,12.425,1.8278180414683756
165855,Acoustic,VPVF,acoustic,2025-02-28 21:59:42.404,2025-02-28 21:59:53.208,415.194,10.804,1.7542282161383678
165856,Acoustic,VPVF,acoustic,2025-02-28 22:06:21.242,2025-02-28 22:06:27.886,1032.467,6.644,2.0192970402704673
165951,Acoustic,VPVF,acoustic,2025-03-01 01:59:24.458,2025-03-01 01:59:31.211,1822.706,6.753,2.1846801375402447
165952,Acoustic,VPVF,acoustic,2025-03-01 03:16:43.080,2025-03-01 03:16:49.724,488.771,6.644,1.80170063825163
165953,Acoustic,VPVF,acoustic,2025-03-01 06:53:47.836,2025-03-01 06:53:54.967,439.734,7.131,1.7709373310459817
165954,Acoustic,VPVF,acoustic,2025-03-01 07:03:19.810,2025-03-01 07:03:27.102,701.128,7.292,1.9066841985637295
165955,Acoustic,VPVF,acoustic,2025-03-01 07:06:22.836,2025-03-01 07:06:33.640,293.904,10.804,1.6536976828635848
165956,Acoustic,VPVF,acoustic,2025-03-01 07:07:07.268,2025-03-01 07:07:15.155,61.55,7.887,1.1987827983691146
165957,Acoustic,VPVF,acoustic,2025-03-01 07:07:33.512,2025-03-01 07:07:39.994,174.369,6.482,1.5017844155193356
165958,Acoustic,VPVF,acoustic,2025-03-01 07:13:52.972,2025-03-01 07:14:02.479,1960.584,9.507,2.2058982542546013
165959,Acoustic,VPVF,acoustic,2025-03-01 07:23:53.674,2025-03-01 07:24:01.507,409.533,7.833,1.7502335648602219
165960,Acoustic,VPVF,acoustic,2025-03-01 07:25:23.026,2025-03-01 07:25:33.020,86.588,9.994,1.2980966646772814
165961,Acoustic,VPVF,acoustic,2025-03-01 07:33:43.864,2025-03-01 07:33:52.021,158.067,8.157,1.4732236112146888
165962,Acoustic,VPVF,acoustic,2025-03-01 07:39:07.728,2025-03-01 07:39:16.533,1385.538,8.805,2.1048843556814876
165963,Acoustic,VPVF,acoustic,2025-03-01 07:43:38.296,2025-03-01 07:43:49.748,1021.148,11.452,2.016089423025742
165964,Acoustic,VPVF,acoustic,2025-03-01 07:45:20.972,2025-03-01 07:45:28.319,26.105,7.347,0.9492048773563121
165965,Acoustic,VPVF,acoustic,2025-03-01 07:49:06.080,2025-03-01 07:49:15.371,493.352,9.291,1.8044151183961574
165966,Acoustic,VPVF,acoustic,2025-03-01 07:54:16.296,2025-03-01 07:54:24.183,52.303,7.887,1.1514128219210604
165967,Acoustic,VPVF,acoustic,2025-03-01 08:22:09.890,2025-03-01 08:22:19.992,255.428,10.102,1.6128698969219173
165968,Acoustic,VPVF,acoustic,2025-03-01 08:23:52.890,2025-03-01 08:23:59.967,24.191,7.077,0.927048060379914
165969,Acoustic,VPVF,acoustic,2025-03-01 08:26:05.080,2025-03-01 08:26:11.508,44.908,6.428,1.1070568883624181
165970,Acoustic,VPVF,acoustic,2025-03-01 08:36:44.674,2025-03-01 08:36:54.452,201.901,9.778,1.5444427748838299
165971,Acoustic,VPVF,acoustic,2025-03-01 08:37:59.674,2025-03-01 08:38:07.831,60.199,8.157,1.192324815592582
165972,Acoustic,VPVF,acoustic,2025-03-01 08:44:01.756,2025-03-01 08:44:13.208,237.668,11.452,1.5919003767452338
165973,Acoustic,VPVF,acoustic,2025-03-01 08:55:32.728,2025-03-01 08:55:41.804,29.486,9.076,0.9846426270042624
165974,Acoustic,VPVF,acoustic,2025-03-01 09:04:11.728,2025-03-01 09:04:21.236,75.548,9.508,1.2584093910035596
165975,Acoustic,VPVF,acoustic,2025-03-01 09:06:43.080,2025-03-01 09:06:51.885,95.138,8.805,1.325497191658219
165976,Acoustic,VPVF,acoustic,2025-03-01 09:08:34.296,2025-03-01 09:08:41.102,45.079,6.806,1.1081627631817472
165977,Acoustic,VPVF,acoustic,2025-03-01 09:10:30.728,2025-03-01 09:10:38.237,81.065,7.509,1.2789183693151691
165978,Acoustic,VPVF,acoustic,2025-03-01 09:18:50.404,2025-03-01 09:19:00.884,270.908,10.48,1.6299906261520385
165979,Acoustic,VPVF,acoustic,2025-03-01 09:27:51.458,2025-03-01 09:28:01.830,953.891,10.372,1.9962641633179394
165980,Acoustic,VPVF,acoustic,2025-03-01 09:34:55.836,2025-03-01 09:35:05.992,39.571,10.156,1.0702426070678317
165981,Acoustic,VPVF,acoustic,2025-03-01 09:42:16.404,2025-03-01 09:42:25.317,89.968,8.913,1.3092390043307696
165982,Acoustic,VPVF,acoustic,2025-03-01 09:43:33.404,2025-03-01 09:43:40.427,53.312,7.023,1.1569727335117521
165983,Acoustic,VPVF,acoustic,2025-03-01 10:03:53.944,2025-03-01 10:04:01.453,24.822,7.509,0.9345406367570345
165984,Acoustic,VPVF,acoustic,2025-03-01 10:04:55.296,2025-03-01 10:05:05.992,67.7,10.696,1.2264944080190467
165985,Acoustic,VPVF,acoustic,2025-03-01 10:10:33.296,2025-03-01 10:10:41.183,142.458,7.887,1.442970184738406
165986,Acoustic,VPVF,acoustic,2025-03-01 10:39:30.080,2025-03-01 10:39:39.587,348.049,9.507,1.7028990615021031
165987,Acoustic,VPVF,acoustic,2025-03-01 10:40:35.404,2025-03-01 10:40:43.291,37.864,7.887,1.0574117492781583
165988,Acoustic,VPVF,acoustic,2025-03-01 11:02:04.836,2025-03-01 11:02:10.454,203.998,5.618,1.5474493594427126
165989,Acoustic,VPVF,acoustic,2025-03-01 11:02:57.242,2025-03-01 11:03:03.994,210.61,6.752,1.556730922047206
165990,Acoustic,VPVF,acoustic,2025-03-01 11:11:57.864,2025-03-01 11:12:05.102,41.8,7.238,1.0861881087892737
165991,Acoustic,VPVF,acoustic,2025-03-01 11:12:55.512,2025-03-01 11:13:02.589,79.901,7.077,1.2747099838860816
165992,Acoustic,VPVF,acoustic,2025-03-01 11:15:05.512,2025-03-01 11:15:13.939,287.437,8.427,1.647223589877178
165993,Acoustic,VPVF,acoustic,2025-03-01 11:33:31.944,2025-03-01 11:33:42.262,560.742,10.318,1.8416712678223506
165994,Acoustic,VPVF,acoustic,2025-03-01 11:42:53.512,2025-03-01 11:43:03.182,258.302,9.67,1.6161256051456185
165995,Acoustic,VPVF,acoustic,2025-03-01 11:43:20.160,2025-03-01 11:43:26.967,19.397,6.807,0.8627821590836473
165996,Acoustic,VPVF,acoustic,2025-03-01 11:58:12.620,2025-03-01 11:58:20.885,979.811,8.265,2.00406534825072
165997,Acoustic,VPVF,acoustic,2025-03-01 12:02:28.458,2025-03-01 12:02:36.723,395.069,8.265,1.7397708785773334
165998,Acoustic,VPVF,acoustic,2025-03-01 12:05:47.458,2025-03-01 12:05:54.211,260.157,6.753,1.6182077956374392
165999,Acoustic,VPVF,acoustic,2025-03-01 12:23:23.268,2025-03-01 12:23:32.128,821.761,8.86,1.9528795025603587
166000,Acoustic,VPVF,acoustic,2025-03-01 12:30:35.242,2025-03-01 12:30:42.535,362.064,7.293,1.714386181211326
166001,Acoustic,VPVF,acoustic,2025-03-01 12:35:16.080,2025-03-01 12:35:24.021,522.813,7.941,1.8212920732510782
166005,Eruption,VPVF,acoustic,2025-03-01 23:44:39.089,2025-03-01 23:45:34.840,76220.408,55.751,3.2709877503479454
163827,Eruption,VPVF,acoustic,2025-02-17 08:22:59.834,2025-02-17 08:23:15.133,37906.757,15.299,3.0677401429316515
166014,Eruption,VPVF,acoustic,2025-03-02 02:18:39.349,2025-03-02 02:19:24.727,34672.518,45.378,3.041790206134865
166032,Eruption,VPVF,acoustic,2025-03-02 14:54:47.128,2025-03-02 14:55:06.057,21013.057,18.929,2.89606778985296
166033,Eruption,VPVF,acoustic,2025-03-02 14:33:28.717,2025-03-02 14:33:56.203,23098.369,27.486,2.923599481041329
166034,Eruption,VPVF,acoustic,2025-03-02 15:03:34.422,2025-03-02 15:03:44.794,16856.414,10.372,2.8319326767440733
166035,Eruption,VPVF,acoustic,2025-03-02 14:23:41.682,2025-03-02 14:24:12.540,1256.248,30.858,2.076380506844442
166038,Eruption,VPVF,acoustic,2025-03-02 19:18:40.829,2025-03-02 19:19:39.605,205875.221,58.776,3.560114732513472
166039,Eruption,VPVF,acoustic,2025-03-02 21:57:04.850,2025-03-02 21:57:33.650,24882.744,28.8,2.945251841871993
166130,Acoustic,VPVF,acoustic,2025-03-01 22:03:34.000,2025-03-01 22:03:44.000,3.66,10.0,0.37753232721425517
166053,Eruption,VPVF,acoustic,2025-03-03 12:20:54.300,2025-03-03 12:21:05.438,19282.809,11.138,2.8710641006659503
166054,Acoustic,VPVF,acoustic,2025-03-01 12:52:05.000,2025-03-01 12:52:15.000,1277.929,10.0,2.081359506206225
166055,Acoustic,VPVF,acoustic,2025-03-01 13:10:36.000,2025-03-01 13:10:46.000,2491.917,10.0,2.2756774938308557
166056,Acoustic,VPVF,acoustic,2025-03-01 17:46:37.000,2025-03-01 17:46:47.000,3259.916,10.0,2.353848294374248
166057,Acoustic,VPVF,acoustic,2025-03-01 18:11:57.000,2025-03-01 18:12:07.000,9263.226,10.0,2.657730714133709
166058,Acoustic,VPVF,acoustic,2025-03-01 18:15:15.000,2025-03-01 18:15:25.000,1383.39,10.0,2.104432903442966
166059,Acoustic,VPVF,acoustic,2025-03-01 18:43:14.000,2025-03-01 18:43:24.000,263.858,10.0,1.6223180783768725
166060,Acoustic,VPVF,acoustic,2025-03-01 18:45:15.000,2025-03-01 18:45:25.000,399.811,10.0,1.7432426749226404
166061,Acoustic,VPVF,acoustic,2025-03-01 19:00:52.000,2025-03-01 19:01:02.000,2366.397,10.0,2.260638696071121
166062,Acoustic,VPVF,acoustic,2025-03-01 19:04:33.000,2025-03-01 19:04:43.000,636.513,10.0,1.8785508762695133
166063,Acoustic,VPVF,acoustic,2025-03-01 19:09:02.000,2025-03-01 19:09:12.000,3127.706,10.0,2.3418013685647745
166064,Acoustic,VPVF,acoustic,2025-03-01 19:19:54.000,2025-03-01 19:20:04.000,463.327,10.0,1.786144698093293
166065,Acoustic,VPVF,acoustic,2025-03-01 19:22:08.000,2025-03-01 19:22:18.000,1129.363,10.0,2.045398482085444
166066,Acoustic,VPVF,acoustic,2025-03-01 19:25:51.000,2025-03-01 19:26:01.000,6289.95,10.0,2.545093619424011
166067,Acoustic,VPVF,acoustic,2025-03-01 19:29:52.000,2025-03-01 19:30:02.000,572.053,10.0,1.8474822992259856
166068,Acoustic,VPVF,acoustic,2025-03-01 19:33:26.000,2025-03-01 19:33:36.000,4275.06,10.0,2.43273128363632
166069,Acoustic,VPVF,acoustic,2025-03-01 19:42:27.000,2025-03-01 19:42:37.000,936.496,10.0,1.9909089709150447
166070,Acoustic,VPVF,acoustic,2025-03-01 19:45:31.000,2025-03-01 19:45:41.000,2276.507,10.0,2.249370223335094
166071,Acoustic,VPVF,acoustic,2025-03-01 19:51:01.000,2025-03-01 19:51:11.000,691.03,10.0,1.9024629243450524
166072,Acoustic,VPVF,acoustic,2025-03-01 20:00:14.000,2025-03-01 20:00:24.000,1175.122,10.0,2.0569555811702935
166073,Acoustic,VPVF,acoustic,2025-03-01 20:03:44.000,2025-03-01 20:03:54.000,851.903,10.0,1.963361398910128
166074,Acoustic,VPVF,acoustic,2025-03-01 20:04:51.000,2025-03-01 20:05:01.000,258.439,10.0,1.6162798947856039
166075,Acoustic,VPVF,acoustic,2025-03-01 20:05:37.000,2025-03-01 20:05:47.000,245.85,10.0,1.6017490424595409
166076,Acoustic,VPVF,acoustic,2025-03-01 20:13:34.000,2025-03-01 20:13:44.000,321.394,10.0,1.679715302416434
166077,Acoustic,VPVF,acoustic,2025-03-01 20:14:26.000,2025-03-01 20:14:36.000,19.083,10.0,0.8580332556984506
166078,Acoustic,VPVF,acoustic,2025-03-01 20:22:35.000,2025-03-01 20:22:45.000,580.194,10.0,1.8515940663046748
166079,Acoustic,VPVF,acoustic,2025-03-01 20:24:51.000,2025-03-01 20:25:01.000,239.062,10.0,1.5936020674979707
166080,Acoustic,VPVF,acoustic,2025-03-01 20:27:22.000,2025-03-01 20:27:32.000,427.803,10.0,1.762933363264682
166081,Acoustic,VPVF,acoustic,2025-03-01 20:30:21.000,2025-03-01 20:30:31.000,174.779,10.0,1.5024677976324536
166082,Acoustic,VPVF,acoustic,2025-03-01 20:32:34.000,2025-03-01 20:32:44.000,118.935,10.0,1.3904574835277264
166083,Acoustic,VPVF,acoustic,2025-03-01 20:33:31.000,2025-03-01 20:33:41.000,108.804,10.0,1.3645520573909629
166084,Acoustic,VPVF,acoustic,2025-03-01 20:33:43.000,2025-03-01 20:33:53.000,34.187,10.0,1.0276868646232606
166085,Acoustic,VPVF,acoustic,2025-03-01 20:35:35.000,2025-03-01 20:35:45.000,399.123,10.0,1.7427415260571169
166086,Acoustic,VPVF,acoustic,2025-03-01 20:39:14.000,2025-03-01 20:39:24.000,157.235,10.0,1.4716879807531729
166087,Acoustic,VPVF,acoustic,2025-03-01 20:41:45.000,2025-03-01 20:41:55.000,1030.431,10.0,2.0187226735484924
166088,Acoustic,VPVF,acoustic,2025-03-01 20:45:28.000,2025-03-01 20:45:38.000,749.149,10.0,1.9259606967722505
166089,Acoustic,VPVF,acoustic,2025-03-01 20:50:10.000,2025-03-01 20:50:20.000,988.729,10.0,2.006701772544301
166090,Acoustic,VPVF,acoustic,2025-03-01 20:51:50.000,2025-03-01 20:52:00.000,66.034,10.0,1.219244295614822
166091,Acoustic,VPVF,acoustic,2025-03-01 20:55:41.000,2025-03-01 20:55:51.000,125.224,10.0,1.4054506733970835
166092,Acoustic,VPVF,acoustic,2025-03-01 20:56:04.000,2025-03-01 20:56:14.000,689.041,10.0,1.901624193212904
166093,Acoustic,VPVF,acoustic,2025-03-01 20:56:22.000,2025-03-01 20:56:32.000,479.291,10.0,1.7960015135807397
166094,Acoustic,VPVF,acoustic,2025-03-01 20:58:30.000,2025-03-01 20:58:40.000,146.36,10.0,1.450833008545762
166095,Acoustic,VPVF,acoustic,2025-03-01 20:58:59.000,2025-03-01 20:59:09.000,36.934,10.0,1.0501756510512246
166096,Acoustic,VPVF,acoustic,2025-03-01 21:00:35.000,2025-03-01 21:00:45.000,337.808,10.0,1.6942088533401816
166097,Acoustic,VPVF,acoustic,2025-03-01 21:03:37.000,2025-03-01 21:03:47.000,618.975,10.0,1.870420982695701
166098,Acoustic,VPVF,acoustic,2025-03-01 21:06:43.000,2025-03-01 21:06:53.000,76.737,10.0,1.2629532271476291
166099,Acoustic,VPVF,acoustic,2025-03-01 21:07:45.000,2025-03-01 21:07:55.000,365.539,10.0,1.7171655920042874
166100,Acoustic,VPVF,acoustic,2025-03-01 21:12:37.000,2025-03-01 21:12:47.000,92.278,10.0,1.3166157760503778
166101,Acoustic,VPVF,acoustic,2025-03-01 21:13:11.000,2025-03-01 21:13:21.000,10.916,10.0,0.6955025630885655
166102,Acoustic,VPVF,acoustic,2025-03-01 21:15:50.000,2025-03-01 21:16:00.000,166.08,10.0,1.487612615232804
166103,Acoustic,VPVF,acoustic,2025-03-01 21:19:35.000,2025-03-01 21:19:45.000,48.658,10.0,1.1303933502230763
166104,Acoustic,VPVF,acoustic,2025-03-01 21:20:28.000,2025-03-01 21:20:38.000,27.294,10.0,0.9621650154331113
166105,Acoustic,VPVF,acoustic,2025-03-01 21:21:48.000,2025-03-01 21:21:58.000,37.664,10.0,1.0558707155794382
166106,Acoustic,VPVF,acoustic,2025-03-01 21:25:40.000,2025-03-01 21:25:50.000,107.515,10.0,1.361084269700312
166107,Acoustic,VPVF,acoustic,2025-03-01 21:26:47.000,2025-03-01 21:26:57.000,74.502,10.0,1.2543525141077243
166108,Acoustic,VPVF,acoustic,2025-03-01 21:27:52.000,2025-03-01 21:28:02.000,96.583,10.0,1.3298834630062375
166109,Acoustic,VPVF,acoustic,2025-03-01 21:30:36.000,2025-03-01 21:30:46.000,648.544,10.0,1.8839994286964419
166110,Acoustic,VPVF,acoustic,2025-03-01 21:31:01.000,2025-03-01 21:31:11.000,759.479,10.0,1.929945565826591
166111,Acoustic,VPVF,acoustic,2025-03-01 21:32:16.000,2025-03-01 21:32:26.000,436.109,10.0,1.768528683044146
166112,Acoustic,VPVF,acoustic,2025-03-01 21:33:08.000,2025-03-01 21:33:18.000,69.379,10.0,1.2336227839936618
166113,Acoustic,VPVF,acoustic,2025-03-01 21:35:49.000,2025-03-01 21:35:59.000,23.685,10.0,0.9208971706728637
166114,Acoustic,VPVF,acoustic,2025-03-01 21:36:03.000,2025-03-01 21:36:13.000,75.775,10.0,1.2592823831765723
166115,Acoustic,VPVF,acoustic,2025-03-01 21:36:40.000,2025-03-01 21:36:50.000,114.37,10.0,1.379069121142619
166116,Acoustic,VPVF,acoustic,2025-03-01 21:37:04.000,2025-03-01 21:37:14.000,213.857,10.0,1.5611827250466124
166117,Acoustic,VPVF,acoustic,2025-03-01 21:38:12.000,2025-03-01 21:38:22.000,68.026,10.0,1.2278922062766338
166118,Acoustic,VPVF,acoustic,2025-03-01 21:39:09.000,2025-03-01 21:39:19.000,754.551,10.0,1.928051361335989
166119,Acoustic,VPVF,acoustic,2025-03-01 21:41:00.000,2025-03-01 21:41:10.000,30.863,10.0,0.9979235530231884
166120,Acoustic,VPVF,acoustic,2025-03-01 21:45:18.000,2025-03-01 21:45:28.000,357.001,10.0,1.710288519856501
166121,Acoustic,VPVF,acoustic,2025-03-01 21:46:11.000,2025-03-01 21:46:21.000,117.446,10.0,1.3867916141501166
166122,Acoustic,VPVF,acoustic,2025-03-01 21:46:57.000,2025-03-01 21:47:07.000,87.69,10.0,1.3017765469516565
166123,Acoustic,VPVF,acoustic,2025-03-01 21:47:18.000,2025-03-01 21:47:28.000,146.876,10.0,1.4518570604579117
166124,Acoustic,VPVF,acoustic,2025-03-01 21:49:06.000,2025-03-01 21:49:16.000,66.774,10.0,1.2224869531734779
166125,Acoustic,VPVF,acoustic,2025-03-01 21:50:51.000,2025-03-01 21:51:01.000,105.572,10.0,1.355777661889354
166126,Acoustic,VPVF,acoustic,2025-03-01 21:51:15.000,2025-03-01 21:51:25.000,856.633,10.0,1.9649725164503042
166127,Acoustic,VPVF,acoustic,2025-03-01 21:56:22.000,2025-03-01 21:56:32.000,440.545,10.0,1.7714734852866225
166128,Acoustic,VPVF,acoustic,2025-03-01 21:58:56.000,2025-03-01 21:59:06.000,181.737,10.0,1.5138270476595415
166129,Acoustic,VPVF,acoustic,2025-03-01 22:03:06.000,2025-03-01 22:03:16.000,61.987,10.0,1.2008414141966248
166131,Acoustic,VPVF,acoustic,2025-03-01 22:06:09.000,2025-03-01 22:06:19.000,16.257,10.0,0.8113970718404758
166132,Acoustic,VPVF,acoustic,2025-03-01 22:07:13.000,2025-03-01 22:07:23.000,7.459,10.0,0.5846960067917929
166133,Acoustic,VPVF,acoustic,2025-03-01 22:09:14.000,2025-03-01 22:09:24.000,93.757,10.0,1.3212424806820433
166134,Acoustic,VPVF,acoustic,2025-03-01 22:11:40.000,2025-03-01 22:11:50.000,309.057,10.0,1.6683258516894042
166135,Acoustic,VPVF,acoustic,2025-03-01 22:13:19.000,2025-03-01 22:13:29.000,30.443,10.0,0.9939365899453272
166136,Acoustic,VPVF,acoustic,2025-03-01 22:13:56.000,2025-03-01 22:14:06.000,84.791,10.0,1.2919943373480263
166137,Acoustic,VPVF,acoustic,2025-03-01 22:18:06.000,2025-03-01 22:18:16.000,6.025,10.0,0.5225712243354271
166138,Acoustic,VPVF,acoustic,2025-03-01 22:23:55.000,2025-03-01 22:24:05.000,218.025,10.0,1.5667992177586256
166139,Acoustic,VPVF,acoustic,2025-03-01 22:24:11.000,2025-03-01 22:24:21.000,34.87,10.0,1.0334428047419044
166140,Acoustic,VPVF,acoustic,2025-03-01 22:26:28.000,2025-03-01 22:26:38.000,611.402,10.0,1.8668389928791846
166141,Acoustic,VPVF,acoustic,2025-03-01 22:28:27.000,2025-03-01 22:28:37.000,22.598,10.0,0.9072269028855077
166142,Acoustic,VPVF,acoustic,2025-03-01 22:29:28.000,2025-03-01 22:29:38.000,18.071,10.0,0.8421780645540524
166143,Acoustic,VPVF,acoustic,2025-03-01 22:31:58.000,2025-03-01 22:32:08.000,64.611,10.0,1.2129053300575248
166144,Acoustic,VPVF,acoustic,2025-03-01 22:32:33.000,2025-03-01 22:32:43.000,7.164,10.0,0.5729542367085859
166145,Acoustic,VPVF,acoustic,2025-03-01 22:36:15.000,2025-03-01 22:36:25.000,258.432,10.0,1.6162720133563104
166146,Acoustic,VPVF,acoustic,2025-03-01 22:36:40.000,2025-03-01 22:36:50.000,90.625,10.0,1.3113561731179637
166147,Acoustic,VPVF,acoustic,2025-03-01 22:39:08.000,2025-03-01 22:39:18.000,29.104,10.0,0.9808482967520037
166148,Acoustic,VPVF,acoustic,2025-03-01 22:41:29.000,2025-03-01 22:41:39.000,90.161,10.0,1.3098625423612393
166149,Acoustic,VPVF,acoustic,2025-03-01 22:42:07.000,2025-03-01 22:42:17.000,21.789,10.0,0.8966189902503088
166150,Acoustic,VPVF,acoustic,2025-03-01 22:44:27.000,2025-03-01 22:44:37.000,130.745,10.0,1.41800480989946
166151,Acoustic,VPVF,acoustic,2025-03-01 22:45:50.000,2025-03-01 22:46:00.000,6.48,10.0,0.5437552539332976
166152,Acoustic,VPVF,acoustic,2025-03-01 22:47:27.000,2025-03-01 22:47:37.000,23.055,10.0,0.9130526347921357
166153,Acoustic,VPVF,acoustic,2025-03-01 22:48:00.000,2025-03-01 22:48:10.000,32.517,10.0,1.0131140155749228
166154,Acoustic,VPVF,acoustic,2025-03-01 22:51:50.000,2025-03-01 22:52:00.000,263.492,10.0,1.621914180737916
166155,Acoustic,VPVF,acoustic,2025-03-01 22:56:04.000,2025-03-01 22:56:14.000,13.832,10.0,0.7643929367781305
166156,Acoustic,VPVF,acoustic,2025-03-01 22:58:23.000,2025-03-01 22:58:33.000,1667.28,10.0,2.1587457221925943
166157,Acoustic,VPVF,acoustic,2025-03-01 23:00:42.000,2025-03-01 23:00:52.000,123.071,10.0,1.4004043387142233
166158,Acoustic,VPVF,acoustic,2025-03-01 23:02:17.000,2025-03-01 23:02:27.000,357.679,10.0,1.7108406065821218
166159,Acoustic,VPVF,acoustic,2025-03-01 23:05:51.000,2025-03-01 23:06:01.000,121.771,10.0,1.3973143945997202
166160,Acoustic,VPVF,acoustic,2025-03-01 23:08:50.000,2025-03-01 23:09:00.000,28.353,10.0,0.9732413419833099
166161,Acoustic,VPVF,acoustic,2025-03-01 23:10:04.000,2025-03-01 23:10:14.000,34.063,10.0,1.026629539340997
166162,Acoustic,VPVF,acoustic,2025-03-01 23:11:30.000,2025-03-01 23:11:40.000,74.086,10.0,1.2527232186833024
166163,Acoustic,VPVF,acoustic,2025-03-01 23:15:52.000,2025-03-01 23:16:02.000,33.01,10.0,1.0174925013013087
166164,Acoustic,VPVF,acoustic,2025-03-01 23:17:21.000,2025-03-01 23:17:31.000,1935.972,10.0,2.202222378111637
166165,Acoustic,VPVF,acoustic,2025-03-01 23:18:15.000,2025-03-01 23:18:25.000,265.638,10.0,1.6242744351772993
166166,Acoustic,VPVF,acoustic,2025-03-01 23:19:52.000,2025-03-01 23:20:02.000,14.193,10.0,0.7718897158547127
166167,Acoustic,VPVF,acoustic,2025-03-01 23:21:37.000,2025-03-01 23:21:47.000,34.98,10.0,1.0343592694455808
166168,Acoustic,VPVF,acoustic,2025-03-01 23:22:10.000,2025-03-01 23:22:20.000,973.375,10.0,2.002147725761817
166169,Acoustic,VPVF,acoustic,2025-03-01 23:22:27.000,2025-03-01 23:22:37.000,397.444,10.0,1.7415148831883045
166170,Acoustic,VPVF,acoustic,2025-03-01 23:23:42.000,2025-03-01 23:23:52.000,3.682,10.0,0.3792761353925573
166171,Acoustic,VPVF,acoustic,2025-03-01 23:28:05.000,2025-03-01 23:28:15.000,9.847,10.0,0.6655136384060479
166172,Acoustic,VPVF,acoustic,2025-03-01 23:28:30.000,2025-03-01 23:28:40.000,8.4,10.0,0.6192671216614608
166173,Acoustic,VPVF,acoustic,2025-03-01 23:28:35.000,2025-03-01 23:28:45.000,3.438,10.0,0.3593249344751926
166174,Acoustic,VPVF,acoustic,2025-03-01 23:32:18.000,2025-03-01 23:32:28.000,3.411,10.0,0.3570307520029562
166175,Acoustic,VPVF,acoustic,2025-03-01 23:33:40.000,2025-03-01 23:33:50.000,54.642,10.0,1.1641428132628562
166176,Acoustic,VPVF,acoustic,2025-03-01 23:34:25.000,2025-03-01 23:34:35.000,1904.434,10.0,2.197443170663177
166177,Acoustic,VPVF,acoustic,2025-03-01 23:39:32.000,2025-03-01 23:39:42.000,2601.142,10.0,2.2881599212650308
166178,Acoustic,VPVF,acoustic,2025-03-01 23:40:25.000,2025-03-01 23:40:35.000,143.37,10.0,1.4448270511111059
166179,Acoustic,VPVF,acoustic,2025-03-01 23:42:01.000,2025-03-01 23:42:11.000,82.417,10.0,1.283731257370434
166180,Acoustic,VPVF,acoustic,2025-03-01 23:43:08.000,2025-03-01 23:43:18.000,22.997,10.0,0.9123196940950952
166181,Acoustic,VPVF,acoustic,2025-03-01 23:51:19.000,2025-03-01 23:51:29.000,128.382,10.0,1.4126977718308515
166182,Acoustic,VPVF,acoustic,2025-03-01 23:55:53.000,2025-03-01 23:56:03.000,1936.778,10.0,2.2023434949973146
166183,Acoustic,VPVF,acoustic,2025-03-01 23:58:18.000,2025-03-01 23:58:28.000,1067.314,10.0,2.0289557781014422
166184,Acoustic,VPVF,acoustic,2025-03-01 23:58:24.000,2025-03-01 23:58:34.000,543.372,10.0,1.832515161138877
166185,Acoustic,VPVF,acoustic,2025-03-02 00:01:25.000,2025-03-02 00:01:35.000,1418.103,10.0,2.1116442097688983
166186,Acoustic,VPVF,acoustic,2025-03-02 00:01:41.000,2025-03-02 00:01:51.000,1267.503,10.0,2.078975827266461
166187,Acoustic,VPVF,acoustic,2025-03-02 00:02:10.000,2025-03-02 00:02:20.000,1059.176,10.0,2.026728648088068
166188,Acoustic,VPVF,acoustic,2025-03-02 00:02:48.000,2025-03-02 00:02:58.000,650.802,10.0,1.8850107488702632
166189,Acoustic,VPVF,acoustic,2025-03-02 00:02:59.000,2025-03-02 00:03:09.000,1852.875,10.0,2.189456901483481
166190,Acoustic,VPVF,acoustic,2025-03-02 00:03:07.000,2025-03-02 00:03:17.000,1982.62,10.0,2.2091504535297677
166191,Acoustic,VPVF,acoustic,2025-03-02 00:03:40.000,2025-03-02 00:03:50.000,37.077,10.0,1.0513000732611728
166192,Acoustic,VPVF,acoustic,2025-03-02 00:04:44.000,2025-03-02 00:04:54.000,439.387,10.0,1.7707076263083148
166193,Acoustic,VPVF,acoustic,2025-03-02 00:05:24.000,2025-03-02 00:05:34.000,546.78,10.0,1.8343344558402832
166194,Acoustic,VPVF,acoustic,2025-03-02 00:05:59.000,2025-03-02 00:06:09.000,5163.32,10.0,2.4876624578415854
166195,Acoustic,VPVF,acoustic,2025-03-02 00:07:14.000,2025-03-02 00:07:24.000,1194.361,10.0,2.0616808612044353
166196,Acoustic,VPVF,acoustic,2025-03-02 00:08:05.000,2025-03-02 00:08:15.000,652.378,10.0,1.8857145356884975
166197,Acoustic,VPVF,acoustic,2025-03-02 00:08:20.000,2025-03-02 00:08:30.000,6719.671,10.0,2.5643231668335407
166198,Acoustic,VPVF,acoustic,2025-03-02 00:08:56.000,2025-03-02 00:09:06.000,297.59,10.0,1.657324283378064
166199,Acoustic,VPVF,acoustic,2025-03-02 00:09:05.000,2025-03-02 00:09:15.000,279.423,10.0,1.6389956412404796
166200,Acoustic,VPVF,acoustic,2025-03-02 00:10:19.000,2025-03-02 00:10:29.000,1860.299,10.0,2.1906204442504067
166201,Acoustic,VPVF,acoustic,2025-03-02 00:11:23.000,2025-03-02 00:11:33.000,844.483,10.0,1.9608159106115655
166202,Acoustic,VPVF,acoustic,2025-03-02 00:13:30.000,2025-03-02 00:13:40.000,109.395,10.0,1.3661283066545153
166203,Acoustic,VPVF,acoustic,2025-03-02 00:16:13.000,2025-03-02 00:16:23.000,811.185,10.0,1.949110340585594
166204,Acoustic,VPVF,acoustic,2025-03-02 00:17:35.000,2025-03-02 00:17:45.000,1192.484,10.0,2.061223215642966
166205,Acoustic,VPVF,acoustic,2025-03-02 00:18:59.000,2025-03-02 00:19:09.000,724.904,10.0,1.9163879324430475
166206,Acoustic,VPVF,acoustic,2025-03-02 00:19:32.000,2025-03-02 00:19:42.000,1717.302,10.0,2.167347272724777
166207,Acoustic,VPVF,acoustic,2025-03-02 00:19:56.000,2025-03-02 00:20:06.000,694.864,10.0,1.9040728740601556
166208,Acoustic,VPVF,acoustic,2025-03-02 00:21:35.000,2025-03-02 00:21:45.000,3065.105,10.0,2.3359183888890716
166209,Acoustic,VPVF,acoustic,2025-03-02 00:22:22.000,2025-03-02 00:22:32.000,1921.345,10.0,2.2000155875318304
166210,Acoustic,VPVF,acoustic,2025-03-02 00:23:45.000,2025-03-02 00:23:55.000,118.909,10.0,1.3903938669563192
166211,Acoustic,VPVF,acoustic,2025-03-02 00:24:02.000,2025-03-02 00:24:12.000,399.926,10.0,1.7433263584087395
166212,Acoustic,VPVF,acoustic,2025-03-02 00:25:02.000,2025-03-02 00:25:12.000,1794.653,10.0,2.1801669278064972
166213,Acoustic,VPVF,acoustic,2025-03-02 00:26:07.000,2025-03-02 00:26:17.000,1196.738,10.0,2.0622593845334776
166214,Acoustic,VPVF,acoustic,2025-03-02 00:27:17.000,2025-03-02 00:27:27.000,16562.097,10.0,2.8268072669903597
166215,Acoustic,VPVF,acoustic,2025-03-02 00:29:42.000,2025-03-02 00:29:52.000,1396.326,10.0,2.1071411726066582
166216,Acoustic,VPVF,acoustic,2025-03-02 00:31:26.000,2025-03-02 00:31:36.000,1333.55,10.0,2.093756233497885
166217,Acoustic,VPVF,acoustic,2025-03-02 00:32:17.000,2025-03-02 00:32:27.000,5416.318,10.0,2.501581783510804
166218,Acoustic,VPVF,acoustic,2025-03-02 00:33:51.000,2025-03-02 00:34:01.000,2829.538,10.0,2.312649405621715
166219,Acoustic,VPVF,acoustic,2025-03-02 00:34:28.000,2025-03-02 00:34:38.000,781.627,10.0,1.9383097004750072
166220,Acoustic,VPVF,acoustic,2025-03-02 00:36:27.000,2025-03-02 00:36:37.000,45697.938,10.0,3.122130724752819
166221,Acoustic,VPVF,acoustic,2025-03-02 00:42:11.000,2025-03-02 00:42:21.000,375.826,10.0,1.7252411705450232
166222,Acoustic,VPVF,acoustic,2025-03-02 00:42:56.000,2025-03-02 00:43:06.000,256.267,10.0,1.6138240988425516
166223,Acoustic,VPVF,acoustic,2025-03-02 00:44:35.000,2025-03-02 00:44:45.000,289.74,10.0,1.6495456653752734
166224,Acoustic,VPVF,acoustic,2025-03-02 00:46:09.000,2025-03-02 00:46:19.000,1394.567,10.0,2.1067743873923703
166225,Acoustic,VPVF,acoustic,2025-03-02 00:47:28.000,2025-03-02 00:47:38.000,511.445,10.0,1.8148952879279858
166226,Acoustic,VPVF,acoustic,2025-03-02 00:48:36.000,2025-03-02 00:48:46.000,2187.508,10.0,2.237766265478834
166227,Acoustic,VPVF,acoustic,2025-03-02 00:50:01.000,2025-03-02 00:50:11.000,197.111,10.0,1.537456277034448
166228,Acoustic,VPVF,acoustic,2025-03-02 00:51:59.000,2025-03-02 00:52:09.000,198.636,10.0,1.5396988339372557
166229,Acoustic,VPVF,acoustic,2025-03-02 00:52:30.000,2025-03-02 00:52:40.000,91.492,10.0,1.3141266912737937
166230,Acoustic,VPVF,acoustic,2025-03-02 00:53:18.000,2025-03-02 00:53:28.000,5238.479,10.0,2.491867488858712
166231,Acoustic,VPVF,acoustic,2025-03-02 00:53:44.000,2025-03-02 00:53:54.000,787.435,10.0,1.9404638586838525
166232,Acoustic,VPVF,acoustic,2025-03-02 00:54:17.000,2025-03-02 00:54:27.000,1575.865,10.0,2.1423377366590453
166233,Acoustic,VPVF,acoustic,2025-03-02 00:54:59.000,2025-03-02 00:55:09.000,1349.662,10.0,2.0972507636750386
166234,Acoustic,VPVF,acoustic,2025-03-02 00:56:52.000,2025-03-02 00:57:02.000,27782.145,10.0,2.9773230683416454
166235,Acoustic,VPVF,acoustic,2025-03-02 00:57:25.000,2025-03-02 00:57:35.000,216.867,10.0,1.5652496260757398
166236,Acoustic,VPVF,acoustic,2025-03-02 01:00:40.000,2025-03-02 01:00:50.000,53.935,10.0,1.1603533576560257
166237,Acoustic,VPVF,acoustic,2025-03-02 01:01:06.000,2025-03-02 01:01:16.000,457.542,10.0,1.7824887473740005
166238,Acoustic,VPVF,acoustic,2025-03-02 01:01:45.000,2025-03-02 01:01:55.000,515.168,10.0,1.8170057487299738
166239,Acoustic,VPVF,acoustic,2025-03-02 01:01:56.000,2025-03-02 01:02:06.000,608.302,10.0,1.8653598937187155
166240,Acoustic,VPVF,acoustic,2025-03-02 01:03:38.000,2025-03-02 01:03:48.000,3164.209,10.0,2.345177658186221
166241,Acoustic,VPVF,acoustic,2025-03-02 01:04:13.000,2025-03-02 01:04:23.000,1461.342,10.0,2.1203837504883976
166242,Acoustic,VPVF,acoustic,2025-03-02 01:06:58.000,2025-03-02 01:07:08.000,3812.941,10.0,2.3994442570959893
166243,Acoustic,VPVF,acoustic,2025-03-02 01:07:46.000,2025-03-02 01:07:56.000,439.807,10.0,1.7709856320192365
166244,Acoustic,VPVF,acoustic,2025-03-02 01:07:53.000,2025-03-02 01:08:03.000,301.542,10.0,1.6611630333676664
166245,Acoustic,VPVF,acoustic,2025-03-02 01:08:47.000,2025-03-02 01:08:57.000,481.705,10.0,1.7974633733316128
166246,Acoustic,VPVF,acoustic,2025-03-02 01:10:48.000,2025-03-02 01:10:58.000,875.764,10.0,1.971399349425656
166247,Acoustic,VPVF,acoustic,2025-03-02 01:12:03.000,2025-03-02 01:12:13.000,712.561,10.0,1.9113907726906487
166248,Acoustic,VPVF,acoustic,2025-03-02 01:12:45.000,2025-03-02 01:12:55.000,268.569,10.0,1.6274674410074783
166249,Acoustic,VPVF,acoustic,2025-03-02 01:14:19.000,2025-03-02 01:14:29.000,795.947,10.0,1.9435923806223172
166250,Acoustic,VPVF,acoustic,2025-03-02 01:14:34.000,2025-03-02 01:14:44.000,290.107,10.0,1.649913999382054
166251,Acoustic,VPVF,acoustic,2025-03-02 01:15:13.000,2025-03-02 01:15:23.000,450.52,10.0,1.7779884305456368
166252,Acoustic,VPVF,acoustic,2025-03-02 01:16:04.000,2025-03-02 01:16:14.000,1007.136,10.0,2.012069040445879
166253,Acoustic,VPVF,acoustic,2025-03-02 01:16:50.000,2025-03-02 01:17:00.000,7166.999,10.0,2.583076020394994
166254,Acoustic,VPVF,acoustic,2025-03-02 01:17:19.000,2025-03-02 01:17:29.000,1280.268,10.0,2.081891596659836
166255,Acoustic,VPVF,acoustic,2025-03-02 01:17:44.000,2025-03-02 01:17:54.000,14581.803,10.0,2.789753521838904
166256,Acoustic,VPVF,acoustic,2025-03-02 01:21:04.000,2025-03-02 01:21:14.000,913.636,10.0,1.9837180465089645
166257,Acoustic,VPVF,acoustic,2025-03-02 01:22:07.000,2025-03-02 01:22:17.000,4067.311,10.0,2.4182359454450237
166258,Acoustic,VPVF,acoustic,2025-03-02 01:23:22.000,2025-03-02 01:23:32.000,167.181,10.0,1.4895352354975393
166259,Acoustic,VPVF,acoustic,2025-03-02 01:24:39.000,2025-03-02 01:24:49.000,359.055,10.0,1.7119578558284465
166260,Acoustic,VPVF,acoustic,2025-03-02 01:24:48.000,2025-03-02 01:24:58.000,691.461,10.0,1.9026443522481669
166261,Acoustic,VPVF,acoustic,2025-03-02 01:27:21.000,2025-03-02 01:27:31.000,214.48,10.0,1.5620291566531315
166262,Acoustic,VPVF,acoustic,2025-03-02 01:29:08.000,2025-03-02 01:29:18.000,1649.999,10.0,2.1557140662733834
166263,Acoustic,VPVF,acoustic,2025-03-02 01:32:08.000,2025-03-02 01:32:18.000,1536.462,10.0,2.1349696218732346
166264,Acoustic,VPVF,acoustic,2025-03-02 01:32:47.000,2025-03-02 01:32:57.000,24732.003,10.0,2.943483724639625
166265,Acoustic,VPVF,acoustic,2025-03-02 01:36:49.000,2025-03-02 01:36:59.000,3099.199,10.0,2.3391371403733836
166266,Acoustic,VPVF,acoustic,2025-03-02 01:37:23.000,2025-03-02 01:37:33.000,589.918,10.0,1.8564304040763946
166267,Acoustic,VPVF,acoustic,2025-03-02 01:38:55.000,2025-03-02 01:39:05.000,479.516,10.0,1.7961380789048327
166268,Acoustic,VPVF,acoustic,2025-03-02 01:43:20.000,2025-03-02 01:43:30.000,944.633,10.0,1.9934262858686793
166269,Acoustic,VPVF,acoustic,2025-03-02 01:44:06.000,2025-03-02 01:44:16.000,347.324,10.0,1.7022923119704885
166270,Acoustic,VPVF,acoustic,2025-03-02 01:46:04.000,2025-03-02 01:46:14.000,1047.349,10.0,2.023461252997302
166271,Acoustic,VPVF,acoustic,2025-03-02 01:52:13.000,2025-03-02 01:52:23.000,2439.625,10.0,2.269506460337763
166272,Acoustic,VPVF,acoustic,2025-03-02 01:52:23.000,2025-03-02 01:52:33.000,2629.688,10.0,2.2913358304600453
166273,Acoustic,VPVF,acoustic,2025-03-02 01:53:39.000,2025-03-02 01:53:49.000,4823.486,10.0,2.4678518849661364
166274,Acoustic,VPVF,acoustic,2025-03-02 01:59:24.000,2025-03-02 01:59:34.000,3935.562,10.0,2.4086545282407594
166362,Eruption,VPVF,acoustic,2025-03-04 12:45:36.045,2025-03-04 12:46:09.053,258.984,33.008,1.6168928659473523
166361,Eruption,VPVF,acoustic,2025-03-04 12:44:17.010,2025-03-04 12:44:59.738,909.006,42.728,1.9822397223946429
166464,Acoustic,VPVF,acoustic,2025-03-04 11:14:05.390,2025-03-04 11:14:23.750,7.374,18.36,0.5813610992909655
166468,Acoustic,VPVF,acoustic,2025-03-04 10:56:52.695,2025-03-04 10:57:15.510,34.567,22.815,1.0309033320577305
167059,Acoustic,VPVF,acoustic,2025-03-05 00:00:46.000,2025-03-05 00:01:08.000,4.986,22.0,0.4674940236923956
167060,Acoustic,VPVF,acoustic,2025-03-05 00:02:04.000,2025-03-05 00:02:56.000,58.839,52.0,1.1856757396456723
167061,Acoustic,VPVF,acoustic,2025-03-05 00:03:52.000,2025-03-05 00:04:46.000,64.769,54.0,1.2136160185211042
167062,Acoustic,VPVF,acoustic,2025-03-05 00:06:04.000,2025-03-05 00:06:28.000,6.058,24.0,0.5241606102278809
167063,Acoustic,VPVF,acoustic,2025-03-05 00:06:50.000,2025-03-05 00:07:18.000,14.741,28.0,0.7829130539491017
167064,Acoustic,VPVF,acoustic,2025-03-05 00:08:06.000,2025-03-05 00:08:32.000,22.67,26.0,0.9081525184847667
167065,Acoustic,VPVF,acoustic,2025-03-05 00:10:22.000,2025-03-05 00:10:44.000,17.52,22.0,0.8331678482274815
167066,Acoustic,VPVF,acoustic,2025-03-05 00:11:20.000,2025-03-05 00:11:50.000,78.599,30.0,1.2699294038215447
167067,Acoustic,VPVF,acoustic,2025-03-05 00:12:26.000,2025-03-05 00:13:04.000,126.046,38.0,1.407354475651316
167068,Acoustic,VPVF,acoustic,2025-03-05 00:14:30.000,2025-03-05 00:14:54.000,2.52,24.0,0.26893836232363455
167069,Acoustic,VPVF,acoustic,2025-03-05 00:15:54.000,2025-03-05 00:16:34.000,9.258,40.0,0.6475665082193506
167070,Acoustic,VPVF,acoustic,2025-03-05 00:17:50.000,2025-03-05 00:18:14.000,2.463,24.0,0.2622811559321992
167071,Acoustic,VPVF,acoustic,2025-03-05 00:18:32.000,2025-03-05 00:19:04.000,2.925,32.0,0.31230433318019346
167072,Acoustic,VPVF,acoustic,2025-03-05 00:21:00.000,2025-03-05 00:22:24.000,94.594,84.0,1.3238286055838602
167073,Acoustic,VPVF,acoustic,2025-03-05 00:24:04.000,2025-03-05 00:24:30.000,11.475,26.0,0.7100343051202304
167074,Acoustic,VPVF,acoustic,2025-03-05 00:25:16.000,2025-03-05 00:25:48.000,9.117,32.0,0.6431008097157357
167075,Acoustic,VPVF,acoustic,2025-03-05 00:27:40.000,2025-03-05 00:28:06.000,11.657,26.0,0.7146131536353654
167076,Acoustic,VPVF,acoustic,2025-03-05 00:28:44.000,2025-03-05 00:29:18.000,23.329,34.0,0.9164904024869206
167077,Acoustic,VPVF,acoustic,2025-03-05 00:29:46.000,2025-03-05 00:30:50.000,17.679,64.0,0.8357966561959238
167078,Acoustic,VPVF,acoustic,2025-03-05 00:31:42.000,2025-03-05 00:32:06.000,4.176,24.0,0.4159095282961179
167079,Acoustic,VPVF,acoustic,2025-03-05 00:33:26.000,2025-03-05 00:33:56.000,3.138,30.0,0.332757469298115
167080,Acoustic,VPVF,acoustic,2025-03-05 00:35:08.000,2025-03-05 00:35:38.000,43.355,30.0,1.096816257674801
167081,Acoustic,VPVF,acoustic,2025-03-05 00:36:46.000,2025-03-05 00:38:00.000,56.003,74.0,1.1713015657464285
167082,Acoustic,VPVF,acoustic,2025-03-05 00:39:54.000,2025-03-05 00:40:36.000,25.55,42.0,0.9429519059953902
167083,Acoustic,VPVF,acoustic,2025-03-05 00:42:10.000,2025-03-05 00:42:36.000,3.891,26.0,0.3953410246385075
167084,Acoustic,VPVF,acoustic,2025-03-05 00:44:04.000,2025-03-05 00:45:46.000,46.102,102.0,1.1146922434813977
167085,Acoustic,VPVF,acoustic,2025-03-05 00:46:32.000,2025-03-05 00:47:46.000,119.987,74.0,1.3930199106031698
167086,Acoustic,VPVF,acoustic,2025-03-05 00:49:02.000,2025-03-05 00:50:00.000,31.847,58.0,1.0070559136837076
167087,Acoustic,VPVF,acoustic,2025-03-05 00:52:26.000,2025-03-05 00:52:48.000,2.596,22.0,0.2775841410459822
167088,Acoustic,VPVF,acoustic,2025-03-05 00:54:46.000,2025-03-05 00:55:36.000,20.38,50.0,0.8771668003791732
167089,Acoustic,VPVF,acoustic,2025-03-05 00:56:36.000,2025-03-05 00:57:00.000,1.725,24.0,0.15864869660422629
167090,Acoustic,VPVF,acoustic,2025-03-05 00:57:42.000,2025-03-05 00:58:18.000,9.326,36.0,0.6496959254493772
167091,Acoustic,VPVF,acoustic,2025-03-05 01:00:04.000,2025-03-05 01:00:38.000,17.417,34.0,0.8314521457328027
167092,Acoustic,VPVF,acoustic,2025-03-05 01:01:02.000,2025-03-05 01:01:50.000,13.961,48.0,0.7670940731522099
167093,Acoustic,VPVF,acoustic,2025-03-05 01:03:38.000,2025-03-05 01:04:34.000,71.818,56.0,1.243676315456253
167094,Acoustic,VPVF,acoustic,2025-03-05 01:05:04.000,2025-03-05 01:05:26.000,32.23,22.0,1.010534404693264
167095,Acoustic,VPVF,acoustic,2025-03-05 01:05:58.000,2025-03-05 01:06:22.000,14.345,24.0,0.7749893702299516
167096,Acoustic,VPVF,acoustic,2025-03-05 01:06:50.000,2025-03-05 01:07:28.000,12.471,38.0,0.7342538570813377
167097,Acoustic,VPVF,acoustic,2025-03-05 01:08:38.000,2025-03-05 01:09:02.000,2.079,24.0,0.21296250785208437
167098,Acoustic,VPVF,acoustic,2025-03-05 01:09:20.000,2025-03-05 01:09:44.000,4.173,24.0,0.4157004177568449
167099,Acoustic,VPVF,acoustic,2025-03-05 01:10:12.000,2025-03-05 01:10:38.000,23.769,26.0,0.9219273101329868
167100,Acoustic,VPVF,acoustic,2025-03-05 01:12:28.000,2025-03-05 01:13:06.000,34.592,38.0,1.031113700423055
167101,Acoustic,VPVF,acoustic,2025-03-05 01:13:52.000,2025-03-05 01:14:56.000,111.049,64.0,1.3704948168839566
167102,Acoustic,VPVF,acoustic,2025-03-05 01:16:12.000,2025-03-05 01:17:18.000,18.14,66.0,0.8432869794251312
167103,Acoustic,VPVF,acoustic,2025-03-05 01:18:24.000,2025-03-05 01:18:48.000,27.965,24.0,0.969231931855059
167104,Acoustic,VPVF,acoustic,2025-03-05 01:19:10.000,2025-03-05 01:19:36.000,28.304,26.0,0.972738036428984
167105,Acoustic,VPVF,acoustic,2025-03-05 01:21:00.000,2025-03-05 01:22:56.000,60.123,116.0,1.191957230646197
167106,Acoustic,VPVF,acoustic,2025-03-05 01:23:56.000,2025-03-05 01:24:24.000,8.926,28.0,0.6369401112780222
167107,Acoustic,VPVF,acoustic,2025-03-05 01:25:30.000,2025-03-05 01:26:06.000,5.905,36.0,0.5167173343061875
167108,Acoustic,VPVF,acoustic,2025-03-05 01:27:56.000,2025-03-05 01:28:50.000,63.636,54.0,1.2084809250213457
167109,Acoustic,VPVF,acoustic,2025-03-05 01:30:30.000,2025-03-05 01:31:16.000,92.022,46.0,1.315807417532266
167110,Acoustic,VPVF,acoustic,2025-03-05 01:32:40.000,2025-03-05 01:33:24.000,5.053,44.0,0.47137802981961446
167111,Acoustic,VPVF,acoustic,2025-03-05 01:34:42.000,2025-03-05 01:35:50.000,21.623,68.0,0.8943936853715242
167112,Acoustic,VPVF,acoustic,2025-03-05 01:39:08.000,2025-03-05 01:39:34.000,12.326,26.0,0.73085084947442
167113,Acoustic,VPVF,acoustic,2025-03-05 01:40:38.000,2025-03-05 01:41:36.000,36.347,58.0,1.0455139425566837
167114,Acoustic,VPVF,acoustic,2025-03-05 01:42:00.000,2025-03-05 01:42:34.000,19.946,34.0,0.8709033958518592
167115,Acoustic,VPVF,acoustic,2025-03-05 01:43:50.000,2025-03-05 01:44:14.000,11.02,24.0,0.6982616683255634
167116,Acoustic,VPVF,acoustic,2025-03-05 01:45:24.000,2025-03-05 01:45:48.000,28.584,24.0,0.975602412140237
167117,Acoustic,VPVF,acoustic,2025-03-05 01:47:00.000,2025-03-05 01:47:28.000,19.575,28.0,0.8654401863890873
167118,Acoustic,VPVF,acoustic,2025-03-05 01:48:20.000,2025-03-05 01:48:56.000,38.261,36.0,1.060446732175213
167119,Acoustic,VPVF,acoustic,2025-03-05 01:50:02.000,2025-03-05 01:50:38.000,51.054,36.0,1.144379948607086
167120,Acoustic,VPVF,acoustic,2025-03-05 01:52:28.000,2025-03-05 01:53:22.000,86.648,54.0,1.2982982236935436
167121,Acoustic,VPVF,acoustic,2025-03-05 01:55:16.000,2025-03-05 01:56:20.000,32.719,64.0,1.0149160145642695
167122,Acoustic,VPVF,acoustic,2025-03-05 01:57:30.000,2025-03-05 01:58:42.000,13.554,72.0,0.7584852124736845
167123,Acoustic,VPVF,acoustic,2025-03-05 01:58:06.000,2025-03-05 01:58:28.000,6.526,22.0,0.5458135365327436
167124,Acoustic,VPVF,acoustic,2025-03-05 02:01:00.000,2025-03-05 02:01:34.000,35.507,34.0,1.0387103666970876
167125,Acoustic,VPVF,acoustic,2025-03-05 02:02:52.000,2025-03-05 02:03:20.000,9.756,28.0,0.6628121003999343
167126,Acoustic,VPVF,acoustic,2025-03-05 02:03:28.000,2025-03-05 02:04:44.000,66.015,76.0,1.2191605605044797
167127,Acoustic,VPVF,acoustic,2025-03-05 02:04:22.000,2025-03-05 02:04:42.000,13.36,20.0,0.7542903269534831
167128,Acoustic,VPVF,acoustic,2025-03-05 02:06:28.000,2025-03-05 02:07:28.000,16.983,60.0,0.8241096544348517
167129,Acoustic,VPVF,acoustic,2025-03-05 02:10:46.000,2025-03-05 02:11:14.000,22.161,28.0,0.9015448670062349
167130,Acoustic,VPVF,acoustic,2025-03-05 02:10:42.000,2025-03-05 02:12:04.000,68.599,82.0,1.2303329158409622
167131,Acoustic,VPVF,acoustic,2025-03-05 02:12:58.000,2025-03-05 02:13:42.000,43.137,44.0,1.0953494587488457
167132,Acoustic,VPVF,acoustic,2025-03-05 02:15:06.000,2025-03-05 02:15:30.000,3.995,24.0,0.4030162450455069
167133,Acoustic,VPVF,acoustic,2025-03-05 02:17:34.000,2025-03-05 02:19:30.000,35.652,116.0,1.0398962115603636
167134,Acoustic,VPVF,acoustic,2025-03-05 02:20:42.000,2025-03-05 02:21:20.000,21.22,38.0,0.8889194043087657
167135,Acoustic,VPVF,acoustic,2025-03-05 02:22:20.000,2025-03-05 02:23:04.000,37.99,44.0,1.0583784266816627
167136,Acoustic,VPVF,acoustic,2025-03-05 02:24:40.000,2025-03-05 02:25:36.000,30.46,56.0,0.9940990323300161
167137,Acoustic,VPVF,acoustic,2025-03-05 02:26:56.000,2025-03-05 02:27:22.000,3.709,26.0,0.3814020783301688
167138,Acoustic,VPVF,acoustic,2025-03-05 02:28:58.000,2025-03-05 02:29:22.000,25.536,24.0,0.9427924226793258
167139,Acoustic,VPVF,acoustic,2025-03-05 02:29:38.000,2025-03-05 02:30:28.000,53.751,50.0,1.1593589874345793
167140,Acoustic,VPVF,acoustic,2025-03-05 02:31:44.000,2025-03-05 02:32:16.000,31.229,32.0,1.0013539120483352
167141,Acoustic,VPVF,acoustic,2025-03-05 02:35:22.000,2025-03-05 02:35:52.000,7.44,30.0,0.5839538668157388
167142,Acoustic,VPVF,acoustic,2025-03-05 02:37:24.000,2025-03-05 02:37:46.000,8.379,22.0,0.6185387675818472
167143,Acoustic,VPVF,acoustic,2025-03-05 02:38:20.000,2025-03-05 02:38:42.000,2.407,22.0,0.2555889804842701
167144,Acoustic,VPVF,acoustic,2025-03-05 02:38:54.000,2025-03-05 02:39:38.000,50.226,44.0,1.1396221568493359
167145,Acoustic,VPVF,acoustic,2025-03-05 02:41:22.000,2025-03-05 02:41:42.000,14.156,20.0,0.7711301711568699
167146,Acoustic,VPVF,acoustic,2025-03-05 02:41:12.000,2025-03-05 02:42:42.000,65.031,90.0,1.2147906896596217
167147,Acoustic,VPVF,acoustic,2025-03-05 02:44:06.000,2025-03-05 02:44:50.000,94.221,44.0,1.3226789651934392
167148,Acoustic,VPVF,acoustic,2025-03-05 02:46:50.000,2025-03-05 02:48:24.000,37.352,94.0,1.053450286818242
167149,Acoustic,VPVF,acoustic,2025-03-05 02:48:36.000,2025-03-05 02:49:06.000,5.037,30.0,0.47045520707466654
167150,Acoustic,VPVF,acoustic,2025-03-05 02:51:00.000,2025-03-05 02:52:02.000,41.651,62.0,1.0851490400135821
167151,Acoustic,VPVF,acoustic,2025-03-05 02:53:06.000,2025-03-05 02:53:36.000,58.036,30.0,1.1816773062618104
167152,Acoustic,VPVF,acoustic,2025-03-05 02:55:08.000,2025-03-05 02:55:30.000,14.456,22.0,0.7772322535004266
167153,Acoustic,VPVF,acoustic,2025-03-05 02:56:16.000,2025-03-05 02:56:50.000,29.318,34.0,0.9829800081387505
167154,Acoustic,VPVF,acoustic,2025-03-05 02:58:06.000,2025-03-05 02:58:48.000,8.628,42.0,0.62705979140844
167155,Acoustic,VPVF,acoustic,2025-03-05 02:59:06.000,2025-03-05 03:00:32.000,70.626,86.0,1.2388062887578606
167156,Acoustic,VPVF,acoustic,2025-03-05 03:01:10.000,2025-03-05 03:02:00.000,174.238,50.0,1.5015657278368115
167157,Acoustic,VPVF,acoustic,2025-03-05 03:02:12.000,2025-03-05 03:02:44.000,14.216,32.0,0.7723608679141543
167158,Acoustic,VPVF,acoustic,2025-03-05 03:04:06.000,2025-03-05 03:04:30.000,14.433,24.0,0.7767689297868919
167159,Acoustic,VPVF,acoustic,2025-03-05 03:05:14.000,2025-03-05 03:05:38.000,27.84,24.0,0.9679283847288115
167160,Acoustic,VPVF,acoustic,2025-03-05 03:06:10.000,2025-03-05 03:06:34.000,10.52,24.0,0.6847505456778726
167161,Acoustic,VPVF,acoustic,2025-03-05 03:07:22.000,2025-03-05 03:08:08.000,53.569,46.0,1.1583720712979515
167162,Acoustic,VPVF,acoustic,2025-03-05 03:09:24.000,2025-03-05 03:09:56.000,345.429,32.0,1.700700392875832
167163,Acoustic,VPVF,acoustic,2025-03-05 03:10:46.000,2025-03-05 03:11:50.000,114.366,64.0,1.3790589442643697
167164,Acoustic,VPVF,acoustic,2025-03-05 03:12:52.000,2025-03-05 03:13:20.000,15.268,28.0,0.793134041355631
167165,Acoustic,VPVF,acoustic,2025-03-05 03:14:18.000,2025-03-05 03:14:50.000,202.476,32.0,1.5452702802163134
167166,Acoustic,VPVF,acoustic,2025-03-05 03:16:18.000,2025-03-05 03:16:42.000,86.241,24.0,1.2969282350761044
167167,Acoustic,VPVF,acoustic,2025-03-05 03:17:40.000,2025-03-05 03:18:06.000,40.9,26.0,1.0798546163649192
167168,Acoustic,VPVF,acoustic,2025-03-05 03:19:10.000,2025-03-05 03:19:44.000,182.682,34.0,1.515336157599336
167169,Acoustic,VPVF,acoustic,2025-03-05 03:22:22.000,2025-03-05 03:22:52.000,24.037,30.0,0.9251897765222266
167170,Acoustic,VPVF,acoustic,2025-03-05 03:24:32.000,2025-03-05 03:25:10.000,142.236,38.0,1.4425163854006515
167171,Acoustic,VPVF,acoustic,2025-03-05 03:25:34.000,2025-03-05 03:26:06.000,20.351,32.0,0.8767524553736855
167172,Acoustic,VPVF,acoustic,2025-03-05 03:27:30.000,2025-03-05 03:28:42.000,52.494,72.0,1.1524734768326865
167173,Acoustic,VPVF,acoustic,2025-03-05 03:29:56.000,2025-03-05 03:30:54.000,84.101,58.0,1.2896167770606173
167174,Acoustic,VPVF,acoustic,2025-03-05 03:31:48.000,2025-03-05 03:32:16.000,41.138,28.0,1.0815429264741363
167175,Acoustic,VPVF,acoustic,2025-03-05 03:33:08.000,2025-03-05 03:34:14.000,85.317,66.0,1.2937938358915333
167176,Acoustic,VPVF,acoustic,2025-03-05 03:34:56.000,2025-03-05 03:35:28.000,15.03,32.0,0.7885625169932284
167177,Acoustic,VPVF,acoustic,2025-03-05 03:36:16.000,2025-03-05 03:37:26.000,65.392,70.0,1.2164014956462372
167178,Acoustic,VPVF,acoustic,2025-03-05 03:38:20.000,2025-03-05 03:39:18.000,51.645,58.0,1.1477289487794378
167179,Acoustic,VPVF,acoustic,2025-03-05 03:39:38.000,2025-03-05 03:40:04.000,5.876,26.0,0.5152847973692067
167180,Acoustic,VPVF,acoustic,2025-03-05 03:40:26.000,2025-03-05 03:41:02.000,16.577,36.0,0.8170689781068142
167181,Acoustic,VPVF,acoustic,2025-03-05 03:42:24.000,2025-03-05 03:42:56.000,87.702,32.0,1.3018163632219533
167182,Acoustic,VPVF,acoustic,2025-03-05 03:44:32.000,2025-03-05 03:45:16.000,206.226,44.0,1.550610090191512
167183,Acoustic,VPVF,acoustic,2025-03-05 03:47:00.000,2025-03-05 03:47:26.000,2.497,26.0,0.266270423375403
167184,Acoustic,VPVF,acoustic,2025-03-05 03:48:54.000,2025-03-05 03:49:48.000,46.324,54.0,1.116090055470742
167185,Acoustic,VPVF,acoustic,2025-03-05 03:51:04.000,2025-03-05 03:51:30.000,8.335,26.0,0.6170067547898963
167186,Acoustic,VPVF,acoustic,2025-03-05 03:52:16.000,2025-03-05 03:52:38.000,3.55,22.0,0.3686529965469131
167187,Acoustic,VPVF,acoustic,2025-03-05 03:54:40.000,2025-03-05 03:55:36.000,25.785,56.0,0.9456159809476317
167188,Acoustic,VPVF,acoustic,2025-03-05 03:56:30.000,2025-03-05 03:57:46.000,29.858,76.0,0.9882906781803446
167189,Acoustic,VPVF,acoustic,2025-03-05 03:57:56.000,2025-03-05 03:58:20.000,53.531,24.0,1.1581655887961169
167190,Acoustic,VPVF,acoustic,2025-03-05 03:59:34.000,2025-03-05 04:00:26.000,34.97,52.0,1.034276073647194
167191,Acoustic,VPVF,acoustic,2025-03-05 04:01:52.000,2025-03-05 04:02:16.000,46.045,24.0,1.1143322597949117
167192,Acoustic,VPVF,acoustic,2025-03-05 04:03:28.000,2025-03-05 04:05:02.000,237.41,94.0,1.5915843353729873
167193,Acoustic,VPVF,acoustic,2025-03-05 04:05:56.000,2025-03-05 04:06:26.000,27.961,30.0,0.9691903086667929
167194,Acoustic,VPVF,acoustic,2025-03-05 04:06:46.000,2025-03-05 04:07:14.000,31.689,28.0,1.005608718121371
167195,Acoustic,VPVF,acoustic,2025-03-05 04:08:44.000,2025-03-05 04:09:08.000,3.528,24.0,0.36684414622805406
167196,Acoustic,VPVF,acoustic,2025-03-05 04:10:02.000,2025-03-05 04:10:32.000,29.814,30.0,0.9878615655765484
167197,Acoustic,VPVF,acoustic,2025-03-05 04:11:56.000,2025-03-05 04:12:38.000,73.851,42.0,1.2517987748498915
167198,Acoustic,VPVF,acoustic,2025-03-05 04:13:34.000,2025-03-05 04:14:16.000,438.136,42.0,1.7698779891307206
167199,Acoustic,VPVF,acoustic,2025-03-05 04:14:32.000,2025-03-05 04:15:04.000,96.144,32.0,1.3285578650683396
167200,Acoustic,VPVF,acoustic,2025-03-05 04:17:48.000,2025-03-05 04:18:42.000,102.271,54.0,1.3465341766588985
167201,Acoustic,VPVF,acoustic,2025-03-05 04:20:34.000,2025-03-05 04:21:52.000,78.066,78.0,1.2679494912588856
167202,Acoustic,VPVF,acoustic,2025-03-05 04:21:18.000,2025-03-05 04:21:44.000,19.372,26.0,0.8624068884509162
167203,Acoustic,VPVF,acoustic,2025-03-05 04:22:26.000,2025-03-05 04:22:56.000,62.637,30.0,1.2038767358351223
167204,Acoustic,VPVF,acoustic,2025-03-05 04:23:38.000,2025-03-05 04:23:58.000,19.581,20.0,0.8655293611684782
167205,Acoustic,VPVF,acoustic,2025-03-05 04:24:48.000,2025-03-05 04:25:18.000,128.173,30.0,1.4122236881470112
167206,Acoustic,VPVF,acoustic,2025-03-05 04:26:42.000,2025-03-05 04:27:02.000,4.883,20.0,0.46142010527036276
167207,Acoustic,VPVF,acoustic,2025-03-05 04:27:18.000,2025-03-05 04:28:00.000,5.564,42.0,0.49940937128440593
167208,Acoustic,VPVF,acoustic,2025-03-05 04:29:04.000,2025-03-05 04:29:56.000,43.792,52.0,1.0997345026442524
167209,Acoustic,VPVF,acoustic,2025-03-05 04:30:46.000,2025-03-05 04:31:28.000,30.688,42.0,0.9962689522786817
167210,Acoustic,VPVF,acoustic,2025-03-05 04:32:12.000,2025-03-05 04:32:48.000,43.365,36.0,1.0968833649866474
167211,Acoustic,VPVF,acoustic,2025-03-05 04:35:06.000,2025-03-05 04:35:40.000,45.206,34.0,1.108981374065918
167212,Acoustic,VPVF,acoustic,2025-03-05 04:36:00.000,2025-03-05 04:36:26.000,48.706,26.0,1.1306802511653042
167213,Acoustic,VPVF,acoustic,2025-03-05 04:38:38.000,2025-03-05 04:39:06.000,28.867,28.0,0.9784691069850937
167214,Acoustic,VPVF,acoustic,2025-03-05 04:39:26.000,2025-03-05 04:40:04.000,15.31,38.0,0.793933377767835
167215,Acoustic,VPVF,acoustic,2025-03-05 04:40:42.000,2025-03-05 04:41:02.000,31.856,20.0,1.007138132597834
167216,Acoustic,VPVF,acoustic,2025-03-05 04:43:14.000,2025-03-05 04:43:40.000,20.403,26.0,0.8774949998091144
167217,Acoustic,VPVF,acoustic,2025-03-05 04:44:44.000,2025-03-05 04:45:22.000,23.726,38.0,0.9214004324640858
167218,Acoustic,VPVF,acoustic,2025-03-05 04:46:18.000,2025-03-05 04:47:00.000,58.873,42.0,1.1858438317445728
167219,Acoustic,VPVF,acoustic,2025-03-05 04:48:52.000,2025-03-05 04:49:30.000,24.533,38.0,0.9311329414211293
167220,Acoustic,VPVF,acoustic,2025-03-05 04:50:30.000,2025-03-05 04:50:58.000,15.234,28.0,0.7924853473424351
167221,Acoustic,VPVF,acoustic,2025-03-05 04:52:14.000,2025-03-05 04:52:50.000,5.388,36.0,0.4900564833241352
167222,Acoustic,VPVF,acoustic,2025-03-05 04:54:30.000,2025-03-05 04:55:16.000,72.553,46.0,1.2466391011317433
167223,Acoustic,VPVF,acoustic,2025-03-05 04:56:42.000,2025-03-05 04:57:16.000,8.309,34.0,0.6160976685091282
167224,Acoustic,VPVF,acoustic,2025-03-05 04:57:50.000,2025-03-05 04:58:14.000,3.381,24.0,0.3544602644130652
167225,Acoustic,VPVF,acoustic,2025-03-05 05:01:38.000,2025-03-05 05:02:08.000,8.058,30.0,0.6071722662450806
167226,Acoustic,VPVF,acoustic,2025-03-05 05:04:40.000,2025-03-05 05:05:04.000,63.321,24.0,1.2070370024571346
167227,Acoustic,VPVF,acoustic,2025-03-05 05:06:24.000,2025-03-05 05:07:20.000,22.662,56.0,0.9080498175914831
167228,Acoustic,VPVF,acoustic,2025-03-05 05:08:38.000,2025-03-05 05:09:22.000,17.737,44.0,0.8367497112362716
167229,Acoustic,VPVF,acoustic,2025-03-05 05:10:06.000,2025-03-05 05:10:58.000,21.391,52.0,0.8912548287719173
167230,Acoustic,VPVF,acoustic,2025-03-05 05:13:38.000,2025-03-05 05:14:22.000,24.37,44.0,0.9291932045537654
167231,Acoustic,VPVF,acoustic,2025-03-05 05:16:24.000,2025-03-05 05:17:12.000,101.172,48.0,1.3433904246839143
167232,Acoustic,VPVF,acoustic,2025-03-05 05:19:08.000,2025-03-05 05:19:44.000,47.856,36.0,1.125557385110453
167233,Acoustic,VPVF,acoustic,2025-03-05 05:20:54.000,2025-03-05 05:21:38.000,5.218,44.0,0.48072773009201536
167234,Acoustic,VPVF,acoustic,2025-03-05 05:22:46.000,2025-03-05 05:23:36.000,37.504,50.0,1.0546319853013253
167235,Acoustic,VPVF,acoustic,2025-03-05 05:24:56.000,2025-03-05 05:25:34.000,9.901,38.0,0.6671049705427868
167236,Acoustic,VPVF,acoustic,2025-03-05 05:25:56.000,2025-03-05 05:26:24.000,17.735,28.0,0.8367168991813343
167237,Acoustic,VPVF,acoustic,2025-03-05 05:27:18.000,2025-03-05 05:27:52.000,9.654,34.0,0.659753887303391
167238,Acoustic,VPVF,acoustic,2025-03-05 05:28:58.000,2025-03-05 05:29:30.000,14.239,32.0,0.7728312583146895
167239,Acoustic,VPVF,acoustic,2025-03-05 05:30:40.000,2025-03-05 05:31:14.000,11.882,34.0,0.7201759971872477
167240,Acoustic,VPVF,acoustic,2025-03-05 05:32:50.000,2025-03-05 05:33:20.000,23.375,30.0,0.9170635850948522
167241,Acoustic,VPVF,acoustic,2025-03-05 05:34:22.000,2025-03-05 05:35:16.000,59.971,54.0,1.1912206647285972
167242,Acoustic,VPVF,acoustic,2025-03-05 05:37:08.000,2025-03-05 05:37:38.000,8.136,30.0,0.6099753297428411
167243,Acoustic,VPVF,acoustic,2025-03-05 05:38:44.000,2025-03-05 05:40:08.000,14.475,84.0,0.7776144435076474
167244,Acoustic,VPVF,acoustic,2025-03-05 05:39:26.000,2025-03-05 05:39:50.000,5.837,24.0,0.5133470945178072
167245,Acoustic,VPVF,acoustic,2025-03-05 05:41:44.000,2025-03-05 05:42:12.000,67.948,28.0,1.2275583743365017
167246,Acoustic,VPVF,acoustic,2025-03-05 05:43:34.000,2025-03-05 05:43:58.000,6.821,24.0,0.5586781931858693
167247,Acoustic,VPVF,acoustic,2025-03-05 05:44:14.000,2025-03-05 05:45:00.000,57.209,46.0,1.1775011188319442
167248,Acoustic,VPVF,acoustic,2025-03-05 05:45:58.000,2025-03-05 05:47:00.000,12.805,62.0,0.7419443204789806
167249,Acoustic,VPVF,acoustic,2025-03-05 05:47:16.000,2025-03-05 05:47:42.000,11.288,26.0,0.7052533905000152
167250,Acoustic,VPVF,acoustic,2025-03-05 05:48:38.000,2025-03-05 05:49:40.000,11.663,62.0,0.7147628846693084
167251,Acoustic,VPVF,acoustic,2025-03-05 05:50:38.000,2025-03-05 05:51:36.000,35.908,58.0,1.041978115062643
167252,Acoustic,VPVF,acoustic,2025-03-05 05:52:56.000,2025-03-05 05:53:46.000,4.823,50.0,0.4578225654876614
167253,Acoustic,VPVF,acoustic,2025-03-05 05:55:52.000,2025-03-05 05:56:36.000,17.26,44.0,0.8288173302240579
167254,Acoustic,VPVF,acoustic,2025-03-05 05:57:36.000,2025-03-05 05:58:20.000,22.351,44.0,0.9040289622309803
167255,Acoustic,VPVF,acoustic,2025-03-05 05:59:28.000,2025-03-05 06:00:00.000,39.56,32.0,1.070161709559845
167256,Acoustic,VPVF,acoustic,2025-03-05 06:01:42.000,2025-03-05 06:02:12.000,22.538,30.0,0.9064533009510815
167257,Acoustic,VPVF,acoustic,2025-03-05 06:02:34.000,2025-03-05 06:03:18.000,70.728,44.0,1.2392262229662259
167258,Acoustic,VPVF,acoustic,2025-03-05 06:05:26.000,2025-03-05 06:06:06.000,5.752,40.0,0.5090786478411337
167259,Acoustic,VPVF,acoustic,2025-03-05 06:06:38.000,2025-03-05 06:07:06.000,3.233,28.0,0.3414358220897426
167260,Acoustic,VPVF,acoustic,2025-03-05 06:08:14.000,2025-03-05 06:08:38.000,2.794,24.0,0.2989716891913693
167261,Acoustic,VPVF,acoustic,2025-03-05 06:09:58.000,2025-03-05 06:10:22.000,2.914,24.0,0.31120799678076083
167262,Acoustic,VPVF,acoustic,2025-03-05 06:10:58.000,2025-03-05 06:11:48.000,11.348,50.0,0.7067959491729559
167263,Acoustic,VPVF,acoustic,2025-03-05 06:13:22.000,2025-03-05 06:14:14.000,13.704,52.0,0.7616877244714942
167264,Acoustic,VPVF,acoustic,2025-03-05 06:15:06.000,2025-03-05 06:15:38.000,35.352,32.0,1.0374373723313388
167265,Acoustic,VPVF,acoustic,2025-03-05 06:17:20.000,2025-03-05 06:18:14.000,24.587,54.0,0.9317727126216686
167266,Acoustic,VPVF,acoustic,2025-03-05 06:19:40.000,2025-03-05 06:20:12.000,19.006,32.0,0.8568567857022147
167267,Acoustic,VPVF,acoustic,2025-03-05 06:22:08.000,2025-03-05 06:23:22.000,48.059,74.0,1.1267890690114217
167268,Acoustic,VPVF,acoustic,2025-03-05 06:24:02.000,2025-03-05 06:24:42.000,16.227,40.0,0.810859618228357
167269,Acoustic,VPVF,acoustic,2025-03-05 06:25:12.000,2025-03-05 06:25:56.000,5.185,44.0,0.4788816696857901
167270,Acoustic,VPVF,acoustic,2025-03-05 06:26:34.000,2025-03-05 06:27:06.000,5.892,32.0,0.5160760345742975
167271,Acoustic,VPVF,acoustic,2025-03-05 06:27:50.000,2025-03-05 06:28:20.000,8.634,30.0,0.6272620696945668
167272,Acoustic,VPVF,acoustic,2025-03-05 06:28:38.000,2025-03-05 06:29:28.000,7.443,50.0,0.5840711727245539
167273,Acoustic,VPVF,acoustic,2025-03-05 06:29:52.000,2025-03-05 06:30:58.000,27.622,66.0,0.9656409310233877
167274,Acoustic,VPVF,acoustic,2025-03-05 06:31:44.000,2025-03-05 06:32:16.000,19.971,32.0,0.8712678738197932
167275,Acoustic,VPVF,acoustic,2025-03-05 06:33:34.000,2025-03-05 06:34:18.000,46.368,44.0,1.116366303740024
167276,Acoustic,VPVF,acoustic,2025-03-05 06:34:54.000,2025-03-05 06:35:52.000,50.767,58.0,1.142739605120234
167277,Acoustic,VPVF,acoustic,2025-03-05 06:38:14.000,2025-03-05 06:38:54.000,17.13,40.0,0.8266174331868921
167278,Acoustic,VPVF,acoustic,2025-03-05 06:41:00.000,2025-03-05 06:41:26.000,2.112,26.0,0.21754492228738903
167279,Acoustic,VPVF,acoustic,2025-03-05 06:42:24.000,2025-03-05 06:42:56.000,8.544,32.0,0.6242130305886024
167280,Acoustic,VPVF,acoustic,2025-03-05 06:44:14.000,2025-03-05 06:44:48.000,12.926,34.0,0.7446809815630582
167281,Acoustic,VPVF,acoustic,2025-03-05 06:45:28.000,2025-03-05 06:45:56.000,8.539,28.0,0.6240426990829043
167282,Acoustic,VPVF,acoustic,2025-03-05 06:46:56.000,2025-03-05 06:48:02.000,71.426,66.0,1.2420837407241192
167283,Acoustic,VPVF,acoustic,2025-03-05 06:49:28.000,2025-03-05 06:49:56.000,58.635,28.0,1.1846651427569121
167284,Acoustic,VPVF,acoustic,2025-03-05 06:51:00.000,2025-03-05 06:52:00.000,12.026,60.0,0.7236812036713519
167285,Acoustic,VPVF,acoustic,2025-03-05 06:53:38.000,2025-03-05 06:54:02.000,9.297,24.0,0.6487896967424935
167286,Acoustic,VPVF,acoustic,2025-03-05 06:54:20.000,2025-03-05 06:54:44.000,7.718,24.0,0.5946281987377032
167287,Acoustic,VPVF,acoustic,2025-03-05 06:56:18.000,2025-03-05 06:57:04.000,16.738,46.0,0.8198813875600989
167288,Acoustic,VPVF,acoustic,2025-03-05 06:57:38.000,2025-03-05 06:58:26.000,8.907,48.0,0.6363200730515238
167289,Acoustic,VPVF,acoustic,2025-03-05 06:59:04.000,2025-03-05 06:59:52.000,4.279,48.0,0.42299933194423495
167290,Acoustic,VPVF,acoustic,2025-03-05 07:01:04.000,2025-03-05 07:01:28.000,12.501,24.0,0.7349529859685502
167291,Acoustic,VPVF,acoustic,2025-03-05 07:01:34.000,2025-03-05 07:02:14.000,8.737,40.0,0.63071276492688
167292,Acoustic,VPVF,acoustic,2025-03-05 07:02:46.000,2025-03-05 07:04:04.000,32.502,78.0,1.012979757600467
167293,Acoustic,VPVF,acoustic,2025-03-05 07:06:12.000,2025-03-05 07:07:00.000,12.02,48.0,0.7235359933367029
167294,Acoustic,VPVF,acoustic,2025-03-05 07:09:20.000,2025-03-05 07:10:42.000,151.074,82.0,1.460057117904996
167295,Acoustic,VPVF,acoustic,2025-03-05 07:10:58.000,2025-03-05 07:11:38.000,83.219,40.0,1.2865490701722833
167296,Acoustic,VPVF,acoustic,2025-03-05 07:13:28.000,2025-03-05 07:13:56.000,16.035,28.0,0.8073962060571878
167297,Acoustic,VPVF,acoustic,2025-03-05 07:17:42.000,2025-03-05 07:18:16.000,21.058,34.0,0.886689471304781
167298,Acoustic,VPVF,acoustic,2025-03-05 07:19:30.000,2025-03-05 07:20:02.000,2.558,32.0,0.2732933618955655
167299,Acoustic,VPVF,acoustic,2025-03-05 07:20:10.000,2025-03-05 07:20:46.000,5.32,36.0,0.4863607936376823
167300,Acoustic,VPVF,acoustic,2025-03-05 07:23:32.000,2025-03-05 07:24:34.000,5.462,62.0,0.49402563618848877
167301,Acoustic,VPVF,acoustic,2025-03-05 07:26:08.000,2025-03-05 07:26:46.000,18.278,38.0,0.8454922109037301
167302,Acoustic,VPVF,acoustic,2025-03-05 07:28:28.000,2025-03-05 07:29:00.000,41.377,32.0,1.0832285295733068
167303,Acoustic,VPVF,acoustic,2025-03-05 07:31:04.000,2025-03-05 07:31:50.000,34.487,46.0,1.0302291294150359
167304,Acoustic,VPVF,acoustic,2025-03-05 07:33:06.000,2025-03-05 07:33:40.000,8.877,34.0,0.635338367319798
167305,Acoustic,VPVF,acoustic,2025-03-05 07:35:00.000,2025-03-05 07:35:34.000,31.201,34.0,1.0010929040385068
167306,Acoustic,VPVF,acoustic,2025-03-05 07:36:00.000,2025-03-05 07:36:44.000,16.035,44.0,0.8073962060571878
167307,Acoustic,VPVF,acoustic,2025-03-05 07:38:16.000,2025-03-05 07:38:40.000,42.071,24.0,1.0880684994727015
167308,Acoustic,VPVF,acoustic,2025-03-05 07:39:46.000,2025-03-05 07:40:20.000,22.141,34.0,0.9012821453930864
167309,Acoustic,VPVF,acoustic,2025-03-05 07:41:58.000,2025-03-05 07:42:20.000,14.737,22.0,0.7828340859581495
167310,Acoustic,VPVF,acoustic,2025-03-05 07:43:28.000,2025-03-05 07:43:50.000,16.872,22.0,0.8222015997100581
167311,Acoustic,VPVF,acoustic,2025-03-05 07:45:30.000,2025-03-05 07:46:30.000,55.956,60.0,1.1710572632064185
167312,Acoustic,VPVF,acoustic,2025-03-05 07:46:50.000,2025-03-05 07:47:12.000,4.421,22.0,0.43249874498693563
167313,Acoustic,VPVF,acoustic,2025-03-05 07:48:40.000,2025-03-05 07:49:16.000,44.489,36.0,1.1043292714921638
167314,Acoustic,VPVF,acoustic,2025-03-05 07:50:42.000,2025-03-05 07:51:12.000,7.995,30.0,0.6048883736151099
167315,Acoustic,VPVF,acoustic,2025-03-05 07:51:38.000,2025-03-05 07:52:00.000,3.612,22.0,0.37369098689978375
167316,Acoustic,VPVF,acoustic,2025-03-05 07:52:18.000,2025-03-05 07:52:44.000,10.724,26.0,0.6903390595582642
167317,Acoustic,VPVF,acoustic,2025-03-05 07:53:22.000,2025-03-05 07:54:00.000,4.809,38.0,0.4569767006394509
167318,Acoustic,VPVF,acoustic,2025-03-05 07:55:30.000,2025-03-05 07:56:10.000,12.415,40.0,0.7329443050066907
167319,Acoustic,VPVF,acoustic,2025-03-05 07:57:04.000,2025-03-05 07:57:46.000,85.147,42.0,1.2932134651635454
167320,Acoustic,VPVF,acoustic,2025-03-05 07:59:12.000,2025-03-05 08:00:04.000,44.754,52.0,1.1060573445488342
167321,Acoustic,VPVF,acoustic,2025-03-05 08:02:08.000,2025-03-05 08:02:38.000,5.877,30.0,0.5153343127786473
167322,Acoustic,VPVF,acoustic,2025-03-05 08:03:52.000,2025-03-05 08:04:18.000,4.651,26.0,0.447256047472716
167323,Acoustic,VPVF,acoustic,2025-03-05 08:04:44.000,2025-03-05 08:05:16.000,12.627,32.0,0.7378711209133488
167324,Acoustic,VPVF,acoustic,2025-03-05 08:07:08.000,2025-03-05 08:07:42.000,35.882,34.0,1.041767350047863
167325,Acoustic,VPVF,acoustic,2025-03-05 08:09:34.000,2025-03-05 08:10:34.000,41.545,60.0,1.084407571414261
167326,Acoustic,VPVF,acoustic,2025-03-05 08:12:56.000,2025-03-05 08:13:26.000,18.704,30.0,0.8521961108579026
167327,Acoustic,VPVF,acoustic,2025-03-05 08:15:02.000,2025-03-05 08:15:28.000,21.624,26.0,0.8944071419027483
167328,Acoustic,VPVF,acoustic,2025-03-05 08:16:28.000,2025-03-05 08:17:06.000,10.826,38.0,0.6930935752458784
167329,Acoustic,VPVF,acoustic,2025-03-05 08:18:06.000,2025-03-05 08:18:38.000,19.787,32.0,0.8685745690268285
167330,Acoustic,VPVF,acoustic,2025-03-05 08:19:24.000,2025-03-05 08:19:54.000,21.453,30.0,0.8920969819495566
167331,Acoustic,VPVF,acoustic,2025-03-05 08:20:58.000,2025-03-05 08:21:28.000,34.275,30.0,1.0284349005192388
167332,Acoustic,VPVF,acoustic,2025-03-05 08:24:04.000,2025-03-05 08:24:28.000,4.53,24.0,0.4395857953485974
167333,Acoustic,VPVF,acoustic,2025-03-05 08:25:14.000,2025-03-05 08:26:10.000,13.857,56.0,0.7649183753673601
167334,Acoustic,VPVF,acoustic,2025-03-05 08:27:26.000,2025-03-05 08:27:56.000,8.983,30.0,0.6387923377862936
167335,Acoustic,VPVF,acoustic,2025-03-05 08:28:12.000,2025-03-05 08:28:40.000,18.3,28.0,0.8458422301193879
167336,Acoustic,VPVF,acoustic,2025-03-05 08:30:02.000,2025-03-05 08:30:36.000,23.376,34.0,0.9170760330554486
167337,Acoustic,VPVF,acoustic,2025-03-05 08:33:08.000,2025-03-05 08:34:24.000,136.381,76.0,1.4302850932624749
167338,Acoustic,VPVF,acoustic,2025-03-05 08:35:54.000,2025-03-05 08:36:30.000,16.98,36.0,0.8240582495583157
167339,Acoustic,VPVF,acoustic,2025-03-05 08:37:40.000,2025-03-05 08:38:30.000,7.235,50.0,0.5758238187548878
167340,Acoustic,VPVF,acoustic,2025-03-05 08:39:04.000,2025-03-05 08:39:38.000,11.399,34.0,0.7081007249510697
167341,Acoustic,VPVF,acoustic,2025-03-05 08:40:30.000,2025-03-05 08:40:54.000,2.191,24.0,0.22823039296567255
167342,Acoustic,VPVF,acoustic,2025-03-05 08:43:58.000,2025-03-05 08:44:40.000,28.898,42.0,0.9787814171125094
167343,Acoustic,VPVF,acoustic,2025-03-05 08:45:58.000,2025-03-05 08:46:34.000,4.891,36.0,0.4618964340902592
167344,Acoustic,VPVF,acoustic,2025-03-05 08:47:00.000,2025-03-05 08:47:44.000,20.102,44.0,0.8731703099968374
167345,Acoustic,VPVF,acoustic,2025-03-05 08:48:30.000,2025-03-05 08:48:58.000,80.257,28.0,1.2760035576123845
167346,Acoustic,VPVF,acoustic,2025-03-05 08:49:50.000,2025-03-05 08:50:44.000,62.491,54.0,1.2031977078717742
167347,Acoustic,VPVF,acoustic,2025-03-05 08:51:50.000,2025-03-05 08:53:08.000,106.825,78.0,1.359210843997787
167348,Acoustic,VPVF,acoustic,2025-03-05 08:53:40.000,2025-03-05 08:54:52.000,156.838,72.0,1.4709523680085814
167349,Acoustic,VPVF,acoustic,2025-03-05 08:56:28.000,2025-03-05 08:57:08.000,29.641,40.0,0.986168210418289
167350,Acoustic,VPVF,acoustic,2025-03-05 08:58:22.000,2025-03-05 08:58:48.000,14.028,26.0,0.7684871573303416
167351,Acoustic,VPVF,acoustic,2025-03-05 08:59:04.000,2025-03-05 08:59:58.000,34.774,54.0,1.0326406153567935
167352,Acoustic,VPVF,acoustic,2025-03-05 09:01:18.000,2025-03-05 09:01:44.000,9.528,26.0,0.6559311714780631
167353,Acoustic,VPVF,acoustic,2025-03-05 09:02:02.000,2025-03-05 09:02:34.000,48.067,32.0,1.1268375016608272
167354,Acoustic,VPVF,acoustic,2025-03-05 09:04:40.000,2025-03-05 09:05:04.000,46.208,24.0,1.1153605049408626
167355,Acoustic,VPVF,acoustic,2025-03-05 09:05:26.000,2025-03-05 09:05:48.000,29.099,22.0,0.9807983032287161
167356,Acoustic,VPVF,acoustic,2025-03-05 09:06:46.000,2025-03-05 09:07:58.000,57.566,72.0,1.1793112557455714
167357,Acoustic,VPVF,acoustic,2025-03-05 09:07:30.000,2025-03-05 09:07:54.000,29.537,24.0,0.9851454766100045
167358,Acoustic,VPVF,acoustic,2025-03-05 09:09:46.000,2025-03-05 09:10:18.000,157.956,32.0,1.4730192053205144
167359,Acoustic,VPVF,acoustic,2025-03-05 09:11:12.000,2025-03-05 09:11:48.000,87.763,36.0,1.3020186783980903
167360,Acoustic,VPVF,acoustic,2025-03-05 09:13:06.000,2025-03-05 09:13:28.000,19.441,22.0,0.8634414621787608
167361,Acoustic,VPVF,acoustic,2025-03-05 09:15:18.000,2025-03-05 09:15:42.000,35.795,24.0,1.0410609857250814
167362,Acoustic,VPVF,acoustic,2025-03-05 09:16:40.000,2025-03-05 09:17:06.000,61.446,26.0,1.1982907230705515
167363,Acoustic,VPVF,acoustic,2025-03-05 09:18:44.000,2025-03-05 09:19:24.000,269.175,40.0,1.6281232635557097
167364,Acoustic,VPVF,acoustic,2025-03-05 09:19:36.000,2025-03-05 09:20:12.000,135.706,36.0,1.4288413632615857
167365,Acoustic,VPVF,acoustic,2025-03-05 09:22:16.000,2025-03-05 09:22:48.000,319.002,32.0,1.6775415819517014
167366,Acoustic,VPVF,acoustic,2025-03-05 09:23:16.000,2025-03-05 09:23:44.000,178.871,28.0,1.5092017564317208
167367,Acoustic,VPVF,acoustic,2025-03-05 09:24:04.000,2025-03-05 09:24:46.000,120.23,42.0,1.3936086075623118
167368,Acoustic,VPVF,acoustic,2025-03-05 09:26:18.000,2025-03-05 09:26:42.000,36.592,24.0,1.0474687186659912
167369,Acoustic,VPVF,acoustic,2025-03-05 09:27:00.000,2025-03-05 09:27:20.000,77.468,20.0,1.265711970401179
167370,Acoustic,VPVF,acoustic,2025-03-05 09:27:44.000,2025-03-05 09:28:10.000,196.586,26.0,1.536680232642135
167371,Acoustic,VPVF,acoustic,2025-03-05 09:30:06.000,2025-03-05 09:30:40.000,79.733,34.0,1.2740975303369573
167372,Acoustic,VPVF,acoustic,2025-03-05 09:33:16.000,2025-03-05 09:33:52.000,20.422,36.0,0.8777658421436539
167373,Acoustic,VPVF,acoustic,2025-03-05 09:36:08.000,2025-03-05 09:36:44.000,23.069,36.0,0.9132292752554674
167374,Acoustic,VPVF,acoustic,2025-03-05 09:38:20.000,2025-03-05 09:39:14.000,31.764,54.0,1.006296575523812
167375,Acoustic,VPVF,acoustic,2025-03-05 09:40:52.000,2025-03-05 09:41:42.000,93.536,50.0,1.3205557917638195
167376,Acoustic,VPVF,acoustic,2025-03-05 09:41:56.000,2025-03-05 09:42:20.000,16.394,24.0,0.8138389036029028
167377,Acoustic,VPVF,acoustic,2025-03-05 09:43:40.000,2025-03-05 09:44:38.000,90.735,58.0,1.3117091451872316
167378,Acoustic,VPVF,acoustic,2025-03-05 09:46:38.000,2025-03-05 09:47:14.000,42.201,36.0,1.0889662372593767
167379,Acoustic,VPVF,acoustic,2025-03-05 09:47:34.000,2025-03-05 09:48:26.000,52.35,52.0,1.151674179629957
167380,Acoustic,VPVF,acoustic,2025-03-05 09:48:54.000,2025-03-05 09:49:54.000,15.73,60.0,0.8018082441576022
167381,Acoustic,VPVF,acoustic,2025-03-05 09:50:56.000,2025-03-05 09:51:30.000,22.457,34.0,0.9054056651251768
167382,Acoustic,VPVF,acoustic,2025-03-05 09:52:20.000,2025-03-05 09:52:48.000,48.023,28.0,1.1265710222723095
167383,Acoustic,VPVF,acoustic,2025-03-05 09:53:10.000,2025-03-05 09:53:38.000,89.793,28.0,1.3086724627106223
167384,Acoustic,VPVF,acoustic,2025-03-05 09:54:52.000,2025-03-05 09:55:20.000,56.803,28.0,1.1754287530400562
167385,Acoustic,VPVF,acoustic,2025-03-05 09:56:14.000,2025-03-05 09:56:44.000,32.373,30.0,1.01182257466275
167386,Acoustic,VPVF,acoustic,2025-03-05 09:58:12.000,2025-03-05 09:59:16.000,62.704,64.0,1.2041878149097984
167387,Acoustic,VPVF,acoustic,2025-03-05 10:01:14.000,2025-03-05 10:02:00.000,74.501,46.0,1.2543486084507527
167388,Acoustic,VPVF,acoustic,2025-03-05 10:03:26.000,2025-03-05 10:03:58.000,44.364,32.0,1.1035105667358902
167389,Acoustic,VPVF,acoustic,2025-03-05 10:05:26.000,2025-03-05 10:06:02.000,23.277,36.0,0.9158410944137911
167390,Acoustic,VPVF,acoustic,2025-03-05 10:07:32.000,2025-03-05 10:08:06.000,16.281,34.0,0.8118263211204229
167391,Acoustic,VPVF,acoustic,2025-03-05 10:09:06.000,2025-03-05 10:09:34.000,17.284,28.0,0.829221652618259
167392,Acoustic,VPVF,acoustic,2025-03-05 10:09:48.000,2025-03-05 10:10:48.000,50.038,60.0,1.1385309616636259
167393,Acoustic,VPVF,acoustic,2025-03-05 10:12:06.000,2025-03-05 10:13:02.000,27.479,56.0,0.9641306191332673
167394,Acoustic,VPVF,acoustic,2025-03-05 10:16:04.000,2025-03-05 10:16:46.000,48.87,42.0,1.1316583671488754
167395,Acoustic,VPVF,acoustic,2025-03-05 10:17:56.000,2025-03-05 10:19:16.000,231.833,80.0,1.5846674209659377
167396,Acoustic,VPVF,acoustic,2025-03-05 10:21:16.000,2025-03-05 10:22:00.000,31.471,44.0,1.003600063785537
167397,Acoustic,VPVF,acoustic,2025-03-05 10:22:34.000,2025-03-05 10:23:20.000,14.638,46.0,0.7808727676908501
167398,Acoustic,VPVF,acoustic,2025-03-05 10:25:18.000,2025-03-05 10:26:30.000,126.344,72.0,1.4080415969837858
167399,Acoustic,VPVF,acoustic,2025-03-05 10:28:32.000,2025-03-05 10:29:08.000,166.437,36.0,1.4882374189994656
167400,Acoustic,VPVF,acoustic,2025-03-05 10:30:44.000,2025-03-05 10:31:14.000,96.406,30.0,1.3293497227718225
167401,Acoustic,VPVF,acoustic,2025-03-05 10:31:56.000,2025-03-05 10:32:38.000,52.365,42.0,1.1517575422728064
167402,Acoustic,VPVF,acoustic,2025-03-05 10:32:54.000,2025-03-05 10:33:30.000,12.313,36.0,0.7305437992460512
167403,Acoustic,VPVF,acoustic,2025-03-05 10:34:34.000,2025-03-05 10:35:22.000,43.489,48.0,1.097714212387367
167404,Acoustic,VPVF,acoustic,2025-03-05 10:37:36.000,2025-03-05 10:38:10.000,120.304,34.0,1.3937876452126405
167405,Acoustic,VPVF,acoustic,2025-03-05 10:39:46.000,2025-03-05 10:40:08.000,14.751,22.0,0.7831103802165821
167406,Acoustic,VPVF,acoustic,2025-03-05 10:41:14.000,2025-03-05 10:42:06.000,33.379,52.0,1.0207271254242611
167407,Acoustic,VPVF,acoustic,2025-03-05 10:43:24.000,2025-03-05 10:44:16.000,35.118,52.0,1.0355049489135424
167408,Acoustic,VPVF,acoustic,2025-03-05 10:46:08.000,2025-03-05 10:46:42.000,31.39,34.0,1.0028501815190285
167409,Acoustic,VPVF,acoustic,2025-03-05 10:48:52.000,2025-03-05 10:49:14.000,11.964,22.0,0.722177190920718
167410,Acoustic,VPVF,acoustic,2025-03-05 10:49:46.000,2025-03-05 10:50:16.000,21.84,30.0,0.8972992648019088
167411,Acoustic,VPVF,acoustic,2025-03-05 10:50:30.000,2025-03-05 10:51:00.000,14.796,30.0,0.783996696171049
167412,Acoustic,VPVF,acoustic,2025-03-05 10:53:36.000,2025-03-05 10:54:04.000,22.249,28.0,0.9026980323368787
167413,Acoustic,VPVF,acoustic,2025-03-05 10:54:20.000,2025-03-05 10:54:58.000,36.774,38.0,1.048912384062955
167414,Acoustic,VPVF,acoustic,2025-03-05 10:55:46.000,2025-03-05 10:56:12.000,14.055,26.0,0.769046669462118
167415,Acoustic,VPVF,acoustic,2025-03-05 10:57:02.000,2025-03-05 10:57:26.000,27.921,24.0,0.9687737489837889
167416,Acoustic,VPVF,acoustic,2025-03-05 10:58:38.000,2025-03-05 11:00:14.000,82.074,96.0,1.2825177519562485
167417,Acoustic,VPVF,acoustic,2025-03-05 11:01:58.000,2025-03-05 11:02:26.000,7.313,28.0,0.5789440341942459
167418,Acoustic,VPVF,acoustic,2025-03-05 11:02:44.000,2025-03-05 11:03:14.000,7.924,30.0,0.6022927928005615
167419,Acoustic,VPVF,acoustic,2025-03-05 11:04:12.000,2025-03-05 11:05:06.000,164.865,54.0,1.4854760728382155
167420,Acoustic,VPVF,acoustic,2025-03-05 11:06:48.000,2025-03-05 11:07:26.000,36.151,38.0,1.0439406111458118
167421,Acoustic,VPVF,acoustic,2025-03-05 11:09:50.000,2025-03-05 11:10:46.000,41.797,56.0,1.0861672245013447
167422,Acoustic,VPVF,acoustic,2025-03-05 11:11:38.000,2025-03-05 11:12:22.000,18.405,44.0,0.8475070005943994
167423,Acoustic,VPVF,acoustic,2025-03-05 11:13:10.000,2025-03-05 11:13:40.000,56.827,30.0,1.1755516687378975
167424,Acoustic,VPVF,acoustic,2025-03-05 11:15:18.000,2025-03-05 11:16:14.000,33.121,56.0,1.0184693052495595
167425,Acoustic,VPVF,acoustic,2025-03-05 11:16:52.000,2025-03-05 11:17:36.000,8.752,44.0,0.6312118970228683
167426,Acoustic,VPVF,acoustic,2025-03-05 11:19:22.000,2025-03-05 11:20:12.000,12.452,50.0,0.7338102050470201
167427,Acoustic,VPVF,acoustic,2025-03-05 11:21:16.000,2025-03-05 11:22:08.000,19.859,52.0,0.8696314417927731
167428,Acoustic,VPVF,acoustic,2025-03-05 11:23:26.000,2025-03-05 11:24:22.000,38.62,56.0,1.063164220527062
167429,Acoustic,VPVF,acoustic,2025-03-05 11:25:42.000,2025-03-05 11:26:14.000,111.569,32.0,1.3718541721264135
167430,Acoustic,VPVF,acoustic,2025-03-05 11:29:44.000,2025-03-05 11:30:06.000,6.639,22.0,0.5508087879934367
167431,Acoustic,VPVF,acoustic,2025-03-05 11:30:22.000,2025-03-05 11:30:58.000,77.072,36.0,1.2642207414101405
167432,Acoustic,VPVF,acoustic,2025-03-05 11:32:22.000,2025-03-05 11:32:44.000,9.304,22.0,0.6490087001526627
167433,Acoustic,VPVF,acoustic,2025-03-05 11:32:52.000,2025-03-05 11:33:20.000,9.54,28.0,0.6562974110517438
167434,Acoustic,VPVF,acoustic,2025-03-05 11:35:36.000,2025-03-05 11:36:22.000,17.792,46.0,0.8376505958343156
167435,Acoustic,VPVF,acoustic,2025-03-05 11:38:26.000,2025-03-05 11:38:48.000,8.38,22.0,0.6185734924822853
167436,Acoustic,VPVF,acoustic,2025-03-05 11:39:14.000,2025-03-05 11:39:38.000,6.184,24.0,0.5301505522098799
167437,Acoustic,VPVF,acoustic,2025-03-05 11:39:56.000,2025-03-05 11:40:34.000,53.97,38.0,1.1605421201036934
167438,Acoustic,VPVF,acoustic,2025-03-05 11:41:52.000,2025-03-05 11:42:14.000,7.303,22.0,0.5785458714297715
167439,Acoustic,VPVF,acoustic,2025-03-05 11:42:56.000,2025-03-05 11:43:16.000,4.298,20.0,0.42428849547413444
167440,Acoustic,VPVF,acoustic,2025-03-05 11:44:42.000,2025-03-05 11:45:04.000,5.912,22.0,0.5170620650091354
167441,Acoustic,VPVF,acoustic,2025-03-05 11:46:44.000,2025-03-05 11:49:00.000,90.484,136.0,1.3109031000183975
167442,Acoustic,VPVF,acoustic,2025-03-05 11:47:22.000,2025-03-05 11:47:56.000,11.155,34.0,0.7018046149953039
167443,Acoustic,VPVF,acoustic,2025-03-05 11:50:48.000,2025-03-05 11:51:28.000,26.127,40.0,0.9494499953315692
167444,Acoustic,VPVF,acoustic,2025-03-05 11:52:56.000,2025-03-05 11:53:44.000,20.783,48.0,0.8828645191989021
167445,Acoustic,VPVF,acoustic,2025-03-05 11:55:12.000,2025-03-05 11:55:48.000,18.538,36.0,0.849602128141198
167446,Acoustic,VPVF,acoustic,2025-03-05 11:57:08.000,2025-03-05 11:57:40.000,28.169,32.0,0.9713468579643992
167447,Acoustic,VPVF,acoustic,2025-03-05 11:58:58.000,2025-03-05 11:59:20.000,14.083,22.0,0.7696257701209936
167567,Eruption,VPVF,acoustic,2025-03-06 06:22:37.800,2025-03-06 06:23:51.240,423.962,73.44,1.7603090445939618
167616,Eruption,VPVF,acoustic,2025-03-06 15:41:51.300,2025-03-06 15:42:31.260,318.578,39.96,1.6771545735932014
167645,Eruption,VPVF,acoustic,2025-03-07 04:00:37.125,2025-03-07 04:04:07.050,602.716,209.925,1.8626755228148597
167685,Eruption,VPVF,acoustic,2025-03-07 19:52:01.425,2025-03-07 19:54:38.025,595.986,156.6,1.8594081589083642
167844,Eruption,VPVF,acoustic,2025-03-08 01:07:33.960,2025-03-08 01:10:32.160,1709.198,178.2,2.165970891893436
167845,Eruption,VPVF,acoustic,2025-03-08 06:14:41.190,2025-03-08 06:16:58.890,429.272,137.7,1.7639308164082037
167846,Eruption,VPVF,acoustic,2025-03-08 12:16:02.310,2025-03-08 12:18:29.730,2001.028,147.42,2.211839621004192
167861,Eruption,VPVF,acoustic,2025-03-08 23:49:25.050,2025-03-08 23:52:49.170,2208.179,204.12,2.240502964504755
167863,Eruption,VPVF,acoustic,2025-03-09 07:24:04.260,2025-03-09 07:26:19.260,383.997,135.0,1.731499647057187
167871,Eruption,VPVF,acoustic,2025-03-09 16:00:18.360,2025-03-09 16:00:39.960,3850.539,21.6,2.4022994227417866
167872,Eruption,VPVF,acoustic,2025-03-09 16:00:45.360,2025-03-09 16:01:07.770,8182.612,22.41,2.6216376121634366
167873,Eruption,VPVF,acoustic,2025-03-09 16:53:06.150,2025-03-09 16:54:06.000,222239.597,59.85,3.5823703653780665
167874,Eruption,VPVF,acoustic,2025-03-09 18:36:36.000,2025-03-09 18:37:06.150,501704.962,30.15,3.8193004255483447
167875,Eruption,VPVF,acoustic,2025-03-09 20:01:50.296,2025-03-09 20:02:33.960,761710.572,43.664,3.940799288833229
167876,Eruption,VPVF,acoustic,2025-03-09 18:43:14.520,2025-03-09 18:43:49.080,61.153,34.56,1.1968999040253547
167883,Eruption,VPVF,acoustic,2025-03-10 00:18:46.980,2025-03-10 00:19:26.940,33686.93,39.96,3.033399160853246
167884,Eruption,VPVF,acoustic,2025-03-10 00:20:29.700,2025-03-10 00:21:18.030,329429.207,48.33,3.6969006075590483
167917,Acoustic,VPVF,acoustic,2025-03-09 16:10:32.644,2025-03-09 16:10:43.500,6694.567,10.856,2.5632340698994995
167918,Acoustic,VPVF,acoustic,2025-03-09 16:12:22.935,2025-03-09 16:12:33.465,655.611,10.53,1.8871529752105232
167919,Acoustic,VPVF,acoustic,2025-03-09 16:12:57.800,2025-03-09 16:13:08.128,526.636,10.328,1.823412064121801
167920,Acoustic,VPVF,acoustic,2025-03-09 16:13:49.273,2025-03-09 16:13:55.213,91.86,5.94,1.3152947155248762
167921,Acoustic,VPVF,acoustic,2025-03-09 16:15:07.420,2025-03-09 16:15:16.870,3110.412,9.45,2.3401880055703947
167938,Acoustic,VPVF,acoustic,2025-03-09 16:17:09.083,2025-03-09 16:17:18.128,7762.065,9.045,2.6062847744023467
167937,Acoustic,VPVF,acoustic,2025-03-09 16:16:01.733,2025-03-09 16:16:11.385,104.525,9.652,1.352877518069043
167940,Acoustic,VPVF,acoustic,2025-03-09 16:18:45.733,2025-03-09 16:18:55.655,19054.745,9.922,2.867602104606693
167942,Acoustic,VPVF,acoustic,2025-03-09 16:20:33.408,2025-03-09 16:20:42.520,168.867,9.112,1.4924550079646777
167944,Acoustic,VPVF,acoustic,2025-03-09 16:20:59.585,2025-03-09 16:21:10.858,881.746,11.273,1.9733801437853835
167945,Acoustic,VPVF,acoustic,2025-03-09 16:22:59.948,2025-03-09 16:23:10.005,529.75,10.057,1.8251275468064976
167947,Acoustic,VPVF,acoustic,2025-03-09 16:24:44.758,2025-03-09 16:24:53.330,4559.681,8.572,2.4514860882240983
167948,Acoustic,VPVF,acoustic,2025-03-09 16:27:28.358,2025-03-09 16:27:43.343,524.861,14.985,1.8224296833766493
167949,Acoustic,VPVF,acoustic,2025-03-09 16:30:18.463,2025-03-09 16:30:31.828,657.687,13.365,1.8880729025749368
167950,Acoustic,VPVF,acoustic,2025-03-09 16:32:31.475,2025-03-09 16:32:40.183,107.556,8.708,1.3611952104553409
167951,Acoustic,VPVF,acoustic,2025-03-09 16:33:26.843,2025-03-09 16:33:39.195,63.62,12.352,1.208407755396801
167952,Acoustic,VPVF,acoustic,2025-03-09 16:35:30.733,2025-03-09 16:35:37.415,50.854,6.682,1.1432378295331997
167953,Acoustic,VPVF,acoustic,2025-03-09 16:36:44.218,2025-03-09 16:36:50.833,229.171,6.615,1.5813069720786208
167954,Acoustic,VPVF,acoustic,2025-03-09 16:38:04.463,2025-03-09 16:38:14.790,167.376,10.327,1.489874433783548
167955,Acoustic,VPVF,acoustic,2025-03-09 16:38:52.083,2025-03-09 16:38:57.550,37.939,5.467,1.0579875392821627
168085,Acoustic,VPVF,acoustic,2025-03-09 16:39:21.425,2025-03-09 16:39:36.073,1849.855,14.648,2.188982250807067
168087,Acoustic,VPVF,acoustic,2025-03-09 16:40:19.330,2025-03-09 16:40:36.700,554.92,17.37,1.838634352994719
168088,Acoustic,VPVF,acoustic,2025-03-09 16:40:40.610,2025-03-09 16:40:51.590,990.508,10.98,2.007224851651267
168089,Acoustic,VPVF,acoustic,2025-03-09 16:42:57.430,2025-03-09 16:43:08.860,104.423,11.43,1.352593431241212
168090,Acoustic,VPVF,acoustic,2025-03-09 16:46:13.350,2025-03-09 16:46:23.610,625.987,10.26,1.8736987605285995
168091,Acoustic,VPVF,acoustic,2025-03-09 16:47:31.780,2025-03-09 16:47:42.310,195.101,10.53,1.5344738619169676
168093,Acoustic,VPVF,acoustic,2025-03-09 16:48:23.510,2025-03-09 16:48:30.620,3566.038,7.11,2.3799645977174184
168097,Acoustic,VPVF,acoustic,2025-03-09 16:48:39.160,2025-03-09 16:48:49.420,11523.871,10.26,2.7212709200107663
168099,Acoustic,VPVF,acoustic,2025-03-09 18:52:07.060,2025-03-09 18:52:08.140,1.267,1.08,0.06886033197190568
168100,Acoustic,VPVF,acoustic,2025-03-09 18:53:45.070,2025-03-09 18:53:48.400,13.723,3.33,0.7620908724380248
168103,Acoustic,VPVF,acoustic,2025-03-09 18:57:13.250,2025-03-09 18:57:24.050,65.167,10.8,1.2153985780693337
168104,Acoustic,VPVF,acoustic,2025-03-09 18:58:17.970,2025-03-09 18:58:27.240,1988.913,9.27,2.2100725769010072
168113,Acoustic,VPVF,acoustic,2025-03-09 19:01:48.430,2025-03-09 19:02:03.280,110.853,14.85,1.3699807920784566
168127,Acoustic,VPVF,acoustic,2025-03-09 20:01:37.500,2025-03-09 20:01:44.029,275.884,6.529,1.6352867644684044
168129,Acoustic,VPVF,acoustic,2025-03-09 23:26:41.530,2025-03-09 23:26:56.380,6.101,14.85,0.5262186867448997
168130,Acoustic,VPVF,acoustic,2025-03-09 23:39:17.540,2025-03-09 23:39:23.570,4.286,6.03,0.4234749516928926
168131,Acoustic,VPVF,acoustic,2025-03-09 23:39:43.570,2025-03-09 23:39:59.140,7.547,15.57,0.5881088144942367
168133,Acoustic,VPVF,acoustic,2025-03-09 23:41:04.050,2025-03-09 23:41:20.610,27.782,16.56,0.9673215496749255
168135,Acoustic,VPVF,acoustic,2025-03-09 23:42:08.060,2025-03-09 23:42:11.660,16.396,3.6,0.8138743994617911
168136,Acoustic,VPVF,acoustic,2025-03-09 23:43:29.160,2025-03-09 23:43:36.900,10.78,7.74,0.6918545697699823
168137,Acoustic,VPVF,acoustic,2025-03-09 23:46:40.810,2025-03-09 23:46:47.560,6.224,6.75,0.5320266212676938
168148,Acoustic,VPVF,acoustic,2025-03-11 15:23:13.760,2025-03-11 15:24:26.390,11.033,72.63,0.698604724179691
168162,Eruption,VPVF,acoustic,2025-03-13 11:37:03.710,2025-03-13 11:37:18.290,2699.221,14.58,2.2989297575329415
168174,Eruption,VPVF,acoustic,2025-03-14 01:58:48.525,2025-03-14 02:04:53.925,17241.261,365.4,2.838501247619729
168185,Acoustic,VPVF,acoustic,2025-03-13 22:46:58.120,2025-03-13 22:47:17.110,34.691,18.99,1.0319452687036061
168186,Acoustic,VPVF,acoustic,2025-03-13 22:56:48.340,2025-03-13 22:57:34.960,74.636,46.62,1.2548753985379528
168187,Acoustic,VPVF,acoustic,2025-03-13 23:04:18.340,2025-03-13 23:04:35.080,8.28,16.74,0.6150803256458697
168188,Acoustic,VPVF,acoustic,2025-03-13 23:23:09.880,2025-03-13 23:23:40.660,40.592,30.78,1.0776551014180291
168189,Acoustic,VPVF,acoustic,2025-03-13 23:24:10.540,2025-03-13 23:24:35.380,27.204,24.84,0.9612039533366754
168190,Acoustic,VPVF,acoustic,2025-03-13 23:34:10.520,2025-03-13 23:34:18.800,5.8,8.28,0.511496755687168
168191,Acoustic,VPVF,acoustic,2025-03-13 23:39:26.500,2025-03-13 23:39:40.720,6.143,14.22,0.5282149452641075
168192,Acoustic,VPVF,acoustic,2025-03-13 23:40:42.980,2025-03-13 23:41:00.440,4.538,17.46,0.4400992093377746
168193,Acoustic,VPVF,acoustic,2025-03-13 23:46:04.440,2025-03-13 23:46:25.680,9.834,21.24,0.6651292366492756
168194,Acoustic,VPVF,acoustic,2025-03-13 23:47:38.820,2025-03-13 23:48:04.380,5.295,25.56,0.4849901961771476
168195,Acoustic,VPVF,acoustic,2025-03-13 23:49:30.340,2025-03-13 23:50:06.340,49.595,36.0,1.1359433893804831
168196,Acoustic,VPVF,acoustic,2025-03-13 23:53:25.780,2025-03-13 23:53:50.800,24.202,25.02,0.9271803419242182
168197,Acoustic,VPVF,acoustic,2025-03-13 23:54:35.980,2025-03-13 23:55:02.260,18.04,26.28,0.8416784772479684
168198,Acoustic,VPVF,acoustic,2025-03-13 23:58:20.600,2025-03-13 23:58:38.780,24.66,18.18,0.9326353584140077
168199,Acoustic,VPVF,acoustic,2025-03-14 00:04:25.240,2025-03-14 00:04:57.820,81.401,32.58,1.2801219259135481
168200,Acoustic,VPVF,acoustic,2025-03-14 00:05:57.520,2025-03-14 00:06:29.560,16.014,32.04,0.8070148821946714
168201,Acoustic,VPVF,acoustic,2025-03-14 00:06:42.520,2025-03-14 00:07:02.680,9.232,20.16,0.6467481831938097
168202,Acoustic,VPVF,acoustic,2025-03-14 00:08:53.340,2025-03-14 00:09:35.100,35.281,41.76,1.036852393767145
168203,Acoustic,VPVF,acoustic,2025-03-14 00:10:49.720,2025-03-14 00:11:07.720,10.196,18.0,0.675647983954144
168204,Acoustic,VPVF,acoustic,2025-03-14 00:12:41.520,2025-03-14 00:12:56.820,23.569,15.3,0.9194685747895714
168205,Acoustic,VPVF,acoustic,2025-03-14 00:12:56.927,2025-03-14 00:13:15.022,39.19,18.095,1.067427426530329
168206,Acoustic,VPVF,acoustic,2025-03-14 00:13:15.150,2025-03-14 00:13:42.166,234.815,27.016,1.5883863102715172
168207,Acoustic,VPVF,acoustic,2025-03-14 00:15:12.488,2025-03-14 00:15:37.720,182.557,25.232,1.5151369884838828
168208,Acoustic,VPVF,acoustic,2025-03-14 00:15:37.465,2025-03-14 00:15:50.845,42.963,13.38,1.0941733816379082
168209,Acoustic,VPVF,acoustic,2025-03-14 00:15:55.815,2025-03-14 00:16:20.665,275.635,24.85,1.6350240233721276
168210,Acoustic,VPVF,acoustic,2025-03-14 00:17:50.840,2025-03-14 00:18:46.274,18.954,55.434,0.8560595871134912
168211,Acoustic,VPVF,acoustic,2025-03-14 00:19:34.674,2025-03-14 00:19:55.445,5.407,20.771,0.4910807676156686
168212,Acoustic,VPVF,acoustic,2025-03-14 00:25:47.654,2025-03-14 00:26:05.113,20.732,17.459,0.8821496041122208
168213,Acoustic,VPVF,acoustic,2025-03-14 00:28:34.399,2025-03-14 00:28:57.337,118.085,22.938,1.38837047173343
168214,Acoustic,VPVF,acoustic,2025-03-14 00:29:46.183,2025-03-14 00:30:16.767,18.008,30.584,0.8411618729349506
168215,Acoustic,VPVF,acoustic,2025-03-14 00:31:37.732,2025-03-14 00:32:27.304,32.003,49.572,1.0084777633178528
168216,Acoustic,VPVF,acoustic,2025-03-14 00:33:25.311,2025-03-14 00:34:09.148,289.79,43.837,1.6495958745626491
168217,Acoustic,VPVF,acoustic,2025-03-14 00:36:10.144,2025-03-14 00:36:35.631,5.838,25.487,0.5133969407368371
168218,Acoustic,VPVF,acoustic,2025-03-14 00:39:04.840,2025-03-14 00:39:42.560,39.279,37.72,1.0680874831402187
168219,Acoustic,VPVF,acoustic,2025-03-14 00:42:31.399,2025-03-14 00:43:12.815,42.97,41.416,1.0942207869682152
168220,Acoustic,VPVF,acoustic,2025-03-14 00:52:47.546,2025-03-14 00:53:01.691,63.446,14.145,1.2076108454075527
168221,Acoustic,VPVF,acoustic,2025-03-14 00:53:01.564,2025-03-14 00:53:24.375,443.625,22.811,1.773500728278285
168222,Acoustic,VPVF,acoustic,2025-03-14 01:04:07.654,2025-03-14 01:04:30.465,67.115,22.811,1.2239691283308503
168223,Acoustic,VPVF,acoustic,2025-03-14 01:27:19.507,2025-03-14 01:27:31.359,16.674,11.852,0.8187666640978805
168224,Acoustic,VPVF,acoustic,2025-03-14 01:33:25.017,2025-03-14 01:33:53.944,93.295,28.927,1.3198051072533505
168225,Acoustic,VPVF,acoustic,2025-03-14 01:44:15.782,2025-03-14 01:44:44.327,24.395,28.545,0.929491551040351
168555,Acoustic,VPVF,acoustic,2025-03-10 04:21:12.272,2025-03-10 04:21:54.962,59.038,42.69,1.186658196584378
168556,Acoustic,VPVF,acoustic,2025-03-10 04:20:40.762,2025-03-10 04:21:01.024,43.608,20.262,1.098509333243159
168557,Acoustic,VPVF,acoustic,2025-03-10 04:20:22.144,2025-03-10 04:20:33.231,17.468,11.087,0.8323029327770328
168558,Acoustic,VPVF,acoustic,2025-03-10 04:19:28.527,2025-03-10 04:19:57.327,67.371,28.8,1.2250769057873507
168559,Acoustic,VPVF,acoustic,2025-03-10 04:16:39.801,2025-03-10 04:17:03.249,38.971,23.448,1.065796838485403
168560,Acoustic,VPVF,acoustic,2025-03-10 04:17:17.904,2025-03-10 04:17:37.783,14.42,19.879,0.7765067244568848
168561,Acoustic,VPVF,acoustic,2025-03-10 04:15:29.507,2025-03-10 04:16:26.852,40.791,57.345,1.0790781160200695
168562,Acoustic,VPVF,acoustic,2025-03-10 04:13:34.281,2025-03-10 04:14:08.560,87.682,34.279,1.3017499997442958
168563,Acoustic,VPVF,acoustic,2025-03-10 04:12:06.488,2025-03-10 04:12:37.327,43.018,30.839,1.0945456442038466
168564,Acoustic,VPVF,acoustic,2025-03-10 04:08:59.488,2025-03-10 04:09:24.210,73.354,24.722,1.2498339466303965
168565,Acoustic,VPVF,acoustic,2025-03-10 04:08:29.743,2025-03-10 04:08:47.074,18.228,17.331,0.8446951433399755
168566,Acoustic,VPVF,acoustic,2025-03-10 04:06:34.782,2025-03-10 04:07:30.598,110.253,55.816,1.3684015783957326
162494,Eruption,VPVF,acoustic,2025-01-28 10:51:31.477,2025-01-28 10:51:51.425,622.627,19.948,1.8721327263537437
162493,Eruption,VPVF,acoustic,2025-01-28 06:38:12.040,2025-01-28 06:38:44.776,1201.55,32.736,2.0634270380099373
162592,Eruption,VPVF,acoustic,2025-01-29 12:40:55.890,2025-01-29 12:41:27.750,999.955,31.86,2.0099869057267474
