timestamp,rsam,station,channel
2025-02-05 00:00:00,27.54950656496986,VPCC,HHZ
2025-02-05 00:10:00,33.5622478886162,VPCC,HHZ
2025-02-05 00:20:00,42.177545238859445,VPCC,HHZ
2025-02-05 00:30:00,22.125440479902682,VPCC,HHZ
2025-02-05 00:40:00,21.943807471489894,VPCC,HHZ
2025-02-05 00:50:00,23.6997284487852,VPCC,HHZ
2025-02-05 01:00:00,36.65624684997609,VPCC,HHZ
2025-02-05 01:10:00,22.391170909681712,VPCC,HHZ
2025-02-05 01:20:00,17.556956829057466,VPCC,HHZ
2025-02-05 01:30:00,17.239999050474346,VPCC,HHZ
2025-02-05 01:40:00,18.594214235753483,VPCC,HHZ
2025-02-05 01:50:00,20.325736755986455,VPCC,HHZ
2025-02-05 02:00:00,21.145134887666135,VPCC,HHZ
2025-02-05 02:10:00,19.24065074289644,VPCC,HHZ
2025-02-05 02:20:00,20.634618243610404,VPCC,HHZ
2025-02-05 02:30:00,26.91884378664386,VPCC,HHZ
2025-02-05 02:40:00,16.75599556423559,VPCC,HHZ
2025-02-05 02:50:00,18.58018534725061,VPCC,HHZ
2025-02-05 03:00:00,19.982571821325738,VPCC,HHZ
2025-02-05 03:10:00,17.809298438540182,VPCC,HHZ
2025-02-05 03:20:00,16.010372768788905,VPCC,HHZ
2025-02-05 03:30:00,16.467168010502714,VPCC,HHZ
2025-02-05 03:40:00,16.902281727705137,VPCC,HHZ
2025-02-05 03:50:00,16.545864719781715,VPCC,HHZ
2025-02-05 04:00:00,22.361584654014326,VPCC,HHZ
2025-02-05 04:10:00,24.811379484020232,VPCC,HHZ
2025-02-05 04:20:00,43.43455582001781,VPCC,HHZ
2025-02-05 04:30:00,20.479511603225276,VPCC,HHZ
2025-02-05 04:40:00,29.82967856915096,VPCC,HHZ
2025-02-05 04:50:00,44.37080433817364,VPCC,HHZ
2025-02-05 05:00:00,19.86704105993335,VPCC,HHZ
2025-02-05 05:10:00,19.214616680735766,VPCC,HHZ
2025-02-05 05:20:00,28.10141337404714,VPCC,HHZ
2025-02-05 05:30:00,37.928736027706016,VPCC,HHZ
2025-02-05 05:40:00,27.560755273284645,VPCC,HHZ
2025-02-05 05:50:00,27.11193331410564,VPCC,HHZ
2025-02-05 06:00:00,23.193940636986383,VPCC,HHZ
2025-02-05 06:10:00,30.890498962165722,VPCC,HHZ
2025-02-05 06:20:00,19.000707302902715,VPCC,HHZ
2025-02-05 06:30:00,22.27870569533667,VPCC,HHZ
2025-02-05 06:40:00,20.270739311073047,VPCC,HHZ
2025-02-05 06:50:00,15.427241473821546,VPCC,HHZ
2025-02-05 07:00:00,66.52861658644687,VPCC,HHZ
2025-02-05 07:10:00,23.634594633254927,VPCC,HHZ
2025-02-05 07:20:00,19.446556849949225,VPCC,HHZ
2025-02-05 07:30:00,20.108827821096853,VPCC,HHZ
2025-02-05 07:40:00,13.179313033647919,VPCC,HHZ
2025-02-05 07:50:00,19.554825500622183,VPCC,HHZ
2025-02-05 08:00:00,15.199367488591225,VPCC,HHZ
2025-02-05 08:10:00,13.731846417928827,VPCC,HHZ
2025-02-05 08:20:00,15.256755781502932,VPCC,HHZ
2025-02-05 08:30:00,15.113600743878614,VPCC,HHZ
2025-02-05 08:40:00,16.54535610013302,VPCC,HHZ
2025-02-05 08:50:00,36.26025344619854,VPCC,HHZ
2025-02-05 09:00:00,28.772472475681546,VPCC,HHZ
2025-02-05 09:10:00,34.71248466642541,VPCC,HHZ
2025-02-05 09:20:00,18.47942354582696,VPCC,HHZ
2025-02-05 09:30:00,16.82200829076244,VPCC,HHZ
2025-02-05 09:40:00,28.791364842432642,VPCC,HHZ
2025-02-05 09:50:00,24.286513652113694,VPCC,HHZ
2025-02-05 10:00:00,15.742943332354384,VPCC,HHZ
2025-02-05 10:10:00,16.15577137019109,VPCC,HHZ
2025-02-05 10:20:00,15.003384058401126,VPCC,HHZ
2025-02-05 10:30:00,15.115272659492861,VPCC,HHZ
2025-02-05 10:40:00,15.525186864794232,VPCC,HHZ
2025-02-05 10:50:00,15.374665040514282,VPCC,HHZ
2025-02-05 11:00:00,15.472082976583987,VPCC,HHZ
2025-02-05 11:10:00,20.82694849135907,VPCC,HHZ
2025-02-05 11:20:00,22.62077877900303,VPCC,HHZ
2025-02-05 11:30:00,33.95063105682494,VPCC,HHZ
2025-02-05 11:40:00,56.98739605232142,VPCC,HHZ
2025-02-05 11:50:00,39.89890166060312,VPCC,HHZ
2025-02-05 12:00:00,40.11177862690345,VPCC,HHZ
2025-02-05 12:10:00,29.48841832969246,VPCC,HHZ
2025-02-05 12:20:00,25.721721577249703,VPCC,HHZ
2025-02-05 12:30:00,30.658360533767336,VPCC,HHZ
2025-02-05 12:40:00,29.319352790579448,VPCC,HHZ
2025-02-05 12:50:00,25.93376240938924,VPCC,HHZ
2025-02-05 13:00:00,35.20900733332971,VPCC,HHZ
2025-02-05 13:10:00,32.60048770328912,VPCC,HHZ
2025-02-05 13:20:00,33.558898513933784,VPCC,HHZ
2025-02-05 13:30:00,39.32420509052435,VPCC,HHZ
2025-02-05 13:40:00,49.716288215528834,VPCC,HHZ
2025-02-05 13:50:00,47.45378593592005,VPCC,HHZ
2025-02-05 14:00:00,79.6245448764299,VPCC,HHZ
2025-02-05 14:10:00,66.49193816301667,VPCC,HHZ
2025-02-05 14:20:00,69.21729694255201,VPCC,HHZ
2025-02-05 14:30:00,45.7879959164093,VPCC,HHZ
2025-02-05 14:40:00,30.45089438748348,VPCC,HHZ
2025-02-05 14:50:00,33.119127625537054,VPCC,HHZ
2025-02-05 15:00:00,35.689757836456224,VPCC,HHZ
2025-02-05 15:10:00,41.38880665954094,VPCC,HHZ
2025-02-05 15:20:00,44.76877216340806,VPCC,HHZ
2025-02-05 15:30:00,60.28029956838112,VPCC,HHZ
2025-02-05 15:40:00,70.34851854224277,VPCC,HHZ
2025-02-05 15:50:00,52.39045559974712,VPCC,HHZ
2025-02-05 16:00:00,94.15262484860061,VPCC,HHZ
2025-02-05 16:10:00,111.27766695993627,VPCC,HHZ
2025-02-05 16:20:00,95.07542227662553,VPCC,HHZ
2025-02-05 16:30:00,83.2115609544332,VPCC,HHZ
2025-02-05 16:40:00,95.65656916395196,VPCC,HHZ
2025-02-05 16:50:00,105.134919771072,VPCC,HHZ
2025-02-05 17:00:00,84.22685188785674,VPCC,HHZ
2025-02-05 17:10:00,116.01999385188871,VPCC,HHZ
2025-02-05 17:20:00,72.15413054786858,VPCC,HHZ
2025-02-05 17:30:00,77.06799267673799,VPCC,HHZ
2025-02-05 17:40:00,82.61359729458476,VPCC,HHZ
2025-02-05 17:50:00,100.91509050777235,VPCC,HHZ
2025-02-05 18:00:00,107.58222452226299,VPCC,HHZ
2025-02-05 18:10:00,100.87205468198495,VPCC,HHZ
2025-02-05 18:20:00,74.77184746006377,VPCC,HHZ
2025-02-05 18:30:00,98.7221238458324,VPCC,HHZ
2025-02-05 18:40:00,103.73034158432287,VPCC,HHZ
2025-02-05 18:50:00,63.18128936957669,VPCC,HHZ
2025-02-05 19:00:00,79.63746783609142,VPCC,HHZ
2025-02-05 19:10:00,55.509853715528635,VPCC,HHZ
2025-02-05 19:20:00,60.49662553434752,VPCC,HHZ
2025-02-05 19:30:00,62.51403962076815,VPCC,HHZ
2025-02-05 19:40:00,69.73727257635112,VPCC,HHZ
2025-02-05 19:50:00,101.32038922496727,VPCC,HHZ
2025-02-05 20:00:00,84.6580736238115,VPCC,HHZ
2025-02-05 20:10:00,60.97459875613914,VPCC,HHZ
2025-02-05 20:20:00,56.369740609605785,VPCC,HHZ
2025-02-05 20:30:00,56.80848255182492,VPCC,HHZ
2025-02-05 20:40:00,51.89249883552344,VPCC,HHZ
2025-02-05 20:50:00,59.43608487884071,VPCC,HHZ
2025-02-05 21:00:00,63.943471049169425,VPCC,HHZ
2025-02-05 21:10:00,35.398265948970504,VPCC,HHZ
2025-02-05 21:20:00,39.38168355102631,VPCC,HHZ
2025-02-05 21:30:00,40.503882209615746,VPCC,HHZ
2025-02-05 21:40:00,28.763979038089396,VPCC,HHZ
2025-02-05 21:50:00,42.15754701112259,VPCC,HHZ
2025-02-05 22:00:00,33.68645126699753,VPCC,HHZ
2025-02-05 22:10:00,30.276991575263242,VPCC,HHZ
2025-02-05 22:20:00,42.79958960020755,VPCC,HHZ
2025-02-05 22:30:00,139.09594423112827,VPCC,HHZ
2025-02-05 22:40:00,34.12690796354403,VPCC,HHZ
2025-02-05 22:50:00,33.197373225620744,VPCC,HHZ
2025-02-05 23:00:00,35.593382722153635,VPCC,HHZ
2025-02-05 23:10:00,38.6440948378093,VPCC,HHZ
2025-02-05 23:20:00,24.481883081906116,VPCC,HHZ
2025-02-05 23:30:00,26.826340521198365,VPCC,HHZ
2025-02-05 23:40:00,36.340434951836166,VPCC,HHZ
2025-02-05 23:50:00,47.94926886421252,VPCC,HHZ
2025-02-06 00:00:00,45.62891146398333,VPCC,HHZ
2025-02-06 00:10:00,40.0111896317268,VPCC,HHZ
2025-02-06 00:20:00,57.1827103436142,VPCC,HHZ
2025-02-06 00:30:00,64.35529482876537,VPCC,HHZ
2025-02-06 00:40:00,56.316320020508094,VPCC,HHZ
2025-02-06 00:50:00,30.10808119060499,VPCC,HHZ
2025-02-06 01:00:00,43.85203676824881,VPCC,HHZ
2025-02-06 01:10:00,18.635096176647917,VPCC,HHZ
2025-02-06 01:20:00,21.593231159518062,VPCC,HHZ
2025-02-06 01:30:00,33.24019926582574,VPCC,HHZ
2025-02-06 01:40:00,32.835905837818196,VPCC,HHZ
2025-02-06 01:50:00,33.10009633777969,VPCC,HHZ
2025-02-06 02:00:00,46.03236475059448,VPCC,HHZ
2025-02-06 02:10:00,26.360877450542315,VPCC,HHZ
2025-02-06 02:20:00,24.320066469690257,VPCC,HHZ
2025-02-06 02:30:00,20.77800987044065,VPCC,HHZ
2025-02-06 02:40:00,19.010484760030668,VPCC,HHZ
2025-02-06 02:50:00,29.46280846510876,VPCC,HHZ
2025-02-06 03:00:00,29.45033552077514,VPCC,HHZ
2025-02-06 03:10:00,31.05371982738406,VPCC,HHZ
2025-02-06 03:20:00,23.82118772310864,VPCC,HHZ
2025-02-06 03:30:00,23.315313119305515,VPCC,HHZ
2025-02-06 03:40:00,28.685433978398514,VPCC,HHZ
2025-02-06 03:50:00,33.37817423655419,VPCC,HHZ
2025-02-06 04:00:00,20.59068281991256,VPCC,HHZ
2025-02-06 04:10:00,28.78331836465754,VPCC,HHZ
2025-02-06 04:20:00,18.72390509949738,VPCC,HHZ
2025-02-06 04:30:00,17.57980711502113,VPCC,HHZ
2025-02-06 04:40:00,16.049364276537464,VPCC,HHZ
2025-02-06 04:50:00,19.62218776244414,VPCC,HHZ
2025-02-06 05:00:00,24.87623379341419,VPCC,HHZ
2025-02-06 05:10:00,20.955416647278824,VPCC,HHZ
2025-02-06 05:20:00,34.119009974667755,VPCC,HHZ
2025-02-06 05:30:00,22.511419453739475,VPCC,HHZ
2025-02-06 05:40:00,28.70932633628097,VPCC,HHZ
2025-02-06 05:50:00,17.560368186374745,VPCC,HHZ
2025-02-06 06:00:00,13.581950189964202,VPCC,HHZ
2025-02-06 06:10:00,13.530035491673265,VPCC,HHZ
2025-02-06 06:20:00,15.723379753537069,VPCC,HHZ
2025-02-06 06:30:00,21.451184334488286,VPCC,HHZ
2025-02-06 06:40:00,13.611841373937498,VPCC,HHZ
2025-02-06 06:50:00,13.656716070216566,VPCC,HHZ
2025-02-06 07:00:00,16.15706567719201,VPCC,HHZ
2025-02-06 07:10:00,16.212493070853228,VPCC,HHZ
2025-02-06 07:20:00,15.308211805423952,VPCC,HHZ
2025-02-06 07:30:00,16.498463886234454,VPCC,HHZ
2025-02-06 07:40:00,12.553701473319743,VPCC,HHZ
2025-02-06 07:50:00,13.32520676643299,VPCC,HHZ
2025-02-06 08:00:00,16.911149585555414,VPCC,HHZ
2025-02-06 08:10:00,15.709355958979593,VPCC,HHZ
2025-02-06 08:20:00,19.893930403835828,VPCC,HHZ
2025-02-06 08:30:00,23.476718386471095,VPCC,HHZ
2025-02-06 08:40:00,16.178811892168966,VPCC,HHZ
2025-02-06 08:50:00,13.480638265035076,VPCC,HHZ
2025-02-06 09:00:00,14.629662392535163,VPCC,HHZ
2025-02-06 09:10:00,17.025932223725885,VPCC,HHZ
2025-02-06 09:20:00,16.565952379724123,VPCC,HHZ
2025-02-06 09:30:00,16.592385078652793,VPCC,HHZ
2025-02-06 09:40:00,14.695588889865345,VPCC,HHZ
2025-02-06 09:50:00,14.277693243986091,VPCC,HHZ
2025-02-06 10:00:00,14.84802052020055,VPCC,HHZ
2025-02-06 10:10:00,19.424187664591148,VPCC,HHZ
2025-02-06 10:20:00,23.538282400419412,VPCC,HHZ
2025-02-06 10:30:00,17.821258432649547,VPCC,HHZ
2025-02-06 10:40:00,16.060756906772458,VPCC,HHZ
2025-02-06 10:50:00,20.532822772978914,VPCC,HHZ
2025-02-06 11:00:00,19.481809615461973,VPCC,HHZ
2025-02-06 11:10:00,18.929701681163316,VPCC,HHZ
2025-02-06 11:20:00,26.551920920106475,VPCC,HHZ
2025-02-06 11:30:00,22.794809046600353,VPCC,HHZ
2025-02-06 11:40:00,19.954850477749815,VPCC,HHZ
2025-02-06 11:50:00,21.66749911987053,VPCC,HHZ
2025-02-06 12:00:00,18.039123001997044,VPCC,HHZ
2025-02-06 12:10:00,18.38877314197803,VPCC,HHZ
2025-02-06 12:20:00,21.753009179856832,VPCC,HHZ
2025-02-06 12:30:00,30.627755641132172,VPCC,HHZ
2025-02-06 12:40:00,29.019441675378932,VPCC,HHZ
2025-02-06 12:50:00,28.868931799132575,VPCC,HHZ
2025-02-06 13:00:00,25.786371999052697,VPCC,HHZ
2025-02-06 13:10:00,24.928820639920563,VPCC,HHZ
2025-02-06 13:20:00,31.06380944823232,VPCC,HHZ
2025-02-06 13:30:00,31.654818999288533,VPCC,HHZ
2025-02-06 13:40:00,46.79224854716853,VPCC,HHZ
2025-02-06 13:50:00,40.11486608270514,VPCC,HHZ
2025-02-06 14:00:00,47.50512013073806,VPCC,HHZ
2025-02-06 14:10:00,41.09665488207381,VPCC,HHZ
2025-02-06 14:20:00,53.16363955998573,VPCC,HHZ
2025-02-06 14:30:00,34.93230772311625,VPCC,HHZ
2025-02-06 14:40:00,43.035315390387495,VPCC,HHZ
2025-02-06 14:50:00,55.944872895255884,VPCC,HHZ
2025-02-06 15:00:00,38.30457096513248,VPCC,HHZ
2025-02-06 15:10:00,30.704130694305285,VPCC,HHZ
2025-02-06 15:20:00,49.21925251615204,VPCC,HHZ
2025-02-06 15:30:00,47.34541161457882,VPCC,HHZ
2025-02-06 15:40:00,35.36301295381529,VPCC,HHZ
2025-02-06 15:50:00,45.156099792976526,VPCC,HHZ
2025-02-06 16:00:00,41.43104675034087,VPCC,HHZ
2025-02-06 16:10:00,55.232367908638224,VPCC,HHZ
2025-02-06 16:20:00,58.681306523307896,VPCC,HHZ
2025-02-06 16:30:00,51.42441776111039,VPCC,HHZ
2025-02-06 16:40:00,54.52548500349584,VPCC,HHZ
2025-02-06 16:50:00,64.61145150051536,VPCC,HHZ
2025-02-06 17:00:00,79.29186919723377,VPCC,HHZ
2025-02-06 17:10:00,61.09332334452049,VPCC,HHZ
2025-02-06 17:20:00,62.09375341737884,VPCC,HHZ
2025-02-06 17:30:00,48.92924834966288,VPCC,HHZ
2025-02-06 17:40:00,49.29126622620804,VPCC,HHZ
2025-02-06 17:50:00,107.18718559417384,VPCC,HHZ
2025-02-06 18:00:00,36.891257721299084,VPCC,HHZ
2025-02-06 18:10:00,42.41805587581991,VPCC,HHZ
2025-02-06 18:20:00,44.41339078665611,VPCC,HHZ
2025-02-06 18:30:00,34.84952779396706,VPCC,HHZ
2025-02-06 18:40:00,36.23441786873029,VPCC,HHZ
2025-02-06 18:50:00,31.993879415261464,VPCC,HHZ
2025-02-06 19:00:00,36.97413058201342,VPCC,HHZ
2025-02-06 19:10:00,35.54465012294177,VPCC,HHZ
2025-02-06 19:20:00,32.66793540177897,VPCC,HHZ
2025-02-06 19:30:00,27.804313052415647,VPCC,HHZ
2025-02-06 19:40:00,28.84147082651152,VPCC,HHZ
2025-02-06 19:50:00,35.015414485115876,VPCC,HHZ
2025-02-06 20:00:00,49.801741827898674,VPCC,HHZ
2025-02-06 20:10:00,31.846850129799783,VPCC,HHZ
2025-02-06 20:20:00,24.215127475009005,VPCC,HHZ
2025-02-06 20:30:00,42.13433665916452,VPCC,HHZ
2025-02-06 20:40:00,57.46149052767132,VPCC,HHZ
2025-02-06 20:50:00,38.34560049808157,VPCC,HHZ
2025-02-06 21:00:00,31.283719050912016,VPCC,HHZ
2025-02-06 21:10:00,49.380671676926234,VPCC,HHZ
2025-02-06 21:20:00,43.43261214747096,VPCC,HHZ
2025-02-06 21:30:00,36.79681471910097,VPCC,HHZ
2025-02-06 21:40:00,34.024444125777315,VPCC,HHZ
2025-02-06 21:50:00,33.35987163296729,VPCC,HHZ
2025-02-06 22:00:00,35.12851412974793,VPCC,HHZ
2025-02-06 22:10:00,41.12511629157188,VPCC,HHZ
2025-02-06 22:20:00,30.582445225181125,VPCC,HHZ
2025-02-06 22:30:00,24.780326623913112,VPCC,HHZ
2025-02-06 22:40:00,29.34653079787303,VPCC,HHZ
2025-02-06 22:50:00,23.44759898311892,VPCC,HHZ
2025-02-06 23:00:00,25.12905353939033,VPCC,HHZ
2025-02-06 23:10:00,38.37305174959399,VPCC,HHZ
2025-02-06 23:20:00,23.37262584906754,VPCC,HHZ
2025-02-06 23:30:00,24.64725884361642,VPCC,HHZ
2025-02-06 23:40:00,24.04792448390362,VPCC,HHZ
2025-02-06 23:50:00,25.374300380310533,VPCC,HHZ
2025-02-07 00:00:00,30.428165677414,VPCC,HHZ
2025-02-07 00:10:00,26.00314433102691,VPCC,HHZ
2025-02-07 00:20:00,49.43406116103485,VPCC,HHZ
2025-02-07 00:30:00,31.516625901568077,VPCC,HHZ
2025-02-07 00:40:00,23.05264145941312,VPCC,HHZ
2025-02-07 00:50:00,17.301364344952937,VPCC,HHZ
2025-02-07 01:00:00,18.314767517206565,VPCC,HHZ
2025-02-07 01:10:00,19.049423599781427,VPCC,HHZ
2025-02-07 01:20:00,19.875434548851526,VPCC,HHZ
2025-02-07 01:30:00,19.988453230950828,VPCC,HHZ
2025-02-07 01:40:00,21.90952184181025,VPCC,HHZ
2025-02-07 01:50:00,18.895439013039777,VPCC,HHZ
2025-02-07 02:00:00,31.853587829679952,VPCC,HHZ
2025-02-07 02:10:00,24.620182273169235,VPCC,HHZ
2025-02-07 02:20:00,19.018466820672515,VPCC,HHZ
2025-02-07 02:30:00,14.969092830599546,VPCC,HHZ
2025-02-07 02:40:00,14.835953944042787,VPCC,HHZ
2025-02-07 02:50:00,16.516862875908807,VPCC,HHZ
2025-02-07 03:00:00,18.915436058914583,VPCC,HHZ
2025-02-07 03:10:00,16.06006397621449,VPCC,HHZ
2025-02-07 03:20:00,19.23502975320468,VPCC,HHZ
2025-02-07 03:30:00,44.53793491467658,VPCC,HHZ
2025-02-07 03:40:00,21.46350992257508,VPCC,HHZ
2025-02-07 03:50:00,25.08364056533291,VPCC,HHZ
2025-02-07 04:00:00,37.961753123859836,VPCC,HHZ
2025-02-07 04:10:00,26.167883682408014,VPCC,HHZ
2025-02-07 04:20:00,24.461640027593976,VPCC,HHZ
2025-02-07 04:30:00,18.97106717951272,VPCC,HHZ
2025-02-07 04:40:00,23.04460692684726,VPCC,HHZ
2025-02-07 04:50:00,20.0582480115295,VPCC,HHZ
2025-02-07 05:00:00,37.49311447646199,VPCC,HHZ
2025-02-07 05:10:00,19.43336018736254,VPCC,HHZ
2025-02-07 05:20:00,18.736934439501695,VPCC,HHZ
2025-02-07 05:30:00,17.797622493590016,VPCC,HHZ
2025-02-07 05:40:00,23.62639850645285,VPCC,HHZ
2025-02-07 05:50:00,28.778712382185024,VPCC,HHZ
2025-02-07 06:00:00,25.79932607095628,VPCC,HHZ
2025-02-07 06:10:00,29.61408500825699,VPCC,HHZ
2025-02-07 06:20:00,26.571998397220295,VPCC,HHZ
2025-02-07 06:30:00,19.874385950450165,VPCC,HHZ
2025-02-07 06:40:00,15.546218024812497,VPCC,HHZ
2025-02-07 06:50:00,18.102250382391617,VPCC,HHZ
2025-02-07 07:00:00,15.108074811359032,VPCC,HHZ
2025-02-07 07:10:00,17.602685175611715,VPCC,HHZ
2025-02-07 07:20:00,18.992765762307947,VPCC,HHZ
2025-02-07 07:30:00,18.482484074721807,VPCC,HHZ
2025-02-07 07:40:00,17.670907279331708,VPCC,HHZ
2025-02-07 07:50:00,16.000358564391572,VPCC,HHZ
2025-02-07 08:00:00,18.605671076103214,VPCC,HHZ
2025-02-07 08:10:00,18.452918327544044,VPCC,HHZ
2025-02-07 08:20:00,19.12919051574799,VPCC,HHZ
2025-02-07 08:30:00,20.01579505718496,VPCC,HHZ
2025-02-07 08:40:00,23.947762418178954,VPCC,HHZ
2025-02-07 08:50:00,17.07377386696168,VPCC,HHZ
2025-02-07 09:00:00,15.90565088492229,VPCC,HHZ
2025-02-07 09:10:00,17.655154843787585,VPCC,HHZ
2025-02-07 09:20:00,17.156026710635402,VPCC,HHZ
2025-02-07 09:30:00,16.95495468172964,VPCC,HHZ
2025-02-07 09:40:00,18.91752559229083,VPCC,HHZ
2025-02-07 09:50:00,22.204750957734085,VPCC,HHZ
2025-02-07 10:00:00,25.52253515283615,VPCC,HHZ
2025-02-07 10:10:00,18.060103260375868,VPCC,HHZ
2025-02-07 10:20:00,18.867120227266636,VPCC,HHZ
2025-02-07 10:30:00,24.940865921040697,VPCC,HHZ
2025-02-07 10:40:00,27.6806071903231,VPCC,HHZ
2025-02-07 10:50:00,16.020447845738147,VPCC,HHZ
2025-02-07 11:00:00,18.450644758662534,VPCC,HHZ
2025-02-07 11:10:00,15.329545045159424,VPCC,HHZ
2025-02-07 11:20:00,14.379438761318454,VPCC,HHZ
2025-02-07 11:30:00,16.339011929645327,VPCC,HHZ
2025-02-07 11:40:00,16.34396461121822,VPCC,HHZ
2025-02-07 11:50:00,34.4250155088542,VPCC,HHZ
2025-02-07 12:00:00,33.37093858844539,VPCC,HHZ
2025-02-07 12:10:00,33.39050122014205,VPCC,HHZ
2025-02-07 12:20:00,30.19455483655812,VPCC,HHZ
2025-02-07 12:30:00,25.349489551899396,VPCC,HHZ
2025-02-07 12:40:00,26.65737691898516,VPCC,HHZ
2025-02-07 12:50:00,27.732342342527534,VPCC,HHZ
2025-02-07 13:00:00,36.24446602512315,VPCC,HHZ
2025-02-07 13:10:00,26.939258194481603,VPCC,HHZ
2025-02-07 13:20:00,28.61427094753393,VPCC,HHZ
2025-02-07 13:30:00,29.708349658382716,VPCC,HHZ
2025-02-07 13:40:00,34.42553000248784,VPCC,HHZ
2025-02-07 13:50:00,58.475806308173944,VPCC,HHZ
2025-02-07 14:00:00,47.64214478973466,VPCC,HHZ
2025-02-07 14:10:00,43.45437877680654,VPCC,HHZ
2025-02-07 14:20:00,62.95348113221911,VPCC,HHZ
2025-02-07 14:30:00,51.2701844448603,VPCC,HHZ
2025-02-07 14:40:00,48.48231485448291,VPCC,HHZ
2025-02-07 14:50:00,46.10363175837598,VPCC,HHZ
2025-02-07 15:00:00,46.80501711544619,VPCC,HHZ
2025-02-07 15:10:00,61.906774903078855,VPCC,HHZ
2025-02-07 15:20:00,56.56375664517562,VPCC,HHZ
2025-02-07 15:30:00,49.040959882399704,VPCC,HHZ
2025-02-07 15:40:00,42.636393091008046,VPCC,HHZ
2025-02-07 15:50:00,38.37481193604238,VPCC,HHZ
2025-02-07 16:00:00,31.108994738239943,VPCC,HHZ
2025-02-07 16:10:00,33.12443755864611,VPCC,HHZ
2025-02-07 16:20:00,39.24562020382543,VPCC,HHZ
2025-02-07 16:30:00,40.38417286100787,VPCC,HHZ
2025-02-07 16:40:00,44.5688904567645,VPCC,HHZ
2025-02-07 16:50:00,37.96517127000248,VPCC,HHZ
2025-02-07 17:00:00,43.59512262427081,VPCC,HHZ
2025-02-07 17:10:00,56.75745866278898,VPCC,HHZ
2025-02-07 17:20:00,53.82934636782399,VPCC,HHZ
2025-02-07 17:30:00,46.61333844244164,VPCC,HHZ
2025-02-07 17:40:00,40.729149423300875,VPCC,HHZ
2025-02-07 17:50:00,44.35229529687118,VPCC,HHZ
2025-02-07 18:00:00,43.87802329515481,VPCC,HHZ
2025-02-07 18:10:00,46.44863387908744,VPCC,HHZ
2025-02-07 18:20:00,41.57236244030107,VPCC,HHZ
2025-02-07 18:30:00,42.54178658042258,VPCC,HHZ
2025-02-07 18:40:00,50.20860036962808,VPCC,HHZ
2025-02-07 18:50:00,53.39151743497319,VPCC,HHZ
2025-02-07 19:00:00,33.68815579912161,VPCC,HHZ
2025-02-07 19:10:00,46.116698005608946,VPCC,HHZ
2025-02-07 19:20:00,44.506354956652565,VPCC,HHZ
2025-02-07 19:30:00,46.55304852921703,VPCC,HHZ
2025-02-07 19:40:00,62.49237144552323,VPCC,HHZ
2025-02-07 19:50:00,56.03738568970592,VPCC,HHZ
2025-02-07 20:00:00,50.47210442517111,VPCC,HHZ
2025-02-07 20:10:00,53.89699621553475,VPCC,HHZ
2025-02-07 20:20:00,65.19283965895994,VPCC,HHZ
2025-02-07 20:30:00,36.23158876253021,VPCC,HHZ
2025-02-07 20:40:00,39.15291790785238,VPCC,HHZ
2025-02-07 20:50:00,46.23242463880976,VPCC,HHZ
2025-02-07 21:00:00,52.8622114684628,VPCC,HHZ
2025-02-07 21:10:00,56.33377161101931,VPCC,HHZ
2025-02-07 21:20:00,46.61631682467569,VPCC,HHZ
2025-02-07 21:30:00,38.123796488137025,VPCC,HHZ
2025-02-07 21:40:00,34.65318862861821,VPCC,HHZ
2025-02-07 21:50:00,33.05342810544365,VPCC,HHZ
2025-02-07 22:00:00,30.969258930164347,VPCC,HHZ
2025-02-07 22:10:00,32.55451542722625,VPCC,HHZ
2025-02-07 22:20:00,37.062722307203884,VPCC,HHZ
2025-02-07 22:30:00,78.87166418163154,VPCC,HHZ
2025-02-07 22:40:00,67.70424999405756,VPCC,HHZ
2025-02-07 22:50:00,37.14052962724629,VPCC,HHZ
2025-02-07 23:00:00,48.289179900685504,VPCC,HHZ
2025-02-07 23:10:00,37.14849507896778,VPCC,HHZ
2025-02-07 23:20:00,29.05900095282909,VPCC,HHZ
2025-02-07 23:30:00,30.600182569828675,VPCC,HHZ
2025-02-07 23:40:00,41.0974118408253,VPCC,HHZ
2025-02-07 23:50:00,44.67719346160535,VPCC,HHZ
2025-02-08 00:00:00,25.888363822082976,VPCC,HHZ
2025-02-08 00:10:00,35.60490428372517,VPCC,HHZ
2025-02-08 00:20:00,25.550554842127234,VPCC,HHZ
2025-02-08 00:30:00,17.313966457362078,VPCC,HHZ
2025-02-08 00:40:00,18.603057222220233,VPCC,HHZ
2025-02-08 00:50:00,21.13752841086687,VPCC,HHZ
2025-02-08 01:00:00,17.63559155687064,VPCC,HHZ
2025-02-08 01:10:00,21.17765595479136,VPCC,HHZ
2025-02-08 01:20:00,16.766024290087174,VPCC,HHZ
2025-02-08 01:30:00,16.819219555111797,VPCC,HHZ
2025-02-08 01:40:00,17.119697647395572,VPCC,HHZ
2025-02-08 01:50:00,14.680482929906262,VPCC,HHZ
2025-02-08 02:00:00,16.35446295033099,VPCC,HHZ
2025-02-08 02:10:00,21.141830546920914,VPCC,HHZ
2025-02-08 02:20:00,18.470380798356942,VPCC,HHZ
2025-02-08 02:30:00,20.49710159340427,VPCC,HHZ
2025-02-08 02:40:00,18.196794511470937,VPCC,HHZ
2025-02-08 02:50:00,20.109055388264665,VPCC,HHZ
2025-02-08 03:00:00,16.516979039277587,VPCC,HHZ
2025-02-08 03:10:00,17.442846646649187,VPCC,HHZ
2025-02-08 03:20:00,16.705908698167324,VPCC,HHZ
2025-02-08 03:30:00,14.20203148844274,VPCC,HHZ
2025-02-08 03:40:00,14.658604717665805,VPCC,HHZ
2025-02-08 03:50:00,12.91410248022429,VPCC,HHZ
2025-02-08 04:00:00,12.994731689693577,VPCC,HHZ
2025-02-08 04:10:00,14.671978767738429,VPCC,HHZ
2025-02-08 04:20:00,14.189465564169604,VPCC,HHZ
2025-02-08 04:30:00,14.501340180737314,VPCC,HHZ
2025-02-08 04:40:00,15.766353466100446,VPCC,HHZ
2025-02-08 04:50:00,17.087915110061484,VPCC,HHZ
2025-02-08 05:00:00,19.369986259270842,VPCC,HHZ
2025-02-08 05:10:00,22.78986482013255,VPCC,HHZ
2025-02-08 05:20:00,16.060668688278867,VPCC,HHZ
2025-02-08 05:30:00,13.691466620119073,VPCC,HHZ
2025-02-08 05:40:00,13.151829029451202,VPCC,HHZ
2025-02-08 05:50:00,15.330328722645,VPCC,HHZ
2025-02-08 06:00:00,12.923174898909869,VPCC,HHZ
2025-02-08 06:10:00,14.300757584749334,VPCC,HHZ
2025-02-08 06:20:00,28.73576475789132,VPCC,HHZ
2025-02-08 06:30:00,24.881304265947414,VPCC,HHZ
2025-02-08 06:40:00,15.48166651289712,VPCC,HHZ
2025-02-08 06:50:00,16.728663843269462,VPCC,HHZ
2025-02-08 07:00:00,16.563161578060683,VPCC,HHZ
2025-02-08 07:10:00,15.601337892463713,VPCC,HHZ
2025-02-08 07:20:00,14.047058216796048,VPCC,HHZ
2025-02-08 07:30:00,15.922037752532626,VPCC,HHZ
2025-02-08 07:40:00,17.04867388668659,VPCC,HHZ
2025-02-08 07:50:00,15.349960037942909,VPCC,HHZ
2025-02-08 08:00:00,19.733649532455704,VPCC,HHZ
2025-02-08 08:10:00,13.952427970952904,VPCC,HHZ
2025-02-08 08:20:00,15.664852077191332,VPCC,HHZ
2025-02-08 08:30:00,18.218430754316042,VPCC,HHZ
2025-02-08 08:40:00,16.40906006509425,VPCC,HHZ
2025-02-08 08:50:00,14.552752831981994,VPCC,HHZ
2025-02-08 09:00:00,19.633722391230414,VPCC,HHZ
2025-02-08 09:10:00,13.69235361214934,VPCC,HHZ
2025-02-08 09:20:00,14.911721593432127,VPCC,HHZ
2025-02-08 09:30:00,16.35484937896276,VPCC,HHZ
2025-02-08 09:40:00,17.657721987431668,VPCC,HHZ
2025-02-08 09:50:00,16.476963031435247,VPCC,HHZ
2025-02-08 10:00:00,14.809276456662193,VPCC,HHZ
2025-02-08 10:10:00,15.034470908223462,VPCC,HHZ
2025-02-08 10:20:00,12.832692524192792,VPCC,HHZ
2025-02-08 10:30:00,15.581256101737017,VPCC,HHZ
2025-02-08 10:40:00,13.914841986531206,VPCC,HHZ
2025-02-08 10:50:00,14.145122930895498,VPCC,HHZ
2025-02-08 11:00:00,17.174436883974455,VPCC,HHZ
2025-02-08 11:10:00,15.660398672134466,VPCC,HHZ
2025-02-08 11:20:00,18.733649532023005,VPCC,HHZ
2025-02-08 11:30:00,15.720907128671458,VPCC,HHZ
2025-02-08 11:40:00,18.783640391110133,VPCC,HHZ
2025-02-08 11:50:00,22.319939103287634,VPCC,HHZ
2025-02-08 12:00:00,23.916398031573074,VPCC,HHZ
2025-02-08 12:10:00,21.730197053303154,VPCC,HHZ
2025-02-08 12:20:00,29.301567478313636,VPCC,HHZ
2025-02-08 12:30:00,25.953248241334755,VPCC,HHZ
2025-02-08 12:40:00,20.214374693805215,VPCC,HHZ
2025-02-08 12:50:00,24.35713451715678,VPCC,HHZ
2025-02-08 13:00:00,25.479798667167312,VPCC,HHZ
2025-02-08 13:10:00,26.66985807710247,VPCC,HHZ
2025-02-08 13:20:00,28.947695986849,VPCC,HHZ
2025-02-08 13:30:00,28.265053739215055,VPCC,HHZ
2025-02-08 13:40:00,37.825945064252814,VPCC,HHZ
2025-02-08 13:50:00,31.406590449038646,VPCC,HHZ
2025-02-08 14:00:00,33.166528335818214,VPCC,HHZ
2025-02-08 14:10:00,33.44627804066006,VPCC,HHZ
2025-02-08 14:20:00,34.05296233594895,VPCC,HHZ
2025-02-08 14:30:00,59.749013088927214,VPCC,HHZ
2025-02-08 14:40:00,56.100665596214014,VPCC,HHZ
2025-02-08 14:50:00,92.11888660374628,VPCC,HHZ
2025-02-08 15:00:00,52.62068361118513,VPCC,HHZ
2025-02-08 15:10:00,71.3626533560561,VPCC,HHZ
2025-02-08 15:20:00,69.11434358667702,VPCC,HHZ
2025-02-08 15:30:00,119.42925481486468,VPCC,HHZ
2025-02-08 15:40:00,96.5471383680357,VPCC,HHZ
2025-02-08 15:50:00,43.292806115669286,VPCC,HHZ
2025-02-08 16:00:00,42.98622768713087,VPCC,HHZ
2025-02-08 16:10:00,38.970558690762935,VPCC,HHZ
2025-02-08 16:20:00,47.23933279761443,VPCC,HHZ
2025-02-08 16:30:00,42.489064115675134,VPCC,HHZ
2025-02-08 16:40:00,49.36350915571083,VPCC,HHZ
2025-02-08 16:50:00,44.56724893432617,VPCC,HHZ
2025-02-08 17:00:00,74.14077122109589,VPCC,HHZ
2025-02-08 17:10:00,61.04114927849746,VPCC,HHZ
2025-02-08 17:20:00,75.47982235006016,VPCC,HHZ
2025-02-08 17:30:00,51.006041388800895,VPCC,HHZ
2025-02-08 17:40:00,54.41729860679517,VPCC,HHZ
2025-02-08 17:50:00,53.82581150278856,VPCC,HHZ
2025-02-08 18:00:00,78.28899846292295,VPCC,HHZ
2025-02-08 18:10:00,48.63419850176576,VPCC,HHZ
2025-02-08 18:20:00,64.85045928220522,VPCC,HHZ
2025-02-08 18:30:00,54.78367377991972,VPCC,HHZ
2025-02-08 18:40:00,81.61513894694983,VPCC,HHZ
2025-02-08 18:50:00,56.90690717149461,VPCC,HHZ
2025-02-08 19:00:00,50.09052080752712,VPCC,HHZ
2025-02-08 19:10:00,66.32562043933136,VPCC,HHZ
2025-02-08 19:20:00,54.70910753403542,VPCC,HHZ
2025-02-08 19:30:00,46.71295625572848,VPCC,HHZ
2025-02-08 19:40:00,39.14629661583983,VPCC,HHZ
2025-02-08 19:50:00,43.130536470697386,VPCC,HHZ
2025-02-08 20:00:00,58.50425319120757,VPCC,HHZ
2025-02-08 20:10:00,94.41381772937626,VPCC,HHZ
2025-02-08 20:20:00,37.05993398088613,VPCC,HHZ
2025-02-08 20:30:00,47.94478772773741,VPCC,HHZ
2025-02-08 20:40:00,147.22093197526374,VPCC,HHZ
2025-02-08 20:50:00,48.42072594051677,VPCC,HHZ
2025-02-08 21:00:00,51.420946317363125,VPCC,HHZ
2025-02-08 21:10:00,56.787414945279565,VPCC,HHZ
2025-02-08 21:20:00,49.72460377135541,VPCC,HHZ
2025-02-08 21:30:00,35.136754259825125,VPCC,HHZ
2025-02-08 21:40:00,48.20649592960321,VPCC,HHZ
2025-02-08 21:50:00,38.471586697795395,VPCC,HHZ
2025-02-08 22:00:00,34.2808973896414,VPCC,HHZ
2025-02-08 22:10:00,32.65952555951289,VPCC,HHZ
2025-02-08 22:20:00,31.16835689310815,VPCC,HHZ
2025-02-08 22:30:00,27.660794243404375,VPCC,HHZ
2025-02-08 22:40:00,31.986728933207385,VPCC,HHZ
2025-02-08 22:50:00,28.739812258572826,VPCC,HHZ
2025-02-08 23:00:00,30.564108833434943,VPCC,HHZ
2025-02-08 23:10:00,30.602689896611288,VPCC,HHZ
2025-02-08 23:20:00,3396.56590208516,VPCC,HHZ
2025-02-08 23:30:00,175.14985072403334,VPCC,HHZ
2025-02-08 23:40:00,68.50646974724813,VPCC,HHZ
2025-02-08 23:50:00,58.070105881969,VPCC,HHZ
2025-02-09 00:00:00,22.813824363816874,VPCC,HHZ
2025-02-09 00:10:00,30.054258108118788,VPCC,HHZ
2025-02-09 00:20:00,34.297011402153,VPCC,HHZ
2025-02-09 00:30:00,15.105426830356404,VPCC,HHZ
2025-02-09 00:40:00,13.18478194437581,VPCC,HHZ
2025-02-09 00:50:00,14.15770403335926,VPCC,HHZ
2025-02-09 01:00:00,13.374813142051764,VPCC,HHZ
2025-02-09 01:10:00,15.371775645727453,VPCC,HHZ
2025-02-09 01:20:00,15.065867283051501,VPCC,HHZ
2025-02-09 01:30:00,17.5802624998229,VPCC,HHZ
2025-02-09 01:40:00,17.02426031808914,VPCC,HHZ
2025-02-09 01:50:00,23.610269892508295,VPCC,HHZ
2025-02-09 02:00:00,19.208381031310935,VPCC,HHZ
2025-02-09 02:10:00,23.440779821151672,VPCC,HHZ
2025-02-09 02:20:00,20.326370819722904,VPCC,HHZ
2025-02-09 02:30:00,15.203917174918057,VPCC,HHZ
2025-02-09 02:40:00,15.967758142816205,VPCC,HHZ
2025-02-09 02:50:00,18.852793314549096,VPCC,HHZ
2025-02-09 03:00:00,18.231661708649632,VPCC,HHZ
2025-02-09 03:10:00,18.66684789882784,VPCC,HHZ
2025-02-09 03:20:00,15.485416885288778,VPCC,HHZ
2025-02-09 03:30:00,15.486919245680365,VPCC,HHZ
2025-02-09 03:40:00,15.655331704631262,VPCC,HHZ
2025-02-09 03:50:00,17.375562786678447,VPCC,HHZ
2025-02-09 04:00:00,18.922057598161977,VPCC,HHZ
2025-02-09 04:10:00,19.564294462941113,VPCC,HHZ
2025-02-09 04:20:00,17.95830551222135,VPCC,HHZ
2025-02-09 04:30:00,17.738618843535846,VPCC,HHZ
2025-02-09 04:40:00,16.465436813390696,VPCC,HHZ
2025-02-09 04:50:00,18.148155910526295,VPCC,HHZ
2025-02-09 05:00:00,18.73258276190623,VPCC,HHZ
2025-02-09 05:10:00,21.559569923927338,VPCC,HHZ
2025-02-09 05:20:00,20.09078311734828,VPCC,HHZ
2025-02-09 05:30:00,19.678098615022037,VPCC,HHZ
2025-02-09 05:40:00,17.3529075743627,VPCC,HHZ
2025-02-09 05:50:00,16.22281161101363,VPCC,HHZ
2025-02-09 06:00:00,17.414984986113886,VPCC,HHZ
2025-02-09 06:10:00,17.195409136401413,VPCC,HHZ
2025-02-09 06:20:00,15.932897097628185,VPCC,HHZ
2025-02-09 06:30:00,17.21854969139119,VPCC,HHZ
2025-02-09 06:40:00,17.249695699584443,VPCC,HHZ
2025-02-09 06:50:00,15.307684901976764,VPCC,HHZ
2025-02-09 07:00:00,15.338187313538919,VPCC,HHZ
2025-02-09 07:10:00,16.51197854595361,VPCC,HHZ
2025-02-09 07:20:00,18.650430588615063,VPCC,HHZ
2025-02-09 07:30:00,15.860500121514734,VPCC,HHZ
2025-02-09 07:40:00,16.93031725659264,VPCC,HHZ
2025-02-09 07:50:00,18.411949189536127,VPCC,HHZ
2025-02-09 08:00:00,21.870615884617223,VPCC,HHZ
2025-02-09 08:10:00,23.85032078283774,VPCC,HHZ
2025-02-09 08:20:00,44.19130293606187,VPCC,HHZ
2025-02-09 08:30:00,17.287592699355955,VPCC,HHZ
2025-02-09 08:40:00,17.556252613033966,VPCC,HHZ
2025-02-09 08:50:00,17.045876311934034,VPCC,HHZ
2025-02-09 09:00:00,17.126827947028925,VPCC,HHZ
2025-02-09 09:10:00,44.092016931714305,VPCC,HHZ
2025-02-09 09:20:00,15.715752169208246,VPCC,HHZ
2025-02-09 09:30:00,12.294642039806401,VPCC,HHZ
2025-02-09 09:40:00,16.59257518312667,VPCC,HHZ
2025-02-09 09:50:00,12.830539786230448,VPCC,HHZ
2025-02-09 10:00:00,12.63337783498056,VPCC,HHZ
2025-02-09 10:10:00,14.859903319695704,VPCC,HHZ
2025-02-09 10:20:00,13.612352135982139,VPCC,HHZ
2025-02-09 10:30:00,11.821042273855468,VPCC,HHZ
2025-02-09 10:40:00,12.960149387344932,VPCC,HHZ
2025-02-09 10:50:00,15.639675960860925,VPCC,HHZ
2025-02-09 11:00:00,14.591745462199695,VPCC,HHZ
2025-02-09 11:10:00,18.877697938589915,VPCC,HHZ
2025-02-09 11:20:00,17.4228576468912,VPCC,HHZ
2025-02-09 11:30:00,16.7727583653428,VPCC,HHZ
2025-02-09 11:40:00,19.69270479511974,VPCC,HHZ
2025-02-09 11:50:00,22.697824787507738,VPCC,HHZ
2025-02-09 12:00:00,24.392845663015954,VPCC,HHZ
2025-02-09 12:10:00,22.091288245611345,VPCC,HHZ
2025-02-09 12:20:00,20.914851633791212,VPCC,HHZ
2025-02-09 12:30:00,20.565990236562364,VPCC,HHZ
2025-02-09 12:40:00,24.516435478449953,VPCC,HHZ
2025-02-09 12:50:00,21.965675979041492,VPCC,HHZ
2025-02-09 13:00:00,45.09724026848531,VPCC,HHZ
2025-02-09 13:10:00,36.90791767182376,VPCC,HHZ
2025-02-09 13:20:00,41.271720735909234,VPCC,HHZ
2025-02-09 13:30:00,43.7573563137377,VPCC,HHZ
2025-02-09 13:40:00,43.290125441824785,VPCC,HHZ
2025-02-09 13:50:00,37.3501260823951,VPCC,HHZ
2025-02-09 14:00:00,31.9265715758959,VPCC,HHZ
2025-02-09 14:10:00,30.77310951471058,VPCC,HHZ
2025-02-09 14:20:00,35.024830975736904,VPCC,HHZ
2025-02-09 14:30:00,34.62442017312889,VPCC,HHZ
2025-02-09 14:40:00,41.407044828396906,VPCC,HHZ
2025-02-09 14:50:00,52.27111702518715,VPCC,HHZ
2025-02-09 15:00:00,52.88442234712997,VPCC,HHZ
2025-02-09 15:10:00,50.191467620123426,VPCC,HHZ
2025-02-09 15:20:00,73.33345642886022,VPCC,HHZ
2025-02-09 15:30:00,43.866233378009355,VPCC,HHZ
2025-02-09 15:40:00,39.51957310056522,VPCC,HHZ
2025-02-09 15:50:00,57.08121827908954,VPCC,HHZ
2025-02-09 16:00:00,51.3436852287084,VPCC,HHZ
2025-02-09 16:10:00,41.268363584080674,VPCC,HHZ
2025-02-09 16:20:00,55.548424008670395,VPCC,HHZ
2025-02-09 16:30:00,48.4893454726811,VPCC,HHZ
2025-02-09 16:40:00,57.446233458650404,VPCC,HHZ
2025-02-09 16:50:00,56.74845218088929,VPCC,HHZ
2025-02-09 17:00:00,45.57778554034192,VPCC,HHZ
2025-02-09 17:10:00,31.45981335572086,VPCC,HHZ
2025-02-09 17:20:00,38.23735173492176,VPCC,HHZ
2025-02-09 17:30:00,47.61554495344094,VPCC,HHZ
2025-02-09 17:40:00,52.528891803899306,VPCC,HHZ
2025-02-09 17:50:00,56.34931572595306,VPCC,HHZ
2025-02-09 18:00:00,59.08768954511439,VPCC,HHZ
2025-02-09 18:10:00,53.10453135824144,VPCC,HHZ
2025-02-09 18:20:00,61.749868033259425,VPCC,HHZ
2025-02-09 18:30:00,82.46453652643956,VPCC,HHZ
2025-02-09 18:40:00,56.88333371369615,VPCC,HHZ
2025-02-09 18:50:00,85.015981652741,VPCC,HHZ
2025-02-09 19:00:00,65.37210194929705,VPCC,HHZ
2025-02-09 19:10:00,58.129942239214955,VPCC,HHZ
2025-02-09 19:20:00,63.82048830345767,VPCC,HHZ
2025-02-09 19:30:00,53.96986340696031,VPCC,HHZ
2025-02-09 19:40:00,58.23664650765478,VPCC,HHZ
2025-02-09 19:50:00,65.88064562667651,VPCC,HHZ
2025-02-09 20:00:00,61.40521652295202,VPCC,HHZ
2025-02-09 20:10:00,73.46245484501618,VPCC,HHZ
2025-02-09 20:20:00,45.782686350951344,VPCC,HHZ
2025-02-09 20:30:00,39.042587440946456,VPCC,HHZ
2025-02-09 20:40:00,43.6822051259228,VPCC,HHZ
2025-02-09 20:50:00,33.643623981399806,VPCC,HHZ
2025-02-09 21:00:00,31.650730274068255,VPCC,HHZ
2025-02-09 21:10:00,36.94336763855287,VPCC,HHZ
2025-02-09 21:20:00,31.784844497353912,VPCC,HHZ
2025-02-09 21:30:00,34.751544500982696,VPCC,HHZ
2025-02-09 21:40:00,59.87283232115788,VPCC,HHZ
2025-02-09 21:50:00,45.86144508023979,VPCC,HHZ
2025-02-09 22:00:00,36.461896059688435,VPCC,HHZ
2025-02-09 22:10:00,42.69040002051148,VPCC,HHZ
2025-02-09 22:20:00,56.18464061740315,VPCC,HHZ
2025-02-09 22:30:00,38.445339014647494,VPCC,HHZ
2025-02-09 22:40:00,31.97826775719688,VPCC,HHZ
2025-02-09 22:50:00,29.141372588283417,VPCC,HHZ
2025-02-09 23:00:00,34.69185693422955,VPCC,HHZ
2025-02-09 23:10:00,29.57452210448422,VPCC,HHZ
2025-02-09 23:20:00,29.737762717700058,VPCC,HHZ
2025-02-09 23:30:00,60.14073102734074,VPCC,HHZ
2025-02-09 23:40:00,31.650054455554432,VPCC,HHZ
2025-02-09 23:50:00,80.30927134761534,VPCC,HHZ
2025-02-10 00:00:00,32.657908298879754,VPCC,HHZ
2025-02-10 00:10:00,26.31628842593233,VPCC,HHZ
2025-02-10 00:20:00,27.225434844991536,VPCC,HHZ
2025-02-10 00:30:00,32.42443210416478,VPCC,HHZ
2025-02-10 00:40:00,18.879942093510696,VPCC,HHZ
2025-02-10 00:50:00,20.058400027840612,VPCC,HHZ
2025-02-10 01:00:00,19.7377236885327,VPCC,HHZ
2025-02-10 01:10:00,27.472600233888375,VPCC,HHZ
2025-02-10 01:20:00,19.06100924234523,VPCC,HHZ
2025-02-10 01:30:00,15.91517951719502,VPCC,HHZ
2025-02-10 01:40:00,15.73521456764944,VPCC,HHZ
2025-02-10 01:50:00,13.452302944437477,VPCC,HHZ
2025-02-10 02:00:00,14.433355889409677,VPCC,HHZ
2025-02-10 02:10:00,18.643834123758882,VPCC,HHZ
2025-02-10 02:20:00,15.746340756849865,VPCC,HHZ
2025-02-10 02:30:00,14.30497061286673,VPCC,HHZ
2025-02-10 02:40:00,12.79307852745662,VPCC,HHZ
2025-02-10 02:50:00,12.547729912225078,VPCC,HHZ
2025-02-10 03:00:00,12.27128258254246,VPCC,HHZ
2025-02-10 03:10:00,12.919648519341065,VPCC,HHZ
2025-02-10 03:20:00,12.581421623302983,VPCC,HHZ
2025-02-10 03:30:00,15.132442802898849,VPCC,HHZ
2025-02-10 03:40:00,13.550370354031639,VPCC,HHZ
2025-02-10 03:50:00,40.810388943945306,VPCC,HHZ
2025-02-10 04:00:00,13.02517828636594,VPCC,HHZ
2025-02-10 04:10:00,13.488163865399953,VPCC,HHZ
2025-02-10 04:20:00,13.870175029665354,VPCC,HHZ
2025-02-10 04:30:00,12.314561206801882,VPCC,HHZ
2025-02-10 04:40:00,13.079749668075435,VPCC,HHZ
2025-02-10 04:50:00,14.013391184105668,VPCC,HHZ
2025-02-10 05:00:00,14.026323782044189,VPCC,HHZ
2025-02-10 05:10:00,13.41896354186707,VPCC,HHZ
2025-02-10 05:20:00,15.348208651737211,VPCC,HHZ
2025-02-10 05:30:00,16.071473062017784,VPCC,HHZ
2025-02-10 05:40:00,21.956981557616498,VPCC,HHZ
2025-02-10 05:50:00,21.685304364036845,VPCC,HHZ
2025-02-10 06:00:00,25.953695383379667,VPCC,HHZ
2025-02-10 06:10:00,19.850717920512047,VPCC,HHZ
2025-02-10 06:20:00,18.158455570869318,VPCC,HHZ
2025-02-10 06:30:00,16.771810086873888,VPCC,HHZ
2025-02-10 06:40:00,15.890361320508692,VPCC,HHZ
2025-02-10 06:50:00,16.247863951977774,VPCC,HHZ
2025-02-10 07:00:00,17.07486925548418,VPCC,HHZ
2025-02-10 07:10:00,15.770596854232732,VPCC,HHZ
2025-02-10 07:20:00,20.190941690353927,VPCC,HHZ
2025-02-10 07:30:00,26.938766689598737,VPCC,HHZ
2025-02-10 07:40:00,20.14863243980261,VPCC,HHZ
2025-02-10 07:50:00,15.768121818469872,VPCC,HHZ
2025-02-10 08:00:00,23.26563761619662,VPCC,HHZ
2025-02-10 08:10:00,34.68577918439518,VPCC,HHZ
2025-02-10 08:20:00,21.941237157313864,VPCC,HHZ
2025-02-10 08:30:00,15.140993189737339,VPCC,HHZ
2025-02-10 08:40:00,12.183126361704124,VPCC,HHZ
2025-02-10 08:50:00,12.071376743732342,VPCC,HHZ
2025-02-10 09:00:00,16.1585176176964,VPCC,HHZ
2025-02-10 09:10:00,13.022543987622939,VPCC,HHZ
2025-02-10 09:20:00,15.440990972419549,VPCC,HHZ
2025-02-10 09:30:00,19.425496087592826,VPCC,HHZ
2025-02-10 09:40:00,17.749093781356358,VPCC,HHZ
2025-02-10 09:50:00,16.276626475341835,VPCC,HHZ
2025-02-10 10:00:00,14.447978406583603,VPCC,HHZ
2025-02-10 10:10:00,15.914477207078713,VPCC,HHZ
2025-02-10 10:20:00,13.043710064513895,VPCC,HHZ
2025-02-10 10:30:00,11.808150172173761,VPCC,HHZ
2025-02-10 10:40:00,13.319086999219037,VPCC,HHZ
2025-02-10 10:50:00,14.100471114503124,VPCC,HHZ
2025-02-10 11:00:00,12.91760030793332,VPCC,HHZ
2025-02-10 11:10:00,13.18214037923267,VPCC,HHZ
2025-02-10 11:20:00,16.496196320470247,VPCC,HHZ
2025-02-10 11:30:00,20.19350541276325,VPCC,HHZ
2025-02-10 11:40:00,24.989741550699076,VPCC,HHZ
2025-02-10 11:50:00,24.952247200487594,VPCC,HHZ
2025-02-10 12:00:00,20.93406544688344,VPCC,HHZ
2025-02-10 12:10:00,25.060313965581994,VPCC,HHZ
2025-02-10 12:20:00,29.40932920437795,VPCC,HHZ
2025-02-10 12:30:00,26.538470039199808,VPCC,HHZ
2025-02-10 12:40:00,34.463889994165726,VPCC,HHZ
2025-02-10 12:50:00,29.101545560890234,VPCC,HHZ
2025-02-10 13:00:00,33.913567368760454,VPCC,HHZ
2025-02-10 13:10:00,36.80267012546035,VPCC,HHZ
2025-02-10 13:20:00,36.4580653260202,VPCC,HHZ
2025-02-10 13:30:00,61.586609012256424,VPCC,HHZ
2025-02-10 13:40:00,36.16198061729309,VPCC,HHZ
2025-02-10 13:50:00,31.32795431455766,VPCC,HHZ
2025-02-10 14:00:00,40.04196010754269,VPCC,HHZ
2025-02-10 14:10:00,39.9252767153537,VPCC,HHZ
2025-02-10 14:20:00,38.835928388841246,VPCC,HHZ
2025-02-10 14:30:00,29.557833462030295,VPCC,HHZ
2025-02-10 14:40:00,33.47149380943225,VPCC,HHZ
2025-02-10 14:50:00,39.16859551837255,VPCC,HHZ
2025-02-10 15:00:00,49.10547154530395,VPCC,HHZ
2025-02-10 15:10:00,74.55358190831289,VPCC,HHZ
2025-02-10 15:20:00,73.79631575885847,VPCC,HHZ
2025-02-10 15:30:00,85.25722759715153,VPCC,HHZ
2025-02-10 15:40:00,54.95980820360443,VPCC,HHZ
2025-02-10 15:50:00,48.22682523908791,VPCC,HHZ
2025-02-10 16:00:00,72.21535712213712,VPCC,HHZ
2025-02-10 16:10:00,67.73453213831714,VPCC,HHZ
2025-02-10 16:20:00,38.15741806309246,VPCC,HHZ
2025-02-10 16:30:00,44.17864627489451,VPCC,HHZ
2025-02-10 16:40:00,20.370753932884707,VPCC,HHZ
2025-02-10 16:50:00,24.022336397619597,VPCC,HHZ
2025-02-10 17:00:00,27.657430730141638,VPCC,HHZ
2025-02-10 17:10:00,36.926958350244504,VPCC,HHZ
2025-02-10 17:20:00,53.26674627505005,VPCC,HHZ
2025-02-10 17:30:00,83.05039851071633,VPCC,HHZ
2025-02-10 17:40:00,71.05828905966871,VPCC,HHZ
2025-02-10 17:50:00,54.86170476276513,VPCC,HHZ
2025-02-10 18:00:00,76.69713630296847,VPCC,HHZ
2025-02-10 18:10:00,57.68181068396963,VPCC,HHZ
2025-02-10 18:20:00,64.36949281070775,VPCC,HHZ
2025-02-10 18:30:00,75.33825022877156,VPCC,HHZ
2025-02-10 18:40:00,97.56562281373114,VPCC,HHZ
2025-02-10 18:50:00,109.7922912068463,VPCC,HHZ
2025-02-10 19:00:00,76.17019556893922,VPCC,HHZ
2025-02-10 19:10:00,70.09486102271606,VPCC,HHZ
2025-02-10 19:20:00,72.25252052519429,VPCC,HHZ
2025-02-10 19:30:00,74.02771173897564,VPCC,HHZ
2025-02-10 19:40:00,101.85497913860992,VPCC,HHZ
2025-02-10 19:50:00,64.63947924473666,VPCC,HHZ
2025-02-10 20:00:00,61.63938833339551,VPCC,HHZ
2025-02-10 20:10:00,53.80971367442622,VPCC,HHZ
2025-02-10 20:20:00,45.52962067960354,VPCC,HHZ
2025-02-10 20:30:00,58.94404993706387,VPCC,HHZ
2025-02-10 20:40:00,54.066297100094936,VPCC,HHZ
2025-02-10 20:50:00,57.03725353088738,VPCC,HHZ
2025-02-10 21:00:00,40.70877181900325,VPCC,HHZ
2025-02-10 21:10:00,81.931771193959,VPCC,HHZ
2025-02-10 21:20:00,54.726324143952425,VPCC,HHZ
2025-02-10 21:30:00,53.088360323938225,VPCC,HHZ
2025-02-10 21:40:00,42.08885332831505,VPCC,HHZ
2025-02-10 21:50:00,45.09051276825786,VPCC,HHZ
2025-02-10 22:00:00,39.32957989538775,VPCC,HHZ
2025-02-10 22:10:00,42.31659471619297,VPCC,HHZ
2025-02-10 22:20:00,40.249152888492404,VPCC,HHZ
2025-02-10 22:30:00,43.22224570032698,VPCC,HHZ
2025-02-10 22:40:00,47.58546749535726,VPCC,HHZ
2025-02-10 22:50:00,42.291195663503174,VPCC,HHZ
2025-02-10 23:00:00,45.13731202621906,VPCC,HHZ
2025-02-10 23:10:00,31.102249407917455,VPCC,HHZ
2025-02-10 23:20:00,27.599374232235768,VPCC,HHZ
2025-02-10 23:30:00,35.12922984071561,VPCC,HHZ
2025-02-10 23:40:00,32.796984025593474,VPCC,HHZ
2025-02-10 23:50:00,30.747781371212884,VPCC,HHZ
2025-02-11 00:00:00,26.12183773128469,VPCC,HHZ
2025-02-11 00:10:00,30.41831578337913,VPCC,HHZ
2025-02-11 00:20:00,18.603405002155558,VPCC,HHZ
2025-02-11 00:30:00,17.958147399983407,VPCC,HHZ
2025-02-11 00:40:00,17.620360113491685,VPCC,HHZ
2025-02-11 00:50:00,20.406848031406945,VPCC,HHZ
2025-02-11 01:00:00,15.809825960071716,VPCC,HHZ
2025-02-11 01:10:00,16.926499035379994,VPCC,HHZ
2025-02-11 01:20:00,15.541268656668228,VPCC,HHZ
2025-02-11 01:30:00,52.36316403264447,VPCC,HHZ
2025-02-11 01:40:00,15.812205094063387,VPCC,HHZ
2025-02-11 01:50:00,15.867737847968549,VPCC,HHZ
2025-02-11 02:00:00,13.000863091292784,VPCC,HHZ
2025-02-11 02:10:00,37.00687958634252,VPCC,HHZ
2025-02-11 02:20:00,17.007894727239414,VPCC,HHZ
2025-02-11 02:30:00,17.188068448335198,VPCC,HHZ
2025-02-11 02:40:00,13.205730126487703,VPCC,HHZ
2025-02-11 02:50:00,14.752745073498444,VPCC,HHZ
2025-02-11 03:00:00,15.547909829254172,VPCC,HHZ
2025-02-11 03:10:00,15.342307983029212,VPCC,HHZ
2025-02-11 03:20:00,16.134479703642565,VPCC,HHZ
2025-02-11 03:30:00,14.811695884588696,VPCC,HHZ
2025-02-11 03:40:00,13.281292001641276,VPCC,HHZ
2025-02-11 03:50:00,13.886998698368467,VPCC,HHZ
2025-02-11 04:00:00,13.855839961056738,VPCC,HHZ
2025-02-11 04:10:00,15.197970534194372,VPCC,HHZ
2025-02-11 04:20:00,13.548582557722119,VPCC,HHZ
2025-02-11 04:30:00,14.847536174378885,VPCC,HHZ
2025-02-11 04:40:00,14.321491612279656,VPCC,HHZ
2025-02-11 04:50:00,15.06245023262523,VPCC,HHZ
2025-02-11 05:00:00,12.784780832798619,VPCC,HHZ
2025-02-11 05:10:00,13.281098162349295,VPCC,HHZ
2025-02-11 05:20:00,11.406392753259535,VPCC,HHZ
2025-02-11 05:30:00,19.51120803589756,VPCC,HHZ
2025-02-11 05:40:00,13.800276648132467,VPCC,HHZ
2025-02-11 05:50:00,18.359253859896913,VPCC,HHZ
2025-02-11 06:00:00,15.082685172671766,VPCC,HHZ
2025-02-11 06:10:00,16.67478574398355,VPCC,HHZ
2025-02-11 06:20:00,14.026208343176112,VPCC,HHZ
2025-02-11 06:30:00,14.507839454453375,VPCC,HHZ
2025-02-11 06:40:00,14.5290725726933,VPCC,HHZ
2025-02-11 06:50:00,13.61494860174679,VPCC,HHZ
2025-02-11 07:00:00,15.244454388496408,VPCC,HHZ
2025-02-11 07:10:00,15.717171774901574,VPCC,HHZ
2025-02-11 07:20:00,14.016248260091826,VPCC,HHZ
2025-02-11 07:30:00,14.402712796894406,VPCC,HHZ
2025-02-11 07:40:00,16.16437851859785,VPCC,HHZ
2025-02-11 07:50:00,12.81369445291332,VPCC,HHZ
2025-02-11 08:00:00,17.02271175679744,VPCC,HHZ
2025-02-11 08:10:00,23.282635405171543,VPCC,HHZ
2025-02-11 08:20:00,37.883826260393754,VPCC,HHZ
2025-02-11 08:30:00,18.343332470291344,VPCC,HHZ
2025-02-11 08:40:00,14.521653176405943,VPCC,HHZ
2025-02-11 08:50:00,13.54119945822332,VPCC,HHZ
2025-02-11 09:00:00,16.045929810082306,VPCC,HHZ
2025-02-11 09:10:00,17.09811236305281,VPCC,HHZ
2025-02-11 09:20:00,14.429069751900627,VPCC,HHZ
2025-02-11 09:30:00,17.33007761822046,VPCC,HHZ
2025-02-11 09:40:00,12.801197858448155,VPCC,HHZ
2025-02-11 09:50:00,11.894764835937393,VPCC,HHZ
2025-02-11 10:00:00,10.41489323104154,VPCC,HHZ
2025-02-11 10:10:00,10.269083012866794,VPCC,HHZ
2025-02-11 10:20:00,10.374308101209287,VPCC,HHZ
2025-02-11 10:30:00,11.015441692005215,VPCC,HHZ
2025-02-11 10:40:00,10.929019763094205,VPCC,HHZ
2025-02-11 10:50:00,11.477136774310514,VPCC,HHZ
2025-02-11 11:00:00,15.12801823790487,VPCC,HHZ
2025-02-11 11:10:00,13.445505066761594,VPCC,HHZ
2025-02-11 11:20:00,17.930873194392007,VPCC,HHZ
2025-02-11 11:30:00,13.742671800861674,VPCC,HHZ
2025-02-11 11:40:00,15.751738028230678,VPCC,HHZ
2025-02-11 11:50:00,13.995358411417074,VPCC,HHZ
2025-02-11 12:00:00,15.423863420539607,VPCC,HHZ
2025-02-11 12:10:00,14.939827769737624,VPCC,HHZ
2025-02-11 12:20:00,18.787138683077647,VPCC,HHZ
2025-02-11 12:30:00,30.45383302486018,VPCC,HHZ
2025-02-11 12:40:00,19.88233625257661,VPCC,HHZ
2025-02-11 12:50:00,33.69940464627657,VPCC,HHZ
2025-02-11 13:00:00,22.272374201406382,VPCC,HHZ
2025-02-11 13:10:00,51.99965908602655,VPCC,HHZ
2025-02-11 13:20:00,31.13109098051349,VPCC,HHZ
2025-02-11 13:30:00,24.53403231165578,VPCC,HHZ
2025-02-11 13:40:00,22.94151901331799,VPCC,HHZ
2025-02-11 13:50:00,21.356853355283057,VPCC,HHZ
2025-02-11 14:00:00,24.09571161443502,VPCC,HHZ
2025-02-11 14:10:00,26.101483752910553,VPCC,HHZ
2025-02-11 14:20:00,25.368927204474655,VPCC,HHZ
2025-02-11 14:30:00,25.231354142749076,VPCC,HHZ
2025-02-11 14:40:00,30.272773553417007,VPCC,HHZ
2025-02-11 14:50:00,21.01775232266163,VPCC,HHZ
2025-02-11 15:00:00,25.57661124394961,VPCC,HHZ
2025-02-11 15:10:00,26.55667328300742,VPCC,HHZ
2025-02-11 15:20:00,23.079457124583314,VPCC,HHZ
2025-02-11 15:30:00,24.79117206778069,VPCC,HHZ
2025-02-11 15:40:00,25.918701879307015,VPCC,HHZ
2025-02-11 15:50:00,32.907066307799184,VPCC,HHZ
2025-02-11 16:00:00,35.490171132286086,VPCC,HHZ
2025-02-11 16:10:00,40.279386553841476,VPCC,HHZ
2025-02-11 16:20:00,34.32200630566695,VPCC,HHZ
2025-02-11 16:30:00,36.15363951606182,VPCC,HHZ
2025-02-11 16:40:00,41.65700046757198,VPCC,HHZ
2025-02-11 16:50:00,53.7606593843621,VPCC,HHZ
2025-02-11 17:00:00,53.645015910703655,VPCC,HHZ
2025-02-11 17:10:00,56.12125097095813,VPCC,HHZ
2025-02-11 17:20:00,58.02637788002162,VPCC,HHZ
2025-02-11 17:30:00,54.30806503175547,VPCC,HHZ
2025-02-11 17:40:00,35.28734542269245,VPCC,HHZ
2025-02-11 17:50:00,40.77815285325557,VPCC,HHZ
2025-02-11 18:00:00,58.03261237593603,VPCC,HHZ
2025-02-11 18:10:00,42.773905065567014,VPCC,HHZ
2025-02-11 18:20:00,47.10107731398559,VPCC,HHZ
2025-02-11 18:30:00,44.337070662850664,VPCC,HHZ
2025-02-11 18:40:00,40.897851634257584,VPCC,HHZ
2025-02-11 18:50:00,31.32274094113697,VPCC,HHZ
2025-02-11 19:00:00,38.64994445096957,VPCC,HHZ
2025-02-11 19:10:00,26.515433071341228,VPCC,HHZ
2025-02-11 19:20:00,30.18225184580123,VPCC,HHZ
2025-02-11 19:30:00,29.79247704790221,VPCC,HHZ
2025-02-11 19:40:00,40.69601581483672,VPCC,HHZ
2025-02-11 19:50:00,43.5327171146677,VPCC,HHZ
2025-02-11 20:00:00,56.91233653718895,VPCC,HHZ
2025-02-11 20:10:00,40.75137493932095,VPCC,HHZ
2025-02-11 20:20:00,35.764086024197596,VPCC,HHZ
2025-02-11 20:30:00,32.98567150065413,VPCC,HHZ
2025-02-11 20:40:00,31.892609853673903,VPCC,HHZ
2025-02-11 20:50:00,47.970075251766374,VPCC,HHZ
2025-02-11 21:00:00,43.15898107336349,VPCC,HHZ
2025-02-11 21:10:00,57.16400594607299,VPCC,HHZ
2025-02-11 21:20:00,54.135746199716856,VPCC,HHZ
2025-02-11 21:30:00,49.21398600227112,VPCC,HHZ
2025-02-11 21:40:00,34.37466746979239,VPCC,HHZ
2025-02-11 21:50:00,29.85037716837026,VPCC,HHZ
2025-02-11 22:00:00,30.509522236777038,VPCC,HHZ
2025-02-11 22:10:00,33.46000078463014,VPCC,HHZ
2025-02-11 22:20:00,29.024695588587594,VPCC,HHZ
2025-02-11 22:30:00,31.78222760343972,VPCC,HHZ
2025-02-11 22:40:00,24.33579477391283,VPCC,HHZ
2025-02-11 22:50:00,25.698876842070376,VPCC,HHZ
2025-02-11 23:00:00,26.07116844488579,VPCC,HHZ
2025-02-11 23:10:00,26.046189743819596,VPCC,HHZ
2025-02-11 23:20:00,24.690380834018537,VPCC,HHZ
2025-02-11 23:30:00,20.88681661822453,VPCC,HHZ
2025-02-11 23:40:00,23.300358849478826,VPCC,HHZ
2025-02-11 23:50:00,16.60015411355951,VPCC,HHZ
2025-02-12 00:00:00,18.562001217663102,VPCC,HHZ
2025-02-12 00:10:00,17.434929794001448,VPCC,HHZ
2025-02-12 00:20:00,18.6220153679231,VPCC,HHZ
2025-02-12 00:30:00,17.958145612831608,VPCC,HHZ
2025-02-12 00:40:00,14.650353292873136,VPCC,HHZ
2025-02-12 00:50:00,13.49566871638458,VPCC,HHZ
2025-02-12 01:00:00,12.889968605157465,VPCC,HHZ
2025-02-12 01:10:00,24.25543709907865,VPCC,HHZ
2025-02-12 01:20:00,22.855212740176132,VPCC,HHZ
2025-02-12 01:30:00,16.81604658135825,VPCC,HHZ
2025-02-12 01:40:00,18.39543373569408,VPCC,HHZ
2025-02-12 01:50:00,23.309041728919393,VPCC,HHZ
2025-02-12 02:00:00,22.037551449498576,VPCC,HHZ
2025-02-12 02:10:00,19.95930647458335,VPCC,HHZ
2025-02-12 02:20:00,17.41049332825133,VPCC,HHZ
2025-02-12 02:30:00,19.304407900982152,VPCC,HHZ
2025-02-12 02:40:00,16.08150196553291,VPCC,HHZ
2025-02-12 02:50:00,15.701549052631979,VPCC,HHZ
2025-02-12 03:00:00,10.864943844005447,VPCC,HHZ
2025-02-12 03:10:00,12.983155869237821,VPCC,HHZ
2025-02-12 03:20:00,12.982737235156707,VPCC,HHZ
2025-02-12 03:30:00,13.785052302083297,VPCC,HHZ
2025-02-12 03:40:00,16.248167978128567,VPCC,HHZ
2025-02-12 03:50:00,13.441332130398973,VPCC,HHZ
2025-02-12 04:00:00,12.632913616098024,VPCC,HHZ
2025-02-12 04:10:00,16.869529097910625,VPCC,HHZ
2025-02-12 04:20:00,18.476131283620077,VPCC,HHZ
2025-02-12 04:30:00,16.15920841303812,VPCC,HHZ
2025-02-12 04:40:00,15.31139296270875,VPCC,HHZ
2025-02-12 04:50:00,15.050022562113316,VPCC,HHZ
2025-02-12 05:00:00,14.32351340576739,VPCC,HHZ
2025-02-12 05:10:00,14.80799582489678,VPCC,HHZ
2025-02-12 05:20:00,14.207966294002874,VPCC,HHZ
2025-02-12 05:30:00,14.933860243679185,VPCC,HHZ
2025-02-12 05:40:00,14.987814439300474,VPCC,HHZ
2025-02-12 05:50:00,13.68571780021845,VPCC,HHZ
2025-02-12 06:00:00,14.623087075549508,VPCC,HHZ
2025-02-12 06:10:00,15.736685698555876,VPCC,HHZ
2025-02-12 06:20:00,12.748182758505452,VPCC,HHZ
2025-02-12 06:30:00,10.486028077380082,VPCC,HHZ
2025-02-12 06:40:00,12.28946700122876,VPCC,HHZ
2025-02-12 06:50:00,10.480530136772888,VPCC,HHZ
2025-02-12 07:00:00,10.825611463369771,VPCC,HHZ
2025-02-12 07:10:00,12.269942065195744,VPCC,HHZ
2025-02-12 07:20:00,11.056664004706283,VPCC,HHZ
2025-02-12 07:30:00,13.239960528384573,VPCC,HHZ
2025-02-12 07:40:00,13.963747964456001,VPCC,HHZ
2025-02-12 07:50:00,10.737173377902742,VPCC,HHZ
2025-02-12 08:00:00,10.570095053844225,VPCC,HHZ
2025-02-12 08:10:00,14.152207031583806,VPCC,HHZ
2025-02-12 08:20:00,15.58888011014646,VPCC,HHZ
2025-02-12 08:30:00,21.207484805760398,VPCC,HHZ
2025-02-12 08:40:00,12.466480443892022,VPCC,HHZ
2025-02-12 08:50:00,11.785563447859255,VPCC,HHZ
2025-02-12 09:00:00,10.833055609597794,VPCC,HHZ
2025-02-12 09:10:00,13.727144517861259,VPCC,HHZ
2025-02-12 09:20:00,13.702897259068013,VPCC,HHZ
2025-02-12 09:30:00,11.883904366909004,VPCC,HHZ
2025-02-12 09:40:00,11.200878738746965,VPCC,HHZ
2025-02-12 09:50:00,11.667805682473627,VPCC,HHZ
2025-02-12 10:00:00,10.895976095841963,VPCC,HHZ
2025-02-12 10:10:00,13.882253787783851,VPCC,HHZ
2025-02-12 10:20:00,12.57141792400678,VPCC,HHZ
2025-02-12 10:30:00,12.674949926945645,VPCC,HHZ
2025-02-12 10:40:00,12.926462652247496,VPCC,HHZ
2025-02-12 10:50:00,11.942984046354963,VPCC,HHZ
2025-02-12 11:00:00,13.350421312744578,VPCC,HHZ
2025-02-12 11:10:00,14.595289019545316,VPCC,HHZ
2025-02-12 11:20:00,14.095138128604296,VPCC,HHZ
2025-02-12 11:30:00,13.38719411889586,VPCC,HHZ
2025-02-12 11:40:00,13.510467165141097,VPCC,HHZ
2025-02-12 11:50:00,13.162595343559454,VPCC,HHZ
2025-02-12 12:00:00,12.873211577721701,VPCC,HHZ
2025-02-12 12:10:00,12.679462357461615,VPCC,HHZ
2025-02-12 12:20:00,16.657388794005527,VPCC,HHZ
2025-02-12 12:30:00,18.98345346388847,VPCC,HHZ
2025-02-12 12:40:00,19.915781472518546,VPCC,HHZ
2025-02-12 12:50:00,34.761713051873244,VPCC,HHZ
2025-02-12 13:00:00,28.782672098175524,VPCC,HHZ
2025-02-12 13:10:00,50.36711771915364,VPCC,HHZ
2025-02-12 13:20:00,54.44117454989716,VPCC,HHZ
2025-02-12 13:30:00,35.70849506969137,VPCC,HHZ
2025-02-12 13:40:00,41.69354731248581,VPCC,HHZ
2025-02-12 13:50:00,36.606464700822976,VPCC,HHZ
2025-02-12 14:00:00,28.637001461404402,VPCC,HHZ
2025-02-12 14:10:00,28.365600100332838,VPCC,HHZ
2025-02-12 14:20:00,28.428754330218563,VPCC,HHZ
2025-02-12 14:30:00,23.199751455814454,VPCC,HHZ
2025-02-12 14:40:00,36.27985316958486,VPCC,HHZ
2025-02-12 14:50:00,25.172808664232967,VPCC,HHZ
2025-02-12 15:00:00,29.761478661388935,VPCC,HHZ
2025-02-12 15:10:00,25.95618710664543,VPCC,HHZ
2025-02-12 15:20:00,25.544210636294626,VPCC,HHZ
2025-02-12 15:30:00,23.361105975419473,VPCC,HHZ
2025-02-12 15:40:00,27.949348305350934,VPCC,HHZ
2025-02-12 15:50:00,43.325112204799574,VPCC,HHZ
2025-02-12 16:00:00,38.169241323568365,VPCC,HHZ
2025-02-12 16:10:00,25.020370783577924,VPCC,HHZ
2025-02-12 16:20:00,26.91512051386053,VPCC,HHZ
2025-02-12 16:30:00,25.360683414735313,VPCC,HHZ
2025-02-12 16:40:00,27.992050565633917,VPCC,HHZ
2025-02-12 16:50:00,28.82531697059432,VPCC,HHZ
2025-02-12 17:00:00,25.128640852789605,VPCC,HHZ
2025-02-12 17:10:00,27.877133404442002,VPCC,HHZ
2025-02-12 17:20:00,48.19633653349003,VPCC,HHZ
2025-02-12 17:30:00,81.18643851055579,VPCC,HHZ
2025-02-12 17:40:00,55.855965050702515,VPCC,HHZ
2025-02-12 17:50:00,31.416440552069993,VPCC,HHZ
2025-02-12 18:00:00,36.803631821688185,VPCC,HHZ
2025-02-12 18:10:00,36.602575142355114,VPCC,HHZ
2025-02-12 18:20:00,38.99513560348704,VPCC,HHZ
2025-02-12 18:30:00,38.16515549068962,VPCC,HHZ
2025-02-12 18:40:00,32.70185232768121,VPCC,HHZ
2025-02-12 18:50:00,29.973805369000054,VPCC,HHZ
2025-02-12 19:00:00,31.638777153477353,VPCC,HHZ
2025-02-12 19:10:00,39.78304683570411,VPCC,HHZ
2025-02-12 19:20:00,40.8244313382047,VPCC,HHZ
2025-02-12 19:30:00,36.42154415629483,VPCC,HHZ
2025-02-12 19:40:00,34.503016212156055,VPCC,HHZ
2025-02-12 19:50:00,36.94564376602574,VPCC,HHZ
2025-02-12 20:00:00,34.26541812356023,VPCC,HHZ
2025-02-12 20:10:00,31.77040105465839,VPCC,HHZ
2025-02-12 20:20:00,34.73977664742409,VPCC,HHZ
2025-02-12 20:30:00,38.011220808005866,VPCC,HHZ
2025-02-12 20:40:00,40.72496906423219,VPCC,HHZ
2025-02-12 20:50:00,36.80770371392603,VPCC,HHZ
2025-02-12 21:00:00,33.944304021647454,VPCC,HHZ
2025-02-12 21:10:00,37.85479659524226,VPCC,HHZ
2025-02-12 21:20:00,43.202977465970896,VPCC,HHZ
2025-02-12 21:30:00,43.78020541197584,VPCC,HHZ
2025-02-12 21:40:00,46.37890227641807,VPCC,HHZ
2025-02-12 21:50:00,57.76420560985038,VPCC,HHZ
2025-02-12 22:00:00,38.925672112442776,VPCC,HHZ
2025-02-12 22:10:00,61.090992084288345,VPCC,HHZ
2025-02-12 22:20:00,37.93619626497111,VPCC,HHZ
2025-02-12 22:30:00,31.8186368356373,VPCC,HHZ
2025-02-12 22:40:00,34.06124808146665,VPCC,HHZ
2025-02-12 22:50:00,32.471638563466854,VPCC,HHZ
2025-02-12 23:00:00,34.1430493451088,VPCC,HHZ
2025-02-12 23:10:00,29.311731289100653,VPCC,HHZ
2025-02-12 23:20:00,35.878833172628546,VPCC,HHZ
2025-02-12 23:30:00,39.002912790400636,VPCC,HHZ
2025-02-12 23:40:00,44.88025962558834,VPCC,HHZ
2025-02-12 23:50:00,45.70188500332449,VPCC,HHZ
2025-02-13 00:00:00,40.429038324139206,VPCC,HHZ
2025-02-13 00:10:00,37.69922316695651,VPCC,HHZ
2025-02-13 00:20:00,35.41805146946607,VPCC,HHZ
2025-02-13 00:30:00,30.00137265324625,VPCC,HHZ
2025-02-13 00:40:00,30.740343838908895,VPCC,HHZ
2025-02-13 00:50:00,26.858377123923745,VPCC,HHZ
2025-02-13 01:00:00,25.200953331946618,VPCC,HHZ
2025-02-13 01:10:00,26.44166246174576,VPCC,HHZ
2025-02-13 01:20:00,25.81333401450209,VPCC,HHZ
2025-02-13 01:30:00,22.977123104642864,VPCC,HHZ
2025-02-13 01:40:00,26.44571480532832,VPCC,HHZ
2025-02-13 01:50:00,24.55436279029151,VPCC,HHZ
2025-02-13 02:00:00,23.965260564142046,VPCC,HHZ
2025-02-13 02:10:00,24.273363697407653,VPCC,HHZ
2025-02-13 02:20:00,20.61756617573035,VPCC,HHZ
2025-02-13 02:30:00,20.291766775796365,VPCC,HHZ
2025-02-13 02:40:00,21.757422397749874,VPCC,HHZ
2025-02-13 02:50:00,19.636412847035437,VPCC,HHZ
2025-02-13 03:00:00,23.03960153586554,VPCC,HHZ
2025-02-13 03:10:00,29.890369218796724,VPCC,HHZ
2025-02-13 03:20:00,33.038838471445665,VPCC,HHZ
2025-02-13 03:30:00,30.748302697358685,VPCC,HHZ
2025-02-13 03:40:00,37.14652493414266,VPCC,HHZ
2025-02-13 03:50:00,49.86736166353507,VPCC,HHZ
2025-02-13 04:00:00,42.81449552399555,VPCC,HHZ
2025-02-13 04:10:00,24.63181457080058,VPCC,HHZ
2025-02-13 04:20:00,31.43012584230593,VPCC,HHZ
2025-02-13 04:30:00,27.451047365373558,VPCC,HHZ
2025-02-13 04:40:00,28.603804120107842,VPCC,HHZ
2025-02-13 04:50:00,31.172063663832166,VPCC,HHZ
2025-02-13 05:00:00,28.58518245089656,VPCC,HHZ
2025-02-13 05:10:00,30.772634171821856,VPCC,HHZ
2025-02-13 05:20:00,38.55665602406998,VPCC,HHZ
2025-02-13 05:30:00,29.987953392434747,VPCC,HHZ
2025-02-13 05:40:00,32.627694131349266,VPCC,HHZ
2025-02-13 05:50:00,25.548920051831434,VPCC,HHZ
2025-02-13 06:00:00,25.96851725529415,VPCC,HHZ
2025-02-13 06:10:00,41.88671112013932,VPCC,HHZ
2025-02-13 06:20:00,25.7037153347366,VPCC,HHZ
2025-02-13 06:30:00,25.225506111234175,VPCC,HHZ
2025-02-13 06:40:00,29.23134130630045,VPCC,HHZ
2025-02-13 06:50:00,22.94250744068599,VPCC,HHZ
2025-02-13 07:00:00,23.01628336889466,VPCC,HHZ
2025-02-13 07:10:00,21.808255856069376,VPCC,HHZ
2025-02-13 07:20:00,23.18380948316363,VPCC,HHZ
2025-02-13 07:30:00,24.959924785601935,VPCC,HHZ
2025-02-13 07:40:00,22.92983637101457,VPCC,HHZ
2025-02-13 07:50:00,25.518647441349252,VPCC,HHZ
2025-02-13 08:00:00,36.42818831628361,VPCC,HHZ
2025-02-13 08:10:00,25.828449637558293,VPCC,HHZ
2025-02-13 08:20:00,25.41164008847083,VPCC,HHZ
2025-02-13 08:30:00,26.213417131617824,VPCC,HHZ
2025-02-13 08:40:00,25.17314127361647,VPCC,HHZ
2025-02-13 08:50:00,23.85834316075299,VPCC,HHZ
2025-02-13 09:00:00,24.845815001417684,VPCC,HHZ
2025-02-13 09:10:00,25.470425913282043,VPCC,HHZ
2025-02-13 09:20:00,26.733015216135243,VPCC,HHZ
2025-02-13 09:30:00,32.77067690572306,VPCC,HHZ
2025-02-13 09:40:00,28.172358361827225,VPCC,HHZ
2025-02-13 09:50:00,27.055892109246734,VPCC,HHZ
2025-02-13 10:00:00,28.732845836047062,VPCC,HHZ
2025-02-13 10:10:00,28.722575619822756,VPCC,HHZ
2025-02-13 10:20:00,26.432354807069785,VPCC,HHZ
2025-02-13 10:30:00,28.127982537514672,VPCC,HHZ
2025-02-13 10:40:00,29.801716539421633,VPCC,HHZ
2025-02-13 10:50:00,28.16246349190479,VPCC,HHZ
2025-02-13 11:00:00,26.849367765680977,VPCC,HHZ
2025-02-13 11:10:00,31.00445152355,VPCC,HHZ
2025-02-13 11:20:00,28.417872060571188,VPCC,HHZ
2025-02-13 11:30:00,28.30799715512916,VPCC,HHZ
2025-02-13 11:40:00,24.240612571745867,VPCC,HHZ
2025-02-13 11:50:00,28.33979410388318,VPCC,HHZ
2025-02-13 12:00:00,29.713156886042928,VPCC,HHZ
2025-02-13 12:10:00,30.023900883117072,VPCC,HHZ
2025-02-13 12:20:00,30.051576974235044,VPCC,HHZ
2025-02-13 12:30:00,37.46550178387987,VPCC,HHZ
2025-02-13 12:40:00,33.65166891274112,VPCC,HHZ
2025-02-13 12:50:00,35.082870438440914,VPCC,HHZ
2025-02-13 13:00:00,38.68991237032148,VPCC,HHZ
2025-02-13 13:10:00,49.05460492601929,VPCC,HHZ
2025-02-13 13:20:00,48.67254327786187,VPCC,HHZ
2025-02-13 13:30:00,40.36427583151257,VPCC,HHZ
2025-02-13 13:40:00,64.90190656099652,VPCC,HHZ
2025-02-13 13:50:00,46.5439999241268,VPCC,HHZ
2025-02-13 14:00:00,36.05390679367915,VPCC,HHZ
2025-02-13 14:10:00,56.68270376784681,VPCC,HHZ
2025-02-13 14:20:00,54.10634469078623,VPCC,HHZ
2025-02-13 14:30:00,31.668997130792263,VPCC,HHZ
2025-02-13 14:40:00,31.201811112273028,VPCC,HHZ
2025-02-13 14:50:00,33.09807349684424,VPCC,HHZ
2025-02-13 15:00:00,37.69158103909389,VPCC,HHZ
2025-02-13 15:10:00,30.808281058005097,VPCC,HHZ
2025-02-13 15:20:00,32.62559638307906,VPCC,HHZ
2025-02-13 15:30:00,39.448136718574624,VPCC,HHZ
2025-02-13 15:40:00,43.22556704755629,VPCC,HHZ
2025-02-13 15:50:00,30.54191894207566,VPCC,HHZ
2025-02-13 16:00:00,31.571789871763727,VPCC,HHZ
2025-02-13 16:10:00,28.505557841376454,VPCC,HHZ
2025-02-13 16:20:00,26.60691718261167,VPCC,HHZ
2025-02-13 16:30:00,24.670884698887402,VPCC,HHZ
2025-02-13 16:40:00,21.72179955893897,VPCC,HHZ
2025-02-13 16:50:00,27.04417773496196,VPCC,HHZ
2025-02-13 17:00:00,37.58295689683964,VPCC,HHZ
2025-02-13 17:10:00,31.114980438158693,VPCC,HHZ
2025-02-13 17:20:00,88.5667488040672,VPCC,HHZ
2025-02-13 17:30:00,28.00022808475292,VPCC,HHZ
2025-02-13 17:40:00,25.094011207639632,VPCC,HHZ
2025-02-13 17:50:00,23.565677124228745,VPCC,HHZ
2025-02-13 18:00:00,26.529712697071183,VPCC,HHZ
2025-02-13 18:10:00,30.616164106561634,VPCC,HHZ
2025-02-13 18:20:00,29.6262543428408,VPCC,HHZ
2025-02-13 18:30:00,35.275623745461736,VPCC,HHZ
2025-02-13 18:40:00,72.09953849945857,VPCC,HHZ
2025-02-13 18:50:00,21.85284925324219,VPCC,HHZ
2025-02-13 19:00:00,27.185434636402306,VPCC,HHZ
2025-02-13 19:10:00,25.48640041254708,VPCC,HHZ
2025-02-13 19:20:00,26.416150692188232,VPCC,HHZ
2025-02-13 19:30:00,21.285387091623786,VPCC,HHZ
2025-02-13 19:40:00,23.102716148691496,VPCC,HHZ
2025-02-13 19:50:00,23.412201100782745,VPCC,HHZ
2025-02-13 20:00:00,24.09916856402088,VPCC,HHZ
2025-02-13 20:10:00,31.38211725887733,VPCC,HHZ
2025-02-13 20:20:00,76.1727620045612,VPCC,HHZ
2025-02-13 20:30:00,52.931264147802885,VPCC,HHZ
2025-02-13 20:40:00,46.14532250320799,VPCC,HHZ
2025-02-13 20:50:00,46.556477686492606,VPCC,HHZ
2025-02-13 21:00:00,50.661983303259376,VPCC,HHZ
2025-02-13 21:10:00,56.51797053311626,VPCC,HHZ
2025-02-13 21:20:00,42.96984888405054,VPCC,HHZ
2025-02-13 21:30:00,43.15625251665599,VPCC,HHZ
2025-02-13 21:40:00,43.747280192610496,VPCC,HHZ
2025-02-13 21:50:00,59.54247571113365,VPCC,HHZ
2025-02-13 22:00:00,46.276866510988036,VPCC,HHZ
2025-02-13 22:10:00,42.9724870831637,VPCC,HHZ
2025-02-13 22:20:00,62.061171865590474,VPCC,HHZ
2025-02-13 22:30:00,38.313609474825626,VPCC,HHZ
2025-02-13 22:40:00,42.12210934850972,VPCC,HHZ
2025-02-13 22:50:00,52.33294396503931,VPCC,HHZ
2025-02-13 23:00:00,42.52494458779893,VPCC,HHZ
2025-02-13 23:10:00,46.84029944768196,VPCC,HHZ
2025-02-13 23:20:00,37.22499600538186,VPCC,HHZ
2025-02-13 23:30:00,42.78385171300487,VPCC,HHZ
2025-02-13 23:40:00,32.8325067542227,VPCC,HHZ
2025-02-13 23:50:00,34.08877697766718,VPCC,HHZ
2025-02-14 00:00:00,30.020432159699823,VPCC,HHZ
2025-02-14 00:10:00,68.48130782287177,VPCC,HHZ
2025-02-14 00:20:00,60.86599674288059,VPCC,HHZ
2025-02-14 00:30:00,29.938340746432832,VPCC,HHZ
2025-02-14 00:40:00,28.21201442806809,VPCC,HHZ
2025-02-14 00:50:00,28.55143318792659,VPCC,HHZ
2025-02-14 01:00:00,38.087529379817866,VPCC,HHZ
2025-02-14 01:10:00,32.9174497537906,VPCC,HHZ
2025-02-14 01:20:00,31.59403281618406,VPCC,HHZ
2025-02-14 01:30:00,26.277677486426864,VPCC,HHZ
2025-02-14 01:40:00,28.56359001137803,VPCC,HHZ
2025-02-14 01:50:00,28.460029682108622,VPCC,HHZ
2025-02-14 02:00:00,30.399666955641,VPCC,HHZ
2025-02-14 02:10:00,28.48007620777526,VPCC,HHZ
2025-02-14 02:20:00,28.17728018321769,VPCC,HHZ
2025-02-14 02:30:00,26.879667009565903,VPCC,HHZ
2025-02-14 02:40:00,25.862737141344777,VPCC,HHZ
2025-02-14 02:50:00,22.367297993008133,VPCC,HHZ
2025-02-14 03:00:00,21.77397121256338,VPCC,HHZ
2025-02-14 03:10:00,20.682815334546454,VPCC,HHZ
2025-02-14 03:20:00,18.64240756779281,VPCC,HHZ
2025-02-14 03:30:00,15.18531300767828,VPCC,HHZ
2025-02-14 03:40:00,23.08655562654159,VPCC,HHZ
2025-02-14 03:50:00,18.212031081649137,VPCC,HHZ
2025-02-14 04:00:00,20.09871326336899,VPCC,HHZ
2025-02-14 04:10:00,19.158603385366625,VPCC,HHZ
2025-02-14 04:20:00,24.30245284819121,VPCC,HHZ
2025-02-14 04:30:00,28.479468531321476,VPCC,HHZ
2025-02-14 04:40:00,30.508323875680535,VPCC,HHZ
2025-02-14 04:50:00,31.034924856531536,VPCC,HHZ
2025-02-14 05:00:00,32.39512848922699,VPCC,HHZ
2025-02-14 05:10:00,34.2803053600814,VPCC,HHZ
2025-02-14 05:20:00,36.62969186765417,VPCC,HHZ
2025-02-14 05:30:00,36.02701890654584,VPCC,HHZ
2025-02-14 05:40:00,37.28434865998499,VPCC,HHZ
2025-02-14 05:50:00,36.55268787763368,VPCC,HHZ
2025-02-14 06:00:00,32.12378073849221,VPCC,HHZ
2025-02-14 06:10:00,36.183461888090335,VPCC,HHZ
2025-02-14 06:20:00,34.773349831985065,VPCC,HHZ
2025-02-14 06:30:00,36.71886399455682,VPCC,HHZ
2025-02-14 06:40:00,35.63453312190156,VPCC,HHZ
2025-02-14 06:50:00,37.443081606714735,VPCC,HHZ
2025-02-14 07:00:00,34.64369351241197,VPCC,HHZ
2025-02-14 07:10:00,35.01894866943302,VPCC,HHZ
2025-02-14 07:20:00,41.04792442004522,VPCC,HHZ
2025-02-14 07:30:00,48.529452749883,VPCC,HHZ
2025-02-14 07:40:00,32.847085355768215,VPCC,HHZ
2025-02-14 07:50:00,34.89993665508158,VPCC,HHZ
2025-02-14 08:00:00,34.59645343455974,VPCC,HHZ
2025-02-14 08:10:00,36.27922029244631,VPCC,HHZ
2025-02-14 08:20:00,39.22734364225922,VPCC,HHZ
2025-02-14 08:30:00,39.25610207738114,VPCC,HHZ
2025-02-14 08:40:00,35.420168348171494,VPCC,HHZ
2025-02-14 08:50:00,33.41355937932511,VPCC,HHZ
2025-02-14 09:00:00,33.14291840712721,VPCC,HHZ
2025-02-14 09:10:00,33.404284116851116,VPCC,HHZ
2025-02-14 09:20:00,32.043799983875644,VPCC,HHZ
2025-02-14 09:30:00,34.78612147546477,VPCC,HHZ
2025-02-14 09:40:00,33.74526365196612,VPCC,HHZ
2025-02-14 09:50:00,34.866007704896944,VPCC,HHZ
2025-02-14 10:00:00,43.09515044175815,VPCC,HHZ
2025-02-14 10:10:00,44.21197652426503,VPCC,HHZ
2025-02-14 10:20:00,40.54406334154415,VPCC,HHZ
2025-02-14 10:30:00,39.48495468770108,VPCC,HHZ
2025-02-14 10:40:00,45.96110048975896,VPCC,HHZ
2025-02-14 10:50:00,29.456542334596968,VPCC,HHZ
2025-02-14 11:00:00,14.418721051237757,VPCC,HHZ
2025-02-14 11:10:00,18.073367680725593,VPCC,HHZ
2025-02-14 11:20:00,17.06455650692119,VPCC,HHZ
2025-02-14 11:30:00,15.986766534946277,VPCC,HHZ
2025-02-14 11:40:00,20.488109596977733,VPCC,HHZ
2025-02-14 11:50:00,26.57682801468334,VPCC,HHZ
2025-02-14 12:00:00,27.826644581502126,VPCC,HHZ
2025-02-14 12:10:00,25.739789155059213,VPCC,HHZ
2025-02-14 12:20:00,28.45200148072441,VPCC,HHZ
2025-02-14 12:30:00,23.753617933792118,VPCC,HHZ
2025-02-14 12:40:00,23.535041191259033,VPCC,HHZ
2025-02-14 12:50:00,21.485153191819816,VPCC,HHZ
2025-02-14 13:00:00,24.9582952366174,VPCC,HHZ
2025-02-14 13:10:00,30.63902824221763,VPCC,HHZ
2025-02-14 13:20:00,22.376514502678642,VPCC,HHZ
2025-02-14 13:30:00,52.03384923778439,VPCC,HHZ
2025-02-14 13:40:00,34.02468281200505,VPCC,HHZ
2025-02-14 13:50:00,35.95064678815259,VPCC,HHZ
2025-02-14 14:00:00,30.499199538897063,VPCC,HHZ
2025-02-14 14:10:00,35.19218773379711,VPCC,HHZ
2025-02-14 14:20:00,43.502240125988706,VPCC,HHZ
2025-02-14 14:30:00,35.30907816671997,VPCC,HHZ
2025-02-14 14:40:00,36.18558334967162,VPCC,HHZ
2025-02-14 14:50:00,35.97905982237879,VPCC,HHZ
2025-02-14 15:00:00,33.91696973078469,VPCC,HHZ
2025-02-14 15:10:00,36.09618975125625,VPCC,HHZ
2025-02-14 15:20:00,34.93096207048188,VPCC,HHZ
2025-02-14 15:30:00,50.88841017187795,VPCC,HHZ
2025-02-14 15:40:00,32.42545972198172,VPCC,HHZ
2025-02-14 15:50:00,27.018712352443238,VPCC,HHZ
2025-02-14 16:00:00,28.96593414962353,VPCC,HHZ
2025-02-14 16:10:00,31.88355655460651,VPCC,HHZ
2025-02-14 16:20:00,29.486105733200386,VPCC,HHZ
2025-02-14 16:30:00,36.097135954733176,VPCC,HHZ
2025-02-14 16:40:00,24.33548346816709,VPCC,HHZ
2025-02-14 16:50:00,31.369255095403236,VPCC,HHZ
2025-02-14 17:00:00,23.36893273472172,VPCC,HHZ
2025-02-14 17:10:00,24.117476964925853,VPCC,HHZ
2025-02-14 17:20:00,21.0234374228622,VPCC,HHZ
2025-02-14 17:30:00,25.582479416936152,VPCC,HHZ
2025-02-14 17:40:00,27.332671725503502,VPCC,HHZ
2025-02-14 17:50:00,28.769411361106535,VPCC,HHZ
2025-02-14 18:00:00,28.764708520882593,VPCC,HHZ
2025-02-14 18:10:00,30.951886801558505,VPCC,HHZ
2025-02-14 18:20:00,24.68124489932804,VPCC,HHZ
2025-02-14 18:30:00,27.591746189661542,VPCC,HHZ
2025-02-14 18:40:00,27.506260115407798,VPCC,HHZ
2025-02-14 18:50:00,47.98281524067245,VPCC,HHZ
2025-02-14 19:00:00,31.072964910952567,VPCC,HHZ
2025-02-14 19:10:00,25.453776583267373,VPCC,HHZ
2025-02-14 19:20:00,23.77085165424354,VPCC,HHZ
2025-02-14 19:30:00,22.21761072497239,VPCC,HHZ
2025-02-14 19:40:00,22.19167936755734,VPCC,HHZ
2025-02-14 19:50:00,27.947122589932402,VPCC,HHZ
2025-02-14 20:00:00,25.576710345301255,VPCC,HHZ
2025-02-14 20:10:00,31.384306323098215,VPCC,HHZ
2025-02-14 20:20:00,29.555932403158305,VPCC,HHZ
2025-02-14 20:30:00,25.799049310730904,VPCC,HHZ
2025-02-14 20:40:00,27.93708013360315,VPCC,HHZ
2025-02-14 20:50:00,38.33695697773279,VPCC,HHZ
2025-02-14 21:00:00,34.65265472466138,VPCC,HHZ
2025-02-14 21:10:00,36.45661803789465,VPCC,HHZ
2025-02-14 21:20:00,36.545305116938344,VPCC,HHZ
2025-02-14 21:30:00,40.18058468241907,VPCC,HHZ
2025-02-14 21:40:00,42.281523541162116,VPCC,HHZ
2025-02-14 21:50:00,37.28497523797448,VPCC,HHZ
2025-02-14 22:00:00,33.10896000362475,VPCC,HHZ
2025-02-14 22:10:00,36.0031715808181,VPCC,HHZ
2025-02-14 22:20:00,34.489950238087864,VPCC,HHZ
2025-02-14 22:30:00,34.06876043216161,VPCC,HHZ
2025-02-14 22:40:00,30.271910411475332,VPCC,HHZ
2025-02-14 22:50:00,30.772834223485788,VPCC,HHZ
2025-02-14 23:00:00,27.563599313626323,VPCC,HHZ
2025-02-14 23:10:00,390.9281021252373,VPCC,HHZ
2025-02-14 23:20:00,30.232580063518295,VPCC,HHZ
2025-02-14 23:30:00,31.781088853516344,VPCC,HHZ
2025-02-14 23:40:00,33.43872272615906,VPCC,HHZ
2025-02-14 23:50:00,53.14871267878871,VPCC,HHZ
2025-02-15 00:00:00,95.44145998910233,VPCC,HHZ
2025-02-15 00:10:00,35.91099594089525,VPCC,HHZ
2025-02-15 00:20:00,34.86623693700278,VPCC,HHZ
2025-02-15 00:30:00,31.4347028415804,VPCC,HHZ
2025-02-15 00:40:00,41.84759273118167,VPCC,HHZ
2025-02-15 00:50:00,34.58217077085241,VPCC,HHZ
2025-02-15 01:00:00,42.921209734525405,VPCC,HHZ
2025-02-15 01:10:00,42.141631223122744,VPCC,HHZ
2025-02-15 01:20:00,37.45514310390263,VPCC,HHZ
2025-02-15 01:30:00,38.29136088559,VPCC,HHZ
2025-02-15 01:40:00,57.88590127405621,VPCC,HHZ
2025-02-15 01:50:00,64.5731882596184,VPCC,HHZ
2025-02-15 02:00:00,37.592123000306586,VPCC,HHZ
2025-02-15 02:10:00,51.10748016551468,VPCC,HHZ
2025-02-15 02:20:00,45.759566779710056,VPCC,HHZ
2025-02-15 02:30:00,20.14207439945675,VPCC,HHZ
2025-02-15 02:40:00,38.40882609697205,VPCC,HHZ
2025-02-15 02:50:00,43.90534033475201,VPCC,HHZ
2025-02-15 03:00:00,39.086118813785774,VPCC,HHZ
2025-02-15 03:10:00,44.64568680194699,VPCC,HHZ
2025-02-15 03:20:00,45.74808723463538,VPCC,HHZ
2025-02-15 03:30:00,56.66391105555382,VPCC,HHZ
2025-02-15 03:40:00,41.69154879256037,VPCC,HHZ
2025-02-15 03:50:00,32.8838485821304,VPCC,HHZ
2025-02-15 04:00:00,30.628124641247283,VPCC,HHZ
2025-02-15 04:10:00,29.078066667199646,VPCC,HHZ
2025-02-15 04:20:00,26.699304356445545,VPCC,HHZ
2025-02-15 04:30:00,27.41067439669073,VPCC,HHZ
2025-02-15 04:40:00,28.64377034695766,VPCC,HHZ
2025-02-15 04:50:00,28.64398435713529,VPCC,HHZ
2025-02-15 05:00:00,25.769049433581575,VPCC,HHZ
2025-02-15 05:10:00,22.043843973324414,VPCC,HHZ
2025-02-15 05:20:00,20.751825741912494,VPCC,HHZ
2025-02-15 05:30:00,19.58506807086372,VPCC,HHZ
2025-02-15 05:40:00,16.845910012459544,VPCC,HHZ
2025-02-15 05:50:00,18.085722124542393,VPCC,HHZ
2025-02-15 06:00:00,17.834812012496855,VPCC,HHZ
2025-02-15 06:10:00,20.6069140027901,VPCC,HHZ
2025-02-15 06:20:00,18.62506225004294,VPCC,HHZ
2025-02-15 06:30:00,17.925929783894023,VPCC,HHZ
2025-02-15 06:40:00,18.870954227844294,VPCC,HHZ
2025-02-15 06:50:00,21.73299845197796,VPCC,HHZ
2025-02-15 07:00:00,17.865050002074494,VPCC,HHZ
2025-02-15 07:10:00,20.964576074642412,VPCC,HHZ
2025-02-15 07:20:00,21.839847343735546,VPCC,HHZ
2025-02-15 07:30:00,23.44089962077388,VPCC,HHZ
2025-02-15 07:40:00,36.334467050700255,VPCC,HHZ
2025-02-15 07:50:00,24.31908781841569,VPCC,HHZ
2025-02-15 08:00:00,20.305877999912415,VPCC,HHZ
2025-02-15 08:10:00,15.856020149982974,VPCC,HHZ
2025-02-15 08:20:00,14.911531308258105,VPCC,HHZ
2025-02-15 08:30:00,15.587670659436174,VPCC,HHZ
2025-02-15 08:40:00,16.557522039389433,VPCC,HHZ
2025-02-15 08:50:00,17.853277447960455,VPCC,HHZ
2025-02-15 09:00:00,15.903317086611274,VPCC,HHZ
2025-02-15 09:10:00,17.992482135756543,VPCC,HHZ
2025-02-15 09:20:00,17.39598111229027,VPCC,HHZ
2025-02-15 09:30:00,16.79278537938326,VPCC,HHZ
2025-02-15 09:40:00,16.12962723326447,VPCC,HHZ
2025-02-15 09:50:00,19.81046481108416,VPCC,HHZ
2025-02-15 10:00:00,17.802116391448052,VPCC,HHZ
2025-02-15 10:10:00,18.11006930673482,VPCC,HHZ
2025-02-15 10:20:00,18.196066081643156,VPCC,HHZ
2025-02-15 10:30:00,15.488331954933615,VPCC,HHZ
2025-02-15 10:40:00,14.842623974342546,VPCC,HHZ
2025-02-15 10:50:00,14.24474954689414,VPCC,HHZ
2025-02-15 11:00:00,12.87588591234976,VPCC,HHZ
2025-02-15 11:10:00,15.632846492617984,VPCC,HHZ
2025-02-15 11:20:00,19.19646210210283,VPCC,HHZ
2025-02-15 11:30:00,22.243236744246992,VPCC,HHZ
2025-02-15 11:40:00,21.552419966800105,VPCC,HHZ
2025-02-15 11:50:00,20.660323301817897,VPCC,HHZ
2025-02-15 12:00:00,22.915056456503716,VPCC,HHZ
2025-02-15 12:10:00,25.03803594753983,VPCC,HHZ
2025-02-15 12:20:00,31.8692984616061,VPCC,HHZ
2025-02-15 12:30:00,26.350109529199308,VPCC,HHZ
2025-02-15 12:40:00,16.48870224519646,VPCC,HHZ
2025-02-15 12:50:00,19.293136870115774,VPCC,HHZ
2025-02-15 13:00:00,23.036470923410153,VPCC,HHZ
2025-02-15 13:10:00,38.97054814776287,VPCC,HHZ
2025-02-15 13:20:00,28.98942597090572,VPCC,HHZ
2025-02-15 13:30:00,25.047152903981686,VPCC,HHZ
2025-02-15 13:40:00,29.349045732108177,VPCC,HHZ
2025-02-15 13:50:00,25.49699199441033,VPCC,HHZ
2025-02-15 14:00:00,30.9386403760148,VPCC,HHZ
2025-02-15 14:10:00,49.23724723831678,VPCC,HHZ
2025-02-15 14:20:00,45.44346812211032,VPCC,HHZ
2025-02-15 14:30:00,30.0466956118371,VPCC,HHZ
2025-02-15 14:40:00,25.905466503517736,VPCC,HHZ
2025-02-15 14:50:00,27.048845827484953,VPCC,HHZ
2025-02-15 15:00:00,26.549217959140243,VPCC,HHZ
2025-02-15 15:10:00,26.846856674929285,VPCC,HHZ
2025-02-15 15:20:00,25.445953127267185,VPCC,HHZ
2025-02-15 15:30:00,22.008034019442782,VPCC,HHZ
2025-02-15 15:40:00,24.40615358690542,VPCC,HHZ
2025-02-15 15:50:00,33.06582463675078,VPCC,HHZ
2025-02-15 16:00:00,32.2487704656385,VPCC,HHZ
2025-02-15 16:10:00,36.0795471385632,VPCC,HHZ
2025-02-15 16:20:00,29.037402068382097,VPCC,HHZ
2025-02-15 16:30:00,31.619337698705728,VPCC,HHZ
2025-02-15 16:40:00,23.600141419828066,VPCC,HHZ
2025-02-15 16:50:00,43.607959750619294,VPCC,HHZ
2025-02-15 17:00:00,54.42548128831524,VPCC,HHZ
2025-02-15 17:10:00,42.86355733167345,VPCC,HHZ
2025-02-15 17:20:00,49.363420720149236,VPCC,HHZ
2025-02-15 17:30:00,41.44243441071573,VPCC,HHZ
2025-02-15 17:40:00,49.82240360027851,VPCC,HHZ
2025-02-15 17:50:00,37.384396411546604,VPCC,HHZ
2025-02-15 18:00:00,23.083459103781813,VPCC,HHZ
2025-02-15 18:10:00,40.83332349802281,VPCC,HHZ
2025-02-15 18:20:00,32.69893887405789,VPCC,HHZ
2025-02-15 18:30:00,31.90532089280747,VPCC,HHZ
2025-02-15 18:40:00,45.26715561668108,VPCC,HHZ
2025-02-15 18:50:00,26.380781077402446,VPCC,HHZ
2025-02-15 19:00:00,29.412303406399758,VPCC,HHZ
2025-02-15 19:10:00,39.27707543809467,VPCC,HHZ
2025-02-15 19:20:00,27.34516524573253,VPCC,HHZ
2025-02-15 19:30:00,38.452975266648096,VPCC,HHZ
2025-02-15 19:40:00,24.290524553817292,VPCC,HHZ
2025-02-15 19:50:00,25.223379873124262,VPCC,HHZ
2025-02-15 20:00:00,25.96419063247422,VPCC,HHZ
2025-02-15 20:10:00,26.728633432330298,VPCC,HHZ
2025-02-15 20:20:00,47.21753754970192,VPCC,HHZ
2025-02-15 20:30:00,46.06417580454719,VPCC,HHZ
2025-02-15 20:40:00,39.72494617275554,VPCC,HHZ
2025-02-15 20:50:00,36.65191569133255,VPCC,HHZ
2025-02-15 21:00:00,32.49657076637496,VPCC,HHZ
2025-02-15 21:10:00,41.4709246349454,VPCC,HHZ
2025-02-15 21:20:00,44.62139530432852,VPCC,HHZ
2025-02-15 21:30:00,56.160504874948614,VPCC,HHZ
2025-02-15 21:40:00,35.95613857943256,VPCC,HHZ
2025-02-15 21:50:00,31.104114792648286,VPCC,HHZ
2025-02-15 22:00:00,32.851715407674796,VPCC,HHZ
2025-02-15 22:10:00,50.231201537095316,VPCC,HHZ
2025-02-15 22:20:00,34.523579876051954,VPCC,HHZ
2025-02-15 22:30:00,40.410204971755675,VPCC,HHZ
2025-02-15 22:40:00,30.32512912345301,VPCC,HHZ
2025-02-15 22:50:00,28.57744186228178,VPCC,HHZ
2025-02-15 23:00:00,26.480366311217193,VPCC,HHZ
2025-02-15 23:10:00,30.93028189836746,VPCC,HHZ
2025-02-15 23:20:00,29.271275343689485,VPCC,HHZ
2025-02-15 23:30:00,21.987875920433442,VPCC,HHZ
2025-02-15 23:40:00,24.22469678065142,VPCC,HHZ
2025-02-15 23:50:00,20.54995817089218,VPCC,HHZ
2025-02-16 00:00:00,19.034481198311056,VPCC,HHZ
2025-02-16 00:10:00,26.477365946330163,VPCC,HHZ
2025-02-16 00:20:00,18.805120426525036,VPCC,HHZ
2025-02-16 00:30:00,16.22593521169128,VPCC,HHZ
2025-02-16 00:40:00,16.539635968666527,VPCC,HHZ
2025-02-16 00:50:00,19.576746382838365,VPCC,HHZ
2025-02-16 01:00:00,20.064097782051398,VPCC,HHZ
2025-02-16 01:10:00,17.732725452899523,VPCC,HHZ
2025-02-16 01:20:00,22.03288752633242,VPCC,HHZ
2025-02-16 01:30:00,21.03508643946984,VPCC,HHZ
2025-02-16 01:40:00,20.08372956152194,VPCC,HHZ
2025-02-16 01:50:00,22.4095720750166,VPCC,HHZ
2025-02-16 02:00:00,20.963204684618844,VPCC,HHZ
2025-02-16 02:10:00,22.17220014392773,VPCC,HHZ
2025-02-16 02:20:00,20.15455937935661,VPCC,HHZ
2025-02-16 02:30:00,20.92572789190864,VPCC,HHZ
2025-02-16 02:40:00,16.350474985096398,VPCC,HHZ
2025-02-16 02:50:00,14.839202746663652,VPCC,HHZ
2025-02-16 03:00:00,15.279474324006367,VPCC,HHZ
2025-02-16 03:10:00,21.426970352773246,VPCC,HHZ
2025-02-16 03:20:00,20.749915725113713,VPCC,HHZ
2025-02-16 03:30:00,29.27057112400876,VPCC,HHZ
2025-02-16 03:40:00,27.125290192424632,VPCC,HHZ
2025-02-16 03:50:00,17.500473749120122,VPCC,HHZ
2025-02-16 04:00:00,21.036407050305534,VPCC,HHZ
2025-02-16 04:10:00,22.96534107650632,VPCC,HHZ
2025-02-16 04:20:00,20.50456474917759,VPCC,HHZ
2025-02-16 04:30:00,21.67860037074529,VPCC,HHZ
2025-02-16 04:40:00,20.822409795254,VPCC,HHZ
2025-02-16 04:50:00,19.963883089503398,VPCC,HHZ
2025-02-16 05:00:00,20.090742659590433,VPCC,HHZ
2025-02-16 05:10:00,18.059849338477505,VPCC,HHZ
2025-02-16 05:20:00,24.208485374401466,VPCC,HHZ
2025-02-16 05:30:00,21.946016468640344,VPCC,HHZ
2025-02-16 05:40:00,19.236894416816824,VPCC,HHZ
2025-02-16 05:50:00,20.347529276099383,VPCC,HHZ
2025-02-16 06:00:00,17.9719607500071,VPCC,HHZ
2025-02-16 06:10:00,19.979484078255574,VPCC,HHZ
2025-02-16 06:20:00,25.150004210199995,VPCC,HHZ
2025-02-16 06:30:00,16.13732992555595,VPCC,HHZ
2025-02-16 06:40:00,15.38009156325006,VPCC,HHZ
2025-02-16 06:50:00,14.989059598607323,VPCC,HHZ
2025-02-16 07:00:00,20.918190320589304,VPCC,HHZ
2025-02-16 07:10:00,15.604763089282937,VPCC,HHZ
2025-02-16 07:20:00,14.106230204810679,VPCC,HHZ
2025-02-16 07:30:00,20.795826595759706,VPCC,HHZ
2025-02-16 07:40:00,20.193560232453663,VPCC,HHZ
2025-02-16 07:50:00,16.559688987623595,VPCC,HHZ
2025-02-16 08:00:00,16.186693981430807,VPCC,HHZ
2025-02-16 08:10:00,24.576034803718322,VPCC,HHZ
2025-02-16 08:20:00,17.57835001783932,VPCC,HHZ
2025-02-16 08:30:00,13.488434079819166,VPCC,HHZ
2025-02-16 08:40:00,14.55560128357706,VPCC,HHZ
2025-02-16 08:50:00,15.958359467586032,VPCC,HHZ
2025-02-16 09:00:00,15.8227271789891,VPCC,HHZ
2025-02-16 09:10:00,14.996534670903127,VPCC,HHZ
2025-02-16 09:20:00,15.611078698848004,VPCC,HHZ
2025-02-16 09:30:00,15.708212216942508,VPCC,HHZ
2025-02-16 09:40:00,17.98254401388171,VPCC,HHZ
2025-02-16 09:50:00,21.754423178731106,VPCC,HHZ
2025-02-16 10:00:00,17.247181971160096,VPCC,HHZ
2025-02-16 10:10:00,17.88045772120726,VPCC,HHZ
2025-02-16 10:20:00,19.16541246085014,VPCC,HHZ
2025-02-16 10:30:00,19.483356551521254,VPCC,HHZ
2025-02-16 10:40:00,14.859805537532628,VPCC,HHZ
2025-02-16 10:50:00,13.233508568837156,VPCC,HHZ
2025-02-16 11:00:00,14.625468163678752,VPCC,HHZ
2025-02-16 11:10:00,15.498794781072723,VPCC,HHZ
2025-02-16 11:20:00,19.732684450167067,VPCC,HHZ
2025-02-16 11:30:00,19.51386958720172,VPCC,HHZ
2025-02-16 11:40:00,20.30854786927648,VPCC,HHZ
2025-02-16 11:50:00,23.308801870123837,VPCC,HHZ
2025-02-16 12:00:00,27.058144706425455,VPCC,HHZ
2025-02-16 12:10:00,21.963435504233598,VPCC,HHZ
2025-02-16 12:20:00,21.66029901069112,VPCC,HHZ
2025-02-16 12:30:00,23.833220827868125,VPCC,HHZ
2025-02-16 12:40:00,26.580029492358673,VPCC,HHZ
2025-02-16 12:50:00,21.5405666081535,VPCC,HHZ
2025-02-16 13:00:00,29.015062579370678,VPCC,HHZ
2025-02-16 13:10:00,43.326471997850824,VPCC,HHZ
2025-02-16 13:20:00,27.008433032725097,VPCC,HHZ
2025-02-16 13:30:00,26.476950705605372,VPCC,HHZ
2025-02-16 13:40:00,25.271605450516226,VPCC,HHZ
2025-02-16 13:50:00,31.862609962134982,VPCC,HHZ
2025-02-16 14:00:00,39.83478580281516,VPCC,HHZ
2025-02-16 14:10:00,37.56549525309922,VPCC,HHZ
2025-02-16 14:20:00,53.405444921076636,VPCC,HHZ
2025-02-16 14:30:00,51.05302770014293,VPCC,HHZ
2025-02-16 14:40:00,40.856307004485075,VPCC,HHZ
2025-02-16 14:50:00,51.97342777983739,VPCC,HHZ
2025-02-16 15:00:00,39.76921267203867,VPCC,HHZ
2025-02-16 15:10:00,33.405566370425866,VPCC,HHZ
2025-02-16 15:20:00,30.507020913738646,VPCC,HHZ
2025-02-16 15:30:00,30.59663572458756,VPCC,HHZ
2025-02-16 15:40:00,27.573376622193617,VPCC,HHZ
2025-02-16 15:50:00,28.59846030004612,VPCC,HHZ
2025-02-16 16:00:00,59.54856371025759,VPCC,HHZ
2025-02-16 16:10:00,46.255619693243574,VPCC,HHZ
2025-02-16 16:20:00,27.158561116433056,VPCC,HHZ
2025-02-16 16:30:00,33.927865252965866,VPCC,HHZ
2025-02-16 16:40:00,26.26691275460404,VPCC,HHZ
2025-02-16 16:50:00,27.142629800596673,VPCC,HHZ
2025-02-16 17:00:00,26.97003809535024,VPCC,HHZ
2025-02-16 17:10:00,24.13475390095083,VPCC,HHZ
2025-02-16 17:20:00,25.30438521634643,VPCC,HHZ
2025-02-16 17:30:00,34.68413158619907,VPCC,HHZ
2025-02-16 17:40:00,28.85822766187614,VPCC,HHZ
2025-02-16 17:50:00,27.800357795158938,VPCC,HHZ
2025-02-16 18:00:00,27.106045099451464,VPCC,HHZ
2025-02-16 18:10:00,27.22292257734602,VPCC,HHZ
2025-02-16 18:20:00,27.84347626273612,VPCC,HHZ
2025-02-16 18:30:00,28.45723529759107,VPCC,HHZ
2025-02-16 18:40:00,28.3167235138533,VPCC,HHZ
2025-02-16 18:50:00,28.124650870886388,VPCC,HHZ
2025-02-16 19:00:00,31.27802447008514,VPCC,HHZ
2025-02-16 19:10:00,26.55405723800086,VPCC,HHZ
2025-02-16 19:20:00,28.387697922532002,VPCC,HHZ
2025-02-16 19:30:00,28.370867117572473,VPCC,HHZ
2025-02-16 19:40:00,29.564724560635884,VPCC,HHZ
2025-02-16 19:50:00,28.645477429839953,VPCC,HHZ
2025-02-16 20:00:00,27.813839775083718,VPCC,HHZ
2025-02-16 20:10:00,24.043591105704675,VPCC,HHZ
2025-02-16 20:20:00,25.48873134061708,VPCC,HHZ
2025-02-16 20:30:00,22.883085198177742,VPCC,HHZ
2025-02-16 20:40:00,25.000759340236243,VPCC,HHZ
2025-02-16 20:50:00,25.886512606740666,VPCC,HHZ
2025-02-16 21:00:00,27.811085649689716,VPCC,HHZ
2025-02-16 21:10:00,29.237491766689764,VPCC,HHZ
2025-02-16 21:20:00,25.92260819491635,VPCC,HHZ
2025-02-16 21:30:00,27.006723965502307,VPCC,HHZ
2025-02-16 21:40:00,46.197313306569875,VPCC,HHZ
2025-02-16 21:50:00,29.1774672443723,VPCC,HHZ
2025-02-16 22:00:00,31.200077994930055,VPCC,HHZ
2025-02-16 22:10:00,28.00708695193208,VPCC,HHZ
2025-02-16 22:20:00,26.062737180445083,VPCC,HHZ
2025-02-16 22:30:00,29.416135720432997,VPCC,HHZ
2025-02-16 22:40:00,30.62479234791795,VPCC,HHZ
2025-02-16 22:50:00,29.254921482817878,VPCC,HHZ
2025-02-16 23:00:00,24.300712824681852,VPCC,HHZ
2025-02-16 23:10:00,29.846002537167713,VPCC,HHZ
2025-02-16 23:20:00,25.391236266507057,VPCC,HHZ
2025-02-16 23:30:00,22.62557380901572,VPCC,HHZ
2025-02-16 23:40:00,37.134791708732514,VPCC,HHZ
2025-02-16 23:50:00,27.14121117195576,VPCC,HHZ
2025-02-17 00:00:00,31.30172289100018,VPCC,HHZ
2025-02-17 00:10:00,24.53714889481734,VPCC,HHZ
2025-02-17 00:20:00,22.46160840226905,VPCC,HHZ
2025-02-17 00:30:00,17.881651633668586,VPCC,HHZ
2025-02-17 00:40:00,23.382590916196925,VPCC,HHZ
2025-02-17 00:50:00,27.10799461296262,VPCC,HHZ
2025-02-17 01:00:00,28.155524090814257,VPCC,HHZ
2025-02-17 01:10:00,21.67147733710874,VPCC,HHZ
2025-02-17 01:20:00,21.430237402818936,VPCC,HHZ
2025-02-17 01:30:00,24.129008265118927,VPCC,HHZ
2025-02-17 01:40:00,23.34513596404025,VPCC,HHZ
2025-02-17 01:50:00,22.809080539508955,VPCC,HHZ
2025-02-17 02:00:00,23.232169976840837,VPCC,HHZ
2025-02-17 02:10:00,22.742932598439495,VPCC,HHZ
2025-02-17 02:20:00,27.46577634792185,VPCC,HHZ
2025-02-17 02:30:00,25.614653529891402,VPCC,HHZ
2025-02-17 02:40:00,26.069502574676914,VPCC,HHZ
2025-02-17 02:50:00,22.27434583017724,VPCC,HHZ
2025-02-17 03:00:00,19.204268559616096,VPCC,HHZ
2025-02-17 03:10:00,20.491107269260603,VPCC,HHZ
2025-02-17 03:20:00,26.57452140442177,VPCC,HHZ
2025-02-17 03:30:00,24.88561914251361,VPCC,HHZ
2025-02-17 03:40:00,26.23470211732614,VPCC,HHZ
2025-02-17 03:50:00,26.28195203840032,VPCC,HHZ
2025-02-17 04:00:00,22.009446989065005,VPCC,HHZ
2025-02-17 04:10:00,22.21338714607623,VPCC,HHZ
2025-02-17 04:20:00,20.962377516983747,VPCC,HHZ
2025-02-17 04:30:00,22.76560964658472,VPCC,HHZ
2025-02-17 04:40:00,23.5925249522149,VPCC,HHZ
2025-02-17 04:50:00,26.204440101520365,VPCC,HHZ
2025-02-17 05:00:00,25.458219216974793,VPCC,HHZ
2025-02-17 05:10:00,27.75987918304806,VPCC,HHZ
2025-02-17 05:20:00,26.36820884325053,VPCC,HHZ
2025-02-17 05:30:00,26.327349000511028,VPCC,HHZ
2025-02-17 05:40:00,24.25667590130601,VPCC,HHZ
2025-02-17 05:50:00,22.8411372697427,VPCC,HHZ
2025-02-17 06:00:00,24.68366994067271,VPCC,HHZ
2025-02-17 06:10:00,22.00358916167898,VPCC,HHZ
2025-02-17 06:20:00,23.77900287750297,VPCC,HHZ
2025-02-17 06:30:00,21.546810180077994,VPCC,HHZ
2025-02-17 06:40:00,26.85332290450488,VPCC,HHZ
2025-02-17 06:50:00,26.704179768061366,VPCC,HHZ
2025-02-17 07:00:00,24.76272189763892,VPCC,HHZ
2025-02-17 07:10:00,22.062727540007646,VPCC,HHZ
2025-02-17 07:20:00,26.324807817976122,VPCC,HHZ
2025-02-17 07:30:00,25.911047383106524,VPCC,HHZ
2025-02-17 07:40:00,28.142340619900875,VPCC,HHZ
2025-02-17 07:50:00,30.534770525903987,VPCC,HHZ
2025-02-17 08:00:00,29.698949781789114,VPCC,HHZ
2025-02-17 08:10:00,24.8581330413008,VPCC,HHZ
2025-02-17 08:20:00,30.827031670510678,VPCC,HHZ
2025-02-17 08:30:00,24.88110793950471,VPCC,HHZ
2025-02-17 08:40:00,26.05898910557844,VPCC,HHZ
2025-02-17 08:50:00,24.790682380308688,VPCC,HHZ
2025-02-17 09:00:00,24.336456953712425,VPCC,HHZ
2025-02-17 09:10:00,25.00045913071569,VPCC,HHZ
2025-02-17 09:20:00,25.295223375694132,VPCC,HHZ
2025-02-17 09:30:00,25.018152480899563,VPCC,HHZ
2025-02-17 09:40:00,25.899151904464965,VPCC,HHZ
2025-02-17 09:50:00,23.30792136928795,VPCC,HHZ
2025-02-17 10:00:00,23.641942515258464,VPCC,HHZ
2025-02-17 10:10:00,26.78342827589327,VPCC,HHZ
2025-02-17 10:20:00,22.76859066806131,VPCC,HHZ
2025-02-17 10:30:00,24.455331472662913,VPCC,HHZ
2025-02-17 10:40:00,24.400387086986655,VPCC,HHZ
2025-02-17 10:50:00,23.23675285096657,VPCC,HHZ
2025-02-17 11:00:00,25.44175657371046,VPCC,HHZ
2025-02-17 11:10:00,23.194439962094847,VPCC,HHZ
2025-02-17 11:20:00,27.685089575081978,VPCC,HHZ
2025-02-17 11:30:00,29.87594468870886,VPCC,HHZ
2025-02-17 11:40:00,29.566798826414885,VPCC,HHZ
2025-02-17 11:50:00,30.409685553267554,VPCC,HHZ
2025-02-17 12:00:00,30.434775897007086,VPCC,HHZ
2025-02-17 12:10:00,26.68096551401448,VPCC,HHZ
2025-02-17 12:20:00,27.799683395832684,VPCC,HHZ
2025-02-17 12:30:00,29.614853227240882,VPCC,HHZ
2025-02-17 12:40:00,29.294966890319355,VPCC,HHZ
2025-02-17 12:50:00,32.169352989569376,VPCC,HHZ
2025-02-17 13:00:00,36.97661048218627,VPCC,HHZ
2025-02-17 13:10:00,36.84898275194084,VPCC,HHZ
2025-02-17 13:20:00,29.65518461451958,VPCC,HHZ
2025-02-17 13:30:00,30.260195223068376,VPCC,HHZ
2025-02-17 13:40:00,33.22537456491662,VPCC,HHZ
2025-02-17 13:50:00,35.34766456504312,VPCC,HHZ
2025-02-17 14:00:00,44.73901765019589,VPCC,HHZ
2025-02-17 14:10:00,31.274248898622556,VPCC,HHZ
2025-02-17 14:20:00,30.048738153770486,VPCC,HHZ
2025-02-17 14:30:00,32.60742495651619,VPCC,HHZ
2025-02-17 14:40:00,37.40369145847047,VPCC,HHZ
2025-02-17 14:50:00,42.35841574953639,VPCC,HHZ
2025-02-17 15:00:00,60.9366132800407,VPCC,HHZ
2025-02-17 15:10:00,38.4409803243021,VPCC,HHZ
2025-02-17 15:20:00,40.1426244113937,VPCC,HHZ
2025-02-17 15:30:00,37.14170916966566,VPCC,HHZ
2025-02-17 15:40:00,42.91758345765925,VPCC,HHZ
2025-02-17 15:50:00,46.432413016069255,VPCC,HHZ
2025-02-17 16:00:00,50.46062401113985,VPCC,HHZ
2025-02-17 16:10:00,39.119871635734,VPCC,HHZ
2025-02-17 16:20:00,36.77698074851812,VPCC,HHZ
2025-02-17 16:30:00,39.847265338427405,VPCC,HHZ
2025-02-17 16:40:00,45.428720878274525,VPCC,HHZ
2025-02-17 16:50:00,94.07583164101233,VPCC,HHZ
2025-02-17 17:00:00,63.54645577942829,VPCC,HHZ
2025-02-17 17:10:00,44.08025797965854,VPCC,HHZ
2025-02-17 17:20:00,37.11955131568441,VPCC,HHZ
2025-02-17 17:30:00,29.958883406174284,VPCC,HHZ
2025-02-17 17:40:00,29.6264357368426,VPCC,HHZ
2025-02-17 17:50:00,29.427028750731164,VPCC,HHZ
2025-02-17 18:00:00,31.561124188783566,VPCC,HHZ
2025-02-17 18:10:00,27.433422482672444,VPCC,HHZ
2025-02-17 18:20:00,28.90271011201673,VPCC,HHZ
2025-02-17 18:30:00,34.330756328071026,VPCC,HHZ
2025-02-17 18:40:00,38.884498081839645,VPCC,HHZ
2025-02-17 18:50:00,36.2427280771178,VPCC,HHZ
2025-02-17 19:00:00,32.38757790453016,VPCC,HHZ
2025-02-17 19:10:00,30.341168176579973,VPCC,HHZ
2025-02-17 19:20:00,27.014279520024456,VPCC,HHZ
2025-02-17 19:30:00,27.14743357447186,VPCC,HHZ
2025-02-17 19:40:00,32.207752700988465,VPCC,HHZ
2025-02-17 19:50:00,94.23917324248895,VPCC,HHZ
2025-02-17 20:00:00,78.74462569602024,VPCC,HHZ
2025-02-17 20:10:00,34.719348438015345,VPCC,HHZ
2025-02-17 20:20:00,53.31715790346222,VPCC,HHZ
2025-02-17 20:30:00,39.39942413370158,VPCC,HHZ
2025-02-17 20:40:00,26.81180595142452,VPCC,HHZ
2025-02-17 20:50:00,38.8347048900035,VPCC,HHZ
2025-02-17 21:00:00,39.25629241536618,VPCC,HHZ
2025-02-17 21:10:00,30.523929226193864,VPCC,HHZ
2025-02-17 21:20:00,32.33441466408807,VPCC,HHZ
2025-02-17 21:30:00,33.28122746095646,VPCC,HHZ
2025-02-17 21:40:00,33.004868635183946,VPCC,HHZ
2025-02-17 21:50:00,35.93714682755593,VPCC,HHZ
2025-02-17 22:00:00,35.58020378789559,VPCC,HHZ
2025-02-17 22:10:00,35.733445808566294,VPCC,HHZ
2025-02-17 22:20:00,31.872153036416176,VPCC,HHZ
2025-02-17 22:30:00,47.360503627159225,VPCC,HHZ
2025-02-17 22:40:00,32.79696756607486,VPCC,HHZ
2025-02-17 22:50:00,37.503219874488224,VPCC,HHZ
2025-02-17 23:00:00,30.547588374572904,VPCC,HHZ
2025-02-17 23:10:00,33.805737195902175,VPCC,HHZ
2025-02-17 23:20:00,34.07575197929132,VPCC,HHZ
2025-02-17 23:30:00,32.14715965247795,VPCC,HHZ
2025-02-17 23:40:00,27.471211849271846,VPCC,HHZ
2025-02-17 23:50:00,28.30793320783995,VPCC,HHZ
2025-02-18 00:00:00,27.884537643713685,VPCC,HHZ
2025-02-18 00:10:00,26.26878538038582,VPCC,HHZ
2025-02-18 00:20:00,26.14953638358931,VPCC,HHZ
2025-02-18 00:30:00,26.459949413395695,VPCC,HHZ
2025-02-18 00:40:00,24.683127616663256,VPCC,HHZ
2025-02-18 00:50:00,23.455916681288596,VPCC,HHZ
2025-02-18 01:00:00,21.612927495307144,VPCC,HHZ
2025-02-18 01:10:00,21.956944088803013,VPCC,HHZ
2025-02-18 01:20:00,25.803989459212698,VPCC,HHZ
2025-02-18 01:30:00,24.387797305890697,VPCC,HHZ
2025-02-18 01:40:00,22.11384935228351,VPCC,HHZ
2025-02-18 01:50:00,22.377673496427494,VPCC,HHZ
2025-02-18 02:00:00,21.422514674321285,VPCC,HHZ
2025-02-18 02:10:00,23.950238630352167,VPCC,HHZ
2025-02-18 02:20:00,22.89531981690961,VPCC,HHZ
2025-02-18 02:30:00,22.421609059084705,VPCC,HHZ
2025-02-18 02:40:00,18.462823727448605,VPCC,HHZ
2025-02-18 02:50:00,19.266988367298087,VPCC,HHZ
2025-02-18 03:00:00,19.22233433243158,VPCC,HHZ
2025-02-18 03:10:00,22.48002298786238,VPCC,HHZ
2025-02-18 03:20:00,26.688185420402764,VPCC,HHZ
2025-02-18 03:30:00,18.60955005381766,VPCC,HHZ
2025-02-18 03:40:00,18.44334006737124,VPCC,HHZ
2025-02-18 03:50:00,18.291256426667918,VPCC,HHZ
2025-02-18 04:00:00,19.780867074516,VPCC,HHZ
2025-02-18 04:10:00,20.122232628074073,VPCC,HHZ
2025-02-18 04:20:00,19.625548841119766,VPCC,HHZ
2025-02-18 04:30:00,26.475696712251015,VPCC,HHZ
2025-02-18 04:40:00,21.85846121571516,VPCC,HHZ
2025-02-18 04:50:00,23.409789406759533,VPCC,HHZ
2025-02-18 05:00:00,22.21398512248434,VPCC,HHZ
2025-02-18 05:10:00,23.934883228650968,VPCC,HHZ
2025-02-18 05:20:00,24.558097561670884,VPCC,HHZ
2025-02-18 05:30:00,28.095761740773803,VPCC,HHZ
2025-02-18 05:40:00,43.301428825853094,VPCC,HHZ
2025-02-18 05:50:00,50.63080743526747,VPCC,HHZ
2025-02-18 06:00:00,34.07961340779106,VPCC,HHZ
2025-02-18 06:10:00,29.07689903010628,VPCC,HHZ
2025-02-18 06:20:00,22.887782017209126,VPCC,HHZ
2025-02-18 06:30:00,20.69282887691577,VPCC,HHZ
2025-02-18 06:40:00,18.124923338498384,VPCC,HHZ
2025-02-18 06:50:00,18.79946876852834,VPCC,HHZ
2025-02-18 07:00:00,19.74706263587743,VPCC,HHZ
2025-02-18 07:10:00,17.85379186802157,VPCC,HHZ
2025-02-18 07:20:00,19.356628437958356,VPCC,HHZ
2025-02-18 07:30:00,19.933323029836632,VPCC,HHZ
2025-02-18 07:40:00,22.215731076487383,VPCC,HHZ
2025-02-18 07:50:00,20.89750059129869,VPCC,HHZ
2025-02-18 08:00:00,18.76709702537132,VPCC,HHZ
2025-02-18 08:10:00,19.510916153949594,VPCC,HHZ
2025-02-18 08:20:00,19.5665595216627,VPCC,HHZ
2025-02-18 08:30:00,20.308975318491363,VPCC,HHZ
2025-02-18 08:40:00,19.819433127815643,VPCC,HHZ
2025-02-18 08:50:00,19.70943568011107,VPCC,HHZ
2025-02-18 09:00:00,26.812508259204762,VPCC,HHZ
2025-02-18 09:10:00,19.28606765427398,VPCC,HHZ
2025-02-18 09:20:00,18.93562945774228,VPCC,HHZ
2025-02-18 09:30:00,19.095789104672736,VPCC,HHZ
2025-02-18 09:40:00,20.41880786825429,VPCC,HHZ
2025-02-18 09:50:00,22.108042436435106,VPCC,HHZ
2025-02-18 10:00:00,22.586072999861678,VPCC,HHZ
2025-02-18 10:10:00,21.95282704416498,VPCC,HHZ
2025-02-18 10:20:00,20.5226878683565,VPCC,HHZ
2025-02-18 10:30:00,22.87245113570933,VPCC,HHZ
2025-02-18 10:40:00,21.791471125170375,VPCC,HHZ
2025-02-18 10:50:00,21.779639091853166,VPCC,HHZ
2025-02-18 11:00:00,19.011709707302273,VPCC,HHZ
2025-02-18 11:10:00,18.92610910732199,VPCC,HHZ
2025-02-18 11:20:00,19.09899188525985,VPCC,HHZ
2025-02-18 11:30:00,22.228687784542,VPCC,HHZ
2025-02-18 11:40:00,19.214099459488864,VPCC,HHZ
2025-02-18 11:50:00,21.514294599513832,VPCC,HHZ
2025-02-18 12:00:00,19.88410776906315,VPCC,HHZ
2025-02-18 12:10:00,24.988611614807706,VPCC,HHZ
2025-02-18 12:20:00,29.787354975413134,VPCC,HHZ
2025-02-18 12:30:00,23.888600073426115,VPCC,HHZ
2025-02-18 12:40:00,20.969506925931036,VPCC,HHZ
2025-02-18 12:50:00,22.231930193881936,VPCC,HHZ
2025-02-18 13:00:00,34.023656715451295,VPCC,HHZ
2025-02-18 13:10:00,47.59391630471265,VPCC,HHZ
2025-02-18 13:20:00,36.0374730286106,VPCC,HHZ
2025-02-18 13:30:00,35.30774841057454,VPCC,HHZ
2025-02-18 13:40:00,36.0856956631423,VPCC,HHZ
2025-02-18 13:50:00,36.739457850955745,VPCC,HHZ
2025-02-18 14:00:00,31.011962812782265,VPCC,HHZ
2025-02-18 14:10:00,31.182105135880068,VPCC,HHZ
2025-02-18 14:20:00,50.56752065298627,VPCC,HHZ
2025-02-18 14:30:00,32.95864291814167,VPCC,HHZ
2025-02-18 14:40:00,26.77108806667342,VPCC,HHZ
2025-02-18 14:50:00,32.93453781686395,VPCC,HHZ
2025-02-18 15:00:00,32.59253316006649,VPCC,HHZ
2025-02-18 15:10:00,30.55616612990224,VPCC,HHZ
2025-02-18 15:20:00,31.803103383989082,VPCC,HHZ
2025-02-18 15:30:00,31.10876681107622,VPCC,HHZ
2025-02-18 15:40:00,44.202815065459106,VPCC,HHZ
2025-02-18 15:50:00,38.06023946818078,VPCC,HHZ
2025-02-18 16:00:00,42.15881052556988,VPCC,HHZ
2025-02-18 16:10:00,41.28316889202323,VPCC,HHZ
2025-02-18 16:20:00,41.541500772366454,VPCC,HHZ
2025-02-18 16:30:00,43.38365897329682,VPCC,HHZ
2025-02-18 16:40:00,35.859926183484035,VPCC,HHZ
2025-02-18 16:50:00,35.6392158597493,VPCC,HHZ
2025-02-18 17:00:00,46.15741331102232,VPCC,HHZ
2025-02-18 17:10:00,51.67583681566464,VPCC,HHZ
2025-02-18 17:20:00,52.07326218930799,VPCC,HHZ
2025-02-18 17:30:00,50.55686825300721,VPCC,HHZ
2025-02-18 17:40:00,59.232137188119275,VPCC,HHZ
2025-02-18 17:50:00,48.9009097305763,VPCC,HHZ
2025-02-18 18:00:00,38.01907395665494,VPCC,HHZ
2025-02-18 18:10:00,41.63277118498567,VPCC,HHZ
2025-02-18 18:20:00,40.00952603109342,VPCC,HHZ
2025-02-18 18:30:00,46.25862509397767,VPCC,HHZ
2025-02-18 18:40:00,37.554870043418916,VPCC,HHZ
2025-02-18 18:50:00,34.20439183855388,VPCC,HHZ
2025-02-18 19:00:00,30.460398061777887,VPCC,HHZ
2025-02-18 19:10:00,37.050213591347756,VPCC,HHZ
2025-02-18 19:20:00,37.5752561244291,VPCC,HHZ
2025-02-18 19:30:00,41.46536394989692,VPCC,HHZ
2025-02-18 19:40:00,62.17926843275913,VPCC,HHZ
2025-02-18 19:50:00,78.41785201213042,VPCC,HHZ
2025-02-18 20:00:00,52.79212660344272,VPCC,HHZ
2025-02-18 20:10:00,57.5616693079246,VPCC,HHZ
2025-02-18 20:20:00,41.698929672054895,VPCC,HHZ
2025-02-18 20:30:00,39.633830724064865,VPCC,HHZ
2025-02-18 20:40:00,206.59495053348843,VPCC,HHZ
2025-02-18 20:50:00,38.127302279787486,VPCC,HHZ
2025-02-18 21:00:00,37.6951270683702,VPCC,HHZ
2025-02-18 21:10:00,37.02695568197092,VPCC,HHZ
2025-02-18 21:20:00,38.2683716811224,VPCC,HHZ
2025-02-18 21:30:00,36.930620230763765,VPCC,HHZ
2025-02-18 21:40:00,43.02909545973722,VPCC,HHZ
2025-02-18 21:50:00,59.5212966384841,VPCC,HHZ
2025-02-18 22:00:00,34.39441399525875,VPCC,HHZ
2025-02-18 22:10:00,34.384980608292054,VPCC,HHZ
2025-02-18 22:20:00,39.7381674627391,VPCC,HHZ
2025-02-18 22:30:00,36.092551116502804,VPCC,HHZ
2025-02-18 22:40:00,31.822200348966973,VPCC,HHZ
2025-02-18 22:50:00,37.91331199438543,VPCC,HHZ
2025-02-18 23:00:00,37.187431446629496,VPCC,HHZ
2025-02-18 23:10:00,33.75893266561623,VPCC,HHZ
2025-02-18 23:20:00,35.2023871532218,VPCC,HHZ
2025-02-18 23:30:00,30.03813574254831,VPCC,HHZ
2025-02-18 23:40:00,29.129726529141042,VPCC,HHZ
2025-02-18 23:50:00,30.395975960306377,VPCC,HHZ
2025-02-19 00:00:00,28.580023333914912,VPCC,HHZ
2025-02-19 00:10:00,25.041425383403208,VPCC,HHZ
2025-02-19 00:20:00,20.26855602573233,VPCC,HHZ
2025-02-19 00:30:00,21.229053298858492,VPCC,HHZ
2025-02-19 00:40:00,18.03142693244345,VPCC,HHZ
2025-02-19 00:50:00,19.27535136544218,VPCC,HHZ
2025-02-19 01:00:00,23.6478783327727,VPCC,HHZ
2025-02-19 01:10:00,22.30362830816787,VPCC,HHZ
2025-02-19 01:20:00,19.445407342275548,VPCC,HHZ
2025-02-19 01:30:00,17.8748423941297,VPCC,HHZ
2025-02-19 01:40:00,23.113576118097477,VPCC,HHZ
2025-02-19 01:50:00,21.40195098339595,VPCC,HHZ
2025-02-19 02:00:00,21.12400355372716,VPCC,HHZ
2025-02-19 02:10:00,21.167339240702013,VPCC,HHZ
2025-02-19 02:20:00,21.82843159746853,VPCC,HHZ
2025-02-19 02:30:00,20.437824127607026,VPCC,HHZ
2025-02-19 02:40:00,21.290159189610478,VPCC,HHZ
2025-02-19 02:50:00,20.943316678843463,VPCC,HHZ
2025-02-19 03:00:00,23.643148219327056,VPCC,HHZ
2025-02-19 03:10:00,19.46619032468102,VPCC,HHZ
2025-02-19 03:20:00,21.598296667644888,VPCC,HHZ
2025-02-19 03:30:00,18.008677847192832,VPCC,HHZ
2025-02-19 03:40:00,17.834378474006808,VPCC,HHZ
2025-02-19 03:50:00,21.386935556499182,VPCC,HHZ
2025-02-19 04:00:00,21.170024892863964,VPCC,HHZ
2025-02-19 04:10:00,19.872473028773804,VPCC,HHZ
2025-02-19 04:20:00,20.114984715603327,VPCC,HHZ
2025-02-19 04:30:00,21.500770633845825,VPCC,HHZ
2025-02-19 04:40:00,23.200500855959888,VPCC,HHZ
2025-02-19 04:50:00,20.193968009865344,VPCC,HHZ
2025-02-19 05:00:00,19.78223710962934,VPCC,HHZ
2025-02-19 05:10:00,39.65785635188733,VPCC,HHZ
2025-02-19 05:20:00,21.9695578250746,VPCC,HHZ
2025-02-19 05:30:00,19.57783445171956,VPCC,HHZ
2025-02-19 05:40:00,19.19988945610694,VPCC,HHZ
2025-02-19 05:50:00,21.770067687364204,VPCC,HHZ
2025-02-19 06:00:00,19.52746533805378,VPCC,HHZ
2025-02-19 06:10:00,21.61543750548529,VPCC,HHZ
2025-02-19 06:20:00,21.483368299862516,VPCC,HHZ
2025-02-19 06:30:00,22.128522410039597,VPCC,HHZ
2025-02-19 06:40:00,26.178452705788118,VPCC,HHZ
2025-02-19 06:50:00,17.931606704875627,VPCC,HHZ
2025-02-19 07:00:00,16.584479156062628,VPCC,HHZ
2025-02-19 07:10:00,17.471232781252745,VPCC,HHZ
2025-02-19 07:20:00,15.472960863252649,VPCC,HHZ
2025-02-19 07:30:00,16.096773116538483,VPCC,HHZ
2025-02-19 07:40:00,16.486586294193263,VPCC,HHZ
2025-02-19 07:50:00,14.835613142720584,VPCC,HHZ
2025-02-19 08:00:00,16.31914494718982,VPCC,HHZ
2025-02-19 08:10:00,15.568061904560883,VPCC,HHZ
2025-02-19 08:20:00,17.96086046869296,VPCC,HHZ
2025-02-19 08:30:00,17.899242538641424,VPCC,HHZ
2025-02-19 08:40:00,16.712595931860356,VPCC,HHZ
2025-02-19 08:50:00,15.45664263009416,VPCC,HHZ
2025-02-19 09:00:00,17.664815433220983,VPCC,HHZ
2025-02-19 09:10:00,18.298301767538685,VPCC,HHZ
2025-02-19 09:20:00,18.94653462549234,VPCC,HHZ
2025-02-19 09:30:00,17.867541223019444,VPCC,HHZ
2025-02-19 09:40:00,18.22696472459114,VPCC,HHZ
2025-02-19 09:50:00,18.934359053208752,VPCC,HHZ
2025-02-19 10:00:00,21.18000862417943,VPCC,HHZ
2025-02-19 10:10:00,20.109291960107605,VPCC,HHZ
2025-02-19 10:20:00,17.375144661886882,VPCC,HHZ
2025-02-19 10:30:00,16.786851819160013,VPCC,HHZ
2025-02-19 10:40:00,19.02616493786529,VPCC,HHZ
2025-02-19 10:50:00,21.374867557888496,VPCC,HHZ
2025-02-19 11:00:00,21.774487925419265,VPCC,HHZ
2025-02-19 11:10:00,22.661062651198726,VPCC,HHZ
2025-02-19 11:20:00,22.095736396596525,VPCC,HHZ
2025-02-19 11:30:00,20.108622276928372,VPCC,HHZ
2025-02-19 11:40:00,18.650647942712038,VPCC,HHZ
2025-02-19 11:50:00,23.316222339107437,VPCC,HHZ
2025-02-19 12:00:00,22.388307534473622,VPCC,HHZ
2025-02-19 12:10:00,25.457813372017398,VPCC,HHZ
2025-02-19 12:20:00,24.59750414739054,VPCC,HHZ
2025-02-19 12:30:00,24.66108218222224,VPCC,HHZ
2025-02-19 12:40:00,35.33912834890966,VPCC,HHZ
2025-02-19 12:50:00,42.38507518999435,VPCC,HHZ
2025-02-19 13:00:00,54.79608587490912,VPCC,HHZ
2025-02-19 13:10:00,34.17257784541558,VPCC,HHZ
2025-02-19 13:20:00,37.80337721836816,VPCC,HHZ
2025-02-19 13:30:00,30.60357774998451,VPCC,HHZ
2025-02-19 13:40:00,33.762379309661064,VPCC,HHZ
2025-02-19 13:50:00,28.144448137680342,VPCC,HHZ
2025-02-19 14:00:00,27.924075021128235,VPCC,HHZ
2025-02-19 14:10:00,41.749373764276825,VPCC,HHZ
2025-02-19 14:20:00,26.892785727320376,VPCC,HHZ
2025-02-19 14:30:00,28.303841285878015,VPCC,HHZ
2025-02-19 14:40:00,25.435224206109318,VPCC,HHZ
2025-02-19 14:50:00,28.776138629050553,VPCC,HHZ
2025-02-19 15:00:00,36.92156864029928,VPCC,HHZ
2025-02-19 15:10:00,24.363312544991814,VPCC,HHZ
2025-02-19 15:20:00,23.935401096101884,VPCC,HHZ
2025-02-19 15:30:00,27.47189412436471,VPCC,HHZ
2025-02-19 15:40:00,24.6760401983774,VPCC,HHZ
2025-02-19 15:50:00,39.500000598653806,VPCC,HHZ
2025-02-19 16:00:00,26.05196245397939,VPCC,HHZ
2025-02-19 16:10:00,25.470721454349864,VPCC,HHZ
2025-02-19 16:20:00,25.397877038687927,VPCC,HHZ
2025-02-19 16:30:00,26.04633134224299,VPCC,HHZ
2025-02-19 16:40:00,42.695339753397064,VPCC,HHZ
2025-02-19 16:50:00,26.240549347190935,VPCC,HHZ
2025-02-19 17:00:00,32.70292195164274,VPCC,HHZ
2025-02-19 17:10:00,23.435869329773343,VPCC,HHZ
2025-02-19 17:20:00,26.092401731020548,VPCC,HHZ
2025-02-19 17:30:00,26.06804248405589,VPCC,HHZ
2025-02-19 17:40:00,44.708708350172074,VPCC,HHZ
2025-02-19 17:50:00,32.0928453900969,VPCC,HHZ
2025-02-19 18:00:00,39.218778064094586,VPCC,HHZ
2025-02-19 18:10:00,30.493185251202892,VPCC,HHZ
2025-02-19 18:20:00,41.771291299735935,VPCC,HHZ
2025-02-19 18:30:00,27.360323416458897,VPCC,HHZ
2025-02-19 18:40:00,26.701203215814818,VPCC,HHZ
2025-02-19 18:50:00,25.256782915242937,VPCC,HHZ
2025-02-19 19:00:00,24.950044217510214,VPCC,HHZ
2025-02-19 19:10:00,21.88621802695231,VPCC,HHZ
2025-02-19 19:20:00,23.43237820932261,VPCC,HHZ
2025-02-19 19:30:00,31.414340047054907,VPCC,HHZ
2025-02-19 19:40:00,29.594878332886648,VPCC,HHZ
2025-02-19 19:50:00,25.85082796247388,VPCC,HHZ
2025-02-19 20:00:00,23.569437537701997,VPCC,HHZ
2025-02-19 20:10:00,25.58356354053745,VPCC,HHZ
2025-02-19 20:20:00,25.306994457044716,VPCC,HHZ
2025-02-19 20:30:00,27.848373986656984,VPCC,HHZ
2025-02-19 20:40:00,26.91302684403431,VPCC,HHZ
2025-02-19 20:50:00,27.18442189155788,VPCC,HHZ
2025-02-19 21:00:00,28.39472338198302,VPCC,HHZ
2025-02-19 21:10:00,33.59148006888874,VPCC,HHZ
2025-02-19 21:20:00,28.381890466121366,VPCC,HHZ
2025-02-19 21:30:00,28.84108789722291,VPCC,HHZ
2025-02-19 21:40:00,34.445760725053276,VPCC,HHZ
2025-02-19 21:50:00,48.26519031728329,VPCC,HHZ
2025-02-19 22:00:00,52.89869798819541,VPCC,HHZ
2025-02-19 22:10:00,47.15670462454224,VPCC,HHZ
2025-02-19 22:20:00,54.77019681437303,VPCC,HHZ
2025-02-19 22:30:00,34.71848782020018,VPCC,HHZ
2025-02-19 22:40:00,30.959252092298286,VPCC,HHZ
2025-02-19 22:50:00,32.54657656148013,VPCC,HHZ
2025-02-19 23:00:00,32.85628009872211,VPCC,HHZ
2025-02-19 23:10:00,41.181983555017695,VPCC,HHZ
2025-02-19 23:20:00,38.137409228845684,VPCC,HHZ
2025-02-19 23:30:00,27.79027756470037,VPCC,HHZ
2025-02-19 23:40:00,23.832864225267546,VPCC,HHZ
2025-02-19 23:50:00,26.254519698427575,VPCC,HHZ
2025-02-20 00:00:00,26.052436085457245,VPCC,HHZ
2025-02-20 00:10:00,23.008683212572766,VPCC,HHZ
2025-02-20 00:20:00,20.604064279641676,VPCC,HHZ
2025-02-20 00:30:00,22.026286600354723,VPCC,HHZ
2025-02-20 00:40:00,22.620105234462386,VPCC,HHZ
2025-02-20 00:50:00,27.042541756054256,VPCC,HHZ
2025-02-20 01:00:00,26.25705716632703,VPCC,HHZ
2025-02-20 01:10:00,21.89167356495538,VPCC,HHZ
2025-02-20 01:20:00,26.70426815920113,VPCC,HHZ
2025-02-20 01:30:00,22.303568069017427,VPCC,HHZ
2025-02-20 01:40:00,20.60844537640776,VPCC,HHZ
2025-02-20 01:50:00,22.672510877704664,VPCC,HHZ
2025-02-20 02:00:00,19.653129052296727,VPCC,HHZ
2025-02-20 02:10:00,17.815755700783267,VPCC,HHZ
2025-02-20 02:20:00,16.897486424442544,VPCC,HHZ
2025-02-20 02:30:00,20.688874530157683,VPCC,HHZ
2025-02-20 02:40:00,18.75929481324546,VPCC,HHZ
2025-02-20 02:50:00,20.14993959108639,VPCC,HHZ
2025-02-20 03:00:00,19.79037598656462,VPCC,HHZ
2025-02-20 03:10:00,19.57825526213453,VPCC,HHZ
2025-02-20 03:20:00,18.105252518813856,VPCC,HHZ
2025-02-20 03:30:00,19.528569596880374,VPCC,HHZ
2025-02-20 03:40:00,21.898192921464556,VPCC,HHZ
2025-02-20 03:50:00,25.65990727609569,VPCC,HHZ
2025-02-20 04:00:00,24.50904239840694,VPCC,HHZ
2025-02-20 04:10:00,23.976049649212268,VPCC,HHZ
2025-02-20 04:20:00,27.313309708352058,VPCC,HHZ
2025-02-20 04:30:00,29.305363695588333,VPCC,HHZ
2025-02-20 04:40:00,31.572578666088965,VPCC,HHZ
2025-02-20 04:50:00,23.19782162757458,VPCC,HHZ
2025-02-20 05:00:00,21.59529975192485,VPCC,HHZ
2025-02-20 05:10:00,24.69787424352715,VPCC,HHZ
2025-02-20 05:20:00,21.85400455516289,VPCC,HHZ
2025-02-20 05:30:00,19.71668868039196,VPCC,HHZ
2025-02-20 05:40:00,22.796848704726553,VPCC,HHZ
2025-02-20 05:50:00,25.144818096484922,VPCC,HHZ
2025-02-20 06:00:00,23.33435026424518,VPCC,HHZ
2025-02-20 06:10:00,24.06504527508396,VPCC,HHZ
2025-02-20 06:20:00,26.043433836299105,VPCC,HHZ
2025-02-20 06:30:00,19.85116136694207,VPCC,HHZ
2025-02-20 06:40:00,18.808011803436134,VPCC,HHZ
2025-02-20 06:50:00,19.08791278758071,VPCC,HHZ
2025-02-20 07:00:00,19.966787033806174,VPCC,HHZ
2025-02-20 07:10:00,23.838902885893372,VPCC,HHZ
2025-02-20 07:20:00,25.253913134622625,VPCC,HHZ
2025-02-20 07:30:00,23.32202951287747,VPCC,HHZ
2025-02-20 07:40:00,17.994865372480188,VPCC,HHZ
2025-02-20 07:50:00,18.04508138431735,VPCC,HHZ
2025-02-20 08:00:00,15.822312243983012,VPCC,HHZ
2025-02-20 08:10:00,17.092903904919588,VPCC,HHZ
2025-02-20 08:20:00,16.63741829308081,VPCC,HHZ
2025-02-20 08:30:00,17.44958270501713,VPCC,HHZ
2025-02-20 08:40:00,20.06768596106597,VPCC,HHZ
2025-02-20 08:50:00,18.855709405686554,VPCC,HHZ
2025-02-20 09:00:00,44.78047123657096,VPCC,HHZ
2025-02-20 09:10:00,17.309972002855854,VPCC,HHZ
2025-02-20 09:20:00,17.29934935085981,VPCC,HHZ
2025-02-20 09:30:00,17.552183853344747,VPCC,HHZ
2025-02-20 09:40:00,18.350160499152995,VPCC,HHZ
2025-02-20 09:50:00,19.154415723343124,VPCC,HHZ
2025-02-20 10:00:00,23.193358392437577,VPCC,HHZ
2025-02-20 10:10:00,20.293530279222715,VPCC,HHZ
2025-02-20 10:20:00,19.166813025506297,VPCC,HHZ
2025-02-20 10:30:00,21.24245199189316,VPCC,HHZ
2025-02-20 10:40:00,22.2579538916445,VPCC,HHZ
2025-02-20 10:50:00,20.43959288609166,VPCC,HHZ
2025-02-20 11:00:00,23.84833412446445,VPCC,HHZ
2025-02-20 11:10:00,21.17246522106205,VPCC,HHZ
2025-02-20 11:20:00,20.59910049976088,VPCC,HHZ
2025-02-20 11:30:00,24.872800288148316,VPCC,HHZ
2025-02-20 11:40:00,21.808781373002237,VPCC,HHZ
2025-02-20 11:50:00,25.146650073800117,VPCC,HHZ
2025-02-20 12:00:00,40.606604375267956,VPCC,HHZ
2025-02-20 12:10:00,24.50866997232047,VPCC,HHZ
2025-02-20 12:20:00,40.11827323252898,VPCC,HHZ
2025-02-20 12:30:00,28.293382535886884,VPCC,HHZ
2025-02-20 12:40:00,28.318705864769754,VPCC,HHZ
2025-02-20 12:50:00,26.319689580493765,VPCC,HHZ
2025-02-20 13:00:00,28.764372487940353,VPCC,HHZ
2025-02-20 13:10:00,36.158158082950216,VPCC,HHZ
2025-02-20 13:20:00,34.90480898217092,VPCC,HHZ
2025-02-20 13:30:00,28.4875689913475,VPCC,HHZ
2025-02-20 13:40:00,51.54347366294772,VPCC,HHZ
2025-02-20 13:50:00,50.731454417934835,VPCC,HHZ
2025-02-20 14:00:00,60.121037036645355,VPCC,HHZ
2025-02-20 14:10:00,45.10031157106733,VPCC,HHZ
2025-02-20 14:20:00,47.15218663337661,VPCC,HHZ
2025-02-20 14:30:00,33.801387151623956,VPCC,HHZ
2025-02-20 14:40:00,28.058751420589,VPCC,HHZ
2025-02-20 14:50:00,35.11987002436121,VPCC,HHZ
2025-02-20 15:00:00,25.145987008442273,VPCC,HHZ
2025-02-20 15:10:00,25.066261477955692,VPCC,HHZ
2025-02-20 15:20:00,34.89271358143015,VPCC,HHZ
2025-02-20 15:30:00,31.358703441536758,VPCC,HHZ
2025-02-20 15:40:00,26.81012893692047,VPCC,HHZ
2025-02-20 15:50:00,29.55874082133817,VPCC,HHZ
2025-02-20 16:00:00,35.18436833522963,VPCC,HHZ
2025-02-20 16:10:00,36.44900858862523,VPCC,HHZ
2025-02-20 16:20:00,50.150890727328324,VPCC,HHZ
2025-02-20 16:30:00,46.60137382985655,VPCC,HHZ
2025-02-20 16:40:00,49.79388578251005,VPCC,HHZ
2025-02-20 16:50:00,67.24970591757308,VPCC,HHZ
2025-02-20 17:00:00,40.925042861106775,VPCC,HHZ
2025-02-20 17:10:00,36.6891101840101,VPCC,HHZ
2025-02-20 17:20:00,33.953936677984,VPCC,HHZ
2025-02-20 17:30:00,52.53453260055622,VPCC,HHZ
2025-02-20 17:40:00,73.96812762122296,VPCC,HHZ
2025-02-20 17:50:00,50.552110947961125,VPCC,HHZ
2025-02-20 18:00:00,165.8598902588837,VPCC,HHZ
2025-02-20 18:10:00,71.53960693315248,VPCC,HHZ
2025-02-20 18:20:00,34.27307263581692,VPCC,HHZ
2025-02-20 18:30:00,36.639433917927335,VPCC,HHZ
2025-02-20 18:40:00,41.688160005219316,VPCC,HHZ
2025-02-20 18:50:00,49.22285503026312,VPCC,HHZ
2025-02-20 19:00:00,42.23947094448831,VPCC,HHZ
2025-02-20 19:10:00,44.543047890645944,VPCC,HHZ
2025-02-20 19:20:00,32.178024697243146,VPCC,HHZ
2025-02-20 19:30:00,34.27703499578696,VPCC,HHZ
2025-02-20 19:40:00,36.725430126126476,VPCC,HHZ
2025-02-20 19:50:00,34.13620890627138,VPCC,HHZ
2025-02-20 20:00:00,32.57307688151096,VPCC,HHZ
2025-02-20 20:10:00,32.28310508766828,VPCC,HHZ
2025-02-20 20:20:00,35.43171026938818,VPCC,HHZ
2025-02-20 20:30:00,34.35227212117266,VPCC,HHZ
2025-02-20 20:40:00,31.56152863810268,VPCC,HHZ
2025-02-20 20:50:00,35.93271823260138,VPCC,HHZ
2025-02-20 21:00:00,39.01659798966247,VPCC,HHZ
2025-02-20 21:10:00,34.521914984890415,VPCC,HHZ
2025-02-20 21:20:00,36.82928739927497,VPCC,HHZ
2025-02-20 21:30:00,35.57222852004103,VPCC,HHZ
2025-02-20 21:40:00,42.054965594811996,VPCC,HHZ
2025-02-20 21:50:00,58.716422222183645,VPCC,HHZ
2025-02-20 22:00:00,43.51796499728496,VPCC,HHZ
2025-02-20 22:10:00,53.46467293051537,VPCC,HHZ
2025-02-20 22:20:00,48.2927390566554,VPCC,HHZ
2025-02-20 22:30:00,35.90171995450316,VPCC,HHZ
2025-02-20 22:40:00,48.852845098695184,VPCC,HHZ
2025-02-20 22:50:00,49.53706222098722,VPCC,HHZ
2025-02-20 23:00:00,52.2375302572087,VPCC,HHZ
2025-02-20 23:10:00,48.26461558677433,VPCC,HHZ
2025-02-20 23:20:00,34.64625991381113,VPCC,HHZ
2025-02-20 23:30:00,45.7405340523508,VPCC,HHZ
2025-02-20 23:40:00,35.75909884139442,VPCC,HHZ
2025-02-20 23:50:00,30.141311804627062,VPCC,HHZ
2025-02-21 00:00:00,29.46866728489242,VPCC,HHZ
2025-02-21 00:10:00,31.61420595137725,VPCC,HHZ
2025-02-21 00:20:00,21.64707700687097,VPCC,HHZ
2025-02-21 00:30:00,21.564959104824716,VPCC,HHZ
2025-02-21 00:40:00,21.46059520880101,VPCC,HHZ
2025-02-21 00:50:00,31.447528511005995,VPCC,HHZ
2025-02-21 01:00:00,23.43578643093783,VPCC,HHZ
2025-02-21 01:10:00,15.974243039382555,VPCC,HHZ
2025-02-21 01:20:00,17.31488245235852,VPCC,HHZ
2025-02-21 01:30:00,17.49090991894803,VPCC,HHZ
2025-02-21 01:40:00,18.913347988317874,VPCC,HHZ
2025-02-21 01:50:00,20.249552404576704,VPCC,HHZ
2025-02-21 02:00:00,25.22870096194417,VPCC,HHZ
2025-02-21 02:10:00,22.01004533789194,VPCC,HHZ
2025-02-21 02:20:00,18.94514446541626,VPCC,HHZ
2025-02-21 02:30:00,20.64512809557503,VPCC,HHZ
2025-02-21 02:40:00,22.136749667327823,VPCC,HHZ
2025-02-21 02:50:00,21.176089064714507,VPCC,HHZ
2025-02-21 03:00:00,18.59653362618284,VPCC,HHZ
2025-02-21 03:10:00,21.71095837397471,VPCC,HHZ
2025-02-21 03:20:00,19.003275000576743,VPCC,HHZ
2025-02-21 03:30:00,22.53895305126766,VPCC,HHZ
2025-02-21 03:40:00,28.046752048793138,VPCC,HHZ
2025-02-21 03:50:00,23.02512245943605,VPCC,HHZ
2025-02-21 04:00:00,20.983803828765424,VPCC,HHZ
2025-02-21 04:10:00,20.944423702510765,VPCC,HHZ
2025-02-21 04:20:00,24.243928708986424,VPCC,HHZ
2025-02-21 04:30:00,22.011327436443043,VPCC,HHZ
2025-02-21 04:40:00,19.958329959749005,VPCC,HHZ
2025-02-21 04:50:00,29.17240670664411,VPCC,HHZ
2025-02-21 05:00:00,28.98700911535651,VPCC,HHZ
2025-02-21 05:10:00,30.258663513250415,VPCC,HHZ
2025-02-21 05:20:00,32.54803723548895,VPCC,HHZ
2025-02-21 05:30:00,36.03917729070946,VPCC,HHZ
2025-02-21 05:40:00,31.540461355704252,VPCC,HHZ
2025-02-21 05:50:00,35.97027976881083,VPCC,HHZ
2025-02-21 06:00:00,36.911183065691134,VPCC,HHZ
2025-02-21 06:10:00,37.33326010453955,VPCC,HHZ
2025-02-21 06:20:00,40.93021644456545,VPCC,HHZ
2025-02-21 06:30:00,41.29168585682688,VPCC,HHZ
2025-02-21 06:40:00,30.10121278693583,VPCC,HHZ
2025-02-21 06:50:00,30.37890737949552,VPCC,HHZ
2025-02-21 07:00:00,28.47581731106346,VPCC,HHZ
2025-02-21 07:10:00,23.521883717430885,VPCC,HHZ
2025-02-21 07:20:00,22.267703840998117,VPCC,HHZ
2025-02-21 07:30:00,19.27031178314079,VPCC,HHZ
2025-02-21 07:40:00,18.025317081780265,VPCC,HHZ
2025-02-21 07:50:00,18.16420989917048,VPCC,HHZ
2025-02-21 08:00:00,16.8320003622554,VPCC,HHZ
2025-02-21 08:10:00,15.680228901801444,VPCC,HHZ
2025-02-21 08:20:00,16.451855998106073,VPCC,HHZ
2025-02-21 08:30:00,19.664080457445586,VPCC,HHZ
2025-02-21 08:40:00,18.110300493603706,VPCC,HHZ
2025-02-21 08:50:00,16.33369785743594,VPCC,HHZ
2025-02-21 09:00:00,17.247332589038304,VPCC,HHZ
2025-02-21 09:10:00,18.62839805464019,VPCC,HHZ
2025-02-21 09:20:00,23.241369831875193,VPCC,HHZ
2025-02-21 09:30:00,19.487186554505765,VPCC,HHZ
2025-02-21 09:40:00,19.480621784354582,VPCC,HHZ
2025-02-21 09:50:00,20.183526354545652,VPCC,HHZ
2025-02-21 10:00:00,16.531124617593775,VPCC,HHZ
2025-02-21 10:10:00,20.015429791208234,VPCC,HHZ
2025-02-21 10:20:00,19.127185674714028,VPCC,HHZ
2025-02-21 10:30:00,18.608956605190443,VPCC,HHZ
2025-02-21 10:40:00,17.336898139971925,VPCC,HHZ
2025-02-21 10:50:00,20.80036142762993,VPCC,HHZ
2025-02-21 11:00:00,18.879876075411275,VPCC,HHZ
2025-02-21 11:10:00,30.750403400858094,VPCC,HHZ
2025-02-21 11:20:00,28.484604002376532,VPCC,HHZ
2025-02-21 11:30:00,24.292898976149637,VPCC,HHZ
2025-02-21 11:40:00,25.574421680972375,VPCC,HHZ
2025-02-21 11:50:00,35.07167164073968,VPCC,HHZ
2025-02-21 12:00:00,43.808416304303606,VPCC,HHZ
2025-02-21 12:10:00,55.74769415843218,VPCC,HHZ
2025-02-21 12:20:00,44.651554017705855,VPCC,HHZ
2025-02-21 12:30:00,35.993844603130924,VPCC,HHZ
2025-02-21 12:40:00,27.608737725362573,VPCC,HHZ
2025-02-21 12:50:00,29.254756752773936,VPCC,HHZ
2025-02-21 13:00:00,33.67502152269745,VPCC,HHZ
2025-02-21 13:10:00,50.02814607808246,VPCC,HHZ
2025-02-21 13:20:00,41.07332801387009,VPCC,HHZ
2025-02-21 13:30:00,48.02522016294263,VPCC,HHZ
2025-02-21 13:40:00,39.85774656339017,VPCC,HHZ
2025-02-21 13:50:00,30.628190006475126,VPCC,HHZ
2025-02-21 14:00:00,35.17600835572698,VPCC,HHZ
2025-02-21 14:10:00,41.381835018732126,VPCC,HHZ
2025-02-21 14:20:00,30.947554109625386,VPCC,HHZ
2025-02-21 14:30:00,28.045309713134138,VPCC,HHZ
2025-02-21 14:40:00,26.520163879619595,VPCC,HHZ
2025-02-21 14:50:00,27.114499301670097,VPCC,HHZ
2025-02-21 15:00:00,28.497947387279943,VPCC,HHZ
2025-02-21 15:10:00,27.44197653636797,VPCC,HHZ
2025-02-21 15:20:00,25.63338507950348,VPCC,HHZ
2025-02-21 15:30:00,29.398847262432543,VPCC,HHZ
2025-02-21 15:40:00,31.608737319029984,VPCC,HHZ
2025-02-21 15:50:00,27.77966925720755,VPCC,HHZ
2025-02-21 16:00:00,34.625886408848416,VPCC,HHZ
2025-02-21 16:10:00,26.999619303629817,VPCC,HHZ
2025-02-21 16:20:00,30.325942234372757,VPCC,HHZ
2025-02-21 16:30:00,32.5092305190023,VPCC,HHZ
2025-02-21 16:40:00,32.97265805199965,VPCC,HHZ
2025-02-21 16:50:00,42.63993658791651,VPCC,HHZ
2025-02-21 17:00:00,31.36789272314686,VPCC,HHZ
2025-02-21 17:10:00,39.66430042874746,VPCC,HHZ
2025-02-21 17:20:00,47.026652948251964,VPCC,HHZ
2025-02-21 17:30:00,34.876672632608646,VPCC,HHZ
2025-02-21 17:40:00,40.67575593792949,VPCC,HHZ
2025-02-21 17:50:00,53.60508634726087,VPCC,HHZ
2025-02-21 18:00:00,59.11185207226625,VPCC,HHZ
2025-02-21 18:10:00,44.830626817846266,VPCC,HHZ
2025-02-21 18:20:00,40.68700594831499,VPCC,HHZ
2025-02-21 18:30:00,42.80205561281667,VPCC,HHZ
2025-02-21 18:40:00,38.746706567513854,VPCC,HHZ
2025-02-21 18:50:00,45.92575180759605,VPCC,HHZ
2025-02-21 19:00:00,41.39285706246984,VPCC,HHZ
2025-02-21 19:10:00,34.08584919481989,VPCC,HHZ
2025-02-21 19:20:00,36.10115400216991,VPCC,HHZ
2025-02-21 19:30:00,36.095744808493116,VPCC,HHZ
2025-02-21 19:40:00,33.925867054071965,VPCC,HHZ
2025-02-21 19:50:00,50.36080510048103,VPCC,HHZ
2025-02-21 20:00:00,54.6464318969559,VPCC,HHZ
2025-02-21 20:10:00,41.036141578424164,VPCC,HHZ
2025-02-21 20:20:00,35.53154391141874,VPCC,HHZ
2025-02-21 20:30:00,39.23864221435861,VPCC,HHZ
2025-02-21 20:40:00,53.1693403551456,VPCC,HHZ
2025-02-21 20:50:00,51.61603621737116,VPCC,HHZ
2025-02-21 21:00:00,67.94729865428,VPCC,HHZ
2025-02-21 21:10:00,39.725916997497855,VPCC,HHZ
2025-02-21 21:20:00,38.35266207143987,VPCC,HHZ
2025-02-21 21:30:00,70.96947969462128,VPCC,HHZ
2025-02-21 21:40:00,48.61239807543172,VPCC,HHZ
2025-02-21 21:50:00,35.82482260530888,VPCC,HHZ
2025-02-21 22:00:00,44.97808007764384,VPCC,HHZ
2025-02-21 22:10:00,50.10095120901324,VPCC,HHZ
2025-02-21 22:20:00,60.33518176544003,VPCC,HHZ
2025-02-21 22:30:00,119.64937867642762,VPCC,HHZ
2025-02-21 22:40:00,50.91819429683156,VPCC,HHZ
2025-02-21 22:50:00,43.25237866900667,VPCC,HHZ
2025-02-21 23:00:00,38.07820273429159,VPCC,HHZ
2025-02-21 23:10:00,41.164041568714296,VPCC,HHZ
2025-02-21 23:20:00,38.33930803467389,VPCC,HHZ
2025-02-21 23:30:00,47.17815600545324,VPCC,HHZ
2025-02-21 23:40:00,54.381101058530014,VPCC,HHZ
2025-02-21 23:50:00,59.994801086914144,VPCC,HHZ
2025-02-22 00:00:00,35.86904148796433,VPCC,HHZ
2025-02-22 00:10:00,42.95179319550759,VPCC,HHZ
2025-02-22 00:20:00,37.919985052674384,VPCC,HHZ
2025-02-22 00:30:00,41.20027794986533,VPCC,HHZ
2025-02-22 00:40:00,52.991999136872,VPCC,HHZ
2025-02-22 00:50:00,51.176039222266965,VPCC,HHZ
2025-02-22 01:00:00,48.835241961473436,VPCC,HHZ
2025-02-22 01:10:00,40.61768917209158,VPCC,HHZ
2025-02-22 01:20:00,34.24926883965381,VPCC,HHZ
2025-02-22 01:30:00,39.85643260235606,VPCC,HHZ
2025-02-22 01:40:00,41.304078477599376,VPCC,HHZ
2025-02-22 01:50:00,35.89286609460383,VPCC,HHZ
2025-02-22 02:00:00,41.10769534939969,VPCC,HHZ
2025-02-22 02:10:00,39.15254018143075,VPCC,HHZ
2025-02-22 02:20:00,44.3319568540708,VPCC,HHZ
2025-02-22 02:30:00,38.69348378989385,VPCC,HHZ
2025-02-22 02:40:00,35.81186980331718,VPCC,HHZ
2025-02-22 02:50:00,29.323329564901794,VPCC,HHZ
2025-02-22 03:00:00,27.409378985911303,VPCC,HHZ
2025-02-22 03:10:00,30.476123245447326,VPCC,HHZ
2025-02-22 03:20:00,27.351889778527966,VPCC,HHZ
2025-02-22 03:30:00,37.055344515157266,VPCC,HHZ
2025-02-22 03:40:00,35.98221277658807,VPCC,HHZ
2025-02-22 03:50:00,35.66163389705944,VPCC,HHZ
2025-02-22 04:00:00,35.60459341534071,VPCC,HHZ
2025-02-22 04:10:00,25.61148273259824,VPCC,HHZ
2025-02-22 04:20:00,29.599130093448696,VPCC,HHZ
2025-02-22 04:30:00,24.51419694120482,VPCC,HHZ
2025-02-22 04:40:00,23.656995431076577,VPCC,HHZ
2025-02-22 04:50:00,22.85235221052874,VPCC,HHZ
2025-02-22 05:00:00,24.36271243686968,VPCC,HHZ
2025-02-22 05:10:00,21.955273714155666,VPCC,HHZ
2025-02-22 05:20:00,19.622929193329337,VPCC,HHZ
2025-02-22 05:30:00,20.57112030197017,VPCC,HHZ
2025-02-22 05:40:00,24.799627094004137,VPCC,HHZ
2025-02-22 05:50:00,20.100977504254192,VPCC,HHZ
2025-02-22 06:00:00,35.496639017797555,VPCC,HHZ
2025-02-22 06:10:00,22.405335898712664,VPCC,HHZ
2025-02-22 06:20:00,22.3659013075034,VPCC,HHZ
2025-02-22 06:30:00,19.514305612296415,VPCC,HHZ
2025-02-22 06:40:00,19.822832313157246,VPCC,HHZ
2025-02-22 06:50:00,17.92231758555184,VPCC,HHZ
2025-02-22 07:00:00,18.474890518903518,VPCC,HHZ
2025-02-22 07:10:00,21.651450883306243,VPCC,HHZ
2025-02-22 07:20:00,24.83246863667265,VPCC,HHZ
2025-02-22 07:30:00,20.091293031496843,VPCC,HHZ
2025-02-22 07:40:00,24.329840113158717,VPCC,HHZ
2025-02-22 07:50:00,20.65242737592407,VPCC,HHZ
2025-02-22 08:00:00,18.951408448046923,VPCC,HHZ
2025-02-22 08:10:00,19.945442557532125,VPCC,HHZ
2025-02-22 08:20:00,21.380406607506046,VPCC,HHZ
2025-02-22 08:30:00,23.565084295403135,VPCC,HHZ
2025-02-22 08:40:00,25.423635723391083,VPCC,HHZ
2025-02-22 08:50:00,26.466833326227043,VPCC,HHZ
2025-02-22 09:00:00,23.1516869575128,VPCC,HHZ
2025-02-22 09:10:00,25.170398467329985,VPCC,HHZ
2025-02-22 09:20:00,19.82899552253343,VPCC,HHZ
2025-02-22 09:30:00,25.4256820608937,VPCC,HHZ
2025-02-22 09:40:00,19.258695646094917,VPCC,HHZ
2025-02-22 09:50:00,21.085445580226477,VPCC,HHZ
2025-02-22 10:00:00,19.822806976619677,VPCC,HHZ
2025-02-22 10:10:00,19.43205865174937,VPCC,HHZ
2025-02-22 10:20:00,18.6767700930161,VPCC,HHZ
2025-02-22 10:30:00,22.578060054801533,VPCC,HHZ
2025-02-22 10:40:00,19.342214206975726,VPCC,HHZ
2025-02-22 10:50:00,19.883548370751907,VPCC,HHZ
2025-02-22 11:00:00,23.041012762239717,VPCC,HHZ
2025-02-22 11:10:00,23.95362345491176,VPCC,HHZ
2025-02-22 11:20:00,20.957086179264195,VPCC,HHZ
2025-02-22 11:30:00,22.939270084253053,VPCC,HHZ
2025-02-22 11:40:00,27.345442673180973,VPCC,HHZ
2025-02-22 11:50:00,32.49565619079959,VPCC,HHZ
2025-02-22 12:00:00,32.773073617365,VPCC,HHZ
2025-02-22 12:10:00,29.910519912894813,VPCC,HHZ
2025-02-22 12:20:00,27.73602709008461,VPCC,HHZ
2025-02-22 12:30:00,35.07511746520422,VPCC,HHZ
2025-02-22 12:40:00,37.90999731837485,VPCC,HHZ
2025-02-22 12:50:00,49.74479762450258,VPCC,HHZ
2025-02-22 13:00:00,41.69023325467502,VPCC,HHZ
2025-02-22 13:10:00,46.27207037093413,VPCC,HHZ
2025-02-22 13:20:00,46.795366145103316,VPCC,HHZ
2025-02-22 13:30:00,38.266850875909036,VPCC,HHZ
2025-02-22 13:40:00,33.75247879218666,VPCC,HHZ
2025-02-22 13:50:00,33.647536080053825,VPCC,HHZ
2025-02-22 14:00:00,40.83486380646484,VPCC,HHZ
2025-02-22 14:10:00,31.04769490111881,VPCC,HHZ
2025-02-22 14:20:00,34.8542522210837,VPCC,HHZ
2025-02-22 14:30:00,40.76702975091218,VPCC,HHZ
2025-02-22 14:40:00,45.17971797513165,VPCC,HHZ
2025-02-22 14:50:00,44.95262452723294,VPCC,HHZ
2025-02-22 15:00:00,41.614418981543075,VPCC,HHZ
2025-02-22 15:10:00,39.090124369971164,VPCC,HHZ
2025-02-22 15:20:00,120.9778458913676,VPCC,HHZ
2025-02-22 15:30:00,46.58096527990121,VPCC,HHZ
2025-02-22 15:40:00,36.74803307019127,VPCC,HHZ
2025-02-22 15:50:00,29.39504757871978,VPCC,HHZ
2025-02-22 16:00:00,37.509946086458456,VPCC,HHZ
2025-02-22 16:10:00,31.62899210878037,VPCC,HHZ
2025-02-22 16:20:00,29.740058579096672,VPCC,HHZ
2025-02-22 16:30:00,38.35440842131179,VPCC,HHZ
2025-02-22 16:40:00,27.176228021127923,VPCC,HHZ
2025-02-22 16:50:00,24.756477441588803,VPCC,HHZ
2025-02-22 17:00:00,42.257405168665585,VPCC,HHZ
2025-02-22 17:10:00,45.95212011200831,VPCC,HHZ
2025-02-22 17:20:00,41.49818016024325,VPCC,HHZ
2025-02-22 17:30:00,32.11647073529037,VPCC,HHZ
2025-02-22 17:40:00,45.3000787504757,VPCC,HHZ
2025-02-22 17:50:00,41.08784701386388,VPCC,HHZ
2025-02-22 18:00:00,44.10839927355319,VPCC,HHZ
2025-02-22 18:10:00,38.61517532766055,VPCC,HHZ
2025-02-22 18:20:00,34.85832345436194,VPCC,HHZ
2025-02-22 18:30:00,34.10498086437379,VPCC,HHZ
2025-02-22 18:40:00,35.596195074889586,VPCC,HHZ
2025-02-22 18:50:00,30.985338698583224,VPCC,HHZ
2025-02-22 19:00:00,31.008154133632367,VPCC,HHZ
2025-02-22 19:10:00,28.588135854102575,VPCC,HHZ
2025-02-22 19:20:00,40.409401484247525,VPCC,HHZ
2025-02-22 19:30:00,33.043176198510984,VPCC,HHZ
2025-02-22 19:40:00,37.737631722154404,VPCC,HHZ
2025-02-22 19:50:00,27.073837006414323,VPCC,HHZ
2025-02-22 20:00:00,26.62619962416797,VPCC,HHZ
2025-02-22 20:10:00,29.57524721848781,VPCC,HHZ
2025-02-22 20:20:00,28.393768829066463,VPCC,HHZ
2025-02-22 20:30:00,30.530284073793975,VPCC,HHZ
2025-02-22 20:40:00,40.82065329629306,VPCC,HHZ
2025-02-22 20:50:00,57.13134120948583,VPCC,HHZ
2025-02-22 21:00:00,34.678027424678795,VPCC,HHZ
2025-02-22 21:10:00,33.44979742107136,VPCC,HHZ
2025-02-22 21:20:00,34.52887346615309,VPCC,HHZ
2025-02-22 21:30:00,28.745318013693993,VPCC,HHZ
2025-02-22 21:40:00,28.751710603196326,VPCC,HHZ
2025-02-22 21:50:00,31.452630296086323,VPCC,HHZ
2025-02-22 22:00:00,30.28645070178357,VPCC,HHZ
2025-02-22 22:10:00,31.6458907420389,VPCC,HHZ
2025-02-22 22:20:00,29.34683050614959,VPCC,HHZ
2025-02-22 22:30:00,31.838241699098262,VPCC,HHZ
2025-02-22 22:40:00,42.770373926081724,VPCC,HHZ
2025-02-22 22:50:00,45.76098561938107,VPCC,HHZ
2025-02-22 23:00:00,45.663743461705444,VPCC,HHZ
2025-02-22 23:10:00,29.623306639248664,VPCC,HHZ
2025-02-22 23:20:00,32.26896212023695,VPCC,HHZ
2025-02-22 23:30:00,35.58413323142379,VPCC,HHZ
2025-02-22 23:40:00,43.271424096163315,VPCC,HHZ
2025-02-22 23:50:00,35.295308462378046,VPCC,HHZ
2025-02-23 00:00:00,29.31587278380458,VPCC,HHZ
2025-02-23 00:10:00,27.15678716106938,VPCC,HHZ
2025-02-23 00:20:00,23.281255331258922,VPCC,HHZ
2025-02-23 00:30:00,22.73802970508789,VPCC,HHZ
2025-02-23 00:40:00,23.690468978486333,VPCC,HHZ
2025-02-23 00:50:00,25.52748173632534,VPCC,HHZ
2025-02-23 01:00:00,27.477265309704862,VPCC,HHZ
2025-02-23 01:10:00,20.963752172743494,VPCC,HHZ
2025-02-23 01:20:00,22.359109888806884,VPCC,HHZ
2025-02-23 01:30:00,18.713981828411953,VPCC,HHZ
2025-02-23 01:40:00,24.41174245660329,VPCC,HHZ
2025-02-23 01:50:00,21.628049605079532,VPCC,HHZ
2025-02-23 02:00:00,30.257215120784824,VPCC,HHZ
2025-02-23 02:10:00,20.839621653229912,VPCC,HHZ
2025-02-23 02:20:00,16.854861289498192,VPCC,HHZ
2025-02-23 02:30:00,16.84395489088316,VPCC,HHZ
2025-02-23 02:40:00,16.31689012295208,VPCC,HHZ
2025-02-23 02:50:00,15.881863547894298,VPCC,HHZ
2025-02-23 03:00:00,15.135632922277733,VPCC,HHZ
2025-02-23 03:10:00,15.491597048957921,VPCC,HHZ
2025-02-23 03:20:00,17.711774431999455,VPCC,HHZ
2025-02-23 03:30:00,15.625929637612709,VPCC,HHZ
2025-02-23 03:40:00,20.18917898298521,VPCC,HHZ
2025-02-23 03:50:00,18.868581983055737,VPCC,HHZ
2025-02-23 04:00:00,17.01555734255665,VPCC,HHZ
2025-02-23 04:10:00,21.02202737657758,VPCC,HHZ
2025-02-23 04:20:00,20.370850380207255,VPCC,HHZ
2025-02-23 04:30:00,22.31692613820913,VPCC,HHZ
2025-02-23 04:40:00,15.952493757452096,VPCC,HHZ
2025-02-23 04:50:00,17.979825545778187,VPCC,HHZ
2025-02-23 05:00:00,16.55269694058021,VPCC,HHZ
2025-02-23 05:10:00,16.96189816551819,VPCC,HHZ
2025-02-23 05:20:00,19.730222873368326,VPCC,HHZ
2025-02-23 05:30:00,18.653227209754846,VPCC,HHZ
2025-02-23 05:40:00,17.69109831946657,VPCC,HHZ
2025-02-23 05:50:00,17.541090834073735,VPCC,HHZ
2025-02-23 06:00:00,19.20803500149176,VPCC,HHZ
2025-02-23 06:10:00,21.513971543468468,VPCC,HHZ
2025-02-23 06:20:00,19.786316335411346,VPCC,HHZ
2025-02-23 06:30:00,26.728724738260954,VPCC,HHZ
2025-02-23 06:40:00,21.503165173495184,VPCC,HHZ
2025-02-23 06:50:00,16.954668456178705,VPCC,HHZ
2025-02-23 07:00:00,13.459779314326942,VPCC,HHZ
2025-02-23 07:10:00,14.764544839084769,VPCC,HHZ
2025-02-23 07:20:00,16.32561759618432,VPCC,HHZ
2025-02-23 07:30:00,13.85371772785862,VPCC,HHZ
2025-02-23 07:40:00,21.52664904263452,VPCC,HHZ
2025-02-23 07:50:00,18.104039259772712,VPCC,HHZ
2025-02-23 08:00:00,15.976727013720305,VPCC,HHZ
2025-02-23 08:10:00,15.55799646284902,VPCC,HHZ
2025-02-23 08:20:00,16.710183816536638,VPCC,HHZ
2025-02-23 08:30:00,17.950218196545187,VPCC,HHZ
2025-02-23 08:40:00,18.029199161849792,VPCC,HHZ
2025-02-23 08:50:00,17.470475439447032,VPCC,HHZ
2025-02-23 09:00:00,16.59589133671591,VPCC,HHZ
2025-02-23 09:10:00,20.619970658535866,VPCC,HHZ
2025-02-23 09:20:00,15.6373226523305,VPCC,HHZ
2025-02-23 09:30:00,16.864621034615112,VPCC,HHZ
2025-02-23 09:40:00,13.432423155539162,VPCC,HHZ
2025-02-23 09:50:00,15.886370229244537,VPCC,HHZ
2025-02-23 10:00:00,15.46723558520489,VPCC,HHZ
2025-02-23 10:10:00,20.396709218803828,VPCC,HHZ
2025-02-23 10:20:00,16.4700716175533,VPCC,HHZ
2025-02-23 10:30:00,14.837516106283775,VPCC,HHZ
2025-02-23 10:40:00,24.244392830442962,VPCC,HHZ
2025-02-23 10:50:00,17.426440886889612,VPCC,HHZ
2025-02-23 11:00:00,18.122156607407796,VPCC,HHZ
2025-02-23 11:10:00,20.79735390941075,VPCC,HHZ
2025-02-23 11:20:00,24.415497906264168,VPCC,HHZ
2025-02-23 11:30:00,21.152307958599064,VPCC,HHZ
2025-02-23 11:40:00,20.192547764439425,VPCC,HHZ
2025-02-23 11:50:00,21.29763442807238,VPCC,HHZ
2025-02-23 12:00:00,22.999121877118213,VPCC,HHZ
2025-02-23 12:10:00,232.7447387433959,VPCC,HHZ
2025-02-23 12:20:00,59.80665100342935,VPCC,HHZ
2025-02-23 12:30:00,26.699316337820676,VPCC,HHZ
2025-02-23 12:40:00,30.376873776811774,VPCC,HHZ
2025-02-23 12:50:00,30.431541430589512,VPCC,HHZ
2025-02-23 13:00:00,65.18282008583705,VPCC,HHZ
2025-02-23 13:10:00,56.79227048622369,VPCC,HHZ
2025-02-23 13:20:00,62.1174519303775,VPCC,HHZ
2025-02-23 13:30:00,54.14876791312637,VPCC,HHZ
2025-02-23 13:40:00,45.85775977090513,VPCC,HHZ
2025-02-23 13:50:00,48.121544929037334,VPCC,HHZ
2025-02-23 14:00:00,49.94048710983255,VPCC,HHZ
2025-02-23 14:10:00,60.37595477565574,VPCC,HHZ
2025-02-23 14:20:00,51.22307460949233,VPCC,HHZ
2025-02-23 14:30:00,59.51585452496853,VPCC,HHZ
2025-02-23 14:40:00,51.96905690833266,VPCC,HHZ
2025-02-23 14:50:00,71.20289018402063,VPCC,HHZ
2025-02-23 15:00:00,54.20190581275307,VPCC,HHZ
2025-02-23 15:10:00,54.998418655090404,VPCC,HHZ
2025-02-23 15:20:00,64.72226759209661,VPCC,HHZ
2025-02-23 15:30:00,58.640385849080005,VPCC,HHZ
2025-02-23 15:40:00,65.75322379831096,VPCC,HHZ
2025-02-23 15:50:00,81.29598487526594,VPCC,HHZ
2025-02-23 16:00:00,62.41224903617298,VPCC,HHZ
2025-02-23 16:10:00,86.51693084502043,VPCC,HHZ
2025-02-23 16:20:00,69.14611923952478,VPCC,HHZ
2025-02-23 16:30:00,54.8038856448552,VPCC,HHZ
2025-02-23 16:40:00,61.89254207822301,VPCC,HHZ
2025-02-23 16:50:00,104.02616246076617,VPCC,HHZ
2025-02-23 17:00:00,63.79442826168065,VPCC,HHZ
2025-02-23 17:10:00,68.54298180217957,VPCC,HHZ
2025-02-23 17:20:00,78.21143755446944,VPCC,HHZ
2025-02-23 17:30:00,77.95536597112701,VPCC,HHZ
2025-02-23 17:40:00,72.71286996284938,VPCC,HHZ
2025-02-23 17:50:00,77.68531087618257,VPCC,HHZ
2025-02-23 18:00:00,54.300347234288125,VPCC,HHZ
2025-02-23 18:10:00,60.25537398853788,VPCC,HHZ
2025-02-23 18:20:00,56.26235301358621,VPCC,HHZ
2025-02-23 18:30:00,63.093545002374526,VPCC,HHZ
2025-02-23 18:40:00,52.46090468009576,VPCC,HHZ
2025-02-23 18:50:00,66.04658341253092,VPCC,HHZ
2025-02-23 19:00:00,136.48473884960356,VPCC,HHZ
2025-02-23 19:10:00,70.37653215924905,VPCC,HHZ
2025-02-23 19:20:00,52.53918008054164,VPCC,HHZ
2025-02-23 19:30:00,67.85762848077749,VPCC,HHZ
2025-02-23 19:40:00,78.14984711831896,VPCC,HHZ
2025-02-23 19:50:00,78.82377267318118,VPCC,HHZ
2025-02-23 20:00:00,127.02679690492809,VPCC,HHZ
2025-02-23 20:10:00,48.04646592344049,VPCC,HHZ
2025-02-23 20:20:00,39.46456211100959,VPCC,HHZ
2025-02-23 20:30:00,38.63418071642413,VPCC,HHZ
2025-02-23 20:40:00,41.11099372567853,VPCC,HHZ
2025-02-23 20:50:00,32.00870994271305,VPCC,HHZ
2025-02-23 21:00:00,32.88284530921892,VPCC,HHZ
2025-02-23 21:10:00,48.08626901691965,VPCC,HHZ
2025-02-23 21:20:00,41.593616067306264,VPCC,HHZ
2025-02-23 21:30:00,38.33079564538669,VPCC,HHZ
2025-02-23 21:40:00,30.08738243258686,VPCC,HHZ
2025-02-23 21:50:00,34.326756939908044,VPCC,HHZ
2025-02-23 22:00:00,33.50038637630212,VPCC,HHZ
2025-02-23 22:10:00,33.06642150730375,VPCC,HHZ
2025-02-23 22:20:00,44.452269361018345,VPCC,HHZ
2025-02-23 22:30:00,35.99886572203643,VPCC,HHZ
2025-02-23 22:40:00,40.78821655117189,VPCC,HHZ
2025-02-23 22:50:00,42.504441840445566,VPCC,HHZ
2025-02-23 23:00:00,39.011222568034455,VPCC,HHZ
2025-02-23 23:10:00,53.63936333038458,VPCC,HHZ
2025-02-23 23:20:00,40.501042183663216,VPCC,HHZ
2025-02-23 23:30:00,47.45802981768078,VPCC,HHZ
2025-02-23 23:40:00,54.5280591382139,VPCC,HHZ
2025-02-23 23:50:00,52.015246714277815,VPCC,HHZ
2025-02-24 00:00:00,52.74760484969485,VPCC,HHZ
2025-02-24 00:10:00,34.42035412347388,VPCC,HHZ
2025-02-24 00:20:00,37.58508793443873,VPCC,HHZ
2025-02-24 00:30:00,80.49132819348476,VPCC,HHZ
2025-02-24 00:40:00,32.933336156026115,VPCC,HHZ
2025-02-24 00:50:00,22.566725071359475,VPCC,HHZ
2025-02-24 01:00:00,21.71198825281085,VPCC,HHZ
2025-02-24 01:10:00,20.549101721379852,VPCC,HHZ
2025-02-24 01:20:00,20.614466187880197,VPCC,HHZ
2025-02-24 01:30:00,20.210029293164904,VPCC,HHZ
2025-02-24 01:40:00,19.166882937652947,VPCC,HHZ
2025-02-24 01:50:00,20.355967339824133,VPCC,HHZ
2025-02-24 02:00:00,22.990589213785338,VPCC,HHZ
2025-02-24 02:10:00,23.505012282631334,VPCC,HHZ
2025-02-24 02:20:00,22.650083558593195,VPCC,HHZ
2025-02-24 02:30:00,21.189459339300154,VPCC,HHZ
2025-02-24 02:40:00,17.279630154693493,VPCC,HHZ
2025-02-24 02:50:00,17.60479974798826,VPCC,HHZ
2025-02-24 03:00:00,15.87644318358575,VPCC,HHZ
2025-02-24 03:10:00,25.693771317476,VPCC,HHZ
2025-02-24 03:20:00,20.678995736464962,VPCC,HHZ
2025-02-24 03:30:00,24.41195979845776,VPCC,HHZ
2025-02-24 03:40:00,19.79868626824008,VPCC,HHZ
2025-02-24 03:50:00,15.75670512146013,VPCC,HHZ
2025-02-24 04:00:00,18.86039058078402,VPCC,HHZ
2025-02-24 04:10:00,16.774274201789957,VPCC,HHZ
2025-02-24 04:20:00,17.57604324898087,VPCC,HHZ
2025-02-24 04:30:00,18.01287356222967,VPCC,HHZ
2025-02-24 04:40:00,17.19441541197074,VPCC,HHZ
2025-02-24 04:50:00,18.107630640441887,VPCC,HHZ
2025-02-24 05:00:00,15.656519817851054,VPCC,HHZ
2025-02-24 05:10:00,16.5452243336309,VPCC,HHZ
2025-02-24 05:20:00,15.612679300379277,VPCC,HHZ
2025-02-24 05:30:00,16.349302506773363,VPCC,HHZ
2025-02-24 05:40:00,14.636122463925972,VPCC,HHZ
2025-02-24 05:50:00,14.383611418965794,VPCC,HHZ
2025-02-24 06:00:00,14.834269984050511,VPCC,HHZ
2025-02-24 06:10:00,15.5744849248718,VPCC,HHZ
2025-02-24 06:20:00,13.339221797682496,VPCC,HHZ
2025-02-24 06:30:00,16.351242485996067,VPCC,HHZ
2025-02-24 06:40:00,14.413649283608216,VPCC,HHZ
2025-02-24 06:50:00,13.855991716018673,VPCC,HHZ
2025-02-24 07:00:00,15.339182758198938,VPCC,HHZ
2025-02-24 07:10:00,14.79184316815359,VPCC,HHZ
2025-02-24 07:20:00,14.836533057862699,VPCC,HHZ
2025-02-24 07:30:00,15.155813525775446,VPCC,HHZ
2025-02-24 07:40:00,15.469748668318145,VPCC,HHZ
2025-02-24 07:50:00,12.86378391091144,VPCC,HHZ
2025-02-24 08:00:00,14.879546762609635,VPCC,HHZ
2025-02-24 08:10:00,14.871186522048381,VPCC,HHZ
2025-02-24 08:20:00,13.626061055766147,VPCC,HHZ
2025-02-24 08:30:00,13.3312386811905,VPCC,HHZ
2025-02-24 08:40:00,12.753125932520293,VPCC,HHZ
2025-02-24 08:50:00,13.748067928029432,VPCC,HHZ
2025-02-24 09:00:00,12.188143795769317,VPCC,HHZ
2025-02-24 09:10:00,13.20327442143348,VPCC,HHZ
2025-02-24 09:20:00,14.468174864821048,VPCC,HHZ
2025-02-24 09:30:00,16.47584990908291,VPCC,HHZ
2025-02-24 09:40:00,14.620543633283996,VPCC,HHZ
2025-02-24 09:50:00,25.44820510250555,VPCC,HHZ
2025-02-24 10:00:00,14.235382985699179,VPCC,HHZ
2025-02-24 10:10:00,15.605160151247162,VPCC,HHZ
2025-02-24 10:20:00,15.511083241963473,VPCC,HHZ
2025-02-24 10:30:00,15.748256694043368,VPCC,HHZ
2025-02-24 10:40:00,14.637325685960311,VPCC,HHZ
2025-02-24 10:50:00,16.226901226496842,VPCC,HHZ
2025-02-24 11:00:00,16.242740143257663,VPCC,HHZ
2025-02-24 11:10:00,21.182290401137426,VPCC,HHZ
2025-02-24 11:20:00,19.3740092643429,VPCC,HHZ
2025-02-24 11:30:00,19.69002838525647,VPCC,HHZ
2025-02-24 11:40:00,18.92491380779865,VPCC,HHZ
2025-02-24 11:50:00,18.86523460570204,VPCC,HHZ
2025-02-24 12:00:00,20.25242109729858,VPCC,HHZ
2025-02-24 12:10:00,22.56527907212204,VPCC,HHZ
2025-02-24 12:20:00,28.397700637091262,VPCC,HHZ
2025-02-24 12:30:00,23.726667361765546,VPCC,HHZ
2025-02-24 12:40:00,31.84630453012667,VPCC,HHZ
2025-02-24 12:50:00,43.556112105585605,VPCC,HHZ
2025-02-24 13:00:00,38.938394330070885,VPCC,HHZ
2025-02-24 13:10:00,42.29439646055589,VPCC,HHZ
2025-02-24 13:20:00,42.738115754326216,VPCC,HHZ
2025-02-24 13:30:00,47.722600928933296,VPCC,HHZ
2025-02-24 13:40:00,36.29698974049015,VPCC,HHZ
2025-02-24 13:50:00,28.93289804133513,VPCC,HHZ
2025-02-24 14:00:00,35.828509280756904,VPCC,HHZ
2025-02-24 14:10:00,47.73023982955306,VPCC,HHZ
2025-02-24 14:20:00,39.42148220511042,VPCC,HHZ
2025-02-24 14:30:00,25.71336172947017,VPCC,HHZ
2025-02-24 14:40:00,25.12372308715606,VPCC,HHZ
2025-02-24 14:50:00,21.93290912549778,VPCC,HHZ
2025-02-24 15:00:00,22.901634631226088,VPCC,HHZ
2025-02-24 15:10:00,30.065782941219695,VPCC,HHZ
2025-02-24 15:20:00,25.968734100111494,VPCC,HHZ
2025-02-24 15:30:00,32.82420750221895,VPCC,HHZ
2025-02-24 15:40:00,59.96832215787977,VPCC,HHZ
2025-02-24 15:50:00,100.73990731642806,VPCC,HHZ
2025-02-24 16:00:00,65.94282312827924,VPCC,HHZ
2025-02-24 16:10:00,48.49153481266992,VPCC,HHZ
2025-02-24 16:20:00,35.390949891101755,VPCC,HHZ
2025-02-24 16:30:00,28.791478119812005,VPCC,HHZ
2025-02-24 16:40:00,28.963461772220988,VPCC,HHZ
2025-02-24 16:50:00,29.85893746316455,VPCC,HHZ
2025-02-24 17:00:00,32.68534413186348,VPCC,HHZ
2025-02-24 17:10:00,37.12262466502097,VPCC,HHZ
2025-02-24 17:20:00,35.8167227329498,VPCC,HHZ
2025-02-24 17:30:00,30.850026991018705,VPCC,HHZ
2025-02-24 17:40:00,29.303071968247348,VPCC,HHZ
2025-02-24 17:50:00,448.0043876009452,VPCC,HHZ
2025-02-24 18:00:00,36.83231828843923,VPCC,HHZ
2025-02-24 18:10:00,45.93674125561937,VPCC,HHZ
2025-02-24 18:20:00,50.83301418409118,VPCC,HHZ
2025-02-24 18:30:00,137.0262736565667,VPCC,HHZ
2025-02-24 18:40:00,37.28637838610778,VPCC,HHZ
2025-02-24 18:50:00,37.472371658432394,VPCC,HHZ
2025-02-24 19:00:00,35.716049256738444,VPCC,HHZ
2025-02-24 19:10:00,29.95141650523498,VPCC,HHZ
2025-02-24 19:20:00,29.788776788846093,VPCC,HHZ
2025-02-24 19:30:00,24.896038538178168,VPCC,HHZ
2025-02-24 19:40:00,36.35693873185779,VPCC,HHZ
2025-02-24 19:50:00,62.307655762214104,VPCC,HHZ
2025-02-24 20:00:00,90.2121364095601,VPCC,HHZ
2025-02-24 20:10:00,259.9160239982055,VPCC,HHZ
2025-02-24 20:20:00,57.719727821438795,VPCC,HHZ
2025-02-24 20:30:00,70.53689397051389,VPCC,HHZ
2025-02-24 20:40:00,52.13740396052905,VPCC,HHZ
2025-02-24 20:50:00,54.473208571439265,VPCC,HHZ
2025-02-24 21:00:00,37.636927620036126,VPCC,HHZ
2025-02-24 21:10:00,26.539843798498115,VPCC,HHZ
2025-02-24 21:20:00,26.431651469025738,VPCC,HHZ
2025-02-24 21:30:00,26.966223946475395,VPCC,HHZ
2025-02-24 21:40:00,28.847303377717164,VPCC,HHZ
2025-02-24 21:50:00,31.710628915838377,VPCC,HHZ
2025-02-24 22:00:00,33.24783634827575,VPCC,HHZ
2025-02-24 22:10:00,29.063735804115048,VPCC,HHZ
2025-02-24 22:20:00,31.745318268655442,VPCC,HHZ
2025-02-24 22:30:00,31.75600179950653,VPCC,HHZ
2025-02-24 22:40:00,38.64131002367295,VPCC,HHZ
2025-02-24 22:50:00,33.223371043696275,VPCC,HHZ
2025-02-24 23:00:00,34.36787076830357,VPCC,HHZ
2025-02-24 23:10:00,42.47895529538482,VPCC,HHZ
2025-02-24 23:20:00,34.64356281564606,VPCC,HHZ
2025-02-24 23:30:00,30.79124230642278,VPCC,HHZ
2025-02-24 23:40:00,28.618273418865364,VPCC,HHZ
2025-02-24 23:50:00,22.6345054005653,VPCC,HHZ
2025-02-25 00:00:00,23.247537908219304,VPCC,HHZ
2025-02-25 00:10:00,17.510006582783152,VPCC,HHZ
2025-02-25 00:20:00,19.232053942675083,VPCC,HHZ
2025-02-25 00:30:00,26.945913200410715,VPCC,HHZ
2025-02-25 00:40:00,28.615241199861238,VPCC,HHZ
2025-02-25 00:50:00,36.14647118770859,VPCC,HHZ
2025-02-25 01:00:00,27.286973959738113,VPCC,HHZ
2025-02-25 01:10:00,23.858032997966,VPCC,HHZ
2025-02-25 01:20:00,19.935233574177254,VPCC,HHZ
2025-02-25 01:30:00,17.783953212835335,VPCC,HHZ
2025-02-25 01:40:00,17.819534888534886,VPCC,HHZ
2025-02-25 01:50:00,19.51229438101049,VPCC,HHZ
2025-02-25 02:00:00,21.822029464562426,VPCC,HHZ
2025-02-25 02:10:00,20.45300688985829,VPCC,HHZ
2025-02-25 02:20:00,21.11061582592176,VPCC,HHZ
2025-02-25 02:30:00,23.457347159321213,VPCC,HHZ
2025-02-25 02:40:00,21.334951743881263,VPCC,HHZ
2025-02-25 02:50:00,19.128983531762078,VPCC,HHZ
2025-02-25 03:00:00,20.768348934129207,VPCC,HHZ
2025-02-25 03:10:00,17.938657161474854,VPCC,HHZ
2025-02-25 03:20:00,18.570435033428428,VPCC,HHZ
2025-02-25 03:30:00,15.132945523528043,VPCC,HHZ
2025-02-25 03:40:00,16.313137951524144,VPCC,HHZ
2025-02-25 03:50:00,18.10611644998741,VPCC,HHZ
2025-02-25 04:00:00,23.721721731260303,VPCC,HHZ
2025-02-25 04:10:00,20.178158540530976,VPCC,HHZ
2025-02-25 04:20:00,22.12015660626594,VPCC,HHZ
2025-02-25 04:30:00,19.580792168710435,VPCC,HHZ
2025-02-25 04:40:00,20.73765053572839,VPCC,HHZ
2025-02-25 04:50:00,20.548992039882673,VPCC,HHZ
2025-02-25 05:00:00,18.872456789376766,VPCC,HHZ
2025-02-25 05:10:00,19.222699742795943,VPCC,HHZ
2025-02-25 05:20:00,19.570721962086036,VPCC,HHZ
2025-02-25 05:30:00,18.583945730433502,VPCC,HHZ
2025-02-25 05:40:00,21.294369051812584,VPCC,HHZ
2025-02-25 05:50:00,30.448412346018397,VPCC,HHZ
2025-02-25 06:00:00,17.430834094903584,VPCC,HHZ
2025-02-25 06:10:00,16.830044978875506,VPCC,HHZ
2025-02-25 06:20:00,16.064842113946856,VPCC,HHZ
2025-02-25 06:30:00,16.391074010252687,VPCC,HHZ
2025-02-25 06:40:00,17.265032615595633,VPCC,HHZ
2025-02-25 06:50:00,16.755883461518017,VPCC,HHZ
2025-02-25 07:00:00,18.903315367643742,VPCC,HHZ
2025-02-25 07:10:00,17.42054848172839,VPCC,HHZ
2025-02-25 07:20:00,16.26502872481643,VPCC,HHZ
2025-02-25 07:30:00,17.820629896421774,VPCC,HHZ
2025-02-25 07:40:00,16.63255385862223,VPCC,HHZ
2025-02-25 07:50:00,20.101700028497813,VPCC,HHZ
2025-02-25 08:00:00,21.230473271021776,VPCC,HHZ
2025-02-25 08:10:00,21.784818623875772,VPCC,HHZ
2025-02-25 08:20:00,16.956818563018214,VPCC,HHZ
2025-02-25 08:30:00,16.581648106020378,VPCC,HHZ
2025-02-25 08:40:00,16.586528219686592,VPCC,HHZ
2025-02-25 08:50:00,16.677291108423013,VPCC,HHZ
2025-02-25 09:00:00,18.34774488729592,VPCC,HHZ
2025-02-25 09:10:00,15.782399561521244,VPCC,HHZ
2025-02-25 09:20:00,19.208568746038786,VPCC,HHZ
2025-02-25 09:30:00,20.632824347366448,VPCC,HHZ
2025-02-25 09:40:00,20.047261343907167,VPCC,HHZ
2025-02-25 09:50:00,20.853773679704883,VPCC,HHZ
2025-02-25 10:00:00,19.89757786591689,VPCC,HHZ
2025-02-25 10:10:00,18.891893979434776,VPCC,HHZ
2025-02-25 10:20:00,18.2609891890929,VPCC,HHZ
2025-02-25 10:30:00,18.232032413348204,VPCC,HHZ
2025-02-25 10:40:00,16.340718548204983,VPCC,HHZ
2025-02-25 10:50:00,16.54974796351669,VPCC,HHZ
2025-02-25 11:00:00,16.412196697096093,VPCC,HHZ
2025-02-25 11:10:00,16.276184497536935,VPCC,HHZ
2025-02-25 11:20:00,20.828121286614937,VPCC,HHZ
2025-02-25 11:30:00,22.30222323487824,VPCC,HHZ
2025-02-25 11:40:00,23.766013121003947,VPCC,HHZ
2025-02-25 11:50:00,23.582770526821832,VPCC,HHZ
2025-02-25 12:00:00,23.655705844382435,VPCC,HHZ
2025-02-25 12:10:00,28.00162282686527,VPCC,HHZ
2025-02-25 12:20:00,34.75237912277094,VPCC,HHZ
2025-02-25 12:30:00,26.644167519732203,VPCC,HHZ
2025-02-25 12:40:00,29.423010010467536,VPCC,HHZ
2025-02-25 12:50:00,36.41722318713684,VPCC,HHZ
2025-02-25 13:00:00,37.90375663775074,VPCC,HHZ
2025-02-25 13:10:00,44.39855318554439,VPCC,HHZ
2025-02-25 13:20:00,52.92614582106911,VPCC,HHZ
2025-02-25 13:30:00,47.003594334600734,VPCC,HHZ
2025-02-25 13:40:00,32.582500985142914,VPCC,HHZ
2025-02-25 13:50:00,40.652927418361834,VPCC,HHZ
2025-02-25 14:00:00,44.0339393660335,VPCC,HHZ
2025-02-25 14:10:00,52.77922977358978,VPCC,HHZ
2025-02-25 14:20:00,47.796374340063316,VPCC,HHZ
2025-02-25 14:30:00,40.79722897527615,VPCC,HHZ
2025-02-25 14:40:00,42.204898971441075,VPCC,HHZ
2025-02-25 14:50:00,30.46288139513082,VPCC,HHZ
2025-02-25 15:00:00,29.775119918775637,VPCC,HHZ
2025-02-25 15:10:00,39.67570749893263,VPCC,HHZ
2025-02-25 15:20:00,38.17672158404787,VPCC,HHZ
2025-02-25 15:30:00,43.602067469560254,VPCC,HHZ
2025-02-25 15:40:00,84.73448350559948,VPCC,HHZ
2025-02-25 15:50:00,59.84771909215616,VPCC,HHZ
2025-02-25 16:00:00,62.41809212521641,VPCC,HHZ
2025-02-25 16:10:00,73.58546541735112,VPCC,HHZ
2025-02-25 16:20:00,50.16287065897426,VPCC,HHZ
2025-02-25 16:30:00,30.88262160496781,VPCC,HHZ
2025-02-25 16:40:00,32.10931215033306,VPCC,HHZ
2025-02-25 16:50:00,46.6152004896826,VPCC,HHZ
2025-02-25 17:00:00,37.014549888578465,VPCC,HHZ
2025-02-25 17:10:00,33.86201025967803,VPCC,HHZ
2025-02-25 17:20:00,34.216141138057594,VPCC,HHZ
2025-02-25 17:30:00,48.380924406979844,VPCC,HHZ
2025-02-25 17:40:00,36.08641649035484,VPCC,HHZ
2025-02-25 17:50:00,37.97355333635947,VPCC,HHZ
2025-02-25 18:00:00,35.24402184598861,VPCC,HHZ
2025-02-25 18:10:00,34.24528759847577,VPCC,HHZ
2025-02-25 18:20:00,55.784925027786635,VPCC,HHZ
2025-02-25 18:30:00,39.97126959319188,VPCC,HHZ
2025-02-25 18:40:00,37.35156894044699,VPCC,HHZ
2025-02-25 18:50:00,34.738351649848,VPCC,HHZ
2025-02-25 19:00:00,29.945915412224995,VPCC,HHZ
2025-02-25 19:10:00,29.723945294762753,VPCC,HHZ
2025-02-25 19:20:00,29.45778180141709,VPCC,HHZ
2025-02-25 19:30:00,28.048738946128882,VPCC,HHZ
2025-02-25 19:40:00,43.09870578625068,VPCC,HHZ
2025-02-25 19:50:00,36.803595873531684,VPCC,HHZ
2025-02-25 20:00:00,58.269555440382426,VPCC,HHZ
2025-02-25 20:10:00,56.21723452286931,VPCC,HHZ
2025-02-25 20:20:00,36.73755356103568,VPCC,HHZ
2025-02-25 20:30:00,34.00765011195332,VPCC,HHZ
2025-02-25 20:40:00,31.635873946805876,VPCC,HHZ
2025-02-25 20:50:00,33.83513804432026,VPCC,HHZ
2025-02-25 21:00:00,30.482575127482452,VPCC,HHZ
2025-02-25 21:10:00,29.164732661039853,VPCC,HHZ
2025-02-25 21:20:00,40.906383781494185,VPCC,HHZ
2025-02-25 21:30:00,28.139500621305025,VPCC,HHZ
2025-02-25 21:40:00,33.330863516308796,VPCC,HHZ
2025-02-25 21:50:00,25.274141297700627,VPCC,HHZ
2025-02-25 22:00:00,30.739186974808653,VPCC,HHZ
2025-02-25 22:10:00,31.49995692013038,VPCC,HHZ
2025-02-25 22:20:00,31.295456611654018,VPCC,HHZ
2025-02-25 22:30:00,37.783806131172916,VPCC,HHZ
2025-02-25 22:40:00,36.41534106296324,VPCC,HHZ
2025-02-25 22:50:00,42.32919744264705,VPCC,HHZ
2025-02-25 23:00:00,32.33569406860447,VPCC,HHZ
2025-02-25 23:10:00,29.312060701499227,VPCC,HHZ
2025-02-25 23:20:00,27.055392001192676,VPCC,HHZ
2025-02-25 23:30:00,31.419776775795984,VPCC,HHZ
2025-02-25 23:40:00,33.32471355836579,VPCC,HHZ
2025-02-25 23:50:00,36.860238892319686,VPCC,HHZ
2025-02-26 00:00:00,26.339115597479957,VPCC,HHZ
2025-02-26 00:10:00,25.708218934332205,VPCC,HHZ
2025-02-26 00:20:00,35.72057364746001,VPCC,HHZ
2025-02-26 00:30:00,26.666925827195033,VPCC,HHZ
2025-02-26 00:40:00,35.535738628947854,VPCC,HHZ
2025-02-26 00:50:00,24.56795678365223,VPCC,HHZ
2025-02-26 01:00:00,22.4995461231051,VPCC,HHZ
2025-02-26 01:10:00,19.555971462928262,VPCC,HHZ
2025-02-26 01:20:00,15.396903622658561,VPCC,HHZ
2025-02-26 01:30:00,17.690359668858434,VPCC,HHZ
2025-02-26 01:40:00,18.6043631436821,VPCC,HHZ
2025-02-26 01:50:00,17.754908131283454,VPCC,HHZ
2025-02-26 02:00:00,25.949566144449978,VPCC,HHZ
2025-02-26 02:10:00,20.350891573548623,VPCC,HHZ
2025-02-26 02:20:00,20.679003065955836,VPCC,HHZ
2025-02-26 02:30:00,21.183480816317232,VPCC,HHZ
2025-02-26 02:40:00,17.287642546520576,VPCC,HHZ
2025-02-26 02:50:00,15.782944587232636,VPCC,HHZ
2025-02-26 03:00:00,16.34887593706603,VPCC,HHZ
2025-02-26 03:10:00,15.689869462498198,VPCC,HHZ
2025-02-26 03:20:00,18.737742136221232,VPCC,HHZ
2025-02-26 03:30:00,36.51039906237568,VPCC,HHZ
2025-02-26 03:40:00,16.96995044170144,VPCC,HHZ
2025-02-26 03:50:00,13.105647627995003,VPCC,HHZ
2025-02-26 04:00:00,15.142954030168955,VPCC,HHZ
2025-02-26 04:10:00,16.276239893200497,VPCC,HHZ
2025-02-26 04:20:00,15.479252758512267,VPCC,HHZ
2025-02-26 04:30:00,16.820771717404774,VPCC,HHZ
2025-02-26 04:40:00,19.197654378171475,VPCC,HHZ
2025-02-26 04:50:00,19.307234766086648,VPCC,HHZ
2025-02-26 05:00:00,19.270926752323565,VPCC,HHZ
2025-02-26 05:10:00,17.55453848373232,VPCC,HHZ
2025-02-26 05:20:00,15.545435308400165,VPCC,HHZ
2025-02-26 05:30:00,15.928587393304444,VPCC,HHZ
2025-02-26 05:40:00,42.65071993716472,VPCC,HHZ
2025-02-26 05:50:00,15.568753173095457,VPCC,HHZ
2025-02-26 06:00:00,15.762896869652286,VPCC,HHZ
2025-02-26 06:10:00,17.013325310732583,VPCC,HHZ
2025-02-26 06:20:00,15.491236290061163,VPCC,HHZ
2025-02-26 06:30:00,16.631361153887845,VPCC,HHZ
2025-02-26 06:40:00,17.247120436300474,VPCC,HHZ
2025-02-26 06:50:00,16.8020799561411,VPCC,HHZ
2025-02-26 07:00:00,17.584732115893825,VPCC,HHZ
2025-02-26 07:10:00,15.08650343592183,VPCC,HHZ
2025-02-26 07:20:00,15.235631056157995,VPCC,HHZ
2025-02-26 07:30:00,16.020637117614157,VPCC,HHZ
2025-02-26 07:40:00,15.861199937518883,VPCC,HHZ
2025-02-26 07:50:00,15.061204191135005,VPCC,HHZ
2025-02-26 08:00:00,16.78236552120822,VPCC,HHZ
2025-02-26 08:10:00,14.551946851994602,VPCC,HHZ
2025-02-26 08:20:00,14.900463730400197,VPCC,HHZ
2025-02-26 08:30:00,15.272414664507956,VPCC,HHZ
2025-02-26 08:40:00,16.933925337250088,VPCC,HHZ
2025-02-26 08:50:00,15.481511607497662,VPCC,HHZ
2025-02-26 09:00:00,15.848348083898701,VPCC,HHZ
2025-02-26 09:10:00,15.648898883866712,VPCC,HHZ
2025-02-26 09:20:00,14.309653632641744,VPCC,HHZ
2025-02-26 09:30:00,14.25376295877566,VPCC,HHZ
2025-02-26 09:40:00,15.147636696526238,VPCC,HHZ
2025-02-26 09:50:00,16.69228614416905,VPCC,HHZ
2025-02-26 10:00:00,14.479454248002574,VPCC,HHZ
2025-02-26 10:10:00,13.152375493545263,VPCC,HHZ
2025-02-26 10:20:00,14.667098169419594,VPCC,HHZ
2025-02-26 10:30:00,13.074600003232137,VPCC,HHZ
2025-02-26 10:40:00,13.689439817043338,VPCC,HHZ
2025-02-26 10:50:00,12.927644840878404,VPCC,HHZ
2025-02-26 11:00:00,13.979957236445998,VPCC,HHZ
2025-02-26 11:10:00,16.426617763005662,VPCC,HHZ
2025-02-26 11:20:00,16.202368603480885,VPCC,HHZ
2025-02-26 11:30:00,23.454918170047677,VPCC,HHZ
2025-02-26 11:40:00,20.048550627555137,VPCC,HHZ
2025-02-26 11:50:00,20.304970691295747,VPCC,HHZ
2025-02-26 12:00:00,72.69799581002445,VPCC,HHZ
2025-02-26 12:10:00,24.66541626434212,VPCC,HHZ
2025-02-26 12:20:00,26.989725931604085,VPCC,HHZ
2025-02-26 12:30:00,31.07747783748995,VPCC,HHZ
2025-02-26 12:40:00,30.99499403636964,VPCC,HHZ
2025-02-26 12:50:00,42.16250723016864,VPCC,HHZ
2025-02-26 13:00:00,39.15956315648058,VPCC,HHZ
2025-02-26 13:10:00,48.016581521235274,VPCC,HHZ
2025-02-26 13:20:00,43.55484454722182,VPCC,HHZ
2025-02-26 13:30:00,39.569180665001795,VPCC,HHZ
2025-02-26 13:40:00,39.194533270930556,VPCC,HHZ
2025-02-26 13:50:00,53.28514756724137,VPCC,HHZ
2025-02-26 14:00:00,35.557450164269056,VPCC,HHZ
2025-02-26 14:10:00,35.82922139775592,VPCC,HHZ
2025-02-26 14:20:00,32.630741830286524,VPCC,HHZ
2025-02-26 14:30:00,31.04646470880264,VPCC,HHZ
2025-02-26 14:40:00,32.86920610683776,VPCC,HHZ
2025-02-26 14:50:00,33.347571311785764,VPCC,HHZ
2025-02-26 15:00:00,31.956094828686417,VPCC,HHZ
2025-02-26 15:10:00,33.15603899846806,VPCC,HHZ
2025-02-26 15:20:00,24.151049692729178,VPCC,HHZ
2025-02-26 15:30:00,31.80822946813776,VPCC,HHZ
2025-02-26 15:40:00,29.03583153960301,VPCC,HHZ
2025-02-26 15:50:00,30.23708674096041,VPCC,HHZ
2025-02-26 16:00:00,86.13279913378108,VPCC,HHZ
2025-02-26 16:10:00,34.9562544493182,VPCC,HHZ
2025-02-26 16:20:00,54.98194140988352,VPCC,HHZ
2025-02-26 16:30:00,48.041482655495095,VPCC,HHZ
2025-02-26 16:40:00,40.664988831855965,VPCC,HHZ
2025-02-26 16:50:00,40.0968615892666,VPCC,HHZ
2025-02-26 17:00:00,96.38046971908548,VPCC,HHZ
2025-02-26 17:10:00,51.72574584311059,VPCC,HHZ
2025-02-26 17:20:00,60.42843254933752,VPCC,HHZ
2025-02-26 17:30:00,68.35913459360748,VPCC,HHZ
2025-02-26 17:40:00,62.9807465658787,VPCC,HHZ
2025-02-26 17:50:00,79.06408304963809,VPCC,HHZ
2025-02-26 18:00:00,70.78345234547257,VPCC,HHZ
2025-02-26 18:10:00,52.04214994690895,VPCC,HHZ
2025-02-26 18:20:00,50.07590376112408,VPCC,HHZ
2025-02-26 18:30:00,45.147223571644034,VPCC,HHZ
2025-02-26 18:40:00,66.56676385392544,VPCC,HHZ
2025-02-26 18:50:00,48.86512547107626,VPCC,HHZ
2025-02-26 19:00:00,47.0264116251893,VPCC,HHZ
2025-02-26 19:10:00,60.53734726641044,VPCC,HHZ
2025-02-26 19:20:00,55.03819961389244,VPCC,HHZ
2025-02-26 19:30:00,70.3030293947187,VPCC,HHZ
2025-02-26 19:40:00,77.78435345066539,VPCC,HHZ
2025-02-26 19:50:00,96.71542305509779,VPCC,HHZ
2025-02-26 20:00:00,83.67949249467608,VPCC,HHZ
2025-02-26 20:10:00,78.92455231649713,VPCC,HHZ
2025-02-26 20:20:00,79.43073253511811,VPCC,HHZ
2025-02-26 20:30:00,58.86897223863609,VPCC,HHZ
2025-02-26 20:40:00,53.456373435503565,VPCC,HHZ
2025-02-26 20:50:00,55.15436916022497,VPCC,HHZ
2025-02-26 21:00:00,55.07638510889248,VPCC,HHZ
2025-02-26 21:10:00,64.29600778874224,VPCC,HHZ
2025-02-26 21:20:00,52.3117482561189,VPCC,HHZ
2025-02-26 21:30:00,57.33553653008094,VPCC,HHZ
2025-02-26 21:40:00,57.94792686184072,VPCC,HHZ
2025-02-26 21:50:00,54.91956971144426,VPCC,HHZ
2025-02-26 22:00:00,57.91430774527497,VPCC,HHZ
2025-02-26 22:10:00,69.67366463089985,VPCC,HHZ
2025-02-26 22:20:00,64.93091013102787,VPCC,HHZ
2025-02-26 22:30:00,66.23224185410841,VPCC,HHZ
2025-02-26 22:40:00,53.879701858504994,VPCC,HHZ
2025-02-26 22:50:00,58.881226711470696,VPCC,HHZ
2025-02-26 23:00:00,56.89919570134777,VPCC,HHZ
2025-02-26 23:10:00,61.43584686413087,VPCC,HHZ
2025-02-26 23:20:00,50.804990760657006,VPCC,HHZ
2025-02-26 23:30:00,51.90811799045045,VPCC,HHZ
2025-02-26 23:40:00,55.33582388442856,VPCC,HHZ
2025-02-26 23:50:00,42.16243923795804,VPCC,HHZ
2025-02-27 00:00:00,47.02088668953573,VPCC,HHZ
2025-02-27 00:10:00,48.16571995580265,VPCC,HHZ
2025-02-27 00:20:00,48.813825189446675,VPCC,HHZ
2025-02-27 00:30:00,38.260597867103534,VPCC,HHZ
2025-02-27 00:40:00,48.971996866746665,VPCC,HHZ
2025-02-27 00:50:00,45.78564598718422,VPCC,HHZ
2025-02-27 01:00:00,40.33651510548004,VPCC,HHZ
2025-02-27 01:10:00,39.36698316142725,VPCC,HHZ
2025-02-27 01:20:00,45.89414601994519,VPCC,HHZ
2025-02-27 01:30:00,51.48937106261918,VPCC,HHZ
2025-02-27 01:40:00,47.29308530601265,VPCC,HHZ
2025-02-27 01:50:00,45.33420163498996,VPCC,HHZ
2025-02-27 02:00:00,38.68015223904515,VPCC,HHZ
2025-02-27 02:10:00,45.89235592492911,VPCC,HHZ
2025-02-27 02:20:00,48.26106185478987,VPCC,HHZ
2025-02-27 02:30:00,49.28068728605434,VPCC,HHZ
2025-02-27 02:40:00,42.758548131769594,VPCC,HHZ
2025-02-27 02:50:00,42.87047380111154,VPCC,HHZ
2025-02-27 03:00:00,36.570105453663565,VPCC,HHZ
2025-02-27 03:10:00,30.227346291766253,VPCC,HHZ
2025-02-27 03:20:00,48.60519184385117,VPCC,HHZ
2025-02-27 03:30:00,32.021433246034995,VPCC,HHZ
2025-02-27 03:40:00,19.864002947480575,VPCC,HHZ
2025-02-27 03:50:00,18.48449179992157,VPCC,HHZ
2025-02-27 04:00:00,17.84663563243153,VPCC,HHZ
2025-02-27 04:10:00,17.236808632103084,VPCC,HHZ
2025-02-27 04:20:00,15.91945401683345,VPCC,HHZ
2025-02-27 04:30:00,16.42720171444333,VPCC,HHZ
2025-02-27 04:40:00,24.03937796583044,VPCC,HHZ
2025-02-27 04:50:00,36.71524409980823,VPCC,HHZ
2025-02-27 05:00:00,38.51227802390502,VPCC,HHZ
2025-02-27 05:10:00,38.802759844771884,VPCC,HHZ
2025-02-27 05:20:00,33.60280402078498,VPCC,HHZ
2025-02-27 05:30:00,21.245239153653756,VPCC,HHZ
2025-02-27 05:40:00,17.059629065833096,VPCC,HHZ
2025-02-27 05:50:00,17.05941477912064,VPCC,HHZ
2025-02-27 06:00:00,15.705236919218436,VPCC,HHZ
2025-02-27 06:10:00,14.71847857629124,VPCC,HHZ
2025-02-27 06:20:00,13.510645170456197,VPCC,HHZ
2025-02-27 06:30:00,15.61994649043573,VPCC,HHZ
2025-02-27 06:40:00,15.937541230610238,VPCC,HHZ
2025-02-27 06:50:00,15.740221743515235,VPCC,HHZ
2025-02-27 07:00:00,26.557226778985417,VPCC,HHZ
2025-02-27 07:10:00,25.11093540957456,VPCC,HHZ
2025-02-27 07:20:00,26.952762959775637,VPCC,HHZ
2025-02-27 07:30:00,30.006145470550567,VPCC,HHZ
2025-02-27 07:40:00,22.789228410515587,VPCC,HHZ
2025-02-27 07:50:00,17.69387904330714,VPCC,HHZ
2025-02-27 08:00:00,15.391078485419284,VPCC,HHZ
2025-02-27 08:10:00,14.478106144309676,VPCC,HHZ
2025-02-27 08:20:00,17.529350877171456,VPCC,HHZ
2025-02-27 08:30:00,17.43265468748159,VPCC,HHZ
2025-02-27 08:40:00,21.07944076893534,VPCC,HHZ
2025-02-27 08:50:00,28.323213256654,VPCC,HHZ
2025-02-27 09:00:00,16.6592083406102,VPCC,HHZ
2025-02-27 09:10:00,16.770049139263644,VPCC,HHZ
2025-02-27 09:20:00,163.21900770146067,VPCC,HHZ
2025-02-27 09:30:00,15.48633411633757,VPCC,HHZ
2025-02-27 09:40:00,16.38284254958332,VPCC,HHZ
2025-02-27 09:50:00,15.01969864913977,VPCC,HHZ
2025-02-27 10:00:00,14.93001115883079,VPCC,HHZ
2025-02-27 10:10:00,14.041757419862275,VPCC,HHZ
2025-02-27 10:20:00,16.763290427114754,VPCC,HHZ
2025-02-27 10:30:00,16.671922937183382,VPCC,HHZ
2025-02-27 10:40:00,17.589531722292513,VPCC,HHZ
2025-02-27 10:50:00,19.429993394054765,VPCC,HHZ
2025-02-27 11:00:00,21.941648562866295,VPCC,HHZ
2025-02-27 11:10:00,31.178945122788903,VPCC,HHZ
2025-02-27 11:20:00,31.203254797489155,VPCC,HHZ
2025-02-27 11:30:00,26.257596784080746,VPCC,HHZ
2025-02-27 11:40:00,40.64302474001985,VPCC,HHZ
2025-02-27 11:50:00,30.819982117572348,VPCC,HHZ
2025-02-27 12:00:00,28.281889650392166,VPCC,HHZ
2025-02-27 12:10:00,44.58145950897344,VPCC,HHZ
2025-02-27 12:20:00,45.0594219480333,VPCC,HHZ
2025-02-27 12:30:00,32.37167318116046,VPCC,HHZ
2025-02-27 12:40:00,53.46796124664183,VPCC,HHZ
2025-02-27 12:50:00,49.50693917127118,VPCC,HHZ
2025-02-27 13:00:00,54.412886668284514,VPCC,HHZ
2025-02-27 13:10:00,61.086381699834625,VPCC,HHZ
2025-02-27 13:20:00,52.34647301599312,VPCC,HHZ
2025-02-27 13:30:00,47.3607677571196,VPCC,HHZ
2025-02-27 13:40:00,42.421606505269594,VPCC,HHZ
2025-02-27 13:50:00,44.790648068110926,VPCC,HHZ
2025-02-27 14:00:00,50.48002986872466,VPCC,HHZ
2025-02-27 14:10:00,49.6289452799693,VPCC,HHZ
2025-02-27 14:20:00,45.75762325246898,VPCC,HHZ
2025-02-27 14:30:00,42.6378451249699,VPCC,HHZ
2025-02-27 14:40:00,40.812100790150836,VPCC,HHZ
2025-02-27 14:50:00,53.81940775079498,VPCC,HHZ
2025-02-27 15:00:00,41.64035864683601,VPCC,HHZ
2025-02-27 15:10:00,37.642902460193135,VPCC,HHZ
2025-02-27 15:20:00,39.86063570902609,VPCC,HHZ
2025-02-27 15:30:00,36.208977050485885,VPCC,HHZ
2025-02-27 15:40:00,45.37699675096808,VPCC,HHZ
2025-02-27 15:50:00,39.0702434907475,VPCC,HHZ
2025-02-27 16:00:00,43.39607617969548,VPCC,HHZ
2025-02-27 16:10:00,34.01687510403109,VPCC,HHZ
2025-02-27 16:20:00,26.17837345818916,VPCC,HHZ
2025-02-27 16:30:00,29.049816121370554,VPCC,HHZ
2025-02-27 16:40:00,32.071534729287166,VPCC,HHZ
2025-02-27 16:50:00,25.52700490414675,VPCC,HHZ
2025-02-27 17:00:00,22.58252732157497,VPCC,HHZ
2025-02-27 17:10:00,22.388614705881025,VPCC,HHZ
2025-02-27 17:20:00,37.35024873688714,VPCC,HHZ
2025-02-27 17:30:00,38.126201746312724,VPCC,HHZ
2025-02-27 17:40:00,33.941071423480125,VPCC,HHZ
2025-02-27 17:50:00,33.75692346758234,VPCC,HHZ
2025-02-27 18:00:00,38.19760202573898,VPCC,HHZ
2025-02-27 18:10:00,31.828803018284322,VPCC,HHZ
2025-02-27 18:20:00,29.467949452177447,VPCC,HHZ
2025-02-27 18:30:00,21.029460832946864,VPCC,HHZ
2025-02-27 18:40:00,24.492955384508257,VPCC,HHZ
2025-02-27 18:50:00,34.08120407060679,VPCC,HHZ
2025-02-27 19:00:00,40.51613457071045,VPCC,HHZ
2025-02-27 19:10:00,50.933048808740466,VPCC,HHZ
2025-02-27 19:20:00,66.7842584351453,VPCC,HHZ
2025-02-27 19:30:00,30.978361586356698,VPCC,HHZ
2025-02-27 19:40:00,50.87250037325598,VPCC,HHZ
2025-02-27 19:50:00,35.55932585075886,VPCC,HHZ
2025-02-27 20:00:00,48.40822523078609,VPCC,HHZ
2025-02-27 20:10:00,34.488853509453364,VPCC,HHZ
2025-02-27 20:20:00,33.52803574268318,VPCC,HHZ
2025-02-27 20:30:00,39.58647613813698,VPCC,HHZ
2025-02-27 20:40:00,44.24765355496653,VPCC,HHZ
2025-02-27 20:50:00,51.534847425374466,VPCC,HHZ
2025-02-27 21:00:00,43.250437798419014,VPCC,HHZ
2025-02-27 21:10:00,43.41850586589689,VPCC,HHZ
2025-02-27 21:20:00,28.956072805701872,VPCC,HHZ
2025-02-27 21:30:00,27.001962993140186,VPCC,HHZ
2025-02-27 21:40:00,27.063387887090588,VPCC,HHZ
2025-02-27 21:50:00,27.163792165430397,VPCC,HHZ
2025-02-27 22:00:00,29.02123807470391,VPCC,HHZ
2025-02-27 22:10:00,35.9092332916621,VPCC,HHZ
2025-02-27 22:20:00,29.092392545251776,VPCC,HHZ
2025-02-27 22:30:00,28.00558059802215,VPCC,HHZ
2025-02-27 22:40:00,27.428051797652433,VPCC,HHZ
2025-02-27 22:50:00,22.627847659288758,VPCC,HHZ
2025-02-27 23:00:00,27.83089065295616,VPCC,HHZ
2025-02-27 23:10:00,27.85096545851058,VPCC,HHZ
2025-02-27 23:20:00,27.645015425426486,VPCC,HHZ
2025-02-27 23:30:00,37.95712104322069,VPCC,HHZ
2025-02-27 23:40:00,43.79179823649769,VPCC,HHZ
2025-02-27 23:50:00,56.69007580346096,VPCC,HHZ
2025-02-28 00:00:00,30.890120573766627,VPCC,HHZ
2025-02-28 00:10:00,25.96912366521971,VPCC,HHZ
2025-02-28 00:20:00,21.842648223136177,VPCC,HHZ
2025-02-28 00:30:00,27.94912030590715,VPCC,HHZ
2025-02-28 00:40:00,23.089194658285702,VPCC,HHZ
2025-02-28 00:50:00,18.365804464336314,VPCC,HHZ
2025-02-28 01:00:00,17.198315448093428,VPCC,HHZ
2025-02-28 01:10:00,18.600911978204184,VPCC,HHZ
2025-02-28 01:20:00,16.70640705614128,VPCC,HHZ
2025-02-28 01:30:00,18.663534513055534,VPCC,HHZ
2025-02-28 01:40:00,17.986301058621887,VPCC,HHZ
2025-02-28 01:50:00,17.259454920199442,VPCC,HHZ
2025-02-28 02:00:00,25.136692001466166,VPCC,HHZ
2025-02-28 02:10:00,26.756671474073155,VPCC,HHZ
2025-02-28 02:20:00,30.382087378741517,VPCC,HHZ
2025-02-28 02:30:00,23.391126400173203,VPCC,HHZ
2025-02-28 02:40:00,26.44606594034651,VPCC,HHZ
2025-02-28 02:50:00,35.66717607244553,VPCC,HHZ
2025-02-28 03:00:00,19.041958182157842,VPCC,HHZ
2025-02-28 03:10:00,24.14734675010509,VPCC,HHZ
2025-02-28 03:20:00,17.36494004347372,VPCC,HHZ
2025-02-28 03:30:00,16.928320755702284,VPCC,HHZ
2025-02-28 03:40:00,21.246386806569262,VPCC,HHZ
2025-02-28 03:50:00,24.351470030628427,VPCC,HHZ
2025-02-28 04:00:00,24.820129251260024,VPCC,HHZ
2025-02-28 04:10:00,24.877420989175608,VPCC,HHZ
2025-02-28 04:20:00,20.685733190629826,VPCC,HHZ
2025-02-28 04:30:00,24.047634864306904,VPCC,HHZ
2025-02-28 04:40:00,21.030167966289486,VPCC,HHZ
2025-02-28 04:50:00,22.88157963385265,VPCC,HHZ
2025-02-28 05:00:00,23.25935175657917,VPCC,HHZ
2025-02-28 05:10:00,25.859095513770686,VPCC,HHZ
2025-02-28 05:20:00,18.449489485899583,VPCC,HHZ
2025-02-28 05:30:00,21.336667316190553,VPCC,HHZ
2025-02-28 05:40:00,15.393274607000103,VPCC,HHZ
2025-02-28 05:50:00,18.633029792416806,VPCC,HHZ
2025-02-28 06:00:00,21.387328618607093,VPCC,HHZ
2025-02-28 06:10:00,27.461518018846757,VPCC,HHZ
2025-02-28 06:20:00,17.653638507960718,VPCC,HHZ
2025-02-28 06:30:00,17.71678386830677,VPCC,HHZ
2025-02-28 06:40:00,15.995501620987623,VPCC,HHZ
2025-02-28 06:50:00,15.719192307448488,VPCC,HHZ
2025-02-28 07:00:00,17.994654244234933,VPCC,HHZ
2025-02-28 07:10:00,25.39704932033366,VPCC,HHZ
2025-02-28 07:20:00,25.680191949115112,VPCC,HHZ
2025-02-28 07:30:00,40.54521204869394,VPCC,HHZ
2025-02-28 07:40:00,23.17641424413796,VPCC,HHZ
2025-02-28 07:50:00,63.186699161855245,VPCC,HHZ
2025-02-28 08:00:00,13.55569847655712,VPCC,HHZ
2025-02-28 08:10:00,14.2241145121267,VPCC,HHZ
2025-02-28 08:20:00,15.80385142283764,VPCC,HHZ
2025-02-28 08:30:00,15.724553597423785,VPCC,HHZ
2025-02-28 08:40:00,14.68659416677593,VPCC,HHZ
2025-02-28 08:50:00,17.284963896966218,VPCC,HHZ
2025-02-28 09:00:00,18.281246907385047,VPCC,HHZ
2025-02-28 09:10:00,13.964924773952271,VPCC,HHZ
2025-02-28 09:20:00,13.6189473634019,VPCC,HHZ
2025-02-28 09:30:00,12.39409098403112,VPCC,HHZ
2025-02-28 09:40:00,12.797216729223736,VPCC,HHZ
2025-02-28 09:50:00,12.392548483285148,VPCC,HHZ
2025-02-28 10:00:00,13.07103545248701,VPCC,HHZ
2025-02-28 10:10:00,12.502536522098833,VPCC,HHZ
2025-02-28 10:20:00,17.918533420838994,VPCC,HHZ
2025-02-28 10:30:00,14.652673003714579,VPCC,HHZ
2025-02-28 10:40:00,28.109228677815953,VPCC,HHZ
2025-02-28 10:50:00,27.49760646556776,VPCC,HHZ
2025-02-28 11:00:00,20.082862720065883,VPCC,HHZ
2025-02-28 11:10:00,60.952087811689246,VPCC,HHZ
2025-02-28 11:20:00,51.87163749787665,VPCC,HHZ
2025-02-28 11:30:00,23.635527808864236,VPCC,HHZ
2025-02-28 11:40:00,18.439685082040445,VPCC,HHZ
2025-02-28 11:50:00,16.422152103316723,VPCC,HHZ
2025-02-28 12:00:00,28.537087404766172,VPCC,HHZ
2025-02-28 12:10:00,34.16109397949067,VPCC,HHZ
2025-02-28 12:20:00,33.54871788529951,VPCC,HHZ
2025-02-28 12:30:00,38.697259140285624,VPCC,HHZ
2025-02-28 12:40:00,36.184465052487084,VPCC,HHZ
2025-02-28 12:50:00,44.56880234357383,VPCC,HHZ
2025-02-28 13:00:00,55.16192102480136,VPCC,HHZ
2025-02-28 13:10:00,39.155817042278876,VPCC,HHZ
2025-02-28 13:20:00,33.2449040702289,VPCC,HHZ
2025-02-28 13:30:00,29.058652797510653,VPCC,HHZ
2025-02-28 13:40:00,29.47166394377822,VPCC,HHZ
2025-02-28 13:50:00,28.224747154992247,VPCC,HHZ
2025-02-28 14:00:00,23.09887137732543,VPCC,HHZ
2025-02-28 14:10:00,24.08014845414031,VPCC,HHZ
2025-02-28 14:20:00,22.087355427109923,VPCC,HHZ
2025-02-28 14:30:00,21.187034181262394,VPCC,HHZ
2025-02-28 14:40:00,20.315048205871133,VPCC,HHZ
2025-02-28 14:50:00,27.29113572398524,VPCC,HHZ
2025-02-28 15:00:00,37.147279726442164,VPCC,HHZ
2025-02-28 15:10:00,34.47762571258184,VPCC,HHZ
2025-02-28 15:20:00,29.930488273515405,VPCC,HHZ
2025-02-28 15:30:00,30.841496497327952,VPCC,HHZ
2025-02-28 15:40:00,23.56628149926155,VPCC,HHZ
2025-02-28 15:50:00,25.46591451375291,VPCC,HHZ
2025-02-28 16:00:00,31.29152732354431,VPCC,HHZ
2025-02-28 16:10:00,28.625866778091666,VPCC,HHZ
2025-02-28 16:20:00,34.74394393471629,VPCC,HHZ
2025-02-28 16:30:00,49.47062712409085,VPCC,HHZ
2025-02-28 16:40:00,35.6645525977465,VPCC,HHZ
2025-02-28 16:50:00,39.06987077411968,VPCC,HHZ
2025-02-28 17:00:00,39.389247026228546,VPCC,HHZ
2025-02-28 17:10:00,44.88678617105179,VPCC,HHZ
2025-02-28 17:20:00,42.43656942964001,VPCC,HHZ
2025-02-28 17:30:00,49.530546696111344,VPCC,HHZ
2025-02-28 17:40:00,32.21047245621812,VPCC,HHZ
2025-02-28 17:50:00,47.82071859131755,VPCC,HHZ
2025-02-28 18:00:00,35.567129204606495,VPCC,HHZ
2025-02-28 18:10:00,32.864735082206764,VPCC,HHZ
2025-02-28 18:20:00,52.41063026424504,VPCC,HHZ
2025-02-28 18:30:00,49.457126077735424,VPCC,HHZ
2025-02-28 18:40:00,42.21563965758211,VPCC,HHZ
2025-02-28 18:50:00,46.601532806195756,VPCC,HHZ
2025-02-28 19:00:00,23.78265295315442,VPCC,HHZ
2025-02-28 19:10:00,27.539237215130512,VPCC,HHZ
2025-02-28 19:20:00,36.760808964175204,VPCC,HHZ
2025-02-28 19:30:00,19.301461160322255,VPCC,HHZ
2025-02-28 19:40:00,26.099629075103955,VPCC,HHZ
2025-02-28 19:50:00,38.25467741991199,VPCC,HHZ
2025-02-28 20:00:00,36.09488500905066,VPCC,HHZ
2025-02-28 20:10:00,44.45254736118744,VPCC,HHZ
2025-02-28 20:20:00,29.692925515326063,VPCC,HHZ
2025-02-28 20:30:00,47.74894046262855,VPCC,HHZ
2025-02-28 20:40:00,35.04993373047841,VPCC,HHZ
2025-02-28 20:50:00,25.783033725926032,VPCC,HHZ
2025-02-28 21:00:00,22.546812935579613,VPCC,HHZ
2025-02-28 21:10:00,36.53812149511483,VPCC,HHZ
2025-02-28 21:20:00,26.221350207267694,VPCC,HHZ
2025-02-28 21:30:00,25.095724978465675,VPCC,HHZ
2025-02-28 21:40:00,32.37974524245974,VPCC,HHZ
2025-02-28 21:50:00,48.169684507860985,VPCC,HHZ
2025-02-28 22:00:00,46.03138394272917,VPCC,HHZ
2025-02-28 22:10:00,42.30010086252834,VPCC,HHZ
2025-02-28 22:20:00,33.2409824245381,VPCC,HHZ
2025-02-28 22:30:00,33.926534995148096,VPCC,HHZ
2025-02-28 22:40:00,34.15902082182129,VPCC,HHZ
2025-02-28 22:50:00,26.419358000083808,VPCC,HHZ
2025-02-28 23:00:00,29.896902519504156,VPCC,HHZ
2025-02-28 23:10:00,29.5341309217037,VPCC,HHZ
2025-02-28 23:20:00,23.65689333543247,VPCC,HHZ
2025-02-28 23:30:00,28.65420186340445,VPCC,HHZ
2025-02-28 23:40:00,29.200080870328513,VPCC,HHZ
2025-02-28 23:50:00,25.098751249083634,VPCC,HHZ
2025-03-01 00:00:00,22.440392599723594,VPCC,HHZ
2025-03-01 00:10:00,22.903813466408373,VPCC,HHZ
2025-03-01 00:20:00,17.50766181074123,VPCC,HHZ
2025-03-01 00:30:00,20.654069414861475,VPCC,HHZ
2025-03-01 00:40:00,15.335349592237188,VPCC,HHZ
2025-03-01 00:50:00,14.944289711321314,VPCC,HHZ
2025-03-01 01:00:00,15.408214208880525,VPCC,HHZ
2025-03-01 01:10:00,16.339493384334066,VPCC,HHZ
2025-03-01 01:20:00,16.389902366194026,VPCC,HHZ
2025-03-01 01:30:00,20.423632495936758,VPCC,HHZ
2025-03-01 01:40:00,25.781059433458204,VPCC,HHZ
2025-03-01 01:50:00,22.003782693631074,VPCC,HHZ
2025-03-01 02:00:00,16.621347484647217,VPCC,HHZ
2025-03-01 02:10:00,14.127777616384963,VPCC,HHZ
2025-03-01 02:20:00,13.745918748673324,VPCC,HHZ
2025-03-01 02:30:00,16.966428492788996,VPCC,HHZ
2025-03-01 02:40:00,18.93116590429454,VPCC,HHZ
2025-03-01 02:50:00,16.6925909825067,VPCC,HHZ
2025-03-01 03:00:00,19.874088291437662,VPCC,HHZ
2025-03-01 03:10:00,24.870807193385506,VPCC,HHZ
2025-03-01 03:20:00,14.302687829598538,VPCC,HHZ
2025-03-01 03:30:00,15.534008070195402,VPCC,HHZ
2025-03-01 03:40:00,13.788805677321738,VPCC,HHZ
2025-03-01 03:50:00,14.651729343514083,VPCC,HHZ
2025-03-01 04:00:00,14.213392673470734,VPCC,HHZ
2025-03-01 04:10:00,14.519167014788511,VPCC,HHZ
2025-03-01 04:20:00,27.975048362665042,VPCC,HHZ
2025-03-01 04:30:00,24.77114685484644,VPCC,HHZ
2025-03-01 04:40:00,15.40139149031367,VPCC,HHZ
2025-03-01 04:50:00,17.415281729512603,VPCC,HHZ
2025-03-01 05:00:00,18.510122069840413,VPCC,HHZ
2025-03-01 05:10:00,15.461679311205717,VPCC,HHZ
2025-03-01 05:20:00,16.070854813941338,VPCC,HHZ
2025-03-01 05:30:00,14.623454731349486,VPCC,HHZ
2025-03-01 05:40:00,19.02140664004062,VPCC,HHZ
2025-03-01 05:50:00,16.628070860996896,VPCC,HHZ
2025-03-01 06:00:00,15.174910707964262,VPCC,HHZ
2025-03-01 06:10:00,15.418370188938496,VPCC,HHZ
2025-03-01 06:20:00,14.969238438047237,VPCC,HHZ
2025-03-01 06:30:00,15.191198964415536,VPCC,HHZ
2025-03-01 06:40:00,15.80786347065168,VPCC,HHZ
2025-03-01 06:50:00,21.115190822348232,VPCC,HHZ
2025-03-01 07:00:00,16.410065992661913,VPCC,HHZ
2025-03-01 07:10:00,15.056234911292977,VPCC,HHZ
2025-03-01 07:20:00,14.011581472848162,VPCC,HHZ
2025-03-01 07:30:00,16.071251039928498,VPCC,HHZ
2025-03-01 07:40:00,13.615104092224014,VPCC,HHZ
2025-03-01 07:50:00,13.964221505796656,VPCC,HHZ
2025-03-01 08:00:00,13.726797466782122,VPCC,HHZ
2025-03-01 08:10:00,13.091624951734811,VPCC,HHZ
2025-03-01 08:20:00,13.917094048807119,VPCC,HHZ
2025-03-01 08:30:00,13.607633257437607,VPCC,HHZ
2025-03-01 08:40:00,12.205758876687478,VPCC,HHZ
2025-03-01 08:50:00,12.711662771519466,VPCC,HHZ
2025-03-01 09:00:00,14.920122854531888,VPCC,HHZ
2025-03-01 09:10:00,21.513796815513754,VPCC,HHZ
2025-03-01 09:20:00,14.338964183720844,VPCC,HHZ
2025-03-01 09:30:00,13.694367691826884,VPCC,HHZ
2025-03-01 09:40:00,14.03148411305621,VPCC,HHZ
2025-03-01 09:50:00,13.808507741736564,VPCC,HHZ
2025-03-01 10:00:00,14.67675527207348,VPCC,HHZ
2025-03-01 10:10:00,16.662275903774518,VPCC,HHZ
2025-03-01 10:20:00,14.29313941424124,VPCC,HHZ
2025-03-01 10:30:00,13.405023350940688,VPCC,HHZ
2025-03-01 10:40:00,12.811182926432512,VPCC,HHZ
2025-03-01 10:50:00,13.850965249853152,VPCC,HHZ
2025-03-01 11:00:00,15.418534129579927,VPCC,HHZ
2025-03-01 11:10:00,14.21294432096275,VPCC,HHZ
2025-03-01 11:20:00,14.412913225599231,VPCC,HHZ
2025-03-01 11:30:00,21.84962024464945,VPCC,HHZ
2025-03-01 11:40:00,23.25093202701624,VPCC,HHZ
2025-03-01 11:50:00,15.31214453803582,VPCC,HHZ
2025-03-01 12:00:00,17.069777401273928,VPCC,HHZ
2025-03-01 12:10:00,16.556481176748832,VPCC,HHZ
2025-03-01 12:20:00,20.88848668157849,VPCC,HHZ
2025-03-01 12:30:00,34.43621217703958,VPCC,HHZ
2025-03-01 12:40:00,33.9454745124274,VPCC,HHZ
2025-03-01 12:50:00,44.97888745259957,VPCC,HHZ
2025-03-01 13:00:00,39.63741561255993,VPCC,HHZ
2025-03-01 13:10:00,44.39318999011159,VPCC,HHZ
2025-03-01 13:20:00,36.657347490817536,VPCC,HHZ
2025-03-01 13:30:00,27.566887066145085,VPCC,HHZ
2025-03-01 13:40:00,29.686516108298136,VPCC,HHZ
2025-03-01 13:50:00,36.193439849827925,VPCC,HHZ
2025-03-01 14:00:00,35.21918319734522,VPCC,HHZ
2025-03-01 14:10:00,44.76589356677502,VPCC,HHZ
2025-03-01 14:20:00,37.867124239866634,VPCC,HHZ
2025-03-01 14:30:00,37.62033947475124,VPCC,HHZ
2025-03-01 14:40:00,51.714045797815636,VPCC,HHZ
2025-03-01 14:50:00,36.37706428034972,VPCC,HHZ
2025-03-01 15:00:00,31.466766233388494,VPCC,HHZ
2025-03-01 15:10:00,28.568437825106464,VPCC,HHZ
2025-03-01 15:20:00,27.397628761153975,VPCC,HHZ
2025-03-01 15:30:00,36.70298643250401,VPCC,HHZ
2025-03-01 15:40:00,43.63513620408066,VPCC,HHZ
2025-03-01 15:50:00,41.82187843593648,VPCC,HHZ
2025-03-01 16:00:00,35.744487610520544,VPCC,HHZ
2025-03-01 16:10:00,51.417940421777836,VPCC,HHZ
2025-03-01 16:20:00,49.67383448827802,VPCC,HHZ
2025-03-01 16:30:00,65.9072720152847,VPCC,HHZ
2025-03-01 16:40:00,54.93160751947879,VPCC,HHZ
2025-03-01 16:50:00,54.66574811346854,VPCC,HHZ
2025-03-01 17:00:00,57.101369865220526,VPCC,HHZ
2025-03-01 17:10:00,54.51459956766371,VPCC,HHZ
2025-03-01 17:20:00,38.66655353042788,VPCC,HHZ
2025-03-01 17:30:00,83.23885671327425,VPCC,HHZ
2025-03-01 17:40:00,46.79985372310191,VPCC,HHZ
2025-03-01 17:50:00,43.35612343061,VPCC,HHZ
2025-03-01 18:00:00,64.21905869382397,VPCC,HHZ
2025-03-01 18:10:00,65.75676137491138,VPCC,HHZ
2025-03-01 18:20:00,67.01738718556977,VPCC,HHZ
2025-03-01 18:30:00,48.34198569659507,VPCC,HHZ
2025-03-01 18:40:00,46.83836952048081,VPCC,HHZ
2025-03-01 18:50:00,64.00689549592369,VPCC,HHZ
2025-03-01 19:00:00,53.10199192206193,VPCC,HHZ
2025-03-01 19:10:00,60.68647523886612,VPCC,HHZ
2025-03-01 19:20:00,49.58788170142347,VPCC,HHZ
2025-03-01 19:30:00,45.622191104800784,VPCC,HHZ
2025-03-01 19:40:00,53.77144212099898,VPCC,HHZ
2025-03-01 19:50:00,43.971623553728875,VPCC,HHZ
2025-03-01 20:00:00,38.29829069826192,VPCC,HHZ
2025-03-01 20:10:00,45.175899063664126,VPCC,HHZ
2025-03-01 20:20:00,33.00714204854393,VPCC,HHZ
2025-03-01 20:30:00,36.13440891899647,VPCC,HHZ
2025-03-01 20:40:00,30.177708600559885,VPCC,HHZ
2025-03-01 20:50:00,36.869079079661326,VPCC,HHZ
2025-03-01 21:00:00,52.59621479092763,VPCC,HHZ
2025-03-01 21:10:00,65.52129477424413,VPCC,HHZ
2025-03-01 21:20:00,31.78690237949746,VPCC,HHZ
2025-03-01 21:30:00,33.51503318045229,VPCC,HHZ
2025-03-01 21:40:00,30.16419848321812,VPCC,HHZ
2025-03-01 21:50:00,39.07208553152894,VPCC,HHZ
2025-03-01 22:00:00,38.534114009257735,VPCC,HHZ
2025-03-01 22:10:00,39.336222606117474,VPCC,HHZ
2025-03-01 22:20:00,46.63545905400414,VPCC,HHZ
2025-03-01 22:30:00,52.202724457060846,VPCC,HHZ
2025-03-01 22:40:00,52.147321423455836,VPCC,HHZ
2025-03-01 22:50:00,57.75892930121905,VPCC,HHZ
2025-03-01 23:00:00,76.90530819222941,VPCC,HHZ
2025-03-01 23:10:00,47.14773197129404,VPCC,HHZ
2025-03-01 23:20:00,46.3821790042781,VPCC,HHZ
2025-03-01 23:30:00,39.88097893259968,VPCC,HHZ
2025-03-01 23:40:00,77.66730269593099,VPCC,HHZ
2025-03-01 23:50:00,88.50284125031115,VPCC,HHZ
2025-03-02 00:00:00,75.3319397514163,VPCC,HHZ
2025-03-02 00:10:00,89.08303134418472,VPCC,HHZ
2025-03-02 00:20:00,76.28076184216607,VPCC,HHZ
2025-03-02 00:30:00,85.29567267984064,VPCC,HHZ
2025-03-02 00:40:00,97.88626740995095,VPCC,HHZ
2025-03-02 00:50:00,61.62097539517622,VPCC,HHZ
2025-03-02 01:00:00,51.919730165735615,VPCC,HHZ
2025-03-02 01:10:00,35.709267549385345,VPCC,HHZ
2025-03-02 01:20:00,30.54585647675177,VPCC,HHZ
2025-03-02 01:30:00,41.91981151359974,VPCC,HHZ
2025-03-02 01:40:00,36.901387655439194,VPCC,HHZ
2025-03-02 01:50:00,46.545204116067936,VPCC,HHZ
2025-03-02 02:00:00,41.722315428590655,VPCC,HHZ
2025-03-02 02:10:00,37.345509381722756,VPCC,HHZ
2025-03-02 02:20:00,67.20230684773519,VPCC,HHZ
2025-03-02 02:30:00,51.9812290039577,VPCC,HHZ
2025-03-02 02:40:00,54.02431779146774,VPCC,HHZ
2025-03-02 02:50:00,45.35988590893205,VPCC,HHZ
2025-03-02 03:00:00,36.00876824450772,VPCC,HHZ
2025-03-02 03:10:00,38.03957118559198,VPCC,HHZ
2025-03-02 03:20:00,45.362008458831724,VPCC,HHZ
2025-03-02 03:30:00,32.39267441107436,VPCC,HHZ
2025-03-02 03:40:00,36.127499683615376,VPCC,HHZ
2025-03-02 03:50:00,25.289667907803715,VPCC,HHZ
2025-03-02 04:00:00,21.876604585971773,VPCC,HHZ
2025-03-02 04:10:00,20.03413978535121,VPCC,HHZ
2025-03-02 04:20:00,20.984239627116406,VPCC,HHZ
2025-03-02 04:30:00,23.156229698133227,VPCC,HHZ
2025-03-02 04:40:00,32.49993198116321,VPCC,HHZ
2025-03-02 04:50:00,31.135879659534847,VPCC,HHZ
2025-03-02 05:00:00,32.373762596788204,VPCC,HHZ
2025-03-02 05:10:00,24.18426253927715,VPCC,HHZ
2025-03-02 05:20:00,22.851482785466473,VPCC,HHZ
2025-03-02 05:30:00,19.546813922380363,VPCC,HHZ
2025-03-02 05:40:00,26.007649847953836,VPCC,HHZ
2025-03-02 05:50:00,20.010366211289366,VPCC,HHZ
2025-03-02 06:00:00,24.310860982291498,VPCC,HHZ
2025-03-02 06:10:00,19.49504206823519,VPCC,HHZ
2025-03-02 06:20:00,16.13109027187466,VPCC,HHZ
2025-03-02 06:30:00,16.573500775184012,VPCC,HHZ
2025-03-02 06:40:00,14.908964838359807,VPCC,HHZ
2025-03-02 06:50:00,14.867868443368305,VPCC,HHZ
2025-03-02 07:00:00,19.079415678755044,VPCC,HHZ
2025-03-02 07:10:00,15.447211563418215,VPCC,HHZ
2025-03-02 07:20:00,14.83660769180279,VPCC,HHZ
2025-03-02 07:30:00,14.477323680924338,VPCC,HHZ
2025-03-02 07:40:00,16.13607255649477,VPCC,HHZ
2025-03-02 07:50:00,14.146247219298388,VPCC,HHZ
2025-03-02 08:00:00,19.052778343279716,VPCC,HHZ
2025-03-02 08:10:00,14.705058554207103,VPCC,HHZ
2025-03-02 08:20:00,13.78478080259047,VPCC,HHZ
2025-03-02 08:30:00,16.104083957989687,VPCC,HHZ
2025-03-02 08:40:00,12.892364295330527,VPCC,HHZ
2025-03-02 08:50:00,13.927889999309125,VPCC,HHZ
2025-03-02 09:00:00,12.718815782170044,VPCC,HHZ
2025-03-02 09:10:00,12.929803071347319,VPCC,HHZ
2025-03-02 09:20:00,14.465993216796647,VPCC,HHZ
2025-03-02 09:30:00,19.619793324706084,VPCC,HHZ
2025-03-02 09:40:00,15.57010788034875,VPCC,HHZ
2025-03-02 09:50:00,13.07494932088449,VPCC,HHZ
2025-03-02 10:00:00,12.364070179652495,VPCC,HHZ
2025-03-02 10:10:00,10.684581213315285,VPCC,HHZ
2025-03-02 10:20:00,11.434785893005373,VPCC,HHZ
2025-03-02 10:30:00,13.078353428373743,VPCC,HHZ
2025-03-02 10:40:00,14.422487704148667,VPCC,HHZ
2025-03-02 10:50:00,12.339559558579353,VPCC,HHZ
2025-03-02 11:00:00,12.84958012518645,VPCC,HHZ
2025-03-02 11:10:00,13.586666575794078,VPCC,HHZ
2025-03-02 11:20:00,13.440895274234114,VPCC,HHZ
2025-03-02 11:30:00,14.446474645778563,VPCC,HHZ
2025-03-02 11:40:00,13.600059471601412,VPCC,HHZ
2025-03-02 11:50:00,22.87868777656673,VPCC,HHZ
2025-03-02 12:00:00,15.03083776119575,VPCC,HHZ
2025-03-02 12:10:00,20.43764974570293,VPCC,HHZ
2025-03-02 12:20:00,42.112483326172345,VPCC,HHZ
2025-03-02 12:30:00,49.99702370938892,VPCC,HHZ
2025-03-02 12:40:00,25.860848479301286,VPCC,HHZ
2025-03-02 12:50:00,49.520143202161584,VPCC,HHZ
2025-03-02 13:00:00,54.80811487086452,VPCC,HHZ
2025-03-02 13:10:00,50.330648833368414,VPCC,HHZ
2025-03-02 13:20:00,49.64594268887945,VPCC,HHZ
2025-03-02 13:30:00,57.07154893669161,VPCC,HHZ
2025-03-02 13:40:00,49.92337361736921,VPCC,HHZ
2025-03-02 13:50:00,43.7397080294441,VPCC,HHZ
2025-03-02 14:00:00,60.79960742979579,VPCC,HHZ
2025-03-02 14:10:00,62.3705487299213,VPCC,HHZ
2025-03-02 14:20:00,33.12909656493189,VPCC,HHZ
2025-03-02 14:30:00,39.047091169729725,VPCC,HHZ
2025-03-02 14:40:00,38.11304995042429,VPCC,HHZ
2025-03-02 14:50:00,38.38814657613299,VPCC,HHZ
2025-03-02 15:00:00,46.689275281036274,VPCC,HHZ
2025-03-02 15:10:00,59.23245872916933,VPCC,HHZ
2025-03-02 15:20:00,47.65036068445272,VPCC,HHZ
2025-03-02 15:30:00,66.58997813061593,VPCC,HHZ
2025-03-02 15:40:00,45.54387665626375,VPCC,HHZ
2025-03-02 15:50:00,44.26396270724384,VPCC,HHZ
2025-03-02 16:00:00,37.625756014935874,VPCC,HHZ
2025-03-02 16:10:00,27.95673943135618,VPCC,HHZ
2025-03-02 16:20:00,54.081130114487074,VPCC,HHZ
2025-03-02 16:30:00,46.391852633879864,VPCC,HHZ
2025-03-02 16:40:00,46.345494806162364,VPCC,HHZ
2025-03-02 16:50:00,46.29878096096024,VPCC,HHZ
2025-03-02 17:00:00,50.77583721561998,VPCC,HHZ
2025-03-02 17:10:00,57.220290380835564,VPCC,HHZ
2025-03-02 17:20:00,71.28641067165762,VPCC,HHZ
2025-03-02 17:30:00,42.06074181871188,VPCC,HHZ
2025-03-02 17:40:00,51.5922839139474,VPCC,HHZ
2025-03-02 17:50:00,49.98185556594298,VPCC,HHZ
2025-03-02 18:00:00,45.42497850314819,VPCC,HHZ
2025-03-02 18:10:00,48.636064073736335,VPCC,HHZ
2025-03-02 18:20:00,39.80595311318088,VPCC,HHZ
2025-03-02 18:30:00,55.16486329042299,VPCC,HHZ
2025-03-02 18:40:00,33.72202762795238,VPCC,HHZ
2025-03-02 18:50:00,35.811161208307304,VPCC,HHZ
2025-03-02 19:00:00,59.67401351818356,VPCC,HHZ
2025-03-02 19:10:00,60.0630804003102,VPCC,HHZ
2025-03-02 19:20:00,52.1488127379922,VPCC,HHZ
2025-03-02 19:30:00,42.40057497461536,VPCC,HHZ
2025-03-02 19:40:00,52.20913118786047,VPCC,HHZ
2025-03-02 19:50:00,46.58940961323432,VPCC,HHZ
2025-03-02 20:00:00,46.83805404172115,VPCC,HHZ
2025-03-02 20:10:00,41.14295125832699,VPCC,HHZ
2025-03-02 20:20:00,46.60523192900461,VPCC,HHZ
2025-03-02 20:30:00,40.451822427918216,VPCC,HHZ
2025-03-02 20:40:00,38.35648154106342,VPCC,HHZ
2025-03-02 20:50:00,38.209262632925814,VPCC,HHZ
2025-03-02 21:00:00,43.4623177342257,VPCC,HHZ
2025-03-02 21:10:00,46.9284251373825,VPCC,HHZ
2025-03-02 21:20:00,54.388443662362434,VPCC,HHZ
2025-03-02 21:30:00,69.35352662939917,VPCC,HHZ
2025-03-02 21:40:00,82.9786815436456,VPCC,HHZ
2025-03-02 21:50:00,75.33737830515342,VPCC,HHZ
2025-03-02 22:00:00,65.54594668166528,VPCC,HHZ
2025-03-02 22:10:00,63.383912408033595,VPCC,HHZ
2025-03-02 22:20:00,51.40016459136267,VPCC,HHZ
2025-03-02 22:30:00,47.84932867140636,VPCC,HHZ
2025-03-02 22:40:00,41.283986534206534,VPCC,HHZ
2025-03-02 22:50:00,28.859792486537348,VPCC,HHZ
2025-03-02 23:00:00,37.93481405539278,VPCC,HHZ
2025-03-02 23:10:00,44.674540985178375,VPCC,HHZ
2025-03-02 23:20:00,38.8872330757403,VPCC,HHZ
2025-03-02 23:30:00,51.56666967283214,VPCC,HHZ
2025-03-02 23:40:00,33.86344373885017,VPCC,HHZ
2025-03-02 23:50:00,26.535562192127042,VPCC,HHZ
2025-03-03 00:00:00,27.421597676450105,VPCC,HHZ
2025-03-03 00:10:00,21.107329029454867,VPCC,HHZ
2025-03-03 00:20:00,21.90477884954916,VPCC,HHZ
2025-03-03 00:30:00,26.2822527270498,VPCC,HHZ
2025-03-03 00:40:00,28.070762290569075,VPCC,HHZ
2025-03-03 00:50:00,32.99716251223269,VPCC,HHZ
2025-03-03 01:00:00,21.61530335938713,VPCC,HHZ
2025-03-03 01:10:00,23.60977261807877,VPCC,HHZ
2025-03-03 01:20:00,18.241024646315655,VPCC,HHZ
2025-03-03 01:30:00,17.45848591308589,VPCC,HHZ
2025-03-03 01:40:00,23.882024028522395,VPCC,HHZ
2025-03-03 01:50:00,19.81158778918879,VPCC,HHZ
2025-03-03 02:00:00,16.721330493891188,VPCC,HHZ
2025-03-03 02:10:00,16.187581582756717,VPCC,HHZ
2025-03-03 02:20:00,24.569626134792838,VPCC,HHZ
2025-03-03 02:30:00,17.52321946310795,VPCC,HHZ
2025-03-03 02:40:00,20.963583469855223,VPCC,HHZ
2025-03-03 02:50:00,18.166212863857965,VPCC,HHZ
2025-03-03 03:00:00,20.113552040183713,VPCC,HHZ
2025-03-03 03:10:00,18.53474896539247,VPCC,HHZ
2025-03-03 03:20:00,18.524227290373393,VPCC,HHZ
2025-03-03 03:30:00,19.829930672496086,VPCC,HHZ
2025-03-03 03:40:00,20.280918492898493,VPCC,HHZ
2025-03-03 03:50:00,19.5293936243907,VPCC,HHZ
2025-03-03 04:00:00,23.30121910378224,VPCC,HHZ
2025-03-03 04:10:00,16.172670949388213,VPCC,HHZ
2025-03-03 04:20:00,14.891442440046928,VPCC,HHZ
2025-03-03 04:30:00,14.237450447362216,VPCC,HHZ
2025-03-03 04:40:00,14.76236178662901,VPCC,HHZ
2025-03-03 04:50:00,13.63349812789647,VPCC,HHZ
2025-03-03 05:00:00,21.05130284026333,VPCC,HHZ
2025-03-03 05:10:00,17.26752112163608,VPCC,HHZ
2025-03-03 05:20:00,15.138464155859742,VPCC,HHZ
2025-03-03 05:30:00,17.130619875792544,VPCC,HHZ
2025-03-03 05:40:00,17.493687077974176,VPCC,HHZ
2025-03-03 05:50:00,15.029072030477097,VPCC,HHZ
2025-03-03 06:00:00,15.598358934651355,VPCC,HHZ
2025-03-03 06:10:00,15.425794228922818,VPCC,HHZ
2025-03-03 06:20:00,17.59025249820478,VPCC,HHZ
2025-03-03 06:30:00,16.195404052525834,VPCC,HHZ
2025-03-03 06:40:00,17.893449006050865,VPCC,HHZ
2025-03-03 06:50:00,16.613170029511945,VPCC,HHZ
2025-03-03 07:00:00,17.10901614714351,VPCC,HHZ
2025-03-03 07:10:00,15.555474591643662,VPCC,HHZ
2025-03-03 07:20:00,14.94015655556144,VPCC,HHZ
2025-03-03 07:30:00,13.489511402843418,VPCC,HHZ
2025-03-03 07:40:00,13.290705859821793,VPCC,HHZ
2025-03-03 07:50:00,13.591792412161102,VPCC,HHZ
2025-03-03 08:00:00,16.805039251273215,VPCC,HHZ
2025-03-03 08:10:00,13.839517648263032,VPCC,HHZ
2025-03-03 08:20:00,17.220913899445247,VPCC,HHZ
2025-03-03 08:30:00,19.125463715154304,VPCC,HHZ
2025-03-03 08:40:00,14.766981881099603,VPCC,HHZ
2025-03-03 08:50:00,14.735063785647101,VPCC,HHZ
2025-03-03 09:00:00,16.65114767883471,VPCC,HHZ
2025-03-03 09:10:00,14.747281270861713,VPCC,HHZ
2025-03-03 09:20:00,13.959219111561856,VPCC,HHZ
2025-03-03 09:30:00,19.254579580356566,VPCC,HHZ
2025-03-03 09:40:00,13.490566663712192,VPCC,HHZ
2025-03-03 09:50:00,13.869432919448293,VPCC,HHZ
2025-03-03 10:00:00,15.370617084589071,VPCC,HHZ
2025-03-03 10:10:00,13.079648366194847,VPCC,HHZ
2025-03-03 10:20:00,14.040038651052793,VPCC,HHZ
2025-03-03 10:30:00,16.539406089750997,VPCC,HHZ
2025-03-03 10:40:00,13.908715888346128,VPCC,HHZ
2025-03-03 10:50:00,13.217927539131352,VPCC,HHZ
2025-03-03 11:00:00,86.297595170696,VPCC,HHZ
2025-03-03 11:10:00,14.368732453250523,VPCC,HHZ
2025-03-03 11:20:00,19.083669222701037,VPCC,HHZ
2025-03-03 11:30:00,17.015317716096927,VPCC,HHZ
2025-03-03 11:40:00,23.739395833227924,VPCC,HHZ
2025-03-03 11:50:00,24.953604553011136,VPCC,HHZ
2025-03-03 12:00:00,34.14156212409992,VPCC,HHZ
2025-03-03 12:10:00,28.80875439166429,VPCC,HHZ
2025-03-03 12:20:00,31.281757257462534,VPCC,HHZ
2025-03-03 12:30:00,36.21009504120771,VPCC,HHZ
2025-03-03 12:40:00,36.543155725261926,VPCC,HHZ
2025-03-03 12:50:00,43.828876732607995,VPCC,HHZ
2025-03-03 13:00:00,37.44264699903229,VPCC,HHZ
2025-03-03 13:10:00,45.88289690444861,VPCC,HHZ
2025-03-03 13:20:00,41.82266533765933,VPCC,HHZ
2025-03-03 13:30:00,50.92895824278315,VPCC,HHZ
2025-03-03 13:40:00,41.71786826657024,VPCC,HHZ
2025-03-03 13:50:00,34.52805156712717,VPCC,HHZ
2025-03-03 14:00:00,31.511289724707503,VPCC,HHZ
2025-03-03 14:10:00,34.4710904513712,VPCC,HHZ
2025-03-03 14:20:00,49.86081934918989,VPCC,HHZ
2025-03-03 14:30:00,31.291661613160294,VPCC,HHZ
2025-03-03 14:40:00,42.84425302134414,VPCC,HHZ
2025-03-03 14:50:00,43.16445789782763,VPCC,HHZ
2025-03-03 15:00:00,40.63757419305327,VPCC,HHZ
2025-03-03 15:10:00,66.77013934794576,VPCC,HHZ
2025-03-03 15:20:00,57.47089721857729,VPCC,HHZ
2025-03-03 15:30:00,42.75422115059616,VPCC,HHZ
2025-03-03 15:40:00,59.60581328344281,VPCC,HHZ
2025-03-03 15:50:00,53.25437678961136,VPCC,HHZ
2025-03-03 16:00:00,56.43939790367448,VPCC,HHZ
2025-03-03 16:10:00,45.307125524169,VPCC,HHZ
2025-03-03 16:20:00,39.30642074190673,VPCC,HHZ
2025-03-03 16:30:00,35.03414595891919,VPCC,HHZ
2025-03-03 16:40:00,30.814142637216413,VPCC,HHZ
2025-03-03 16:50:00,54.06418857726439,VPCC,HHZ
2025-03-03 17:00:00,38.463727356108045,VPCC,HHZ
2025-03-03 17:10:00,35.945986379004786,VPCC,HHZ
2025-03-03 17:20:00,33.99379813219772,VPCC,HHZ
2025-03-03 17:30:00,33.125102533437676,VPCC,HHZ
2025-03-03 17:40:00,35.72141820748228,VPCC,HHZ
2025-03-03 17:50:00,57.80356867366922,VPCC,HHZ
2025-03-03 18:00:00,59.364546313996065,VPCC,HHZ
2025-03-03 18:10:00,41.1752969531956,VPCC,HHZ
2025-03-03 18:20:00,44.82161835177598,VPCC,HHZ
2025-03-03 18:30:00,40.06841384889609,VPCC,HHZ
2025-03-03 18:40:00,50.6277111113604,VPCC,HHZ
2025-03-03 18:50:00,41.39599638111344,VPCC,HHZ
2025-03-03 19:00:00,41.54592997230032,VPCC,HHZ
2025-03-03 19:10:00,34.54858497440924,VPCC,HHZ
2025-03-03 19:20:00,37.07680391668323,VPCC,HHZ
2025-03-03 19:30:00,33.58835020372238,VPCC,HHZ
2025-03-03 19:40:00,39.903612943273934,VPCC,HHZ
2025-03-03 19:50:00,36.469173164246925,VPCC,HHZ
2025-03-03 20:00:00,37.437016821418105,VPCC,HHZ
2025-03-03 20:10:00,38.71495589469834,VPCC,HHZ
2025-03-03 20:20:00,38.36322120204698,VPCC,HHZ
2025-03-03 20:30:00,34.6446833248773,VPCC,HHZ
2025-03-03 20:40:00,52.38671227599112,VPCC,HHZ
2025-03-03 20:50:00,94.39826378199963,VPCC,HHZ
2025-03-03 21:00:00,38.55308028297899,VPCC,HHZ
2025-03-03 21:10:00,39.893144820643265,VPCC,HHZ
2025-03-03 21:20:00,88.24459287368553,VPCC,HHZ
2025-03-03 21:30:00,37.19251054683305,VPCC,HHZ
2025-03-03 21:40:00,35.740692849279995,VPCC,HHZ
2025-03-03 21:50:00,30.466608942265754,VPCC,HHZ
2025-03-03 22:00:00,36.26178384332047,VPCC,HHZ
2025-03-03 22:10:00,51.57277657090283,VPCC,HHZ
2025-03-03 22:20:00,44.919632168481165,VPCC,HHZ
2025-03-03 22:30:00,32.2402528443727,VPCC,HHZ
2025-03-03 22:40:00,31.35262306359549,VPCC,HHZ
2025-03-03 22:50:00,33.39259612063278,VPCC,HHZ
2025-03-03 23:00:00,32.89831862026865,VPCC,HHZ
2025-03-03 23:10:00,54.46989775905451,VPCC,HHZ
2025-03-03 23:20:00,34.643583440266276,VPCC,HHZ
2025-03-03 23:30:00,34.607859755644824,VPCC,HHZ
2025-03-03 23:40:00,30.281657964278647,VPCC,HHZ
2025-03-03 23:50:00,28.306629996223947,VPCC,HHZ
2025-03-04 00:00:00,33.06102319679033,VPCC,HHZ
2025-03-04 00:10:00,22.3091764286738,VPCC,HHZ
2025-03-04 00:20:00,25.91482093404382,VPCC,HHZ
2025-03-04 00:30:00,24.46136137163192,VPCC,HHZ
2025-03-04 00:40:00,26.226948487790946,VPCC,HHZ
2025-03-04 00:50:00,30.16990941240164,VPCC,HHZ
2025-03-04 01:00:00,30.62846738351159,VPCC,HHZ
2025-03-04 01:10:00,25.528040772192938,VPCC,HHZ
2025-03-04 01:20:00,23.027913727681014,VPCC,HHZ
2025-03-04 01:30:00,19.675621980174444,VPCC,HHZ
2025-03-04 01:40:00,21.02894678703379,VPCC,HHZ
2025-03-04 01:50:00,27.625218420561634,VPCC,HHZ
2025-03-04 02:00:00,43.133827096412695,VPCC,HHZ
2025-03-04 02:10:00,35.85013182503116,VPCC,HHZ
2025-03-04 02:20:00,57.676040274438115,VPCC,HHZ
2025-03-04 02:30:00,39.599380501463884,VPCC,HHZ
2025-03-04 02:40:00,35.40928904950062,VPCC,HHZ
2025-03-04 02:50:00,28.89183329465349,VPCC,HHZ
2025-03-04 03:00:00,32.13357296161389,VPCC,HHZ
2025-03-04 03:10:00,21.79211961457862,VPCC,HHZ
2025-03-04 03:20:00,21.03434837774056,VPCC,HHZ
2025-03-04 03:30:00,18.4738504202651,VPCC,HHZ
2025-03-04 03:40:00,18.28817962948553,VPCC,HHZ
2025-03-04 03:50:00,13.00502654434368,VPCC,HHZ
2025-03-04 04:00:00,13.883160733397382,VPCC,HHZ
2025-03-04 04:10:00,14.873264293732156,VPCC,HHZ
2025-03-04 04:20:00,15.369054628219663,VPCC,HHZ
2025-03-04 04:30:00,17.15171722056237,VPCC,HHZ
2025-03-04 04:40:00,15.366705347443121,VPCC,HHZ
2025-03-04 04:50:00,17.301359727402488,VPCC,HHZ
2025-03-04 05:00:00,20.214458580887513,VPCC,HHZ
2025-03-04 05:10:00,19.909642946623503,VPCC,HHZ
2025-03-04 05:20:00,17.000003742698656,VPCC,HHZ
2025-03-04 05:30:00,13.18832595007214,VPCC,HHZ
2025-03-04 05:40:00,12.710762869023197,VPCC,HHZ
2025-03-04 05:50:00,12.9683540328553,VPCC,HHZ
2025-03-04 06:00:00,14.308598021932122,VPCC,HHZ
2025-03-04 06:10:00,14.151235004951982,VPCC,HHZ
2025-03-04 06:20:00,15.027662429138124,VPCC,HHZ
2025-03-04 06:30:00,14.841761862170348,VPCC,HHZ
2025-03-04 06:40:00,15.377272223910268,VPCC,HHZ
2025-03-04 06:50:00,17.25430036803697,VPCC,HHZ
2025-03-04 07:00:00,12.915476157020853,VPCC,HHZ
2025-03-04 07:10:00,12.497537544264217,VPCC,HHZ
2025-03-04 07:20:00,12.449695020812365,VPCC,HHZ
2025-03-04 07:30:00,329.44397267892214,VPCC,HHZ
2025-03-04 07:40:00,18.284275184334827,VPCC,HHZ
2025-03-04 07:50:00,21.90613081585727,VPCC,HHZ
2025-03-04 08:00:00,20.630270956003937,VPCC,HHZ
2025-03-04 08:10:00,16.09445664754749,VPCC,HHZ
2025-03-04 08:20:00,15.132872380529049,VPCC,HHZ
2025-03-04 08:30:00,14.951850474487324,VPCC,HHZ
2025-03-04 08:40:00,17.881688458989856,VPCC,HHZ
2025-03-04 08:50:00,15.467041832064078,VPCC,HHZ
2025-03-04 09:00:00,14.483093052062795,VPCC,HHZ
2025-03-04 09:10:00,14.092786398297626,VPCC,HHZ
2025-03-04 09:20:00,14.74271152472995,VPCC,HHZ
2025-03-04 09:30:00,14.558288917977164,VPCC,HHZ
2025-03-04 09:40:00,16.687930962084558,VPCC,HHZ
2025-03-04 09:50:00,16.717904536350723,VPCC,HHZ
2025-03-04 10:00:00,14.050139677164323,VPCC,HHZ
2025-03-04 10:10:00,16.747676562011304,VPCC,HHZ
2025-03-04 10:20:00,12.745770745187524,VPCC,HHZ
2025-03-04 10:30:00,13.005907791607404,VPCC,HHZ
2025-03-04 10:40:00,13.882623995002499,VPCC,HHZ
2025-03-04 10:50:00,20.828422182001283,VPCC,HHZ
2025-03-04 11:00:00,17.511523344717638,VPCC,HHZ
2025-03-04 11:10:00,16.230074035049455,VPCC,HHZ
2025-03-04 11:20:00,19.368582817468365,VPCC,HHZ
2025-03-04 11:30:00,17.80648261426849,VPCC,HHZ
2025-03-04 11:40:00,21.02349158226778,VPCC,HHZ
2025-03-04 11:50:00,21.904856771349404,VPCC,HHZ
2025-03-04 12:00:00,28.066780754066503,VPCC,HHZ
2025-03-04 12:10:00,32.27590261865574,VPCC,HHZ
2025-03-04 12:20:00,32.88049393283901,VPCC,HHZ
2025-03-04 12:30:00,33.62174102100709,VPCC,HHZ
2025-03-04 12:40:00,44.03063866717448,VPCC,HHZ
2025-03-04 12:50:00,38.435248038050965,VPCC,HHZ
2025-03-04 13:00:00,39.88363688771949,VPCC,HHZ
2025-03-04 13:10:00,32.73038487472809,VPCC,HHZ
2025-03-04 13:20:00,45.34035669749711,VPCC,HHZ
2025-03-04 13:30:00,37.481067156482375,VPCC,HHZ
2025-03-04 13:40:00,39.47177221298067,VPCC,HHZ
2025-03-04 13:50:00,30.158286965924354,VPCC,HHZ
2025-03-04 14:00:00,30.51257612187296,VPCC,HHZ
2025-03-04 14:10:00,27.084018651871933,VPCC,HHZ
2025-03-04 14:20:00,27.20801942723938,VPCC,HHZ
2025-03-04 14:30:00,26.700524627361535,VPCC,HHZ
2025-03-04 14:40:00,38.00071374701568,VPCC,HHZ
2025-03-04 14:50:00,28.30139316481734,VPCC,HHZ
2025-03-04 15:00:00,28.07650849496089,VPCC,HHZ
2025-03-04 15:10:00,37.251566705495556,VPCC,HHZ
2025-03-04 15:20:00,31.309407686968648,VPCC,HHZ
2025-03-04 15:30:00,29.58440867899142,VPCC,HHZ
2025-03-04 15:40:00,34.44130306304759,VPCC,HHZ
2025-03-04 15:50:00,28.828489987910526,VPCC,HHZ
2025-03-04 16:00:00,27.268308628456765,VPCC,HHZ
2025-03-04 16:10:00,26.856610880809882,VPCC,HHZ
2025-03-04 16:20:00,36.51149090352746,VPCC,HHZ
2025-03-04 16:30:00,43.35585911364174,VPCC,HHZ
2025-03-04 16:40:00,37.82632567983874,VPCC,HHZ
2025-03-04 16:50:00,36.092232749265726,VPCC,HHZ
2025-03-04 17:00:00,37.818514226745855,VPCC,HHZ
2025-03-04 17:10:00,49.72463448713194,VPCC,HHZ
2025-03-04 17:20:00,42.082648079645374,VPCC,HHZ
2025-03-04 17:30:00,38.42732585666644,VPCC,HHZ
2025-03-04 17:40:00,41.097346731542025,VPCC,HHZ
2025-03-04 17:50:00,48.10218432157846,VPCC,HHZ
2025-03-04 18:00:00,37.899275971246546,VPCC,HHZ
2025-03-04 18:10:00,39.514075748809525,VPCC,HHZ
2025-03-04 18:20:00,40.117562806611176,VPCC,HHZ
2025-03-04 18:30:00,42.32955078586784,VPCC,HHZ
2025-03-04 18:40:00,30.091916435340153,VPCC,HHZ
2025-03-04 18:50:00,27.681314333317665,VPCC,HHZ
2025-03-04 19:00:00,28.338727113661513,VPCC,HHZ
2025-03-04 19:10:00,27.736188573514116,VPCC,HHZ
2025-03-04 19:20:00,27.530403299359207,VPCC,HHZ
2025-03-04 19:30:00,26.50875355661496,VPCC,HHZ
2025-03-04 19:40:00,27.89687624455129,VPCC,HHZ
2025-03-04 19:50:00,27.29052889026818,VPCC,HHZ
2025-03-04 20:00:00,29.002418911961144,VPCC,HHZ
2025-03-04 20:10:00,31.597157812869042,VPCC,HHZ
2025-03-04 20:20:00,55.87352895280877,VPCC,HHZ
2025-03-04 20:30:00,39.92207904592388,VPCC,HHZ
2025-03-04 20:40:00,40.891213754881385,VPCC,HHZ
2025-03-04 20:50:00,37.0172939326927,VPCC,HHZ
2025-03-04 21:00:00,34.238118764666744,VPCC,HHZ
2025-03-04 21:10:00,27.315357248704295,VPCC,HHZ
2025-03-04 21:20:00,24.92488981455666,VPCC,HHZ
2025-03-04 21:30:00,28.46816911534517,VPCC,HHZ
2025-03-04 21:40:00,33.165247605620515,VPCC,HHZ
2025-03-04 21:50:00,29.341770404798943,VPCC,HHZ
2025-03-04 22:00:00,39.00544985416586,VPCC,HHZ
2025-03-04 22:10:00,31.1365143568275,VPCC,HHZ
2025-03-04 22:20:00,30.311478384719866,VPCC,HHZ
2025-03-04 22:30:00,65.48372393981217,VPCC,HHZ
2025-03-04 22:40:00,30.508693951575083,VPCC,HHZ
2025-03-04 22:50:00,31.919717984879224,VPCC,HHZ
2025-03-04 23:00:00,40.15944881545252,VPCC,HHZ
2025-03-04 23:10:00,36.5745716874047,VPCC,HHZ
2025-03-04 23:20:00,28.90293516002879,VPCC,HHZ
2025-03-04 23:30:00,29.494951032546037,VPCC,HHZ
2025-03-04 23:40:00,27.64447644695821,VPCC,HHZ
2025-03-04 23:50:00,28.869252471362262,VPCC,HHZ
