Datetime,Event ID,Label,Station,Sensor Type,Acoustic t1,Acoustic t2,Energy,Duration,Magnitude
2025-02-15 02:00:29.193000+00:00,163706,Acoustic,VPVF,acoustic,2025-02-15 02:00:29.193000+00:00,2025-02-15 02:00:43.638000+00:00,1405.907,14.445,2.109130917500981
2025-02-15 02:21:18.705000+00:00,163635,Eruption,VPVF,acoustic,2025-02-15 02:21:18.705000+00:00,2025-02-15 02:22:14.640000+00:00,4565.719,55.935,2.451871149966303
2025-02-15 03:08:26.328000+00:00,163707,Acoustic,VPVF,acoustic,2025-02-15 03:08:26.328000+00:00,2025-02-15 03:08:32.538000+00:00,15.491,6.21,0.7973532341408149
2025-02-15 03:32:16.990000+00:00,163708,Acoustic,VPVF,acoustic,2025-02-15 03:32:16.990000+00:00,2025-02-15 03:32:21.580000+00:00,19.685,4.59,0.8670707308145865
2025-02-15 03:35:51.058000+00:00,163709,Acoustic,VPVF,acoustic,2025-02-15 03:35:51.058000+00:00,2025-02-15 03:35:54.028000+00:00,11.762,2.97,0.7172223872942326
2025-02-15 03:36:00.990000+00:00,163710,Acoustic,VPVF,acoustic,2025-02-15 03:36:00.990000+00:00,2025-02-15 03:36:03.353000+00:00,13.687,2.363,0.7613265390613948
2025-02-15 03:40:56.058000+00:00,163711,Acoustic,VPVF,acoustic,2025-02-15 03:40:56.058000+00:00,2025-02-15 03:40:57.948000+00:00,10.18,1.89,0.6751910112604959
2025-02-15 03:45:15.788000+00:00,163712,Acoustic,VPVF,acoustic,2025-02-15 03:45:15.788000+00:00,2025-02-15 03:45:21.728000+00:00,8.907,5.94,0.6363200730515238
2025-02-15 03:49:52.260000+00:00,163713,Acoustic,VPVF,acoustic,2025-02-15 03:49:52.260000+00:00,2025-02-15 03:49:56.243000+00:00,11.593,3.983,0.7130112100293106
2025-02-15 03:56:59.395000+00:00,163714,Acoustic,VPVF,acoustic,2025-02-15 03:56:59.395000+00:00,2025-02-15 03:57:01.960000+00:00,3.755,2.565,0.3849886606979254
2025-02-15 03:57:14.463000+00:00,163715,Acoustic,VPVF,acoustic,2025-02-15 03:57:14.463000+00:00,2025-02-15 03:57:18.648000+00:00,21.077,4.185,0.8869518930031008
2025-02-15 03:58:53.193000+00:00,163716,Acoustic,VPVF,acoustic,2025-02-15 03:58:53.193000+00:00,2025-02-15 03:59:00.010000+00:00,17.619,6.817,0.8348074412269552
2025-02-15 04:02:18.193000+00:00,163717,Acoustic,VPVF,acoustic,2025-02-15 04:02:18.193000+00:00,2025-02-15 04:02:26.833000+00:00,21.299,8.64,0.8900006730770275
2025-02-15 04:08:53.990000+00:00,163718,Acoustic,VPVF,acoustic,2025-02-15 04:08:53.990000+00:00,2025-02-15 04:08:57.905000+00:00,4.103,3.915,0.4107780163678314
2025-02-15 04:10:24.108000+00:00,163719,Acoustic,VPVF,acoustic,2025-02-15 04:10:24.108000+00:00,2025-02-15 04:10:29.170000+00:00,66.786,5.062,1.222539240200191
2025-02-15 04:15:31.665000+00:00,163720,Acoustic,VPVF,acoustic,2025-02-15 04:15:31.665000+00:00,2025-02-15 04:15:36.795000+00:00,10.105,5.13,0.6730393329603864
2025-02-15 04:30:53.193000+00:00,163721,Acoustic,VPVF,acoustic,2025-02-15 04:30:53.193000+00:00,2025-02-15 04:30:59.268000+00:00,9.027,6.075,0.6402141064480278
2025-02-15 04:30:59.403000+00:00,163722,Acoustic,VPVF,acoustic,2025-02-15 04:30:59.403000+00:00,2025-02-15 04:31:02.913000+00:00,15.416,3.51,0.7959410401037557
2025-02-15 04:42:58.328000+00:00,163723,Acoustic,VPVF,acoustic,2025-02-15 04:42:58.328000+00:00,2025-02-15 04:43:02.648000+00:00,22.59,4.32,0.9071238747166432
2025-02-15 04:54:57.260000+00:00,163724,Acoustic,VPVF,acoustic,2025-02-15 04:54:57.260000+00:00,2025-02-15 04:54:59.555000+00:00,13.142,2.295,0.7495031801125128
2025-02-15 06:20:33.463000+00:00,163725,Acoustic,VPVF,acoustic,2025-02-15 06:20:33.463000+00:00,2025-02-15 06:20:40.213000+00:00,164.463,6.75,1.4847656993877132
2025-02-15 08:44:55.125000+00:00,163726,Acoustic,VPVF,acoustic,2025-02-15 08:44:55.125000+00:00,2025-02-15 08:45:01.605000+00:00,27.332,6.48,0.9625698460739354
2025-02-15 08:50:45.328000+00:00,163727,Acoustic,VPVF,acoustic,2025-02-15 08:50:45.328000+00:00,2025-02-15 08:50:52.348000+00:00,102.598,7.02,1.3474630595923194
2025-02-15 09:06:11.923000+00:00,163728,Acoustic,VPVF,acoustic,2025-02-15 09:06:11.923000+00:00,2025-02-15 09:06:19.550000+00:00,50.716,7.627,1.1424471454236165
2025-02-15 09:24:53.193000+00:00,163729,Acoustic,VPVF,acoustic,2025-02-15 09:24:53.193000+00:00,2025-02-15 09:25:00.348000+00:00,20.06,7.155,0.8725617222185477
2025-02-15 09:51:59.518000+00:00,163730,Acoustic,VPVF,acoustic,2025-02-15 09:51:59.518000+00:00,2025-02-15 09:52:05.323000+00:00,18.186,5.805,0.8440239151233482
2025-02-15 09:56:27.193000+00:00,163731,Acoustic,VPVF,acoustic,2025-02-15 09:56:27.193000+00:00,2025-02-15 09:56:31.310000+00:00,3.863,4.117,0.3932395544570296
2025-02-15 09:59:54.260000+00:00,163732,Acoustic,VPVF,acoustic,2025-02-15 09:59:54.260000+00:00,2025-02-15 10:00:00.943000+00:00,6.613,6.683,0.5496670102116678
2025-02-15 10:00:51.530000+00:00,163733,Acoustic,VPVF,acoustic,2025-02-15 10:00:51.530000+00:00,2025-02-15 10:00:57.200000+00:00,12.167,5.67,0.7270729503953618
2025-02-15 10:02:49.328000+00:00,163734,Acoustic,VPVF,acoustic,2025-02-15 10:02:49.328000+00:00,2025-02-15 10:02:55.335000+00:00,3.668,6.007,0.3781676490886489
2025-02-15 10:08:02.328000+00:00,163735,Acoustic,VPVF,acoustic,2025-02-15 10:08:02.328000+00:00,2025-02-15 10:08:09.820000+00:00,33.487,7.492,1.0216670822345375
2025-02-15 10:11:48.260000+00:00,163736,Acoustic,VPVF,acoustic,2025-02-15 10:11:48.260000+00:00,2025-02-15 10:11:53.728000+00:00,3.49,5.468,0.3636930360626506
2025-02-15 10:13:34.530000+00:00,163737,Acoustic,VPVF,acoustic,2025-02-15 10:13:34.530000+00:00,2025-02-15 10:13:41.078000+00:00,17.001,6.548,0.8244178931319762
2025-02-15 10:14:14.990000+00:00,163738,Acoustic,VPVF,acoustic,2025-02-15 10:14:14.990000+00:00,2025-02-15 10:14:20.998000+00:00,31.375,6.008,1.0027111021076935
2025-02-15 10:17:06.395000+00:00,163739,Acoustic,VPVF,acoustic,2025-02-15 10:17:06.395000+00:00,2025-02-15 10:17:15.508000+00:00,160.385,9.113,1.47745971147843
2025-02-15 10:17:29.260000+00:00,163740,Acoustic,VPVF,acoustic,2025-02-15 10:17:29.260000+00:00,2025-02-15 10:17:35.538000+00:00,10.134,6.278,0.6738732029696171
2025-02-15 10:18:23.800000+00:00,163741,Acoustic,VPVF,acoustic,2025-02-15 10:18:23.800000+00:00,2025-02-15 10:18:30.078000+00:00,5.227,6.278,0.4812291750654929
2025-02-15 10:20:47.463000+00:00,163742,Acoustic,VPVF,acoustic,2025-02-15 10:20:47.463000+00:00,2025-02-15 10:20:54.483000+00:00,9.845,7.02,0.6654545327176719
2025-02-15 10:24:22.395000+00:00,163743,Acoustic,VPVF,acoustic,2025-02-15 10:24:22.395000+00:00,2025-02-15 10:24:28.335000+00:00,4.989,5.94,0.4676690476392517
2025-02-15 10:38:50.463000+00:00,163744,Acoustic,VPVF,acoustic,2025-02-15 10:38:50.463000+00:00,2025-02-15 10:38:55.998000+00:00,5.526,5.535,0.49741528998893
2025-02-15 10:50:37.990000+00:00,163745,Acoustic,VPVF,acoustic,2025-02-15 10:50:37.990000+00:00,2025-02-15 10:50:44.673000+00:00,8.952,6.683,0.6377864492585967
2025-02-15 10:52:54.260000+00:00,163746,Acoustic,VPVF,acoustic,2025-02-15 10:52:54.260000+00:00,2025-02-15 10:53:04.453000+00:00,329.586,10.193,1.68703906629149
2025-02-15 10:55:59.058000+00:00,163747,Acoustic,VPVF,acoustic,2025-02-15 10:55:59.058000+00:00,2025-02-15 10:56:05.673000+00:00,36.276,6.615,1.0449449934610462
2025-02-15 10:59:53.058000+00:00,163748,Acoustic,VPVF,acoustic,2025-02-15 10:59:53.058000+00:00,2025-02-15 10:59:58.458000+00:00,4.974,5.4,0.4667928732257245
2025-02-15 11:04:06.260000+00:00,163749,Acoustic,VPVF,acoustic,2025-02-15 11:04:06.260000+00:00,2025-02-15 11:04:11.323000+00:00,15.871,5.063,0.8044048754018501
2025-02-15 11:59:01.598000+00:00,163750,Acoustic,VPVF,acoustic,2025-02-15 11:59:01.598000+00:00,2025-02-15 11:59:09.090000+00:00,66.767,7.492,1.222456448068349
2025-02-15 12:08:26.800000+00:00,163751,Acoustic,VPVF,acoustic,2025-02-15 12:08:26.800000+00:00,2025-02-15 12:08:34.765000+00:00,46.341,7.965,1.1161968188485951
2025-02-15 12:16:50.653000+00:00,163752,Acoustic,VPVF,acoustic,2025-02-15 12:16:50.653000+00:00,2025-02-15 12:16:57.605000+00:00,4.835,6.952,0.4585456405407437
2025-02-15 12:17:10.395000+00:00,163753,Acoustic,VPVF,acoustic,2025-02-15 12:17:10.395000+00:00,2025-02-15 12:17:18.090000+00:00,41.468,7.695,1.083867770208497
2025-02-15 12:18:05.855000+00:00,163754,Acoustic,VPVF,acoustic,2025-02-15 12:18:05.855000+00:00,2025-02-15 12:18:10.445000+00:00,26.275,4.59,0.9510936255491876
2025-02-15 12:19:43.990000+00:00,163755,Acoustic,VPVF,acoustic,2025-02-15 12:19:43.990000+00:00,2025-02-15 12:19:49.458000+00:00,13.38,5.468,0.7547255959993089
2025-02-15 12:22:11.260000+00:00,163756,Acoustic,VPVF,acoustic,2025-02-15 12:22:11.260000+00:00,2025-02-15 12:22:18.078000+00:00,21.344,6.818,0.8906147941984249
2025-02-15 12:26:36.855000+00:00,163757,Acoustic,VPVF,acoustic,2025-02-15 12:26:36.855000+00:00,2025-02-15 12:26:44.550000+00:00,127.224,7.695,1.410061260778482
2025-02-15 12:30:09.395000+00:00,163758,Acoustic,VPVF,acoustic,2025-02-15 12:30:09.395000+00:00,2025-02-15 12:30:15.403000+00:00,45.066,6.008,1.1080788382837807
2025-02-15 19:04:21.260000+00:00,163759,Acoustic,VPVF,acoustic,2025-02-15 19:04:21.260000+00:00,2025-02-15 19:04:27.133000+00:00,49.416,5.873,1.1348912841808572
2025-02-15 21:15:47.395000+00:00,163760,Acoustic,VPVF,acoustic,2025-02-15 21:15:47.395000+00:00,2025-02-15 21:15:54.753000+00:00,102.396,7.358,1.3468896044257768
2025-02-15 21:35:40.855000+00:00,163761,Acoustic,VPVF,acoustic,2025-02-15 21:35:40.855000+00:00,2025-02-15 21:35:47.673000+00:00,116.552,6.818,1.3845682192965885
2025-02-15 21:52:33.530000+00:00,163762,Acoustic,VPVF,acoustic,2025-02-15 21:52:33.530000+00:00,2025-02-15 21:52:40.010000+00:00,63.272,6.48,1.2068117468971444
2025-02-15 22:23:08.800000+00:00,163763,Acoustic,VPVF,acoustic,2025-02-15 22:23:08.800000+00:00,2025-02-15 22:23:13.863000+00:00,16.993,5.063,0.8242809384655072
2025-02-15 23:44:50.395000+00:00,163764,Acoustic,VPVF,acoustic,2025-02-15 23:44:50.395000+00:00,2025-02-15 23:44:55.863000+00:00,55.161,5.468,1.1668935276302614
2025-02-16 03:15:24.665000+00:00,163765,Acoustic,VPVF,acoustic,2025-02-16 03:15:24.665000+00:00,2025-02-16 03:15:28.378000+00:00,4.895,3.713,0.4621343064132349
2025-02-15 07:53:41.260000+00:00,163768,Acoustic,VPVF,acoustic,2025-02-15 07:53:41.260000+00:00,2025-02-15 07:53:47.268000+00:00,19.605,6.008,0.8658857872462711
2025-02-15 08:10:04.058000+00:00,163769,Acoustic,VPVF,acoustic,2025-02-15 08:10:04.058000+00:00,2025-02-15 08:10:08.715000+00:00,16.821,4.657,0.8213207132481652
2025-02-15 08:15:09.395000+00:00,163770,Acoustic,VPVF,acoustic,2025-02-15 08:15:09.395000+00:00,2025-02-15 08:15:15.200000+00:00,133.733,5.805,1.4245798533828824
2025-02-15 08:38:38.530000+00:00,163771,Acoustic,VPVF,acoustic,2025-02-15 08:38:38.530000+00:00,2025-02-15 08:38:44.875000+00:00,21.07,6.345,0.8868552388574272
2025-02-15 09:31:07.788000+00:00,163772,Acoustic,VPVF,acoustic,2025-02-15 09:31:07.788000+00:00,2025-02-15 09:31:13.458000+00:00,24.599,5.67,0.9319146931731986
2025-02-15 09:44:04.058000+00:00,163773,Acoustic,VPVF,acoustic,2025-02-15 09:44:04.058000+00:00,2025-02-15 09:44:09.120000+00:00,4.308,5.062,0.4249647153993825
2025-02-15 10:04:47.530000+00:00,163774,Acoustic,VPVF,acoustic,2025-02-15 10:04:47.530000+00:00,2025-02-15 10:04:52.728000+00:00,2.07,5.198,0.2117001314561348
2025-02-15 10:23:34.990000+00:00,163775,Acoustic,VPVF,acoustic,2025-02-15 10:23:34.990000+00:00,2025-02-15 10:23:39.918000+00:00,1.62,4.928,0.1403750597435627
2025-02-15 10:40:35.598000+00:00,163776,Acoustic,VPVF,acoustic,2025-02-15 10:40:35.598000+00:00,2025-02-15 10:40:39.310000+00:00,7.862,3.712,0.6000071364543272
2025-02-15 10:57:15.058000+00:00,163777,Acoustic,VPVF,acoustic,2025-02-15 10:57:15.058000+00:00,2025-02-15 10:57:20.255000+00:00,0.803,5.197,-0.0638405846632837
2025-02-15 11:09:15.328000+00:00,163778,Acoustic,VPVF,acoustic,2025-02-15 11:09:15.328000+00:00,2025-02-15 11:09:24.035000+00:00,7.271,8.707,0.5772680769113898
2025-02-15 11:37:32.868000+00:00,163779,Acoustic,VPVF,acoustic,2025-02-15 11:37:32.868000+00:00,2025-02-15 11:37:40.158000+00:00,28.783,7.29,0.977621158650704
2025-02-15 11:38:32.935000+00:00,163780,Acoustic,VPVF,acoustic,2025-02-15 11:38:32.935000+00:00,2025-02-15 11:38:40.765000+00:00,29.408,7.83,0.9838718781030316
2025-02-15 11:55:15.180000+00:00,163781,Acoustic,VPVF,acoustic,2025-02-15 11:55:15.180000+00:00,2025-02-15 11:55:23.618000+00:00,71.97,8.438,1.2442915068006204
2025-02-15 20:52:15.450000+00:00,163782,Acoustic,VPVF,acoustic,2025-02-15 20:52:15.450000+00:00,2025-02-15 20:52:22.065000+00:00,25.766,6.615,0.9454014916455824
2025-02-16 02:40:15.210000+00:00,163783,Acoustic,VPVF,acoustic,2025-02-16 02:40:15.210000+00:00,2025-02-16 02:40:26.078000+00:00,23.442,10.868,0.917896423277647
2025-02-16 03:05:17.328000+00:00,163784,Acoustic,VPVF,acoustic,2025-02-16 03:05:17.328000+00:00,2025-02-16 03:05:23.065000+00:00,4.8,5.737,0.4564316290416434
2025-02-16 03:38:53.855000+00:00,163785,Acoustic,VPVF,acoustic,2025-02-16 03:38:53.855000+00:00,2025-02-16 03:39:00.605000+00:00,20.272,6.75,0.8756207203513753
2025-02-16 03:47:16.598000+00:00,163786,Acoustic,VPVF,acoustic,2025-02-16 03:47:16.598000+00:00,2025-02-16 03:47:23.415000+00:00,17.145,6.817,0.8268721179321452
2025-02-16 13:13:03.775000+00:00,163787,Acoustic,VPVF,acoustic,2025-02-16 13:13:03.775000+00:00,2025-02-16 13:13:09.918000+00:00,74.445,6.143,1.2541298079495131
2025-02-16 17:44:58.140000+00:00,163788,Acoustic,VPVF,acoustic,2025-02-16 17:44:58.140000+00:00,2025-02-16 17:45:14.160000+00:00,3073.54,16.02,2.336718042589349
2025-02-16 17:59:57.160000+00:00,163790,Acoustic,VPVF,acoustic,2025-02-16 17:59:57.160000+00:00,2025-02-16 18:00:04.090000+00:00,117.16,6.93,1.386082173216406
2025-02-16 18:04:30.250000+00:00,163791,Acoustic,VPVF,acoustic,2025-02-16 18:04:30.250000+00:00,2025-02-16 18:04:32.500000+00:00,9.585,2.25,0.6576667185334346
2025-02-16 18:06:25.620000+00:00,163792,Acoustic,VPVF,acoustic,2025-02-16 18:06:25.620000+00:00,2025-02-16 18:06:31.380000+00:00,45.375,5.76,1.1100671474895931
2025-02-16 18:11:19.440000+00:00,163793,Acoustic,VPVF,acoustic,2025-02-16 18:11:19.440000+00:00,2025-02-16 18:11:24.210000+00:00,22.547,4.77,0.9065694724387454
2025-02-16 18:11:54.620000+00:00,163794,Acoustic,VPVF,acoustic,2025-02-16 18:11:54.620000+00:00,2025-02-16 18:11:59.480000+00:00,1.462,4.86,0.1105147396566339
2025-02-16 18:14:13.440000+00:00,163795,Acoustic,VPVF,acoustic,2025-02-16 18:14:13.440000+00:00,2025-02-16 18:14:18.300000+00:00,17.417,4.86,0.8314521457328027
2025-02-16 18:15:33.160000+00:00,163796,Acoustic,VPVF,acoustic,2025-02-16 18:15:33.160000+00:00,2025-02-16 18:15:38.380000+00:00,18.534,5.22,0.8495393363190132
2025-02-16 18:17:30.160000+00:00,163797,Acoustic,VPVF,acoustic,2025-02-16 18:17:30.160000+00:00,2025-02-16 18:17:35.290000+00:00,14.594,5.13,0.7799968090841546
2025-02-16 18:19:51.520000+00:00,163798,Acoustic,VPVF,acoustic,2025-02-16 18:19:51.520000+00:00,2025-02-16 18:19:59.980000+00:00,99.0,8.46,1.3370755803803585
2025-02-16 18:24:22.880000+00:00,163799,Acoustic,VPVF,acoustic,2025-02-16 18:24:22.880000+00:00,2025-02-16 18:24:28.730000+00:00,10.285,5.85,0.6781768783405978
2025-02-16 18:25:47.240000+00:00,163800,Acoustic,VPVF,acoustic,2025-02-16 18:25:47.240000+00:00,2025-02-16 18:25:52.820000+00:00,17.421,5.58,0.8315189641045011
2025-02-16 18:31:50.800000+00:00,163801,Acoustic,VPVF,acoustic,2025-02-16 18:31:50.800000+00:00,2025-02-16 18:31:55.930000+00:00,6.327,5.13,0.5368025490876297
2025-02-16 18:36:25.800000+00:00,163802,Acoustic,VPVF,acoustic,2025-02-16 18:36:25.800000+00:00,2025-02-16 18:36:32.730000+00:00,8.764,6.93,0.6316105871554074
2025-02-16 18:37:13.250000+00:00,163803,Acoustic,VPVF,acoustic,2025-02-16 18:37:13.250000+00:00,2025-02-16 18:37:19.820000+00:00,0.611,6.57,-0.1433523891374886
2025-02-16 18:37:52.800000+00:00,163804,Acoustic,VPVF,acoustic,2025-02-16 18:37:52.800000+00:00,2025-02-16 18:37:58.740000+00:00,142.289,5.94,1.442624789212132
2025-02-16 18:42:11.780000+00:00,163805,Acoustic,VPVF,acoustic,2025-02-16 18:42:11.780000+00:00,2025-02-16 18:42:21.770000+00:00,5.194,9.99,0.4793863033465002
2025-02-16 18:51:44.800000+00:00,163806,Acoustic,VPVF,acoustic,2025-02-16 18:51:44.800000+00:00,2025-02-16 18:51:50.200000+00:00,5.333,5.4,0.4870709610675273
2025-02-16 18:57:00.340000+00:00,163807,Acoustic,VPVF,acoustic,2025-02-16 18:57:00.340000+00:00,2025-02-16 18:57:08.890000+00:00,9.822,8.55,0.664773952963042
2025-02-16 18:57:38.610000+00:00,163808,Acoustic,VPVF,acoustic,2025-02-16 18:57:38.610000+00:00,2025-02-16 18:57:45.450000+00:00,12.049,6.84,0.7242371729342538
2025-02-16 18:59:31.060000+00:00,163809,Acoustic,VPVF,acoustic,2025-02-16 18:59:31.060000+00:00,2025-02-16 18:59:36.820000+00:00,6.149,5.76,0.5284990103399144
2025-02-16 19:00:25.250000+00:00,163810,Acoustic,VPVF,acoustic,2025-02-16 19:00:25.250000+00:00,2025-02-16 19:00:29.840000+00:00,3.6,4.59,0.3727226755140825
2025-02-17 11:19:07.620000+00:00,163826,Acoustic,VPVF,acoustic,2025-02-17 11:19:07.620000+00:00,2025-02-17 11:19:16.260000+00:00,1165.109,8.64,2.054465593204901
2025-02-17 00:19:51.665000+00:00,163831,Acoustic,VPVF,acoustic,2025-02-17 00:19:51.665000+00:00,2025-02-17 00:19:59.225000+00:00,102.738,7.56,1.347859841731982
2025-02-17 00:34:10.923000+00:00,163832,Acoustic,VPVF,acoustic,2025-02-17 00:34:10.923000+00:00,2025-02-17 00:34:19.293000+00:00,457.364,8.37,1.7823755248996365
2025-02-17 02:27:00.125000+00:00,163833,Acoustic,VPVF,acoustic,2025-02-17 02:27:00.125000+00:00,2025-02-17 02:27:09.103000+00:00,373.774,8.978,1.7236480891230284
2025-02-17 02:40:11.518000+00:00,163834,Acoustic,VPVF,acoustic,2025-02-17 02:40:11.518000+00:00,2025-02-17 02:40:19.415000+00:00,103.861,7.897,1.3510231748501744
2025-02-17 03:06:49.003000+00:00,163835,Acoustic,VPVF,acoustic,2025-02-17 03:06:49.003000+00:00,2025-02-17 03:06:57.035000+00:00,528.137,8.032,1.824240218096996
2025-02-17 03:37:24.665000+00:00,163836,Acoustic,VPVF,acoustic,2025-02-17 03:37:24.665000+00:00,2025-02-17 03:37:33.103000+00:00,267.703,8.438,1.6265276695358029
2025-02-17 03:57:07.923000+00:00,163837,Acoustic,VPVF,acoustic,2025-02-17 03:57:07.923000+00:00,2025-02-17 03:57:17.035000+00:00,316.502,9.112,1.6752522273300845
2025-02-17 04:05:57.733000+00:00,163838,Acoustic,VPVF,acoustic,2025-02-17 04:05:57.733000+00:00,2025-02-17 04:06:05.158000+00:00,52.893,7.425,1.154676794102995
2025-02-17 04:20:46.923000+00:00,163839,Acoustic,VPVF,acoustic,2025-02-17 04:20:46.923000+00:00,2025-02-17 04:20:54.415000+00:00,47.933,7.492,1.126025189496077
2025-02-17 04:36:09.665000+00:00,163840,Acoustic,VPVF,acoustic,2025-02-17 04:36:09.665000+00:00,2025-02-17 04:36:17.428000+00:00,368.148,7.763,1.7192350384661728
2025-02-17 04:51:36.733000+00:00,163841,Acoustic,VPVF,acoustic,2025-02-17 04:51:36.733000+00:00,2025-02-17 04:51:44.563000+00:00,230.722,7.83,1.5832696351668134
2025-02-17 05:00:31.665000+00:00,163842,Acoustic,VPVF,acoustic,2025-02-17 05:00:31.665000+00:00,2025-02-17 05:00:39.833000+00:00,74.596,8.168,1.2547194119882348
2025-02-17 05:29:52.855000+00:00,163843,Acoustic,VPVF,acoustic,2025-02-17 05:29:52.855000+00:00,2025-02-17 05:30:00.483000+00:00,268.381,7.628,1.6272636837296095
2025-02-17 05:40:22.058000+00:00,163844,Acoustic,VPVF,acoustic,2025-02-17 05:40:22.058000+00:00,2025-02-17 05:40:28.403000+00:00,39.558,6.345,1.070146998505322
2025-02-17 05:48:55.923000+00:00,163845,Acoustic,VPVF,acoustic,2025-02-17 05:48:55.923000+00:00,2025-02-17 05:49:04.495000+00:00,133.325,8.572,1.4236907668777927
2025-02-17 06:15:07.328000+00:00,163846,Acoustic,VPVF,acoustic,2025-02-17 06:15:07.328000+00:00,2025-02-17 06:15:16.508000+00:00,741.926,9.18,1.9231415957900504
2025-02-17 06:31:23.395000+00:00,163847,Acoustic,VPVF,acoustic,2025-02-17 06:31:23.395000+00:00,2025-02-17 06:31:31.225000+00:00,833.698,7.83,1.957075868963786
2025-02-17 06:45:18.788000+00:00,163848,Acoustic,VPVF,acoustic,2025-02-17 06:45:18.788000+00:00,2025-02-17 06:45:25.133000+00:00,220.558,6.345,1.5701602860315629
2025-02-17 07:06:34.598000+00:00,163849,Acoustic,VPVF,acoustic,2025-02-17 07:06:34.598000+00:00,2025-02-17 07:06:42.428000+00:00,389.414,7.83,1.7355757458588252
2025-02-17 07:17:08.193000+00:00,163850,Acoustic,VPVF,acoustic,2025-02-17 07:17:08.193000+00:00,2025-02-17 07:17:15.955000+00:00,214.556,7.762,1.5621322448566848
2025-02-17 07:41:59.395000+00:00,163851,Acoustic,VPVF,acoustic,2025-02-17 07:41:59.395000+00:00,2025-02-17 07:42:10.398000+00:00,314.395,11.003,1.673308672497705
2025-02-17 10:23:20.193000+00:00,163852,Acoustic,VPVF,acoustic,2025-02-17 10:23:20.193000+00:00,2025-02-17 10:23:28.158000+00:00,2066.862,7.965,2.2212586920503488
2025-02-17 10:52:59.058000+00:00,163853,Acoustic,VPVF,acoustic,2025-02-17 10:52:59.058000+00:00,2025-02-17 10:53:07.158000+00:00,325.441,8.1,1.6833564180355007
2025-02-17 11:00:14.855000+00:00,163854,Acoustic,VPVF,acoustic,2025-02-17 11:00:14.855000+00:00,2025-02-17 11:00:23.023000+00:00,449.521,8.168,1.7773424900941543
2025-02-17 11:38:09.125000+00:00,163855,Acoustic,VPVF,acoustic,2025-02-17 11:38:09.125000+00:00,2025-02-17 11:38:17.293000+00:00,571.997,8.168,1.847453813182589
2025-02-17 11:57:55.665000+00:00,163856,Acoustic,VPVF,acoustic,2025-02-17 11:57:55.665000+00:00,2025-02-17 11:58:05.048000+00:00,3366.905,9.383,2.363244677931385
2025-02-17 08:23:33.605000+00:00,163857,Acoustic,VPVF,acoustic,2025-02-17 08:23:33.605000+00:00,2025-02-17 08:23:44.135000+00:00,1100.147,10.53,2.037771981606664
2025-02-17 12:02:23.788000+00:00,163859,Acoustic,VPVF,acoustic,2025-02-17 12:02:23.788000+00:00,2025-02-17 12:02:30.875000+00:00,1008.685,7.087,2.012516226908235
2025-02-17 12:02:31.888000+00:00,163860,Acoustic,VPVF,acoustic,2025-02-17 12:02:31.888000+00:00,2025-02-17 12:02:40.325000+00:00,1613.545,8.437,2.149213324876688
2025-02-17 12:10:56.598000+00:00,163861,Acoustic,VPVF,acoustic,2025-02-17 12:10:56.598000+00:00,2025-02-17 12:11:03.348000+00:00,956.228,6.75,1.9969761758115347
2025-02-17 12:35:12.058000+00:00,163862,Acoustic,VPVF,acoustic,2025-02-17 12:35:12.058000+00:00,2025-02-17 12:35:22.318000+00:00,1219.691,10.26,2.067787378867732
2025-02-17 12:46:06.193000+00:00,163863,Acoustic,VPVF,acoustic,2025-02-17 12:46:06.193000+00:00,2025-02-17 12:46:15.373000+00:00,786.622,9.18,1.940163279266114
2025-02-17 12:59:18.125000+00:00,163864,Acoustic,VPVF,acoustic,2025-02-17 12:59:18.125000+00:00,2025-02-17 12:59:24.875000+00:00,752.062,6.75,1.9270899423574703
2025-02-17 13:23:25.665000+00:00,163865,Acoustic,VPVF,acoustic,2025-02-17 13:23:25.665000+00:00,2025-02-17 13:23:32.348000+00:00,869.875,6.683,1.969436089167058
2025-02-17 13:48:15.193000+00:00,163866,Acoustic,VPVF,acoustic,2025-02-17 13:48:15.193000+00:00,2025-02-17 13:48:23.833000+00:00,4120.424,8.64,2.4220110784384294
2025-02-17 14:33:54.665000+00:00,163867,Acoustic,VPVF,acoustic,2025-02-17 14:33:54.665000+00:00,2025-02-17 14:34:02.563000+00:00,5185.367,7.898,2.488902264650308
2025-02-17 14:44:54.193000+00:00,163868,Acoustic,VPVF,acoustic,2025-02-17 14:44:54.193000+00:00,2025-02-17 14:45:01.213000+00:00,918.879,7.02,1.9853830786224964
2025-02-17 14:52:48.058000+00:00,163869,Acoustic,VPVF,acoustic,2025-02-17 14:52:48.058000+00:00,2025-02-17 14:52:54.673000+00:00,129.155,6.615,1.4144445199142894
2025-02-17 15:16:47.395000+00:00,163870,Acoustic,VPVF,acoustic,2025-02-17 15:16:47.395000+00:00,2025-02-17 15:16:53.943000+00:00,929.691,6.548,1.9887868799108257
2025-02-17 15:22:22.463000+00:00,163871,Acoustic,VPVF,acoustic,2025-02-17 15:22:22.463000+00:00,2025-02-17 15:22:29.483000+00:00,81.63,7.02,1.2809393636546116
2025-02-17 15:58:45.598000+00:00,163872,Acoustic,VPVF,acoustic,2025-02-17 15:58:45.598000+00:00,2025-02-17 15:58:52.888000+00:00,673.738,7.29,1.8950889988172583
2025-02-17 16:05:20.248000+00:00,163873,Acoustic,VPVF,acoustic,2025-02-17 16:05:20.248000+00:00,2025-02-17 16:05:26.795000+00:00,1659.016,6.547,2.157299884913836
2025-02-17 16:26:48.463000+00:00,163874,Acoustic,VPVF,acoustic,2025-02-17 16:26:48.463000+00:00,2025-02-17 16:26:55.888000+00:00,1733.821,7.425,2.170132853404072
2025-02-17 17:09:46.395000+00:00,163875,Acoustic,VPVF,acoustic,2025-02-17 17:09:46.395000+00:00,2025-02-17 17:09:52.538000+00:00,1459.2,6.143,2.1199569300595087
2025-02-17 17:18:40.463000+00:00,163876,Acoustic,VPVF,acoustic,2025-02-17 17:18:40.463000+00:00,2025-02-17 17:18:45.053000+00:00,137.996,4.59,1.4337105536418715
2025-02-17 17:26:38.395000+00:00,163877,Acoustic,VPVF,acoustic,2025-02-17 17:26:38.395000+00:00,2025-02-17 17:26:46.023000+00:00,1389.485,7.628,2.105712088056262
2025-02-17 17:34:00.868000+00:00,163878,Acoustic,VPVF,acoustic,2025-02-17 17:34:00.868000+00:00,2025-02-17 17:34:09.035000+00:00,1215.707,8.167,2.0668353746296235
2025-02-17 17:45:19.383000+00:00,163879,Acoustic,VPVF,acoustic,2025-02-17 17:45:19.383000+00:00,2025-02-17 17:45:25.525000+00:00,1187.732,6.142,2.060061366482744
2025-02-17 18:20:08.058000+00:00,163880,Acoustic,VPVF,acoustic,2025-02-17 18:20:08.058000+00:00,2025-02-17 18:20:11.703000+00:00,193.831,3.645,1.5325735683537025
2025-02-17 18:34:39.733000+00:00,163881,Acoustic,VPVF,acoustic,2025-02-17 18:34:39.733000+00:00,2025-02-17 18:34:46.888000+00:00,145.608,7.155,1.4493341085592883
2025-02-17 18:41:39.015000+00:00,163882,Acoustic,VPVF,acoustic,2025-02-17 18:41:39.015000+00:00,2025-02-17 18:41:46.035000+00:00,2745.919,7.02,2.303920773828215
2025-02-17 18:50:05.665000+00:00,163883,Acoustic,VPVF,acoustic,2025-02-17 18:50:05.665000+00:00,2025-02-17 18:50:12.415000+00:00,722.545,6.75,1.9154394830465993
2025-02-17 19:02:34.868000+00:00,163884,Acoustic,VPVF,acoustic,2025-02-17 19:02:34.868000+00:00,2025-02-17 19:02:42.495000+00:00,363.51,7.627,1.71554596294824
2025-02-17 19:17:06.598000+00:00,163885,Acoustic,VPVF,acoustic,2025-02-17 19:17:06.598000+00:00,2025-02-17 19:17:14.293000+00:00,484.642,7.695,1.799232102307723
2025-02-17 19:25:49.585000+00:00,163886,Acoustic,VPVF,acoustic,2025-02-17 19:25:49.585000+00:00,2025-02-17 19:25:58.563000+00:00,184.346,8.978,1.517974591448728
2025-02-17 19:35:57.585000+00:00,163887,Acoustic,VPVF,acoustic,2025-02-17 19:35:57.585000+00:00,2025-02-17 19:36:04.133000+00:00,778.642,6.548,1.9371963433439512
2025-02-17 20:05:12.720000+00:00,163888,Acoustic,VPVF,acoustic,2025-02-17 20:05:12.720000+00:00,2025-02-17 20:05:19.065000+00:00,311.22,6.345,1.6703552239127433
2025-02-17 20:34:04.665000+00:00,163889,Acoustic,VPVF,acoustic,2025-02-17 20:34:04.665000+00:00,2025-02-17 20:34:11.483000+00:00,65.26,6.818,1.2158135365327436
2025-02-17 20:38:52.800000+00:00,163890,Acoustic,VPVF,acoustic,2025-02-17 20:38:52.800000+00:00,2025-02-17 20:39:02.385000+00:00,189.426,9.585,1.525884524371565
2025-02-17 20:43:21.260000+00:00,163891,Acoustic,VPVF,acoustic,2025-02-17 20:43:21.260000+00:00,2025-02-17 20:43:28.010000+00:00,247.311,6.75,1.6034731004576148
2025-02-17 20:52:34.855000+00:00,163892,Acoustic,VPVF,acoustic,2025-02-17 20:52:34.855000+00:00,2025-02-17 20:52:43.023000+00:00,700.341,8.168,1.9063573998098025
2025-02-17 21:10:03.923000+00:00,163893,Acoustic,VPVF,acoustic,2025-02-17 21:10:03.923000+00:00,2025-02-17 21:10:10.740000+00:00,532.791,6.817,1.8267931096300472
2025-02-17 21:19:38.395000+00:00,163894,Acoustic,VPVF,acoustic,2025-02-17 21:19:38.395000+00:00,2025-02-17 21:19:44.335000+00:00,458.728,5.94,1.783242017204811
2025-02-17 21:28:38.800000+00:00,163895,Acoustic,VPVF,acoustic,2025-02-17 21:28:38.800000+00:00,2025-02-17 21:28:45.550000+00:00,1022.865,6.75,2.0165782732889728
2025-02-17 21:53:10.800000+00:00,163896,Acoustic,VPVF,acoustic,2025-02-17 21:53:10.800000+00:00,2025-02-17 21:53:17.280000+00:00,1560.556,6.48,2.1394971697158347
2025-02-17 22:01:45.070000+00:00,163897,Acoustic,VPVF,acoustic,2025-02-17 22:01:45.070000+00:00,2025-02-17 22:01:50.335000+00:00,45.858,5.265,1.113148123678974
2025-02-17 22:21:14.463000+00:00,163898,Acoustic,VPVF,acoustic,2025-02-17 22:21:14.463000+00:00,2025-02-17 22:21:20.200000+00:00,237.621,5.737,1.591842828881598
2025-02-17 22:27:41.260000+00:00,163899,Acoustic,VPVF,acoustic,2025-02-17 22:27:41.260000+00:00,2025-02-17 22:27:48.753000+00:00,80.41,7.493,1.2765577416177774
2025-02-17 22:45:44.665000+00:00,163900,Acoustic,VPVF,acoustic,2025-02-17 22:45:44.665000+00:00,2025-02-17 22:45:51.685000+00:00,286.477,7.02,1.6462501392511584
2025-02-17 22:58:55.463000+00:00,163901,Acoustic,VPVF,acoustic,2025-02-17 22:58:55.463000+00:00,2025-02-17 22:59:03.563000+00:00,427.585,8.1,1.7627850491583348
2025-02-17 23:14:15.923000+00:00,163902,Acoustic,VPVF,acoustic,2025-02-17 23:14:15.923000+00:00,2025-02-17 23:14:23.145000+00:00,42.916,7.222,1.0938548885348092
2025-02-17 23:20:12.990000+00:00,163903,Acoustic,VPVF,acoustic,2025-02-17 23:20:12.990000+00:00,2025-02-17 23:20:20.415000+00:00,358.098,7.425,1.711181269955856
2025-02-17 23:49:57.733000+00:00,163913,Acoustic,VPVF,acoustic,2025-02-17 23:49:57.733000+00:00,2025-02-17 23:50:06.913000+00:00,1219.568,9.18,2.067758033719649
2025-02-18 00:07:45.788000+00:00,163914,Acoustic,VPVF,acoustic,2025-02-18 00:07:45.788000+00:00,2025-02-18 00:07:53.618000+00:00,126.709,7.83,1.40888100050165
2025-02-18 00:11:39.058000+00:00,163915,Acoustic,VPVF,acoustic,2025-02-18 00:11:39.058000+00:00,2025-02-18 00:11:46.415000+00:00,395.256,7.357,1.7399085757440764
2025-02-18 00:21:45.855000+00:00,163916,Acoustic,VPVF,acoustic,2025-02-18 00:21:45.855000+00:00,2025-02-18 00:21:56.723000+00:00,263.846,10.868,1.6223048447169606
2025-02-18 00:38:34.463000+00:00,163917,Acoustic,VPVF,acoustic,2025-02-18 00:38:34.463000+00:00,2025-02-18 00:38:42.023000+00:00,42.392,7.56,1.090280217359203
2025-02-18 12:48:18.855000+00:00,163918,Acoustic,VPVF,acoustic,2025-02-18 12:48:18.855000+00:00,2025-02-18 12:48:26.955000+00:00,76.797,8.1,1.2631806508982155
2025-02-18 17:14:36.620000+00:00,163931,Acoustic,VPVF,acoustic,2025-02-18 17:14:36.620000+00:00,2025-02-18 17:14:44.990000+00:00,883.536,8.37,1.973970247293672
2025-02-18 18:40:33.720000+00:00,163932,Acoustic,VPVF,acoustic,2025-02-18 18:40:33.720000+00:00,2025-02-18 18:40:41.460000+00:00,204.237,7.74,1.5477900631223702
2025-02-18 06:11:07.710000+00:00,163924,Eruption,VPVF,acoustic,2025-02-18 06:11:07.710000+00:00,2025-02-18 06:11:29.880000+00:00,16531.269,22.17,2.826265149220426
2025-02-18 19:38:28.290000+00:00,163933,Acoustic,VPVF,acoustic,2025-02-18 19:38:28.290000+00:00,2025-02-18 19:38:41.430000+00:00,262.713,13.14,1.6210526477439982
2025-02-18 20:17:03.990000+00:00,163950,Acoustic,VPVF,acoustic,2025-02-18 20:17:03.990000+00:00,2025-02-18 20:17:09.480000+00:00,346.145,5.49,1.7013029020022523
2025-02-18 20:46:31.450000+00:00,163951,Acoustic,VPVF,acoustic,2025-02-18 20:46:31.450000+00:00,2025-02-18 20:46:40.270000+00:00,35.168,8.82,1.0359189393980757
2025-02-18 21:13:27.350000+00:00,163952,Acoustic,VPVF,acoustic,2025-02-18 21:13:27.350000+00:00,2025-02-18 21:13:38.510000+00:00,766.331,11.16,1.932558984118595
2025-02-18 21:37:06.730000+00:00,163953,Acoustic,VPVF,acoustic,2025-02-18 21:37:06.730000+00:00,2025-02-18 21:37:17.440000+00:00,74.459,10.71,1.254184523501174
2025-02-18 22:16:21.440000+00:00,163954,Acoustic,VPVF,acoustic,2025-02-18 22:16:21.440000+00:00,2025-02-18 22:16:31.070000+00:00,389.845,9.63,1.7358976188954596
2025-02-18 22:20:33.890000+00:00,163955,Acoustic,VPVF,acoustic,2025-02-18 22:20:33.890000+00:00,2025-02-18 22:20:42.530000+00:00,323.629,8.64,1.6817317789595043
2025-02-18 22:27:44.710000+00:00,163956,Acoustic,VPVF,acoustic,2025-02-18 22:27:44.710000+00:00,2025-02-18 22:27:52.090000+00:00,80.691,7.38,1.2775728154537969
2025-02-18 23:20:29.630000+00:00,163957,Acoustic,VPVF,acoustic,2025-02-18 23:20:29.630000+00:00,2025-02-18 23:20:38.270000+00:00,297.519,8.64,1.6572548527742512
2025-02-19 02:52:37.720000+00:00,163958,Acoustic,VPVF,acoustic,2025-02-19 02:52:37.720000+00:00,2025-02-19 02:52:46+00:00,164.363,8.28,1.4845887198837533
2025-02-19 03:38:55.530000+00:00,163959,Acoustic,VPVF,acoustic,2025-02-19 03:38:55.530000+00:00,2025-02-19 03:39:05.250000+00:00,1798.417,9.72,2.180776567456525
2025-02-19 05:00:46.350000+00:00,163960,Acoustic,VPVF,acoustic,2025-02-19 05:00:46.350000+00:00,2025-02-19 05:00:53.910000+00:00,1403.899,7.56,2.108715029340986
2025-02-19 07:12:55.450000+00:00,163961,Acoustic,VPVF,acoustic,2025-02-19 07:12:55.450000+00:00,2025-02-19 07:13:04.270000+00:00,736.213,8.82,1.9208923328872851
2025-02-19 07:48:15.710000+00:00,163962,Acoustic,VPVF,acoustic,2025-02-19 07:48:15.710000+00:00,2025-02-19 07:48:25.070000+00:00,667.892,9.36,1.8925531818206325
2025-02-19 08:01:12.350000+00:00,163963,Acoustic,VPVF,acoustic,2025-02-19 08:01:12.350000+00:00,2025-02-19 08:01:19.010000+00:00,35.879,6.66,1.041743021180954
2025-02-19 08:16:55.440000+00:00,163964,Acoustic,VPVF,acoustic,2025-02-19 08:16:55.440000+00:00,2025-02-19 08:17:02.730000+00:00,122.697,7.29,1.3995187425806357
2025-02-19 08:47:34.450000+00:00,163965,Acoustic,VPVF,acoustic,2025-02-19 08:47:34.450000+00:00,2025-02-19 08:47:42.730000+00:00,165.18,8.28,1.4860314993905726
2025-02-19 08:57:58.530000+00:00,163966,Acoustic,VPVF,acoustic,2025-02-19 08:57:58.530000+00:00,2025-02-19 08:58:06.720000+00:00,153.106,8.19,1.4639447809657964
2025-02-19 09:41:15.710000+00:00,163967,Acoustic,VPVF,acoustic,2025-02-19 09:41:15.710000+00:00,2025-02-19 09:41:24.350000+00:00,597.288,8.64,1.8600431389694216
2025-02-19 09:45:09.080000+00:00,163968,Acoustic,VPVF,acoustic,2025-02-19 09:45:09.080000+00:00,2025-02-19 09:45:17.990000+00:00,175.43,8.91,1.5035495884622605
2025-02-19 09:57:40.350000+00:00,163969,Acoustic,VPVF,acoustic,2025-02-19 09:57:40.350000+00:00,2025-02-19 09:57:48.990000+00:00,72.77,8.64,1.2475080911973728
2025-02-19 10:05:38.810000+00:00,163970,Acoustic,VPVF,acoustic,2025-02-19 10:05:38.810000+00:00,2025-02-19 10:05:46.370000+00:00,94.944,7.56,1.324903241506621
2025-02-19 10:07:59.710000+00:00,163971,Acoustic,VPVF,acoustic,2025-02-19 10:07:59.710000+00:00,2025-02-19 10:08:07.270000+00:00,49.656,7.56,1.1363010606928183
2025-02-19 10:16:14.080000+00:00,163972,Acoustic,VPVF,acoustic,2025-02-19 10:16:14.080000+00:00,2025-02-19 10:16:21.190000+00:00,105.108,7.11,1.3544959675013684
2025-02-19 10:36:52.530000+00:00,163973,Acoustic,VPVF,acoustic,2025-02-19 10:36:52.530000+00:00,2025-02-19 10:37:00.990000+00:00,361.839,8.46,1.7142053009131224
2025-02-19 10:47:50.990000+00:00,163974,Acoustic,VPVF,acoustic,2025-02-19 10:47:50.990000+00:00,2025-02-19 10:47:59.270000+00:00,210.176,8.28,1.5561306920289646
2025-02-19 11:25:53.990000+00:00,163975,Acoustic,VPVF,acoustic,2025-02-19 11:25:53.990000+00:00,2025-02-19 11:26:00.830000+00:00,98.028,6.84,1.3342045952118589
2025-02-19 11:31:25.710000+00:00,163976,Acoustic,VPVF,acoustic,2025-02-19 11:31:25.710000+00:00,2025-02-19 11:31:35.880000+00:00,1571.411,10.17,2.141514158572972
2025-02-19 11:33:17.070000+00:00,163977,Acoustic,VPVF,acoustic,2025-02-19 11:33:17.070000+00:00,2025-02-19 11:33:25.350000+00:00,152.024,8.28,1.4618811440809032
2025-02-19 11:55:53.170000+00:00,163978,Acoustic,VPVF,acoustic,2025-02-19 11:55:53.170000+00:00,2025-02-19 11:56:02.170000+00:00,624.078,9.0,1.8728100449770129
2025-02-19 12:17:10.080000+00:00,163979,Acoustic,VPVF,acoustic,2025-02-19 12:17:10.080000+00:00,2025-02-19 12:17:18.360000+00:00,119.279,8.28,1.3912978729403402
2025-02-19 12:27:04.990000+00:00,163980,Acoustic,VPVF,acoustic,2025-02-19 12:27:04.990000+00:00,2025-02-19 12:27:15.520000+00:00,128.007,10.53,1.4118465920502223
2025-02-19 12:27:15.610000+00:00,163981,Acoustic,VPVF,acoustic,2025-02-19 12:27:15.610000+00:00,2025-02-19 12:27:23.890000+00:00,57.401,8.28,1.1784760371534762
2025-02-19 13:33:13.360000+00:00,163984,Acoustic,VPVF,acoustic,2025-02-19 13:33:13.360000+00:00,2025-02-19 13:33:21.640000+00:00,134.695,8.28,1.426665487994702
2025-02-19 14:05:01.710000+00:00,163985,Acoustic,VPVF,acoustic,2025-02-19 14:05:01.710000+00:00,2025-02-19 14:05:07.650000+00:00,24.819,5.94,0.934505466961515
2025-02-19 17:28:20.810000+00:00,163986,Acoustic,VPVF,acoustic,2025-02-19 17:28:20.810000+00:00,2025-02-19 17:28:29.450000+00:00,30.989,8.64,0.9991090665353805
2025-02-19 17:40:36.170000+00:00,163987,Acoustic,VPVF,acoustic,2025-02-19 17:40:36.170000+00:00,2025-02-19 17:40:49.310000+00:00,1177.405,13.14,2.057520336763749
2025-02-19 17:55:26.350000+00:00,163988,Acoustic,VPVF,acoustic,2025-02-19 17:55:26.350000+00:00,2025-02-19 17:55:40.030000+00:00,271.351,13.68,1.63046605569346
2025-02-19 18:10:40.440000+00:00,163989,Acoustic,VPVF,acoustic,2025-02-19 18:10:40.440000+00:00,2025-02-19 18:10:50.250000+00:00,110.524,9.81,1.3691159181021617
2025-02-19 18:52:13.430000+00:00,163990,Acoustic,VPVF,acoustic,2025-02-19 18:52:13.430000+00:00,2025-02-19 18:52:22.250000+00:00,36.015,8.82,1.0428438908055149
2025-02-19 19:08:24.170000+00:00,163991,Acoustic,VPVF,acoustic,2025-02-19 19:08:24.170000+00:00,2025-02-19 19:08:32.270000+00:00,15.207,8.1,0.7919691757818531
2025-02-19 19:23:03.170000+00:00,163992,Acoustic,VPVF,acoustic,2025-02-19 19:23:03.170000+00:00,2025-02-19 19:23:10.370000+00:00,65.516,7.2,1.2169527407397036
2025-02-19 19:35:46.630000+00:00,163993,Acoustic,VPVF,acoustic,2025-02-19 19:35:46.630000+00:00,2025-02-19 19:35:58.510000+00:00,77.398,11.88,1.2654489247670384
2025-02-19 19:44:10.530000+00:00,163994,Acoustic,VPVF,acoustic,2025-02-19 19:44:10.530000+00:00,2025-02-19 19:44:20.250000+00:00,25.549,9.72,0.9429405172283728
2025-02-19 19:52:34.800000+00:00,163995,Acoustic,VPVF,acoustic,2025-02-19 19:52:34.800000+00:00,2025-02-19 19:52:47.040000+00:00,111.324,12.24,1.3712144977722156
2025-02-19 19:53:58.890000+00:00,163996,Acoustic,VPVF,acoustic,2025-02-19 19:53:58.890000+00:00,2025-02-19 19:54:09.960000+00:00,156.203,11.07,1.4697718782915443
2025-02-19 20:03:25.800000+00:00,163997,Acoustic,VPVF,acoustic,2025-02-19 20:03:25.800000+00:00,2025-02-19 20:03:35.610000+00:00,10.363,9.81,0.6803752837634849
2025-02-19 20:06:01.080000+00:00,163998,Acoustic,VPVF,acoustic,2025-02-19 20:06:01.080000+00:00,2025-02-19 20:06:07.650000+00:00,1.444,6.57,0.1069100194665255
2025-02-19 20:08:52.350000+00:00,163999,Acoustic,VPVF,acoustic,2025-02-19 20:08:52.350000+00:00,2025-02-19 20:09:00.810000+00:00,5.946,8.46,0.5187306862621757
2025-02-19 20:13:39.080000+00:00,164000,Acoustic,VPVF,acoustic,2025-02-19 20:13:39.080000+00:00,2025-02-19 20:13:47.270000+00:00,149.669,8.19,1.4573383441691683
2025-02-19 20:26:26.440000+00:00,164001,Acoustic,VPVF,acoustic,2025-02-19 20:26:26.440000+00:00,2025-02-19 20:26:35.890000+00:00,95.042,9.45,1.3252034297121826
2025-02-19 20:31:28.450000+00:00,164002,Acoustic,VPVF,acoustic,2025-02-19 20:31:28.450000+00:00,2025-02-19 20:31:41.050000+00:00,121.997,12.6,1.3978539312845275
2025-02-19 20:45:19.170000+00:00,164003,Acoustic,VPVF,acoustic,2025-02-19 20:45:19.170000+00:00,2025-02-19 20:45:29.250000+00:00,631.589,10.08,1.876291153565393
2025-02-19 20:46:54.440000+00:00,164004,Acoustic,VPVF,acoustic,2025-02-19 20:46:54.440000+00:00,2025-02-19 20:47:00.920000+00:00,18.06,6.48,0.8420008898049163
2025-02-19 20:47:02.450000+00:00,164005,Acoustic,VPVF,acoustic,2025-02-19 20:47:02.450000+00:00,2025-02-19 20:47:09.830000+00:00,24.525,7.38,0.9310380407548308
2025-02-19 20:48:27.710000+00:00,164006,Acoustic,VPVF,acoustic,2025-02-19 20:48:27.710000+00:00,2025-02-19 20:48:38.150000+00:00,20.409,10.44,0.877580556205754
2025-02-19 20:49:31.710000+00:00,164007,Acoustic,VPVF,acoustic,2025-02-19 20:49:31.710000+00:00,2025-02-19 20:49:42.330000+00:00,68.007,10.62,1.2278109235174417
2025-02-19 21:10:39.990000+00:00,164008,Acoustic,VPVF,acoustic,2025-02-19 21:10:39.990000+00:00,2025-02-19 21:10:47.730000+00:00,16.486,7.74,0.8154672479901484
2025-02-19 21:14:17.440000+00:00,164009,Acoustic,VPVF,acoustic,2025-02-19 21:14:17.440000+00:00,2025-02-19 21:14:26.530000+00:00,7.382,9.09,0.5816766073759577
2025-02-19 21:16:31.070000+00:00,164010,Acoustic,VPVF,acoustic,2025-02-19 21:16:31.070000+00:00,2025-02-19 21:16:47.450000+00:00,102.076,16.38,1.3459788409673197
2025-02-19 21:50:22.080000+00:00,164011,Acoustic,VPVF,acoustic,2025-02-19 21:50:22.080000+00:00,2025-02-19 21:50:34.050000+00:00,320.796,11.97,1.6791733927715835
2025-02-19 21:59:59.350000+00:00,164012,Acoustic,VPVF,acoustic,2025-02-19 21:59:59.350000+00:00,2025-02-19 22:00:13.030000+00:00,26.156,13.68,0.9497727902227868
2025-02-19 22:07:07.810000+00:00,164013,Acoustic,VPVF,acoustic,2025-02-19 22:07:07.810000+00:00,2025-02-19 22:07:17.530000+00:00,51.168,9.72,1.1450289561843143
2025-02-19 22:10:42.440000+00:00,164014,Acoustic,VPVF,acoustic,2025-02-19 22:10:42.440000+00:00,2025-02-19 22:10:51.710000+00:00,82.247,9.27,1.283130444089286
2025-02-19 22:18:53.530000+00:00,164015,Acoustic,VPVF,acoustic,2025-02-19 22:18:53.530000+00:00,2025-02-19 22:19:03.880000+00:00,106.141,10.35,1.3573417272417565
2025-02-19 22:22:03.990000+00:00,164016,Acoustic,VPVF,acoustic,2025-02-19 22:22:03.990000+00:00,2025-02-19 22:22:10.830000+00:00,3.17,6.84,0.3357097056858935
2025-02-19 22:24:58.440000+00:00,164017,Acoustic,VPVF,acoustic,2025-02-19 22:24:58.440000+00:00,2025-02-19 22:25:04.470000+00:00,7.737,6.03,0.5953436398945919
2025-02-19 22:25:26.890000+00:00,164018,Acoustic,VPVF,acoustic,2025-02-19 22:25:26.890000+00:00,2025-02-19 22:25:33.010000+00:00,20.199,6.12,0.8745710123556973
2025-02-19 22:30:59.350000+00:00,164019,Acoustic,VPVF,acoustic,2025-02-19 22:30:59.350000+00:00,2025-02-19 22:31:07.090000+00:00,8.041,7.74,0.6065577416177773
2025-02-20 01:38:59.440000+00:00,164020,Acoustic,VPVF,acoustic,2025-02-20 01:38:59.440000+00:00,2025-02-20 01:39:11.950000+00:00,333.772,12.51,1.6907114337238558
2025-02-19 22:35:26.150000+00:00,164021,Acoustic,VPVF,acoustic,2025-02-19 22:35:26.150000+00:00,2025-02-19 22:35:36.230000+00:00,27.885,10.08,0.9683983347144786
2025-02-19 22:37:42.050000+00:00,164022,Acoustic,VPVF,acoustic,2025-02-19 22:37:42.050000+00:00,2025-02-19 22:37:50.870000+00:00,29.82,8.82,0.987920118208374
2025-02-19 22:38:47.680000+00:00,164023,Acoustic,VPVF,acoustic,2025-02-19 22:38:47.680000+00:00,2025-02-19 22:38:57.670000+00:00,193.895,9.99,1.5326696287032953
2025-02-19 22:43:19.240000+00:00,164024,Acoustic,VPVF,acoustic,2025-02-19 22:43:19.240000+00:00,2025-02-19 22:43:28.240000+00:00,118.823,9.0,1.390183343769379
2025-02-19 22:44:28.330000+00:00,164025,Acoustic,VPVF,acoustic,2025-02-19 22:44:28.330000+00:00,2025-02-19 22:44:37.150000+00:00,391.273,8.82,1.7369615197437538
2025-02-19 22:46:09.710000+00:00,164026,Acoustic,VPVF,acoustic,2025-02-19 22:46:09.710000+00:00,2025-02-19 22:46:17.360000+00:00,26.81,7.65,0.9569588653685294
2025-02-19 23:00:10.710000+00:00,164027,Acoustic,VPVF,acoustic,2025-02-19 23:00:10.710000+00:00,2025-02-19 23:00:19.080000+00:00,7.597,8.37,0.590030224690871
2025-02-19 23:02:35.080000+00:00,164028,Acoustic,VPVF,acoustic,2025-02-19 23:02:35.080000+00:00,2025-02-19 23:02:43+00:00,9.377,7.92,0.651282823725375
2025-02-19 23:04:49.990000+00:00,164029,Acoustic,VPVF,acoustic,2025-02-19 23:04:49.990000+00:00,2025-02-19 23:04:57.730000+00:00,70.936,7.74,1.240080685955977
2025-02-19 23:07:08.170000+00:00,164030,Acoustic,VPVF,acoustic,2025-02-19 23:07:08.170000+00:00,2025-02-19 23:07:16.990000+00:00,28.042,8.82,0.9700320199311157
2025-02-19 23:08:39.530000+00:00,164031,Acoustic,VPVF,acoustic,2025-02-19 23:08:39.530000+00:00,2025-02-19 23:08:47.090000+00:00,92.013,7.56,1.3157789577748509
2025-02-19 23:08:58.350000+00:00,164032,Acoustic,VPVF,acoustic,2025-02-19 23:08:58.350000+00:00,2025-02-19 23:09:06.270000+00:00,95.957,7.92,1.32799136335492
2025-02-19 23:11:08.170000+00:00,164033,Acoustic,VPVF,acoustic,2025-02-19 23:11:08.170000+00:00,2025-02-19 23:11:17.080000+00:00,41.96,8.91,1.0872997712794186
2025-02-19 23:12:06.810000+00:00,164034,Acoustic,VPVF,acoustic,2025-02-19 23:12:06.810000+00:00,2025-02-19 23:12:13.560000+00:00,7.752,6.75,0.595907221908615
2025-02-19 23:19:58.810000+00:00,164035,Acoustic,VPVF,acoustic,2025-02-19 23:19:58.810000+00:00,2025-02-19 23:20:14.920000+00:00,80.176,16.11,1.2757097382169291
2025-02-19 23:24:19.080000+00:00,164036,Acoustic,VPVF,acoustic,2025-02-19 23:24:19.080000+00:00,2025-02-19 23:24:27.270000+00:00,32.431,8.19,1.0123434279456662
2025-02-19 23:29:48.810000+00:00,164037,Acoustic,VPVF,acoustic,2025-02-19 23:29:48.810000+00:00,2025-02-19 23:29:58.440000+00:00,51.85,9.63,1.1488816696857902
2025-02-19 23:32:21.170000+00:00,164038,Acoustic,VPVF,acoustic,2025-02-19 23:32:21.170000+00:00,2025-02-19 23:32:29.810000+00:00,201.806,8.64,1.5443058298009682
2025-02-19 23:43:02.630000+00:00,164039,Acoustic,VPVF,acoustic,2025-02-19 23:43:02.630000+00:00,2025-02-19 23:43:12.800000+00:00,11.82,10.17,0.7186537092853085
2025-02-19 23:50:52.350000+00:00,164040,Acoustic,VPVF,acoustic,2025-02-19 23:50:52.350000+00:00,2025-02-19 23:51:01.530000+00:00,10.415,9.18,0.6818317137701224
2025-02-19 23:51:23.530000+00:00,164041,Acoustic,VPVF,acoustic,2025-02-19 23:51:23.530000+00:00,2025-02-19 23:51:33.880000+00:00,29.706,10.35,0.9868055983991356
2025-02-19 23:56:05.530000+00:00,164042,Acoustic,VPVF,acoustic,2025-02-19 23:56:05.530000+00:00,2025-02-19 23:56:14.800000+00:00,12.063,9.27,0.7245750696411244
2025-02-19 23:58:31.990000+00:00,164043,Acoustic,VPVF,acoustic,2025-02-19 23:58:31.990000+00:00,2025-02-19 23:58:40+00:00,7.58,8.01,0.5893783677734759
2025-02-19 23:59:17.150000+00:00,164044,Acoustic,VPVF,acoustic,2025-02-19 23:59:17.150000+00:00,2025-02-19 23:59:25.790000+00:00,49.291,8.64,1.13415431147775
2025-02-20 00:02:55.890000+00:00,164045,Acoustic,VPVF,acoustic,2025-02-20 00:02:55.890000+00:00,2025-02-20 00:03:04.080000+00:00,99.769,8.19,1.3393270648907236
2025-02-20 00:04:54.710000+00:00,164046,Acoustic,VPVF,acoustic,2025-02-20 00:04:54.710000+00:00,2025-02-20 00:05:04.070000+00:00,7.652,9.36,0.592129224108023
2025-02-20 00:06:02.250000+00:00,164047,Acoustic,VPVF,acoustic,2025-02-20 00:06:02.250000+00:00,2025-02-20 00:06:09.360000+00:00,4.923,7.11,0.4637939899677463
2025-02-20 00:06:28.530000+00:00,164048,Acoustic,VPVF,acoustic,2025-02-20 00:06:28.530000+00:00,2025-02-20 00:06:41.670000+00:00,28.486,13.14,0.9746030848681028
2025-02-20 00:07:15.350000+00:00,164049,Acoustic,VPVF,acoustic,2025-02-20 00:07:15.350000+00:00,2025-02-20 00:07:23.360000+00:00,219.651,8.01,1.568961233821513
2025-02-20 00:12:18.170000+00:00,164050,Acoustic,VPVF,acoustic,2025-02-20 00:12:18.170000+00:00,2025-02-20 00:12:28.970000+00:00,137.128,10.8,1.4318745150782195
2025-02-20 00:17:14.250000+00:00,164051,Acoustic,VPVF,acoustic,2025-02-20 00:17:14.250000+00:00,2025-02-20 00:17:22.710000+00:00,65.174,8.46,1.215429832104857
2025-02-20 00:17:29.530000+00:00,164052,Acoustic,VPVF,acoustic,2025-02-20 00:17:29.530000+00:00,2025-02-20 00:17:38.890000+00:00,15.708,9.36,0.801400998040915
2025-02-20 00:26:24.440000+00:00,164053,Acoustic,VPVF,acoustic,2025-02-20 00:26:24.440000+00:00,2025-02-20 00:26:32.810000+00:00,17.145,8.37,0.8268721179321452
2025-02-20 00:38:28.990000+00:00,164054,Acoustic,VPVF,acoustic,2025-02-20 00:38:28.990000+00:00,2025-02-20 00:38:36.910000+00:00,15.562,7.92,0.7986838253561257
2025-02-20 00:39:58.530000+00:00,164055,Acoustic,VPVF,acoustic,2025-02-20 00:39:58.530000+00:00,2025-02-20 00:40:06+00:00,6.433,7.47,0.5416370794382467
2025-02-20 00:53:15.810000+00:00,164056,Acoustic,VPVF,acoustic,2025-02-20 00:53:15.810000+00:00,2025-02-20 00:53:25.170000+00:00,51.413,9.36,1.146418873903107
2025-02-20 00:56:16.170000+00:00,164057,Acoustic,VPVF,acoustic,2025-02-20 00:56:16.170000+00:00,2025-02-20 00:56:24.450000+00:00,8.976,8.28,0.6385655054210978
2025-02-20 01:04:37.270000+00:00,164058,Acoustic,VPVF,acoustic,2025-02-20 01:04:37.270000+00:00,2025-02-20 01:04:44.650000+00:00,5.135,7.38,0.476062100115309
2025-02-20 01:08:44.360000+00:00,164059,Acoustic,VPVF,acoustic,2025-02-20 01:08:44.360000+00:00,2025-02-20 01:08:53.090000+00:00,5.022,8.73,0.4695873946125254
2025-02-20 01:14:49.080000+00:00,164060,Acoustic,VPVF,acoustic,2025-02-20 01:14:49.080000+00:00,2025-02-20 01:14:57.450000+00:00,26.656,8.37,0.9552826364168848
2025-02-20 01:17:10.710000+00:00,164061,Acoustic,VPVF,acoustic,2025-02-20 01:17:10.710000+00:00,2025-02-20 01:17:20.970000+00:00,139.237,10.26,1.43631562046162
2025-02-20 01:17:37.890000+00:00,164062,Acoustic,VPVF,acoustic,2025-02-20 01:17:37.890000+00:00,2025-02-20 01:17:46.530000+00:00,26.457,8.64,0.9531022002062264
2025-02-20 01:20:27.630000+00:00,164063,Acoustic,VPVF,acoustic,2025-02-20 01:20:27.630000+00:00,2025-02-20 01:20:35.640000+00:00,12.031,8.01,0.723802156951921
2025-02-20 01:27:39.810000+00:00,164064,Acoustic,VPVF,acoustic,2025-02-20 01:27:39.810000+00:00,2025-02-20 01:27:49.710000+00:00,2.799,9.9,0.2994919419723288
2025-02-20 01:35:28.350000+00:00,164065,Acoustic,VPVF,acoustic,2025-02-20 01:35:28.350000+00:00,2025-02-20 01:35:37.170000+00:00,21.294,8.82,0.8899323573199285
2025-02-20 01:43:48.720000+00:00,164066,Acoustic,VPVF,acoustic,2025-02-20 01:43:48.720000+00:00,2025-02-20 01:43:57.990000+00:00,31.809,9.27,1.006708510805025
2025-02-20 01:48:24.350000+00:00,164067,Acoustic,VPVF,acoustic,2025-02-20 01:48:24.350000+00:00,2025-02-20 01:48:34.430000+00:00,20.628,10.08,0.8806862722322338
2025-02-20 01:57:56.810000+00:00,164068,Acoustic,VPVF,acoustic,2025-02-20 01:57:56.810000+00:00,2025-02-20 01:58:07.610000+00:00,31.571,10.8,1.004523186614524
2025-02-20 02:02:52.350000+00:00,164069,Acoustic,VPVF,acoustic,2025-02-20 02:02:52.350000+00:00,2025-02-20 02:03:03.510000+00:00,34.391,11.16,1.0294180187798827
2025-02-20 02:05:18.070000+00:00,164070,Acoustic,VPVF,acoustic,2025-02-20 02:05:18.070000+00:00,2025-02-20 02:05:28.870000+00:00,295.862,10.8,1.655629756439447
2025-02-20 02:08:23.710000+00:00,164071,Acoustic,VPVF,acoustic,2025-02-20 02:08:23.710000+00:00,2025-02-20 02:08:35.320000+00:00,345.958,11.61,1.701145663102951
2025-02-20 02:17:20.350000+00:00,164072,Acoustic,VPVF,acoustic,2025-02-20 02:17:20.350000+00:00,2025-02-20 02:17:29.800000+00:00,221.218,9.45,1.571029709281245
2025-02-20 02:21:21.990000+00:00,164073,Acoustic,VPVF,acoustic,2025-02-20 02:21:21.990000+00:00,2025-02-20 02:21:31.710000+00:00,118.895,9.72,1.3903596061176036
2025-02-20 02:26:22.070000+00:00,164074,Acoustic,VPVF,acoustic,2025-02-20 02:26:22.070000+00:00,2025-02-20 02:26:30.080000+00:00,82.815,8.01,1.285133034151199
2025-02-20 02:35:11.160000+00:00,164075,Acoustic,VPVF,acoustic,2025-02-20 02:35:11.160000+00:00,2025-02-20 02:35:20.430000+00:00,223.705,9.27,1.574282713011507
2025-02-20 02:42:17.350000+00:00,164076,Acoustic,VPVF,acoustic,2025-02-20 02:42:17.350000+00:00,2025-02-20 02:42:25.630000+00:00,33.209,8.28,1.0192413847814863
2025-02-20 02:46:02.990000+00:00,164077,Acoustic,VPVF,acoustic,2025-02-20 02:46:02.990000+00:00,2025-02-20 02:46:11.090000+00:00,20.931,8.1,0.8849292850582001
2025-02-20 02:54:56.710000+00:00,164078,Acoustic,VPVF,acoustic,2025-02-20 02:54:56.710000+00:00,2025-02-20 02:55:04.990000+00:00,5.693,8.28,0.5060785931537369
2025-02-20 02:57:41.710000+00:00,164079,Acoustic,VPVF,acoustic,2025-02-20 02:57:41.710000+00:00,2025-02-20 02:57:54.040000+00:00,91.396,12.33,1.3138212166265608
2025-02-20 02:58:21.800000+00:00,164080,Acoustic,VPVF,acoustic,2025-02-20 02:58:21.800000+00:00,2025-02-20 02:58:30.890000+00:00,66.888,9.09,1.22298330098469
2025-02-20 03:01:42.800000+00:00,164081,Acoustic,VPVF,acoustic,2025-02-20 03:01:42.800000+00:00,2025-02-20 03:01:52.250000+00:00,253.43,9.45,1.6105848758007726
2025-02-20 03:05:48.710000+00:00,164082,Acoustic,VPVF,acoustic,2025-02-20 03:05:48.710000+00:00,2025-02-20 03:05:58.250000+00:00,256.637,9.54,1.6142439108180453
2025-02-20 03:19:57.710000+00:00,164083,Acoustic,VPVF,acoustic,2025-02-20 03:19:57.710000+00:00,2025-02-20 03:20:07.160000+00:00,1034.118,9.45,2.019761965380494
2025-02-20 03:24:32.160000+00:00,164084,Acoustic,VPVF,acoustic,2025-02-20 03:24:32.160000+00:00,2025-02-20 03:24:43.680000+00:00,281.542,11.52,1.6411939382374776
2025-02-20 03:34:48.070000+00:00,164085,Acoustic,VPVF,acoustic,2025-02-20 03:34:48.070000+00:00,2025-02-20 03:34:59.590000+00:00,83.514,11.52,1.2875787210982306
2025-02-20 03:38:27.350000+00:00,164086,Acoustic,VPVF,acoustic,2025-02-20 03:38:27.350000+00:00,2025-02-20 03:38:37.790000+00:00,60.49,10.44,1.1937280016199252
2025-02-20 03:40:11.530000+00:00,164087,Acoustic,VPVF,acoustic,2025-02-20 03:40:11.530000+00:00,2025-02-20 03:40:22.510000+00:00,2355.321,10.98,2.259273569853073
2025-02-20 03:48:14.990000+00:00,164088,Acoustic,VPVF,acoustic,2025-02-20 03:48:14.990000+00:00,2025-02-20 03:48:20.210000+00:00,53.4,5.22,1.157452642209133
2025-02-20 04:32:38.170000+00:00,164089,Acoustic,VPVF,acoustic,2025-02-20 04:32:38.170000+00:00,2025-02-20 04:32:47.350000+00:00,266.348,9.18,1.625051124818396
2025-02-20 05:46:38.440000+00:00,164090,Acoustic,VPVF,acoustic,2025-02-20 05:46:38.440000+00:00,2025-02-20 05:46:48.250000+00:00,1865.154,9.81,2.1913788463052426
2025-02-20 05:51:34.350000+00:00,164091,Acoustic,VPVF,acoustic,2025-02-20 05:51:34.350000+00:00,2025-02-20 05:51:42.720000+00:00,476.519,8.37,1.7943137485542893
2025-02-20 19:26:05.710000+00:00,164106,Acoustic,VPVF,acoustic,2025-02-20 19:26:05.710000+00:00,2025-02-20 19:26:10.480000+00:00,57.546,4.77,1.179210144721246
2025-02-20 19:05:17.530000+00:00,164107,Acoustic,VPVF,acoustic,2025-02-20 19:05:17.530000+00:00,2025-02-20 19:05:26.890000+00:00,37.75,9.36,1.0565343604966888
2025-02-20 18:36:19.350000+00:00,164108,Acoustic,VPVF,acoustic,2025-02-20 18:36:19.350000+00:00,2025-02-20 18:36:27.090000+00:00,545.566,7.74,1.8336876889896203
2025-02-20 14:38:19.720000+00:00,164109,Acoustic,VPVF,acoustic,2025-02-20 14:38:19.720000+00:00,2025-02-20 14:38:26.830000+00:00,110.189,7.11,1.368232621954517
2025-02-20 09:57:16.440000+00:00,164110,Acoustic,VPVF,acoustic,2025-02-20 09:57:16.440000+00:00,2025-02-20 09:57:25.530000+00:00,296.738,9.09,1.65649002070871
2025-02-20 09:49:51.530000+00:00,164111,Acoustic,VPVF,acoustic,2025-02-20 09:49:51.530000+00:00,2025-02-20 09:50:02.330000+00:00,455.064,10.8,1.780908561557604
2025-02-20 09:31:42.170000+00:00,164112,Acoustic,VPVF,acoustic,2025-02-20 09:31:42.170000+00:00,2025-02-20 09:31:49.730000+00:00,50.035,7.56,1.1385135157609572
2025-02-20 07:31:33.350000+00:00,164113,Acoustic,VPVF,acoustic,2025-02-20 07:31:33.350000+00:00,2025-02-20 07:31:43.160000+00:00,214.466,9.81,1.5620101627366867
2025-02-20 06:01:16.440000+00:00,164114,Acoustic,VPVF,acoustic,2025-02-20 06:01:16.440000+00:00,2025-02-20 06:01:24.360000+00:00,1419.334,7.92,2.111896686269566
2025-02-21 05:06:22.160000+00:00,164144,Acoustic,VPVF,acoustic,2025-02-21 05:06:22.160000+00:00,2025-02-21 05:06:30.710000+00:00,28.09,8.55,0.9705296652650574
2025-02-21 09:16:19.430000+00:00,164145,Acoustic,VPVF,acoustic,2025-02-21 09:16:19.430000+00:00,2025-02-21 09:16:25.550000+00:00,12.796,6.12,0.7417397350460866
2025-02-23 20:34:20.620000+00:00,164218,Acoustic,VPVF,acoustic,2025-02-23 20:34:20.620000+00:00,2025-02-23 20:34:24.760000+00:00,24.673,4.14,0.9327887123565992
2025-02-23 20:54:54.890000+00:00,164219,Acoustic,VPVF,acoustic,2025-02-23 20:54:54.890000+00:00,2025-02-23 20:54:58.760000+00:00,23.665,3.87,0.9206513608986886
2025-02-23 20:54:58.980000+00:00,164220,Acoustic,VPVF,acoustic,2025-02-23 20:54:58.980000+00:00,2025-02-23 20:55:04.290000+00:00,31.788,5.31,1.0065163469110534
2025-02-23 21:04:42.440000+00:00,164221,Acoustic,VPVF,acoustic,2025-02-23 21:04:42.440000+00:00,2025-02-23 21:04:48.650000+00:00,5.742,6.21,0.5085723360675265
2025-02-23 21:15:30.260000+00:00,164222,Acoustic,VPVF,acoustic,2025-02-23 21:15:30.260000+00:00,2025-02-23 21:15:35.120000+00:00,21.267,4.86,0.8895631748180349
2025-02-23 21:59:38.170000+00:00,164223,Acoustic,VPVF,acoustic,2025-02-23 21:59:38.170000+00:00,2025-02-23 21:59:46.450000+00:00,19.849,8.28,0.8694848832609777
2025-02-23 22:05:39.260000+00:00,164224,Acoustic,VPVF,acoustic,2025-02-23 22:05:39.260000+00:00,2025-02-23 22:05:44.660000+00:00,39.588,5.4,1.070367586267289
2025-02-23 23:09:52.620000+00:00,164225,Acoustic,VPVF,acoustic,2025-02-23 23:09:52.620000+00:00,2025-02-23 23:09:59.460000+00:00,30.439,6.84,0.9938983550248852
2025-02-23 23:21:10.080000+00:00,164226,Acoustic,VPVF,acoustic,2025-02-23 23:21:10.080000+00:00,2025-02-23 23:21:14.580000+00:00,22.289,4.5,0.903220691425494
2025-02-23 23:23:26.530000+00:00,164227,Acoustic,VPVF,acoustic,2025-02-23 23:23:26.530000+00:00,2025-02-23 23:23:33.460000+00:00,114.538,6.93,1.3794962289384147
2025-02-24 00:13:10.900000+00:00,164228,Acoustic,VPVF,acoustic,2025-02-24 00:13:10.900000+00:00,2025-02-24 00:13:15.490000+00:00,1.678,4.59,0.1506106108500965
2025-02-24 00:25:43.900000+00:00,164229,Acoustic,VPVF,acoustic,2025-02-24 00:25:43.900000+00:00,2025-02-24 00:25:51.640000+00:00,204.645,7.74,1.548370762585665
2025-02-24 00:42:37.170000+00:00,164230,Acoustic,VPVF,acoustic,2025-02-24 00:42:37.170000+00:00,2025-02-24 00:42:45.810000+00:00,26.048,8.64,0.9485688367501018
2025-02-24 01:19:46.530000+00:00,164231,Acoustic,VPVF,acoustic,2025-02-24 01:19:46.530000+00:00,2025-02-24 01:19:53.010000+00:00,40.549,6.48,1.077346699372333
2025-02-24 01:26:04.980000+00:00,164232,Acoustic,VPVF,acoustic,2025-02-24 01:26:04.980000+00:00,2025-02-24 01:26:14.160000+00:00,71.086,9.18,1.24069533173847
2025-02-24 01:39:52.620000+00:00,164233,Acoustic,VPVF,acoustic,2025-02-24 01:39:52.620000+00:00,2025-02-24 01:39:57.930000+00:00,2.374,5.31,0.2515720787944435
2025-02-24 02:26:30.620000+00:00,164234,Acoustic,VPVF,acoustic,2025-02-24 02:26:30.620000+00:00,2025-02-24 02:26:37.460000+00:00,11.316,6.84,0.7059742689859186
2025-02-24 02:36:00.260000+00:00,164235,Acoustic,VPVF,acoustic,2025-02-24 02:36:00.260000+00:00,2025-02-24 02:36:04.760000+00:00,4.228,4.5,0.4195104356857104
2025-02-24 02:50:49.260000+00:00,164236,Acoustic,VPVF,acoustic,2025-02-24 02:50:49.260000+00:00,2025-02-24 02:50:57.180000+00:00,7.4,7.92,0.5823852522197541
2025-02-24 02:54:54.620000+00:00,164237,Acoustic,VPVF,acoustic,2025-02-24 02:54:54.620000+00:00,2025-02-24 02:54:59.570000+00:00,8.316,4.95,0.6163427020418192
2025-02-24 02:57:26.535000+00:00,164238,Acoustic,VPVF,acoustic,2025-02-24 02:57:26.535000+00:00,2025-02-24 02:57:33.218000+00:00,9.647,6.683,0.659542826611258
2025-02-24 03:03:26.548000+00:00,164239,Acoustic,VPVF,acoustic,2025-02-24 03:03:26.548000+00:00,2025-02-24 03:03:34.648000+00:00,95.673,8.1,1.327128892817759
2025-02-24 03:12:11.670000+00:00,164240,Acoustic,VPVF,acoustic,2025-02-24 03:12:11.670000+00:00,2025-02-24 03:12:17.408000+00:00,168.535,5.738,1.4918823706019282
2025-02-24 03:14:01.615000+00:00,164241,Acoustic,VPVF,acoustic,2025-02-24 03:14:01.615000+00:00,2025-02-24 03:14:09.985000+00:00,128.571,8.37,1.4131258245888365
2025-02-24 03:15:23.075000+00:00,164242,Acoustic,VPVF,acoustic,2025-02-24 03:15:23.075000+00:00,2025-02-24 03:15:27.868000+00:00,17.069,4.793,0.8255794125255318
2025-02-24 03:30:50.265000+00:00,164243,Acoustic,VPVF,acoustic,2025-02-24 03:30:50.265000+00:00,2025-02-24 03:30:58.365000+00:00,4.149,8.1,0.414022101335412
2025-02-24 03:34:23.805000+00:00,164244,Acoustic,VPVF,acoustic,2025-02-24 03:34:23.805000+00:00,2025-02-24 03:34:31.838000+00:00,24.566,8.033,0.9315240798329408
2025-02-24 03:38:26.468000+00:00,164245,Acoustic,VPVF,acoustic,2025-02-24 03:38:26.468000+00:00,2025-02-24 03:38:34.770000+00:00,14.547,8.302,0.7790582040195753
2025-02-24 03:47:27.940000+00:00,164246,Acoustic,VPVF,acoustic,2025-02-24 03:47:27.940000+00:00,2025-02-24 03:47:32.935000+00:00,4.99,4.995,0.4677273655676713
2025-02-24 03:58:30.535000+00:00,164247,Acoustic,VPVF,acoustic,2025-02-24 03:58:30.535000+00:00,2025-02-24 03:58:36.678000+00:00,17.178,6.143,0.8274316409315123
2025-02-24 03:59:17.738000+00:00,164248,Acoustic,VPVF,acoustic,2025-02-24 03:59:17.738000+00:00,2025-02-24 03:59:22.800000+00:00,10.147,5.062,0.6742462324509493
2025-02-24 04:15:37.928000+00:00,164249,Acoustic,VPVF,acoustic,2025-02-24 04:15:37.928000+00:00,2025-02-24 04:15:44.475000+00:00,14.337,6.547,0.7748270511111058
2025-02-24 04:24:05.535000+00:00,164250,Acoustic,VPVF,acoustic,2025-02-24 04:24:05.535000+00:00,2025-02-24 04:24:08.978000+00:00,59.937,3.443,1.191055651075415
2025-02-24 04:43:35.995000+00:00,164251,Acoustic,VPVF,acoustic,2025-02-24 04:43:35.995000+00:00,2025-02-24 04:43:39.235000+00:00,5.659,3.24,0.5043355949366698
2025-02-24 04:48:25.265000+00:00,164252,Acoustic,VPVF,acoustic,2025-02-24 04:48:25.265000+00:00,2025-02-24 04:48:29.045000+00:00,34.085,3.78,1.0268174098840983
2025-02-24 04:50:37.400000+00:00,164253,Acoustic,VPVF,acoustic,2025-02-24 04:50:37.400000+00:00,2025-02-24 04:50:44.218000+00:00,30.895,6.818,0.9982250936989
2025-02-24 05:17:53.535000+00:00,164254,Acoustic,VPVF,acoustic,2025-02-24 05:17:53.535000+00:00,2025-02-24 05:17:59.880000+00:00,10.385,6.345,0.680992355583649
2025-02-24 05:22:47.535000+00:00,164255,Acoustic,VPVF,acoustic,2025-02-24 05:22:47.535000+00:00,2025-02-24 05:22:57.188000+00:00,100.72,9.653,1.3420875304568705
2025-02-24 05:29:49.928000+00:00,164256,Acoustic,VPVF,acoustic,2025-02-24 05:29:49.928000+00:00,2025-02-24 05:29:55.328000+00:00,29.131,5.4,0.9811181134512592
2025-02-24 05:39:20.075000+00:00,164257,Acoustic,VPVF,acoustic,2025-02-24 05:39:20.075000+00:00,2025-02-24 05:39:34.385000+00:00,281.57,14.31,1.6412228751611704
2025-02-24 05:49:20.468000+00:00,164258,Acoustic,VPVF,acoustic,2025-02-24 05:49:20.468000+00:00,2025-02-24 05:49:25.395000+00:00,16.271,4.927,0.8116475442022436
2025-02-24 05:50:50.265000+00:00,164259,Acoustic,VPVF,acoustic,2025-02-24 05:50:50.265000+00:00,2025-02-24 05:50:58.028000+00:00,270.593,7.763,1.6296520935888683
2025-02-24 05:55:05.940000+00:00,164260,Acoustic,VPVF,acoustic,2025-02-24 05:55:05.940000+00:00,2025-02-24 05:55:09.855000+00:00,5.749,3.915,0.5089268467928032
2025-02-24 06:20:29.130000+00:00,164261,Acoustic,VPVF,acoustic,2025-02-24 06:20:29.130000+00:00,2025-02-24 06:20:36.960000+00:00,20.318,7.83,0.8762802405121297
2025-02-24 06:32:46.130000+00:00,164262,Acoustic,VPVF,acoustic,2025-02-24 06:32:46.130000+00:00,2025-02-24 06:32:51.530000+00:00,11.788,5.4,0.7178648852091847
2025-02-24 06:39:19.210000+00:00,164263,Acoustic,VPVF,acoustic,2025-02-24 06:39:19.210000+00:00,2025-02-24 06:39:27.378000+00:00,178.947,8.168,1.5093253627083811
2025-02-24 07:18:20.860000+00:00,164264,Acoustic,VPVF,acoustic,2025-02-24 07:18:20.860000+00:00,2025-02-24 07:18:28.285000+00:00,223.82,7.425,1.5744322572406209
2025-02-24 07:19:43.006000+00:00,164265,Acoustic,VPVF,acoustic,2025-02-24 07:19:43.006000+00:00,2025-02-24 07:19:50.881000+00:00,8.097,7.875,0.60857717331504
2025-02-24 07:38:33.963000+00:00,164266,Acoustic,VPVF,acoustic,2025-02-24 07:38:33.963000+00:00,2025-02-24 07:38:40.263000+00:00,30.873,6.3,0.9980178180566922
2025-02-24 07:44:25.681000+00:00,164267,Acoustic,VPVF,acoustic,2025-02-24 07:44:25.681000+00:00,2025-02-24 07:44:31.756000+00:00,6.241,6.075,0.5328203023291915
2025-02-24 07:46:47.063000+00:00,164268,Acoustic,VPVF,acoustic,2025-02-24 07:46:47.063000+00:00,2025-02-24 07:46:52.688000+00:00,8.104,5.625,0.6088286196759901
2025-02-24 07:58:22.231000+00:00,164269,Acoustic,VPVF,acoustic,2025-02-24 07:58:22.231000+00:00,2025-02-24 07:58:27.238000+00:00,40.85,5.007,1.079498680781851
2025-02-24 08:37:49.513000+00:00,164270,Acoustic,VPVF,acoustic,2025-02-24 08:37:49.513000+00:00,2025-02-24 08:37:55.756000+00:00,135.814,6.243,1.429072841976729
2025-02-24 08:46:18.400000+00:00,164271,Acoustic,VPVF,acoustic,2025-02-24 08:46:18.400000+00:00,2025-02-24 08:46:24.531000+00:00,58.278,6.131,1.182888108210023
2025-02-24 08:48:26.456000+00:00,164272,Acoustic,VPVF,acoustic,2025-02-24 08:48:26.456000+00:00,2025-02-24 08:48:32.138000+00:00,17.369,5.682,0.830649126161568
2025-02-24 08:58:02.738000+00:00,164273,Acoustic,VPVF,acoustic,2025-02-24 08:58:02.738000+00:00,2025-02-24 08:58:09.263000+00:00,107.176,6.525,1.3601653547233914
2025-02-24 09:28:05.738000+00:00,164274,Acoustic,VPVF,acoustic,2025-02-24 09:28:05.738000+00:00,2025-02-24 09:28:10.800000+00:00,12.744,5.062,0.7405548610713604
2025-02-24 10:09:23.006000+00:00,164275,Acoustic,VPVF,acoustic,2025-02-24 10:09:23.006000+00:00,2025-02-24 10:09:29.531000+00:00,19.721,6.525,0.8676023851726902
2025-02-24 10:17:55.850000+00:00,164276,Acoustic,VPVF,acoustic,2025-02-24 10:17:55.850000+00:00,2025-02-24 10:18:00.238000+00:00,5.001,4.388,0.4683680925469375
2025-02-24 10:38:18.681000+00:00,164277,Acoustic,VPVF,acoustic,2025-02-24 10:38:18.681000+00:00,2025-02-24 10:38:25.375000+00:00,46.596,6.694,1.1177935865177606
2025-02-24 10:46:59.513000+00:00,164278,Acoustic,VPVF,acoustic,2025-02-24 10:46:59.513000+00:00,2025-02-24 10:47:04.181000+00:00,7.986,4.668,0.6045606349250736
2025-02-24 10:50:44.063000+00:00,164279,Acoustic,VPVF,acoustic,2025-02-24 10:50:44.063000+00:00,2025-02-24 10:50:49.631000+00:00,14.083,5.568,0.7696257701209936
2025-02-24 11:08:45.513000+00:00,164280,Acoustic,VPVF,acoustic,2025-02-24 11:08:45.513000+00:00,2025-02-24 11:08:51.025000+00:00,2.837,5.512,0.303415754983221
2025-02-24 11:43:26.175000+00:00,164281,Acoustic,VPVF,acoustic,2025-02-24 11:43:26.175000+00:00,2025-02-24 11:43:32.475000+00:00,3.377,6.3,0.3541158106257256
2025-02-24 12:51:23.063000+00:00,164282,Acoustic,VPVF,acoustic,2025-02-24 12:51:23.063000+00:00,2025-02-24 12:51:29.475000+00:00,198.94,6.412,1.5401438161158243
2025-02-24 13:14:52.119000+00:00,164350,Acoustic,VPVF,acoustic,2025-02-24 13:14:52.119000+00:00,2025-02-24 13:15:01.175000+00:00,18.541,9.056,0.849649213117089
2025-02-24 13:47:09.569000+00:00,164351,Acoustic,VPVF,acoustic,2025-02-24 13:47:09.569000+00:00,2025-02-24 13:47:16.150000+00:00,79.966,6.581,1.2749465996445446
2025-02-24 13:52:12.275000+00:00,164352,Acoustic,VPVF,acoustic,2025-02-24 13:52:12.275000+00:00,2025-02-24 13:52:16.719000+00:00,24.304,4.444,0.9284040968675364
2025-02-24 13:54:38.019000+00:00,164353,Acoustic,VPVF,acoustic,2025-02-24 13:54:38.019000+00:00,2025-02-24 13:54:42.688000+00:00,20.646,4.669,0.8809400684130645
2025-02-24 14:01:56.963000+00:00,164354,Acoustic,VPVF,acoustic,2025-02-24 14:01:56.963000+00:00,2025-02-24 14:02:01.069000+00:00,17.325,4.106,0.8299110730001757
2025-02-24 14:18:57.738000+00:00,164355,Acoustic,VPVF,acoustic,2025-02-24 14:18:57.738000+00:00,2025-02-24 14:19:02.069000+00:00,10.613,4.331,0.6873115700338992
2025-02-24 14:32:49.738000+00:00,164356,Acoustic,VPVF,acoustic,2025-02-24 14:32:49.738000+00:00,2025-02-24 14:32:53.900000+00:00,4.041,4.162,0.4063475297965742
2025-02-24 14:52:29.175000+00:00,164357,Acoustic,VPVF,acoustic,2025-02-24 14:52:29.175000+00:00,2025-02-24 14:52:33.563000+00:00,52.187,4.388,1.1507667623746944
2025-02-24 14:54:54.219000+00:00,164358,Acoustic,VPVF,acoustic,2025-02-24 14:54:54.219000+00:00,2025-02-24 14:55:00.069000+00:00,13.074,5.85,0.7479936820220325
2025-02-24 15:22:03.288000+00:00,164359,Acoustic,VPVF,acoustic,2025-02-24 15:22:03.288000+00:00,2025-02-24 15:22:07.619000+00:00,109.89,4.331,1.367441976167419
2025-02-24 15:43:13.850000+00:00,164360,Acoustic,VPVF,acoustic,2025-02-24 15:43:13.850000+00:00,2025-02-24 15:43:18.800000+00:00,39.386,4.95,1.068879057299216
2025-02-24 15:49:42.175000+00:00,164361,Acoustic,VPVF,acoustic,2025-02-24 15:49:42.175000+00:00,2025-02-24 15:49:45.325000+00:00,4.087,3.15,0.4096411072667676
2025-02-24 16:38:12.119000+00:00,164362,Acoustic,VPVF,acoustic,2025-02-24 16:38:12.119000+00:00,2025-02-24 16:38:18.194000+00:00,18.591,6.075,0.8504328430824587
2025-02-24 16:59:06.119000+00:00,164363,Acoustic,VPVF,acoustic,2025-02-24 16:59:06.119000+00:00,2025-02-24 16:59:11.350000+00:00,24.309,5.231,0.92846395272994
2025-02-24 17:17:21.625000+00:00,164364,Acoustic,VPVF,acoustic,2025-02-24 17:17:21.625000+00:00,2025-02-24 17:17:26.744000+00:00,10.969,5.119,0.6969119144435075
2025-02-24 17:22:56.613000+00:00,164365,Acoustic,VPVF,acoustic,2025-02-24 17:22:56.613000+00:00,2025-02-24 17:23:00.325000+00:00,7.432,3.712,0.5836408196603422
2025-02-24 17:47:33.963000+00:00,164366,Acoustic,VPVF,acoustic,2025-02-24 17:47:33.963000+00:00,2025-02-24 17:47:38.125000+00:00,12.274,4.162,0.7296206996951018
2025-02-24 17:57:50.894000+00:00,164367,Acoustic,VPVF,acoustic,2025-02-24 17:57:50.894000+00:00,2025-02-24 17:57:56.125000+00:00,16.587,5.231,0.8172444559211272
2025-02-24 18:09:17.794000+00:00,164368,Acoustic,VPVF,acoustic,2025-02-24 18:09:17.794000+00:00,2025-02-24 18:09:21.394000+00:00,16.581,3.6,0.8171391819319632
2025-02-24 18:15:46.175000+00:00,164369,Acoustic,VPVF,acoustic,2025-02-24 18:15:46.175000+00:00,2025-02-24 18:15:52.588000+00:00,40.482,6.413,1.0768655135610887
2025-02-24 18:41:31.400000+00:00,164370,Acoustic,VPVF,acoustic,2025-02-24 18:41:31.400000+00:00,2025-02-24 18:41:34.944000+00:00,1.172,3.544,0.0461814998269881
2025-02-24 19:33:10.850000+00:00,164371,Acoustic,VPVF,acoustic,2025-02-24 19:33:10.850000+00:00,2025-02-24 19:33:17.319000+00:00,120.319,6.469,1.393823923203928
2025-02-24 19:34:47.188000+00:00,164372,Acoustic,VPVF,acoustic,2025-02-24 19:34:47.188000+00:00,2025-02-24 19:34:55.625000+00:00,5.625,8.437,0.5025820929448781
2025-02-24 19:35:45.175000+00:00,164373,Acoustic,VPVF,acoustic,2025-02-24 19:35:45.175000+00:00,2025-02-24 19:35:51.588000+00:00,50.384,6.413,1.1405360710059542
2025-02-24 19:42:55.738000+00:00,164374,Acoustic,VPVF,acoustic,2025-02-24 19:42:55.738000+00:00,2025-02-24 19:43:03.275000+00:00,20.836,7.537,0.883605613669642
2025-02-24 19:46:37.625000+00:00,164375,Acoustic,VPVF,acoustic,2025-02-24 19:46:37.625000+00:00,2025-02-24 19:46:43.194000+00:00,4.242,5.569,0.4204723450009638
2025-02-24 19:51:13.625000+00:00,164376,Acoustic,VPVF,acoustic,2025-02-24 19:51:13.625000+00:00,2025-02-24 19:51:19.925000+00:00,1.806,6.3,0.1720008898049163
2025-02-24 19:51:47.513000+00:00,164377,Acoustic,VPVF,acoustic,2025-02-24 19:51:47.513000+00:00,2025-02-24 19:51:53.588000+00:00,19.087,6.075,0.8580942412481368
2025-02-24 19:52:14.075000+00:00,164378,Acoustic,VPVF,acoustic,2025-02-24 19:52:14.075000+00:00,2025-02-24 19:52:18.013000+00:00,2.205,3.938,0.2300837578485844
2025-02-24 20:17:12.175000+00:00,164379,Acoustic,VPVF,acoustic,2025-02-24 20:17:12.175000+00:00,2025-02-24 20:17:16.900000+00:00,1.901,4.725,0.1869180182998469
2025-02-24 20:22:04.075000+00:00,164380,Acoustic,VPVF,acoustic,2025-02-24 20:22:04.075000+00:00,2025-02-24 20:22:09.869000+00:00,7.792,5.794,0.5974047923932747
2025-02-24 20:26:58.288000+00:00,164381,Acoustic,VPVF,acoustic,2025-02-24 20:26:58.288000+00:00,2025-02-24 20:27:06.894000+00:00,50.017,8.606,1.138408818373433
2025-02-24 20:32:45.175000+00:00,164382,Acoustic,VPVF,acoustic,2025-02-24 20:32:45.175000+00:00,2025-02-24 20:32:50.969000+00:00,14.202,5.794,0.7720741705695268
2025-02-24 20:37:10.963000+00:00,164383,Acoustic,VPVF,acoustic,2025-02-24 20:37:10.963000+00:00,2025-02-24 20:37:17.038000+00:00,17.512,6.075,0.8330349515351165
2025-02-24 20:44:34.950000+00:00,164432,Acoustic,VPVF,acoustic,2025-02-24 20:44:34.950000+00:00,2025-02-24 20:44:42.263000+00:00,85.658,7.313,1.2949545130881337
2025-02-24 20:58:44.456000+00:00,164433,Acoustic,VPVF,acoustic,2025-02-24 20:58:44.456000+00:00,2025-02-24 20:58:49.013000+00:00,4.792,4.557,0.4559462622854408
2025-02-24 21:12:30.738000+00:00,164434,Acoustic,VPVF,acoustic,2025-02-24 21:12:30.738000+00:00,2025-02-24 21:12:33.381000+00:00,1.335,2.643,0.0840724480193979
2025-02-24 21:13:49.950000+00:00,164435,Acoustic,VPVF,acoustic,2025-02-24 21:13:49.950000+00:00,2025-02-24 21:13:58.500000+00:00,21.806,8.55,0.8968459251923715
2025-02-24 21:26:27.231000+00:00,164436,Acoustic,VPVF,acoustic,2025-02-24 21:26:27.231000+00:00,2025-02-24 21:26:34.038000+00:00,6.104,6.807,0.5263617317143722
2025-02-24 21:35:03.906000+00:00,164437,Acoustic,VPVF,acoustic,2025-02-24 21:35:03.906000+00:00,2025-02-24 21:35:09.306000+00:00,4.109,5.4,0.4112032146454538
2025-02-24 21:37:36.456000+00:00,164438,Acoustic,VPVF,acoustic,2025-02-24 21:37:36.456000+00:00,2025-02-24 21:37:41.181000+00:00,0.557,4.725,-0.1702770192336016
2025-02-24 22:08:56.963000+00:00,164439,Acoustic,VPVF,acoustic,2025-02-24 22:08:56.963000+00:00,2025-02-24 22:09:03.263000+00:00,62.406,6.3,1.2028016523290008
2025-02-24 22:12:11.400000+00:00,164440,Acoustic,VPVF,acoustic,2025-02-24 22:12:11.400000+00:00,2025-02-24 22:12:17.250000+00:00,7.693,5.85,0.5936841407332908
2025-02-24 22:14:32.175000+00:00,164441,Acoustic,VPVF,acoustic,2025-02-24 22:14:32.175000+00:00,2025-02-24 22:14:38.813000+00:00,112.99,6.638,1.3755368057906403
2025-02-24 22:22:36.738000+00:00,164442,Acoustic,VPVF,acoustic,2025-02-24 22:22:36.738000+00:00,2025-02-24 22:22:41.181000+00:00,13.438,4.443,0.7559842066249899
2025-02-24 22:28:21.400000+00:00,164443,Acoustic,VPVF,acoustic,2025-02-24 22:28:21.400000+00:00,2025-02-24 22:28:26.238000+00:00,2.426,4.838,0.2578768336754713
2025-02-24 22:33:32.175000+00:00,164444,Acoustic,VPVF,acoustic,2025-02-24 22:33:32.175000+00:00,2025-02-24 22:33:38.363000+00:00,3.051,6.188,0.3245762791204127
2025-02-24 22:39:08.006000+00:00,164445,Acoustic,VPVF,acoustic,2025-02-24 22:39:08.006000+00:00,2025-02-24 22:39:14.250000+00:00,20.479,6.244,0.8785768598205412
2025-02-24 22:42:37.175000+00:00,164446,Acoustic,VPVF,acoustic,2025-02-24 22:42:37.175000+00:00,2025-02-24 22:42:43.138000+00:00,6.615,5.963,0.5497549985107584
2025-02-24 23:01:02.063000+00:00,164447,Acoustic,VPVF,acoustic,2025-02-24 23:01:02.063000+00:00,2025-02-24 23:01:08.981000+00:00,61.97,6.918,1.200761602420285
2025-02-24 23:10:34.513000+00:00,164448,Acoustic,VPVF,acoustic,2025-02-24 23:10:34.513000+00:00,2025-02-24 23:10:40.813000+00:00,51.208,6.3,1.145256335505782
2025-02-24 23:30:49.806000+00:00,164449,Acoustic,VPVF,acoustic,2025-02-24 23:30:49.806000+00:00,2025-02-24 23:30:58.975000+00:00,16.432,9.169,0.814512585589646
2025-02-24 23:45:26.625000+00:00,164450,Acoustic,VPVF,acoustic,2025-02-24 23:45:26.625000+00:00,2025-02-24 23:45:32.925000+00:00,8.401,6.3,0.6193017597548145
2025-02-24 23:50:39.625000+00:00,164451,Acoustic,VPVF,acoustic,2025-02-24 23:50:39.625000+00:00,2025-02-24 23:50:44.913000+00:00,25.316,5.288,0.940274708291681
2025-02-24 23:51:22.456000+00:00,164452,Acoustic,VPVF,acoustic,2025-02-24 23:51:22.456000+00:00,2025-02-24 23:51:27.406000+00:00,10.418,4.95,0.6819155165747746
2025-02-24 23:57:12.950000+00:00,164453,Acoustic,VPVF,acoustic,2025-02-24 23:57:12.950000+00:00,2025-02-24 23:57:19.081000+00:00,14.418,6.131,0.7764663641956544
2025-02-25 00:10:29.906000+00:00,164454,Acoustic,VPVF,acoustic,2025-02-25 00:10:29.906000+00:00,2025-02-25 00:10:35.531000+00:00,42.67,5.625,1.092182170715739
2025-02-25 00:17:34.006000+00:00,164455,Acoustic,VPVF,acoustic,2025-02-25 00:17:34.006000+00:00,2025-02-25 00:17:39.238000+00:00,41.004,5.232,1.0805935706470795
2025-02-25 00:19:35.063000+00:00,164456,Acoustic,VPVF,acoustic,2025-02-25 00:19:35.063000+00:00,2025-02-25 00:19:40.181000+00:00,5.451,5.118,0.4934390419585568
2025-02-25 00:22:15.400000+00:00,164457,Acoustic,VPVF,acoustic,2025-02-25 00:22:15.400000+00:00,2025-02-25 00:22:17.200000+00:00,4.553,1.8,0.4410594257064872
2025-02-25 00:27:11.456000+00:00,164458,Acoustic,VPVF,acoustic,2025-02-25 00:27:11.456000+00:00,2025-02-25 00:27:16.575000+00:00,28.092,5.119,0.9705503820286472
2025-02-25 00:47:38.781000+00:00,164459,Acoustic,VPVF,acoustic,2025-02-25 00:47:38.781000+00:00,2025-02-25 00:47:47.556000+00:00,10.336,8.775,0.6796161754361759
2025-02-25 00:55:46.513000+00:00,164460,Acoustic,VPVF,acoustic,2025-02-25 00:55:46.513000+00:00,2025-02-25 00:55:52.025000+00:00,5.551,5.512,0.4987287223123466
2025-02-25 01:04:43.781000+00:00,164461,Acoustic,VPVF,acoustic,2025-02-25 01:04:43.781000+00:00,2025-02-25 01:04:48.788000+00:00,43.901,5.007,1.1004578566713066
2025-02-25 01:16:31.681000+00:00,164462,Acoustic,VPVF,acoustic,2025-02-25 01:16:31.681000+00:00,2025-02-25 01:16:37.531000+00:00,6.55,5.85,0.5468816709944947
2025-02-25 01:17:46.613000+00:00,164463,Acoustic,VPVF,acoustic,2025-02-25 01:17:46.613000+00:00,2025-02-25 01:17:52.800000+00:00,3.933,6.187,0.3984650440945303
2025-02-25 01:19:06.938000+00:00,164464,Acoustic,VPVF,acoustic,2025-02-25 01:19:06.938000+00:00,2025-02-25 01:19:11.831000+00:00,1.908,4.893,0.1879875081466111
2025-02-25 01:27:39.175000+00:00,164465,Acoustic,VPVF,acoustic,2025-02-25 01:27:39.175000+00:00,2025-02-25 01:27:49.975000+00:00,16.513,10.8,0.8159434072029011
2025-02-25 01:35:45.950000+00:00,164466,Acoustic,VPVF,acoustic,2025-02-25 01:35:45.950000+00:00,2025-02-25 01:35:51.350000+00:00,5.471,5.4,0.4945046989009045
2025-02-25 01:46:49.625000+00:00,164467,Acoustic,VPVF,acoustic,2025-02-25 01:46:49.625000+00:00,2025-02-25 01:46:52.438000+00:00,1.191,2.813,0.0508608801934609
2025-02-25 01:48:24.625000+00:00,164468,Acoustic,VPVF,acoustic,2025-02-25 01:48:24.625000+00:00,2025-02-25 01:48:28.900000+00:00,5.804,4.275,0.5116973605230178
2025-02-25 02:02:08.513000+00:00,164469,Acoustic,VPVF,acoustic,2025-02-25 02:02:08.513000+00:00,2025-02-25 02:02:16.275000+00:00,345.514,7.762,1.7007719850936247
2025-02-25 02:08:22.556000+00:00,164470,Acoustic,VPVF,acoustic,2025-02-25 02:08:22.556000+00:00,2025-02-25 02:08:27.900000+00:00,40.377,5.344,1.0761098120566177
2025-02-25 02:08:18.175000+00:00,164471,Acoustic,VPVF,acoustic,2025-02-25 02:08:18.175000+00:00,2025-02-25 02:08:22.450000+00:00,51.031,4.275,1.1442488328098708
2025-02-25 02:14:18.063000+00:00,164472,Acoustic,VPVF,acoustic,2025-02-25 02:14:18.063000+00:00,2025-02-25 02:14:25.263000+00:00,39.75,7.2,1.0715558791049675
2025-02-25 02:17:39.288000+00:00,164473,Acoustic,VPVF,acoustic,2025-02-25 02:17:39.288000+00:00,2025-02-25 02:17:46.150000+00:00,145.524,6.862,1.449166197823816
2025-02-25 02:29:42.963000+00:00,164474,Acoustic,VPVF,acoustic,2025-02-25 02:29:42.963000+00:00,2025-02-25 02:29:51.400000+00:00,290.614,8.437,1.6504220765138955
2025-02-25 02:32:43.006000+00:00,164475,Acoustic,VPVF,acoustic,2025-02-25 02:32:43.006000+00:00,2025-02-25 02:32:49.700000+00:00,3.996,6.694,0.403089071301143
2025-02-25 02:55:10.288000+00:00,164476,Acoustic,VPVF,acoustic,2025-02-25 02:55:10.288000+00:00,2025-02-25 02:55:16.081000+00:00,16.517,5.793,0.816013883086473
2025-02-25 02:57:04.256000+00:00,164477,Acoustic,VPVF,acoustic,2025-02-25 02:57:04.256000+00:00,2025-02-25 02:57:10.556000+00:00,10.564,6.3,0.6859650229983739
2025-02-25 02:57:55.188000+00:00,164478,Acoustic,VPVF,acoustic,2025-02-25 02:57:55.188000+00:00,2025-02-25 02:58:02.331000+00:00,27.775,7.143,0.9672482253006466
2025-02-25 03:07:23.075000+00:00,164479,Acoustic,VPVF,acoustic,2025-02-25 03:07:23.075000+00:00,2025-02-25 03:07:31.288000+00:00,121.243,8.213,1.396049971499202
2025-02-25 03:08:36.300000+00:00,164480,Acoustic,VPVF,acoustic,2025-02-25 03:08:36.300000+00:00,2025-02-25 03:08:45.413000+00:00,5.104,9.113,0.474300146027781
2025-02-25 03:20:16.950000+00:00,164481,Acoustic,VPVF,acoustic,2025-02-25 03:20:16.950000+00:00,2025-02-25 03:20:21.956000+00:00,3.9,5.006,0.3960132867077545
2025-02-25 03:25:14.006000+00:00,164482,Acoustic,VPVF,acoustic,2025-02-25 03:25:14.006000+00:00,2025-02-25 03:25:18.900000+00:00,2.089,4.894,0.2143587547868067
2025-02-25 03:25:19.963000+00:00,164483,Acoustic,VPVF,acoustic,2025-02-25 03:25:19.963000+00:00,2025-02-25 03:25:23.956000+00:00,6.541,3.993,0.5464815799184168
2025-02-25 03:29:04.963000+00:00,164484,Acoustic,VPVF,acoustic,2025-02-25 03:29:04.963000+00:00,2025-02-25 03:29:10.813000+00:00,4.588,5.85,0.4432876841835842
2025-02-25 03:29:41.244000+00:00,164485,Acoustic,VPVF,acoustic,2025-02-25 03:29:41.244000+00:00,2025-02-25 03:29:46.306000+00:00,16.47,5.062,0.8151847114437354
2025-02-25 03:35:10.344000+00:00,164486,Acoustic,VPVF,acoustic,2025-02-25 03:35:10.344000+00:00,2025-02-25 03:35:17.881000+00:00,72.599,7.537,1.2468235278896294
2025-02-25 03:48:25.569000+00:00,164487,Acoustic,VPVF,acoustic,2025-02-25 03:48:25.569000+00:00,2025-02-25 03:48:37.213000+00:00,15.196,11.644,0.7917586208713975
2025-02-25 03:52:24.063000+00:00,164488,Acoustic,VPVF,acoustic,2025-02-25 03:52:24.063000+00:00,2025-02-25 03:52:30.531000+00:00,7.218,6.468,0.5751393080747372
2025-02-25 03:59:31.581000+00:00,164489,Acoustic,VPVF,acoustic,2025-02-25 03:59:31.581000+00:00,2025-02-25 03:59:38.444000+00:00,5.85,6.863,0.513994430275061
2025-02-25 04:04:33.738000+00:00,164490,Acoustic,VPVF,acoustic,2025-02-25 04:04:33.738000+00:00,2025-02-25 04:04:39.306000+00:00,5.606,5.568,0.5015975725942592
2025-02-25 04:06:54.456000+00:00,164491,Acoustic,VPVF,acoustic,2025-02-25 04:06:54.456000+00:00,2025-02-25 04:07:00.981000+00:00,86.446,6.525,1.2976190847070577
2025-02-25 04:10:34.019000+00:00,164492,Acoustic,VPVF,acoustic,2025-02-25 04:10:34.019000+00:00,2025-02-25 04:10:40.881000+00:00,34.292,6.862,1.028579186086647
2025-02-25 04:18:17.006000+00:00,164493,Acoustic,VPVF,acoustic,2025-02-25 04:18:17.006000+00:00,2025-02-25 04:18:27.469000+00:00,2.867,10.463,0.3064765542741446
2025-02-25 04:28:59.569000+00:00,164494,Acoustic,VPVF,acoustic,2025-02-25 04:28:59.569000+00:00,2025-02-25 04:29:06.038000+00:00,2.903,6.469,0.3101075140072214
2025-02-25 04:36:05.119000+00:00,164495,Acoustic,VPVF,acoustic,2025-02-25 04:36:05.119000+00:00,2025-02-25 04:36:10.519000+00:00,21.184,5.4,0.888425338398936
2025-02-25 04:37:38.513000+00:00,164496,Acoustic,VPVF,acoustic,2025-02-25 04:37:38.513000+00:00,2025-02-25 04:37:43.406000+00:00,2.729,4.893,0.2921223688988307
2025-02-25 04:43:21.456000+00:00,164497,Acoustic,VPVF,acoustic,2025-02-25 04:43:21.456000+00:00,2025-02-25 04:43:28.656000+00:00,16.113,7.2,0.8088081927537588
2025-02-25 04:47:48.513000+00:00,164498,Acoustic,VPVF,acoustic,2025-02-25 04:47:48.513000+00:00,2025-02-25 04:47:57.569000+00:00,384.235,9.056,1.7316799379076069
2025-02-25 04:54:49.019000+00:00,164499,Acoustic,VPVF,acoustic,2025-02-25 04:54:49.019000+00:00,2025-02-25 04:54:57.456000+00:00,58.453,8.437,1.1837605596779603
2025-02-25 05:01:58.456000+00:00,164500,Acoustic,VPVF,acoustic,2025-02-25 05:01:58.456000+00:00,2025-02-25 05:02:09.706000+00:00,61.801,11.25,1.1999669866420102
2025-02-25 05:05:07.569000+00:00,164501,Acoustic,VPVF,acoustic,2025-02-25 05:05:07.569000+00:00,2025-02-25 05:05:15.894000+00:00,98.839,8.325,1.3366019896717056
2025-02-25 05:06:48.963000+00:00,164502,Acoustic,VPVF,acoustic,2025-02-25 05:06:48.963000+00:00,2025-02-25 05:06:58.863000+00:00,16.515,9.9,0.8159786472783802
2025-02-25 05:08:59.344000+00:00,164503,Acoustic,VPVF,acoustic,2025-02-25 05:08:59.344000+00:00,2025-02-25 05:09:04.744000+00:00,19.861,5.4,0.8696607446430371
2025-02-25 05:11:57.469000+00:00,164504,Acoustic,VPVF,acoustic,2025-02-25 05:11:57.469000+00:00,2025-02-25 05:12:02.981000+00:00,8.732,5.512,0.630546197114858
2025-02-25 05:12:21.456000+00:00,164505,Acoustic,VPVF,acoustic,2025-02-25 05:12:21.456000+00:00,2025-02-25 05:12:26.856000+00:00,3.107,5.4,0.3298686396808329
2025-02-25 05:18:31.681000+00:00,164506,Acoustic,VPVF,acoustic,2025-02-25 05:18:31.681000+00:00,2025-02-25 05:18:38.994000+00:00,17.891,7.313,0.8392651925273046
2025-02-25 05:28:09.963000+00:00,164507,Acoustic,VPVF,acoustic,2025-02-25 05:28:09.963000+00:00,2025-02-25 05:28:14.406000+00:00,17.491,4.443,0.8326858086563051
2025-02-25 05:29:59.131000+00:00,164508,Acoustic,VPVF,acoustic,2025-02-25 05:29:59.131000+00:00,2025-02-25 05:30:07.063000+00:00,162.409,7.932,1.4811087618290866
2025-02-25 05:33:50.144000+00:00,164509,Acoustic,VPVF,acoustic,2025-02-25 05:33:50.144000+00:00,2025-02-25 05:33:58.919000+00:00,364.418,8.775,1.7162718795994518
2025-02-25 05:34:09.794000+00:00,164510,Acoustic,VPVF,acoustic,2025-02-25 05:34:09.794000+00:00,2025-02-25 05:34:15.306000+00:00,26.723,5.512,0.9560130918218492
2025-02-25 05:35:07.063000+00:00,164511,Acoustic,VPVF,acoustic,2025-02-25 05:35:07.063000+00:00,2025-02-25 05:35:15.444000+00:00,345.304,8.381,1.7005950781934396
2025-02-25 05:37:36.344000+00:00,164512,Acoustic,VPVF,acoustic,2025-02-25 05:37:36.344000+00:00,2025-02-25 05:37:45.006000+00:00,11.964,8.662,0.722177190920718
2025-02-25 05:39:39.906000+00:00,164513,Acoustic,VPVF,acoustic,2025-02-25 05:39:39.906000+00:00,2025-02-25 05:39:50.538000+00:00,3.392,10.632,0.3554054152017331
2025-02-25 05:45:47.806000+00:00,164514,Acoustic,VPVF,acoustic,2025-02-25 05:45:47.806000+00:00,2025-02-25 05:45:54.388000+00:00,6.951,6.582,0.5641716833014575
2025-02-25 05:46:56.863000+00:00,164515,Acoustic,VPVF,acoustic,2025-02-25 05:46:56.863000+00:00,2025-02-25 05:47:03.331000+00:00,65.594,6.468,1.2172989573868227
2025-02-25 05:47:37.456000+00:00,164516,Acoustic,VPVF,acoustic,2025-02-25 05:47:37.456000+00:00,2025-02-25 05:47:45.388000+00:00,65.671,7.932,1.2176403317804732
2025-02-25 05:48:23.738000+00:00,164517,Acoustic,VPVF,acoustic,2025-02-25 05:48:23.738000+00:00,2025-02-25 05:48:30.206000+00:00,4.219,6.468,0.4188903820058603
2025-02-25 05:54:10.288000+00:00,164518,Acoustic,VPVF,acoustic,2025-02-25 05:54:10.288000+00:00,2025-02-25 05:54:17.713000+00:00,199.028,7.425,1.540272499844518
2025-02-25 05:56:03.188000+00:00,164519,Acoustic,VPVF,acoustic,2025-02-25 05:56:03.188000+00:00,2025-02-25 05:56:10.556000+00:00,11.028,7.368,0.6984728274806032
2025-02-25 05:57:29.513000+00:00,164520,Acoustic,VPVF,acoustic,2025-02-25 05:57:29.513000+00:00,2025-02-25 05:57:36.038000+00:00,33.356,6.525,1.0205265566603108
2025-02-25 06:03:02.413000+00:00,164521,Acoustic,VPVF,acoustic,2025-02-25 06:03:02.413000+00:00,2025-02-25 06:03:08.881000+00:00,80.636,6.468,1.2773744140420284
2025-02-25 06:04:33.288000+00:00,164522,Acoustic,VPVF,acoustic,2025-02-25 06:04:33.288000+00:00,2025-02-25 06:04:41.556000+00:00,519.371,8.268,1.819370056566824
2025-02-25 06:08:15.006000+00:00,164523,Acoustic,VPVF,acoustic,2025-02-25 06:08:15.006000+00:00,2025-02-25 06:08:20.688000+00:00,7.466,5.682,0.5849689503454915
2025-02-25 06:18:30.581000+00:00,164524,Acoustic,VPVF,acoustic,2025-02-25 06:18:30.581000+00:00,2025-02-25 06:18:39.694000+00:00,6.909,9.113,0.5624081790982087
2025-02-25 06:19:19.513000+00:00,164525,Acoustic,VPVF,acoustic,2025-02-25 06:19:19.513000+00:00,2025-02-25 06:19:27.838000+00:00,7.93,8.325,0.6025130355027946
2025-02-25 06:24:34.906000+00:00,164526,Acoustic,VPVF,acoustic,2025-02-25 06:24:34.906000+00:00,2025-02-25 06:24:42.838000+00:00,57.49,7.932,1.1789268467928031
2025-02-25 06:26:13.794000+00:00,164527,Acoustic,VPVF,acoustic,2025-02-25 06:26:13.794000+00:00,2025-02-25 06:26:20.544000+00:00,87.343,6.75,1.300622830151103
2025-02-25 06:28:27.131000+00:00,164528,Acoustic,VPVF,acoustic,2025-02-25 06:28:27.131000+00:00,2025-02-25 06:28:37.088000+00:00,77.673,9.957,1.266480953220766
2025-02-25 06:30:53.006000+00:00,164529,Acoustic,VPVF,acoustic,2025-02-25 06:30:53.006000+00:00,2025-02-25 06:31:00.656000+00:00,24.191,7.65,0.927048060379914
2025-02-25 06:33:24.963000+00:00,164530,Acoustic,VPVF,acoustic,2025-02-25 06:33:24.963000+00:00,2025-02-25 06:33:33.344000+00:00,10.076,8.381,0.6722030664134705
2025-02-25 06:36:19.569000+00:00,164531,Acoustic,VPVF,acoustic,2025-02-25 06:36:19.569000+00:00,2025-02-25 06:36:24.969000+00:00,4.131,5.4,0.4127569806343127
2025-02-25 06:42:22.063000+00:00,164532,Acoustic,VPVF,acoustic,2025-02-25 06:42:22.063000+00:00,2025-02-25 06:42:28.813000+00:00,5.762,6.75,0.5095840801427441
2025-02-25 06:57:54.119000+00:00,164533,Acoustic,VPVF,acoustic,2025-02-25 06:57:54.119000+00:00,2025-02-25 06:58:01.656000+00:00,5.722,7.537,0.5075570618243934
2025-02-25 07:04:45.906000+00:00,164534,Acoustic,VPVF,acoustic,2025-02-25 07:04:45.906000+00:00,2025-02-25 07:04:51.981000+00:00,73.658,6.075,1.251037348069141
2025-02-25 07:14:06.131000+00:00,164535,Acoustic,VPVF,acoustic,2025-02-25 07:14:06.131000+00:00,2025-02-25 07:14:10.688000+00:00,2.598,4.557,0.2778082283137961
2025-02-25 07:14:17.188000+00:00,164536,Acoustic,VPVF,acoustic,2025-02-25 07:14:17.188000+00:00,2025-02-25 07:14:25.006000+00:00,11.707,7.818,0.7158585642974156
2025-02-25 07:17:51.456000+00:00,164537,Acoustic,VPVF,acoustic,2025-02-25 07:17:51.456000+00:00,2025-02-25 07:17:54.663000+00:00,2.024,3.207,0.2051610404724002
2025-02-25 07:18:05.006000+00:00,164538,Acoustic,VPVF,acoustic,2025-02-25 07:18:05.006000+00:00,2025-02-25 07:18:11.869000+00:00,12.002,6.863,0.7230999270281521
2025-02-25 07:26:13.513000+00:00,164539,Acoustic,VPVF,acoustic,2025-02-25 07:26:13.513000+00:00,2025-02-25 07:26:20.094000+00:00,2.514,6.581,0.2682447331444591
2025-02-25 07:29:37.781000+00:00,164540,Acoustic,VPVF,acoustic,2025-02-25 07:29:37.781000+00:00,2025-02-25 07:29:43.688000+00:00,8.548,5.907,0.6243492240396613
2025-02-25 07:31:48.288000+00:00,164541,Acoustic,VPVF,acoustic,2025-02-25 07:31:48.288000+00:00,2025-02-25 07:31:57.119000+00:00,266.638,8.831,1.6253677688809458
2025-02-25 07:38:37.569000+00:00,164542,Acoustic,VPVF,acoustic,2025-02-25 07:38:37.569000+00:00,2025-02-25 07:38:46.006000+00:00,58.914,8.437,1.186046401975578
2025-02-25 07:42:08.738000+00:00,164543,Acoustic,VPVF,acoustic,2025-02-25 07:42:08.738000+00:00,2025-02-25 07:42:16.556000+00:00,5.044,7.818,0.4708593021936995
2025-02-25 07:43:13.288000+00:00,164544,Acoustic,VPVF,acoustic,2025-02-25 07:43:13.288000+00:00,2025-02-25 07:43:21.219000+00:00,107.407,7.931,1.360791832896675
2025-02-25 07:48:22.838000+00:00,164545,Acoustic,VPVF,acoustic,2025-02-25 07:48:22.838000+00:00,2025-02-25 07:48:30.881000+00:00,2.25,8.043,0.2359622871346128
2025-02-25 07:50:28.906000+00:00,164546,Acoustic,VPVF,acoustic,2025-02-25 07:50:28.906000+00:00,2025-02-25 07:50:37.231000+00:00,36.123,8.325,1.043715153446276
2025-02-25 08:02:25.188000+00:00,164547,Acoustic,VPVF,acoustic,2025-02-25 08:02:25.188000+00:00,2025-02-25 08:02:32.669000+00:00,14.121,7.481,0.7704098535275953
2025-02-25 08:05:46.569000+00:00,164548,Acoustic,VPVF,acoustic,2025-02-25 08:05:46.569000+00:00,2025-02-25 08:05:53.769000+00:00,31.78,7.2,1.0064431082238117
2025-02-25 08:18:56.569000+00:00,164549,Acoustic,VPVF,acoustic,2025-02-25 08:18:56.569000+00:00,2025-02-25 08:19:03.713000+00:00,3.375,7.144,0.3539434307019193
2025-02-25 08:43:14.669000+00:00,164550,Acoustic,VPVF,acoustic,2025-02-25 08:43:14.669000+00:00,2025-02-25 08:43:18.663000+00:00,2.669,3.994,0.2856535444376301
2025-02-25 08:43:29.838000+00:00,164551,Acoustic,VPVF,acoustic,2025-02-25 08:43:29.838000+00:00,2025-02-25 08:43:39.456000+00:00,35.191,9.618,1.03610917741182
2025-02-25 08:51:31.006000+00:00,164552,Acoustic,VPVF,acoustic,2025-02-25 08:51:31.006000+00:00,2025-02-25 08:51:38.544000+00:00,116.874,7.538,1.3853709983439615
2025-02-25 08:56:09.569000+00:00,164553,Acoustic,VPVF,acoustic,2025-02-25 08:56:09.569000+00:00,2025-02-25 08:56:15.756000+00:00,6.098,6.187,0.5260755714196725
2025-02-25 08:57:15.906000+00:00,164554,Acoustic,VPVF,acoustic,2025-02-25 08:57:15.906000+00:00,2025-02-25 08:57:23.163000+00:00,152.693,7.257,1.4631588156804056
2025-02-25 08:58:26.794000+00:00,164555,Acoustic,VPVF,acoustic,2025-02-25 08:58:26.794000+00:00,2025-02-25 08:58:33.544000+00:00,1.639,6.75,0.1437678988922344
2025-02-25 09:01:16.131000+00:00,164556,Acoustic,VPVF,acoustic,2025-02-25 09:01:16.131000+00:00,2025-02-25 09:01:26.144000+00:00,41.123,10.013,1.081436809125903
2025-02-25 09:02:52.063000+00:00,164557,Acoustic,VPVF,acoustic,2025-02-25 09:02:52.063000+00:00,2025-02-25 09:02:58.419000+00:00,12.221,6.356,0.7283615185463922
2025-02-25 09:09:28.363000+00:00,164558,Acoustic,VPVF,acoustic,2025-02-25 09:09:28.363000+00:00,2025-02-25 09:09:37.756000+00:00,29.253,9.393,0.9823341754757816
2025-02-25 09:22:16.413000+00:00,164559,Acoustic,VPVF,acoustic,2025-02-25 09:22:16.413000+00:00,2025-02-25 09:22:21.644000+00:00,5.785,5.231,0.5107432534028048
2025-02-25 09:23:38.288000+00:00,164560,Acoustic,VPVF,acoustic,2025-02-25 09:23:38.288000+00:00,2025-02-25 09:23:44.531000+00:00,6.497,6.243,0.5445176207327971
2025-02-25 09:34:11.681000+00:00,164561,Acoustic,VPVF,acoustic,2025-02-25 09:34:11.681000+00:00,2025-02-25 09:34:20.569000+00:00,83.058,8.888,1.2859855844177503
2025-02-25 09:45:42.063000+00:00,164562,Acoustic,VPVF,acoustic,2025-02-25 09:45:42.063000+00:00,2025-02-25 09:45:48.081000+00:00,16.56,6.018,0.8167704227407372
2025-02-25 09:50:39.131000+00:00,164563,Acoustic,VPVF,acoustic,2025-02-25 09:50:39.131000+00:00,2025-02-25 09:50:47.963000+00:00,53.237,8.832,1.156563094729221
2025-02-25 09:57:59.963000+00:00,164564,Acoustic,VPVF,acoustic,2025-02-25 09:57:59.963000+00:00,2025-02-25 09:58:08.794000+00:00,30.417,8.831,0.9936879731088172
2025-02-25 10:02:23.231000+00:00,164565,Acoustic,VPVF,acoustic,2025-02-25 10:02:23.231000+00:00,2025-02-25 10:02:30.881000+00:00,9.008,7.65,0.6396010129298716
2025-02-25 10:02:46.356000+00:00,164566,Acoustic,VPVF,acoustic,2025-02-25 10:02:46.356000+00:00,2025-02-25 10:02:53.163000+00:00,39.01,6.807,1.0660878867089003
2025-02-25 10:04:15.456000+00:00,164567,Acoustic,VPVF,acoustic,2025-02-25 10:04:15.456000+00:00,2025-02-25 10:04:23.613000+00:00,84.877,8.157,1.2922893140105711
2025-02-25 10:18:08.569000+00:00,164568,Acoustic,VPVF,acoustic,2025-02-25 10:18:08.569000+00:00,2025-02-25 10:18:16.106000+00:00,27.98,7.537,0.969387965804392
2025-02-25 10:31:19.940000+00:00,164569,Acoustic,VPVF,acoustic,2025-02-25 10:31:19.940000+00:00,2025-02-25 10:31:36.500000+00:00,342.088,16.56,1.6978723527794777
2025-02-25 10:32:40.569000+00:00,164570,Acoustic,VPVF,acoustic,2025-02-25 10:32:40.569000+00:00,2025-02-25 10:32:48.388000+00:00,6.283,7.819,0.5347719300096794
2025-02-25 10:34:17.694000+00:00,164571,Acoustic,VPVF,acoustic,2025-02-25 10:34:17.694000+00:00,2025-02-25 10:34:22.981000+00:00,2.699,5.287,0.2889059326528661
2025-02-25 10:34:41.794000+00:00,164572,Acoustic,VPVF,acoustic,2025-02-25 10:34:41.794000+00:00,2025-02-25 10:34:47.981000+00:00,7.009,6.187,0.5665895601889748
2025-02-25 10:43:02.681000+00:00,164573,Acoustic,VPVF,acoustic,2025-02-25 10:43:02.681000+00:00,2025-02-25 10:43:10.669000+00:00,18.625,7.988,0.8509645085516214
2025-02-25 10:46:34.838000+00:00,164574,Acoustic,VPVF,acoustic,2025-02-25 10:46:34.838000+00:00,2025-02-25 10:46:39.788000+00:00,7.565,4.95,0.5888019846806678
2025-02-25 10:49:27.838000+00:00,164575,Acoustic,VPVF,acoustic,2025-02-25 10:49:27.838000+00:00,2025-02-25 10:49:35.038000+00:00,34.983,7.2,1.0343842235472962
2025-02-25 10:51:28.906000+00:00,164576,Acoustic,VPVF,acoustic,2025-02-25 10:51:28.906000+00:00,2025-02-25 10:51:34.756000+00:00,2.635,5.85,0.2819230150975388
2025-02-25 10:53:14.963000+00:00,164577,Acoustic,VPVF,acoustic,2025-02-25 10:53:14.963000+00:00,2025-02-25 10:53:23.288000+00:00,613.541,8.325,1.867855205198394
2025-02-25 10:54:41.413000+00:00,164578,Acoustic,VPVF,acoustic,2025-02-25 10:54:41.413000+00:00,2025-02-25 10:54:47.263000+00:00,11.356,5.85,0.707001007182059
2025-02-25 10:55:24.963000+00:00,164579,Acoustic,VPVF,acoustic,2025-02-25 10:55:24.963000+00:00,2025-02-25 10:55:29.913000+00:00,3.359,4.95,0.3525607025739151
2025-02-25 11:10:57.344000+00:00,164580,Acoustic,VPVF,acoustic,2025-02-25 11:10:57.344000+00:00,2025-02-25 11:11:03.813000+00:00,14.895,6.469,0.7859371400592119
2025-02-25 11:11:28.131000+00:00,164581,Acoustic,VPVF,acoustic,2025-02-25 11:11:28.131000+00:00,2025-02-25 11:11:35.219000+00:00,51.137,7.088,1.144852614917217
2025-02-25 11:18:16.513000+00:00,164582,Acoustic,VPVF,acoustic,2025-02-25 11:18:16.513000+00:00,2025-02-25 11:18:25.738000+00:00,21.989,9.225,0.8992776711151492
2025-02-25 11:18:53.794000+00:00,164583,Acoustic,VPVF,acoustic,2025-02-25 11:18:53.794000+00:00,2025-02-25 11:19:04.538000+00:00,39.519,10.744,1.0698599841842875
2025-02-25 11:21:40.794000+00:00,164584,Acoustic,VPVF,acoustic,2025-02-25 11:21:40.794000+00:00,2025-02-25 11:21:49.063000+00:00,43.046,8.269,1.0947349769043475
2025-02-25 11:23:02.456000+00:00,164585,Acoustic,VPVF,acoustic,2025-02-25 11:23:02.456000+00:00,2025-02-25 11:23:10.894000+00:00,8.496,8.438,0.622573717504054
2025-02-25 11:26:51.344000+00:00,164586,Acoustic,VPVF,acoustic,2025-02-25 11:26:51.344000+00:00,2025-02-25 11:27:00.794000+00:00,10.028,9.45,0.6708135979417399
2025-02-25 11:33:12.738000+00:00,164587,Acoustic,VPVF,acoustic,2025-02-25 11:33:12.738000+00:00,2025-02-25 11:33:21.344000+00:00,5.885,8.606,0.5157301330102338
2025-02-25 11:34:07.144000+00:00,164588,Acoustic,VPVF,acoustic,2025-02-25 11:34:07.144000+00:00,2025-02-25 11:34:17.438000+00:00,16.423,10.294,0.8143531702317778
2025-02-25 11:34:53.356000+00:00,164589,Acoustic,VPVF,acoustic,2025-02-25 11:34:53.356000+00:00,2025-02-25 11:35:00.163000+00:00,14.526,6.807,0.7786378466830023
2025-02-25 11:37:06.288000+00:00,164590,Acoustic,VPVF,acoustic,2025-02-25 11:37:06.288000+00:00,2025-02-25 11:37:12.419000+00:00,2.818,6.131,0.3014604624781362
2025-02-25 11:40:28.063000+00:00,164591,Acoustic,VPVF,acoustic,2025-02-25 11:40:28.063000+00:00,2025-02-25 11:40:35.263000+00:00,51.879,7.2,1.1490443694515882
2025-02-25 11:41:11.456000+00:00,164592,Acoustic,VPVF,acoustic,2025-02-25 11:41:11.456000+00:00,2025-02-25 11:41:16.969000+00:00,5.326,5.513,0.486688778608958
2025-02-25 11:52:34.188000+00:00,164593,Acoustic,VPVF,acoustic,2025-02-25 11:52:34.188000+00:00,2025-02-25 11:52:42.456000+00:00,57.585,8.268,1.1794072786859675
2025-02-25 12:02:36.131000+00:00,164594,Acoustic,VPVF,acoustic,2025-02-25 12:02:36.131000+00:00,2025-02-25 12:02:49.069000+00:00,237.97,12.938,1.592269881104755
2025-02-25 12:04:17.906000+00:00,164595,Acoustic,VPVF,acoustic,2025-02-25 12:04:17.906000+00:00,2025-02-25 12:04:26.344000+00:00,19.412,8.438,0.8630070893709761
2025-02-25 12:06:59.906000+00:00,164596,Acoustic,VPVF,acoustic,2025-02-25 12:06:59.906000+00:00,2025-02-25 12:07:06.488000+00:00,2.877,6.582,0.3074897074665184
2025-02-25 12:09:01.694000+00:00,164597,Acoustic,VPVF,acoustic,2025-02-25 12:09:01.694000+00:00,2025-02-25 12:09:10.638000+00:00,105.479,8.944,1.3555212225366016
2025-02-25 12:11:50.581000+00:00,164598,Acoustic,VPVF,acoustic,2025-02-25 12:11:50.581000+00:00,2025-02-25 12:11:58.681000+00:00,25.142,8.1,0.9382678807760592
2025-02-25 12:15:25.738000+00:00,164599,Acoustic,VPVF,acoustic,2025-02-25 12:15:25.738000+00:00,2025-02-25 12:15:30.856000+00:00,19.94,5.118,0.8708158531636768
2025-02-25 12:20:57.356000+00:00,164600,Acoustic,VPVF,acoustic,2025-02-25 12:20:57.356000+00:00,2025-02-25 12:21:05.681000+00:00,7.014,8.325,0.5667970602354742
2025-02-25 12:36:59.231000+00:00,164601,Acoustic,VPVF,acoustic,2025-02-25 12:36:59.231000+00:00,2025-02-25 12:37:04.181000+00:00,3.21,4.95,0.3393583717112643
2025-02-25 12:37:47.963000+00:00,164602,Acoustic,VPVF,acoustic,2025-02-25 12:37:47.963000+00:00,2025-02-25 12:37:55.894000+00:00,33.575,7.931,1.0224307342983046
2025-02-25 12:40:22.019000+00:00,164603,Acoustic,VPVF,acoustic,2025-02-25 12:40:22.019000+00:00,2025-02-25 12:40:30.231000+00:00,70.186,8.212,1.2369878296782246
2025-02-25 12:57:22.794000+00:00,164604,Acoustic,VPVF,acoustic,2025-02-25 12:57:22.794000+00:00,2025-02-25 12:57:31.006000+00:00,161.265,8.212,1.4790518810130933
2025-02-25 12:59:47.906000+00:00,164605,Acoustic,VPVF,acoustic,2025-02-25 12:59:47.906000+00:00,2025-02-25 12:59:54.488000+00:00,25.0,6.582,0.9366198058102652
2025-02-25 13:00:58.469000+00:00,164606,Acoustic,VPVF,acoustic,2025-02-25 13:00:58.469000+00:00,2025-02-25 13:01:07.131000+00:00,271.048,8.662,1.6301409587373723
2025-02-25 13:06:52.738000+00:00,164607,Acoustic,VPVF,acoustic,2025-02-25 13:06:52.738000+00:00,2025-02-25 13:07:00.894000+00:00,40.651,8.156,1.078077726478346
2025-02-25 13:10:18.794000+00:00,164608,Acoustic,VPVF,acoustic,2025-02-25 13:10:18.794000+00:00,2025-02-25 13:10:25.994000+00:00,4.855,7.2,0.4597467869434959
2025-02-25 13:17:01.906000+00:00,164609,Acoustic,VPVF,acoustic,2025-02-25 13:17:01.906000+00:00,2025-02-25 13:17:08.656000+00:00,13.419,6.75,0.7555725024378541
2025-02-25 13:18:44.231000+00:00,164610,Acoustic,VPVF,acoustic,2025-02-25 13:18:44.231000+00:00,2025-02-25 13:18:51.206000+00:00,5.645,6.975,0.5036148439948611
2025-02-25 13:21:23.694000+00:00,164611,Acoustic,VPVF,acoustic,2025-02-25 13:21:23.694000+00:00,2025-02-25 13:21:33.031000+00:00,265.487,9.337,1.624108984204674
2025-02-25 13:22:40.569000+00:00,164612,Acoustic,VPVF,acoustic,2025-02-25 13:22:40.569000+00:00,2025-02-25 13:22:46.644000+00:00,2.592,6.075,0.2771354481230323
2025-02-25 13:29:01.063000+00:00,164613,Acoustic,VPVF,acoustic,2025-02-25 13:29:01.063000+00:00,2025-02-25 13:29:09.556000+00:00,3.559,8.493,0.3693897519625768
2025-02-25 13:38:07.019000+00:00,164614,Acoustic,VPVF,acoustic,2025-02-25 13:38:07.019000+00:00,2025-02-25 13:38:13.038000+00:00,23.512,6.019,0.9187640139532528
2025-02-25 13:42:12.288000+00:00,164615,Acoustic,VPVF,acoustic,2025-02-25 13:42:12.288000+00:00,2025-02-25 13:42:21.063000+00:00,4.029,8.775,0.4054821691502131
2025-02-25 13:47:27.244000+00:00,164616,Acoustic,VPVF,acoustic,2025-02-25 13:47:27.244000+00:00,2025-02-25 13:47:36.919000+00:00,112.372,9.675,1.3739409340470872
2025-02-25 13:49:12.906000+00:00,164617,Acoustic,VPVF,acoustic,2025-02-25 13:49:12.906000+00:00,2025-02-25 13:49:20.219000+00:00,8.09,7.313,0.6083255094802225
2025-02-25 13:50:24.669000+00:00,164618,Acoustic,VPVF,acoustic,2025-02-25 13:50:24.669000+00:00,2025-02-25 13:50:33.163000+00:00,11.143,8.494,0.7014914274473988
2025-02-25 13:51:40.019000+00:00,164619,Acoustic,VPVF,acoustic,2025-02-25 13:51:40.019000+00:00,2025-02-25 13:51:48.231000+00:00,14.946,8.212,0.7869317352065006
2025-02-25 13:54:40.681000+00:00,164620,Acoustic,VPVF,acoustic,2025-02-25 13:54:40.681000+00:00,2025-02-25 13:54:48.894000+00:00,165.261,8.213,1.4861741521606888
2025-02-25 14:30:20.569000+00:00,164621,Acoustic,VPVF,acoustic,2025-02-25 14:30:20.569000+00:00,2025-02-25 14:30:26.306000+00:00,5.728,5.737,0.5078620162308655
2025-02-25 14:32:46.006000+00:00,164622,Acoustic,VPVF,acoustic,2025-02-25 14:32:46.006000+00:00,2025-02-25 14:32:50.844000+00:00,2.997,4.838,0.319380117773582
2025-02-25 14:37:56.963000+00:00,164623,Acoustic,VPVF,acoustic,2025-02-25 14:37:56.963000+00:00,2025-02-25 14:38:04.163000+00:00,9.983,7.2,0.6695049176457774
2025-02-25 14:47:38.288000+00:00,164624,Acoustic,VPVF,acoustic,2025-02-25 14:47:38.288000+00:00,2025-02-25 14:47:45.769000+00:00,476.728,7.481,1.7944413424670431
2025-02-25 14:55:31.456000+00:00,164625,Acoustic,VPVF,acoustic,2025-02-25 14:55:31.456000+00:00,2025-02-25 14:55:40.288000+00:00,98.769,8.832,1.336395840001113
2025-02-25 15:08:58.906000+00:00,164626,Acoustic,VPVF,acoustic,2025-02-25 15:08:58.906000+00:00,2025-02-25 15:09:07.513000+00:00,109.722,8.607,1.3669967892339294
2025-02-25 15:29:07.613000+00:00,164627,Acoustic,VPVF,acoustic,2025-02-25 15:29:07.613000+00:00,2025-02-25 15:29:17.006000+00:00,99.983,9.393,1.3399505296534129
2025-02-25 16:27:58.344000+00:00,164628,Acoustic,VPVF,acoustic,2025-02-25 16:27:58.344000+00:00,2025-02-25 16:28:05.544000+00:00,24.796,7.2,0.9342356905452892
2025-02-25 17:15:01.119000+00:00,164629,Acoustic,VPVF,acoustic,2025-02-25 17:15:01.119000+00:00,2025-02-25 17:15:09.894000+00:00,175.105,8.775,1.503010026646569
2025-02-25 17:36:48.231000+00:00,164630,Acoustic,VPVF,acoustic,2025-02-25 17:36:48.231000+00:00,2025-02-25 17:36:52.338000+00:00,2.811,4.107,0.3007367665569853
2025-02-25 20:16:29.344000+00:00,164631,Acoustic,VPVF,acoustic,2025-02-25 20:16:29.344000+00:00,2025-02-25 20:16:37.219000+00:00,41.159,7.875,1.0816914257752772
2025-02-25 21:09:18.894000+00:00,164632,Acoustic,VPVF,acoustic,2025-02-25 21:09:18.894000+00:00,2025-02-25 21:09:25.869000+00:00,8.611,6.975,0.6264859047848136
2025-02-25 21:22:43.838000+00:00,164633,Acoustic,VPVF,acoustic,2025-02-25 21:22:43.838000+00:00,2025-02-25 21:22:49.631000+00:00,4.162,5.793,0.4149323908366575
2025-02-25 21:53:05.288000+00:00,164634,Acoustic,VPVF,acoustic,2025-02-25 21:53:05.288000+00:00,2025-02-25 21:53:14.906000+00:00,28.995,9.618,0.979756485766437
2025-02-25 22:08:59.669000+00:00,164635,Acoustic,VPVF,acoustic,2025-02-25 22:08:59.669000+00:00,2025-02-25 22:09:08.444000+00:00,33.288,8.775,1.019932760865877
2025-02-25 22:14:08.119000+00:00,164636,Acoustic,VPVF,acoustic,2025-02-25 22:14:08.119000+00:00,2025-02-25 22:14:14.531000+00:00,68.511,6.412,1.229959405430795
2025-02-25 22:21:22.119000+00:00,164637,Acoustic,VPVF,acoustic,2025-02-25 22:21:22.119000+00:00,2025-02-25 22:21:29.994000+00:00,46.848,7.875,1.1193630068783271
2025-02-25 22:45:19.344000+00:00,164638,Acoustic,VPVF,acoustic,2025-02-25 22:45:19.344000+00:00,2025-02-25 22:45:25.194000+00:00,7.337,5.85,0.5798974077800986
2025-02-25 22:58:51.781000+00:00,164639,Acoustic,VPVF,acoustic,2025-02-25 22:58:51.781000+00:00,2025-02-25 22:58:58.419000+00:00,6.062,6.638,0.5243526744611744
2025-02-25 23:04:57.119000+00:00,164640,Acoustic,VPVF,acoustic,2025-02-25 23:04:57.119000+00:00,2025-02-25 23:05:04.881000+00:00,24.004,7.762,0.9247900241230196
2025-02-25 23:08:15.356000+00:00,164641,Acoustic,VPVF,acoustic,2025-02-25 23:08:15.356000+00:00,2025-02-25 23:08:24.356000+00:00,3.58,9.0,0.3711016278513958
2025-02-25 23:24:32.006000+00:00,164642,Acoustic,VPVF,acoustic,2025-02-25 23:24:32.006000+00:00,2025-02-25 23:24:38.531000+00:00,105.746,6.525,1.3562568455097042
2025-02-25 23:42:26.838000+00:00,164643,Acoustic,VPVF,acoustic,2025-02-25 23:42:26.838000+00:00,2025-02-25 23:42:32.913000+00:00,3.894,6.075,0.3955652846132886
2025-02-25 23:47:56.838000+00:00,164644,Acoustic,VPVF,acoustic,2025-02-25 23:47:56.838000+00:00,2025-02-25 23:48:04.038000+00:00,5.689,7.2,0.505874075624407
2025-02-25 23:50:34.838000+00:00,164645,Acoustic,VPVF,acoustic,2025-02-25 23:50:34.838000+00:00,2025-02-25 23:50:42.656000+00:00,13.143,7.818,0.7495253202915514
2025-02-25 17:34:40.556000+00:00,164646,Acoustic,VPVF,acoustic,2025-02-25 17:34:40.556000+00:00,2025-02-25 17:34:46.406000+00:00,3.279,5.85,0.3455467491684747
2025-02-26 00:08:58.456000+00:00,164656,Acoustic,VPVF,acoustic,2025-02-26 00:08:58.456000+00:00,2025-02-26 00:09:06.725000+00:00,21.71,8.269,0.8955620817144615
2025-02-26 00:21:35.456000+00:00,164657,Acoustic,VPVF,acoustic,2025-02-26 00:21:35.456000+00:00,2025-02-26 00:21:46.256000+00:00,17.093,10.8,0.8259882560603314
2025-02-26 00:24:54.288000+00:00,164658,Acoustic,VPVF,acoustic,2025-02-26 00:24:54.288000+00:00,2025-02-26 00:25:02.219000+00:00,33.598,7.931,1.0226299952581446
2025-02-26 00:30:25.231000+00:00,164659,Acoustic,VPVF,acoustic,2025-02-26 00:30:25.231000+00:00,2025-02-26 00:30:33.725000+00:00,103.581,8.494,1.350237666666838
2025-02-26 00:56:25.244000+00:00,164660,Acoustic,VPVF,acoustic,2025-02-26 00:56:25.244000+00:00,2025-02-26 00:56:33.569000+00:00,27.231,8.325,0.961492605410595
2025-02-26 00:59:51.344000+00:00,164661,Acoustic,VPVF,acoustic,2025-02-26 00:59:51.344000+00:00,2025-02-26 01:00:01.075000+00:00,2.781,9.731,0.2976146625389869
2025-02-26 01:16:27.850000+00:00,164662,Acoustic,VPVF,acoustic,2025-02-26 01:16:27.850000+00:00,2025-02-26 01:16:33.419000+00:00,1.788,5.569,0.1690862346881322
2025-02-26 01:24:37.738000+00:00,164663,Acoustic,VPVF,acoustic,2025-02-26 01:24:37.738000+00:00,2025-02-26 01:24:45.331000+00:00,31.141,7.593,1.0005328115306298
2025-02-26 01:43:13.513000+00:00,164664,Acoustic,VPVF,acoustic,2025-02-26 01:43:13.513000+00:00,2025-02-26 01:43:19.644000+00:00,4.132,6.131,0.4128274096078806
2025-02-26 01:46:14.738000+00:00,164665,Acoustic,VPVF,acoustic,2025-02-26 01:46:14.738000+00:00,2025-02-26 01:46:22.444000+00:00,153.908,7.706,1.465465000419794
2025-02-26 01:53:53.019000+00:00,164666,Acoustic,VPVF,acoustic,2025-02-26 01:53:53.019000+00:00,2025-02-26 01:54:01.175000+00:00,66.594,8.156,1.221701518191782
2025-02-26 02:38:22.638000+00:00,164667,Acoustic,VPVF,acoustic,2025-02-26 02:38:22.638000+00:00,2025-02-26 02:38:30.681000+00:00,107.057,8.043,1.3598420963775395
2025-02-26 02:41:57.063000+00:00,164668,Acoustic,VPVF,acoustic,2025-02-26 02:41:57.063000+00:00,2025-02-26 02:42:08.594000+00:00,114.994,11.531,1.380652371216371
2025-02-26 02:50:14.344000+00:00,164669,Acoustic,VPVF,acoustic,2025-02-26 02:50:14.344000+00:00,2025-02-26 02:50:20.025000+00:00,43.743,5.681,1.0994087383367157
2025-02-26 03:52:13.144000+00:00,164670,Acoustic,VPVF,acoustic,2025-02-26 03:52:13.144000+00:00,2025-02-26 03:52:20.006000+00:00,106.792,6.862,1.3591209424349782
2025-02-26 03:59:38.344000+00:00,164671,Acoustic,VPVF,acoustic,2025-02-26 03:59:38.344000+00:00,2025-02-26 03:59:44.869000+00:00,31.523,6.525,1.004080453130118
2025-02-26 04:00:59.569000+00:00,164672,Acoustic,VPVF,acoustic,2025-02-26 04:00:59.569000+00:00,2025-02-26 04:01:06.938000+00:00,71.039,7.369,1.24050288236315
2025-02-26 04:02:46.838000+00:00,164673,Acoustic,VPVF,acoustic,2025-02-26 04:02:46.838000+00:00,2025-02-26 04:02:54.319000+00:00,21.047,7.481,0.8865374347103412
2025-02-26 04:05:00.288000+00:00,164674,Acoustic,VPVF,acoustic,2025-02-26 04:05:00.288000+00:00,2025-02-26 04:05:07.431000+00:00,10.719,7.143,0.6902033615178086
2025-02-26 04:15:29.738000+00:00,164675,Acoustic,VPVF,acoustic,2025-02-26 04:15:29.738000+00:00,2025-02-26 04:15:36.094000+00:00,34.105,6.356,1.0269880960910018
2025-02-26 05:09:53.738000+00:00,164676,Acoustic,VPVF,acoustic,2025-02-26 05:09:53.738000+00:00,2025-02-26 05:10:01.050000+00:00,115.901,7.312,1.3829384126741049
2025-02-26 05:13:28.781000+00:00,164677,Acoustic,VPVF,acoustic,2025-02-26 05:13:28.781000+00:00,2025-02-26 05:13:36.431000+00:00,69.438,7.65,1.2338701263494736
2025-02-26 05:22:24.231000+00:00,164678,Acoustic,VPVF,acoustic,2025-02-26 05:22:24.231000+00:00,2025-02-26 05:22:32.163000+00:00,15.766,7.932,0.8024734198919998
2025-02-26 05:25:08.063000+00:00,164679,Acoustic,VPVF,acoustic,2025-02-26 05:25:08.063000+00:00,2025-02-26 05:25:15.656000+00:00,10.055,7.593,0.6715959902049498
2025-02-26 05:26:31.669000+00:00,164680,Acoustic,VPVF,acoustic,2025-02-26 05:26:31.669000+00:00,2025-02-26 05:26:37.688000+00:00,4.267,6.019,0.4221821707157391
2025-02-26 05:38:41.725000+00:00,164681,Acoustic,VPVF,acoustic,2025-02-26 05:38:41.725000+00:00,2025-02-26 05:38:48.700000+00:00,89.34,6.975,1.3072007852509993
2025-02-26 05:51:32.894000+00:00,164682,Acoustic,VPVF,acoustic,2025-02-26 05:51:32.894000+00:00,2025-02-26 05:51:39.306000+00:00,10.155,6.412,0.6744755515863532
2025-02-26 05:57:03.288000+00:00,164683,Acoustic,VPVF,acoustic,2025-02-26 05:57:03.288000+00:00,2025-02-26 05:57:07.338000+00:00,10.869,4.05,0.6942470244653135
2025-02-26 05:57:19.175000+00:00,164684,Acoustic,VPVF,acoustic,2025-02-26 05:57:19.175000+00:00,2025-02-26 05:57:23.788000+00:00,6.188,4.613,0.5303387043683111
2025-02-26 06:08:14.950000+00:00,164685,Acoustic,VPVF,acoustic,2025-02-26 06:08:14.950000+00:00,2025-02-26 06:08:20.238000+00:00,4.938,5.288,0.4646792273492621
2025-02-26 06:12:15.119000+00:00,164686,Acoustic,VPVF,acoustic,2025-02-26 06:12:15.119000+00:00,2025-02-26 06:12:20.463000+00:00,9.464,5.344,0.6539700701853156
2025-02-26 06:47:58.400000+00:00,164687,Acoustic,VPVF,acoustic,2025-02-26 06:47:58.400000+00:00,2025-02-26 06:48:03.294000+00:00,5.237,4.894,0.4817853245139956
2025-02-26 06:50:19.781000+00:00,164688,Acoustic,VPVF,acoustic,2025-02-26 06:50:19.781000+00:00,2025-02-26 06:50:25.519000+00:00,73.743,5.738,1.2513729370201785
2025-02-26 06:56:03.231000+00:00,164689,Acoustic,VPVF,acoustic,2025-02-26 06:56:03.231000+00:00,2025-02-26 06:56:11.275000+00:00,123.735,8.044,1.4019700169819032
2025-02-26 07:03:32.231000+00:00,164690,Acoustic,VPVF,acoustic,2025-02-26 07:03:32.231000+00:00,2025-02-26 07:03:37.744000+00:00,4.383,5.513,0.4299868853381527
2025-02-26 07:05:19.850000+00:00,164691,Acoustic,VPVF,acoustic,2025-02-26 07:05:19.850000+00:00,2025-02-26 07:05:27.163000+00:00,531.583,7.313,1.8261326261293336
2025-02-26 07:25:42.400000+00:00,164692,Acoustic,VPVF,acoustic,2025-02-26 07:25:42.400000+00:00,2025-02-26 07:25:49.431000+00:00,14.308,7.031,0.7742378840895445
2025-02-26 07:40:07.131000+00:00,164693,Acoustic,VPVF,acoustic,2025-02-26 07:40:07.131000+00:00,2025-02-26 07:40:15.738000+00:00,255.382,8.607,1.6128174901328238
2025-02-26 07:43:59.850000+00:00,164694,Acoustic,VPVF,acoustic,2025-02-26 07:43:59.850000+00:00,2025-02-26 07:44:05.756000+00:00,5.201,5.906,0.4797781920291375
2025-02-26 08:05:34.344000+00:00,164695,Acoustic,VPVF,acoustic,2025-02-26 08:05:34.344000+00:00,2025-02-26 08:05:42.556000+00:00,44.286,8.212,1.1029985253262768
2025-02-26 08:17:33.188000+00:00,164696,Acoustic,VPVF,acoustic,2025-02-26 08:17:33.188000+00:00,2025-02-26 08:17:41.513000+00:00,39.874,8.325,1.0724621690357703
2025-02-26 08:45:47.119000+00:00,164697,Acoustic,VPVF,acoustic,2025-02-26 08:45:47.119000+00:00,2025-02-26 08:46:00.506000+00:00,233.185,13.387,1.5863594088974768
2025-02-26 08:53:48.400000+00:00,164698,Acoustic,VPVF,acoustic,2025-02-26 08:53:48.400000+00:00,2025-02-26 08:53:56.050000+00:00,125.449,7.65,1.40597302650834
2025-02-26 09:08:18.456000+00:00,164699,Acoustic,VPVF,acoustic,2025-02-26 09:08:18.456000+00:00,2025-02-26 09:08:29.875000+00:00,309.644,11.419,1.6688779882724625
2025-02-26 09:11:47.894000+00:00,164700,Acoustic,VPVF,acoustic,2025-02-26 09:11:47.894000+00:00,2025-02-26 09:11:56.894000+00:00,6.578,9.0,0.5481228923282461
2025-02-26 09:20:38.725000+00:00,164701,Acoustic,VPVF,acoustic,2025-02-26 09:20:38.725000+00:00,2025-02-26 09:20:43+00:00,25.835,4.275,0.946179672140726
2025-02-26 09:28:03.063000+00:00,164702,Acoustic,VPVF,acoustic,2025-02-26 09:28:03.063000+00:00,2025-02-26 09:28:08.631000+00:00,382.548,5.568,1.7303995769659155
2025-02-26 09:34:28.838000+00:00,164703,Acoustic,VPVF,acoustic,2025-02-26 09:34:28.838000+00:00,2025-02-26 09:34:36.319000+00:00,4.877,7.481,0.4610623462463494
2025-02-26 09:42:05.131000+00:00,164704,Acoustic,VPVF,acoustic,2025-02-26 09:42:05.131000+00:00,2025-02-26 09:42:15.650000+00:00,93.354,10.519,1.319989063893262
2025-02-26 09:43:01.063000+00:00,164705,Acoustic,VPVF,acoustic,2025-02-26 09:43:01.063000+00:00,2025-02-26 09:43:09.950000+00:00,76.782,8.887,1.2631238116225725
2025-02-26 09:51:01.231000+00:00,164706,Acoustic,VPVF,acoustic,2025-02-26 09:51:01.231000+00:00,2025-02-26 09:51:06.744000+00:00,15.323,5.513,0.7941803470600663
2025-02-26 09:57:56.288000+00:00,164707,Acoustic,VPVF,acoustic,2025-02-26 09:57:56.288000+00:00,2025-02-26 09:58:04.669000+00:00,90.924,8.381,1.312314617309026
2025-02-26 10:05:34.231000+00:00,164708,Acoustic,VPVF,acoustic,2025-02-26 10:05:34.231000+00:00,2025-02-26 10:05:38.731000+00:00,9.569,4.5,0.6571805915699931
2025-02-26 10:18:45.175000+00:00,164709,Acoustic,VPVF,acoustic,2025-02-26 10:18:45.175000+00:00,2025-02-26 10:18:50.463000+00:00,90.965,5.288,1.3124457969803631
2025-02-26 10:35:53.344000+00:00,164710,Acoustic,VPVF,acoustic,2025-02-26 10:35:53.344000+00:00,2025-02-26 10:36:00.881000+00:00,109.408,7.537,1.3661628830080557
2025-02-26 10:36:59.950000+00:00,164711,Acoustic,VPVF,acoustic,2025-02-26 10:36:59.950000+00:00,2025-02-26 10:37:06.925000+00:00,176.788,6.975,1.5057933643926684
2025-02-26 10:39:48.569000+00:00,164712,Acoustic,VPVF,acoustic,2025-02-26 10:39:48.569000+00:00,2025-02-26 10:39:59.931000+00:00,205.188,11.362,1.5491418121005398
2025-02-26 13:13:15.119000+00:00,164956,Acoustic,VPVF,acoustic,2025-02-26 13:13:15.119000+00:00,2025-02-26 13:13:23.331000+00:00,75.196,8.212,1.2570504752686391
2025-02-26 13:16:46.681000+00:00,164957,Acoustic,VPVF,acoustic,2025-02-26 13:16:46.681000+00:00,2025-02-26 13:16:56.863000+00:00,1226.57,10.182,2.0694238666689477
2025-02-26 13:27:35.344000+00:00,164959,Acoustic,VPVF,acoustic,2025-02-26 13:27:35.344000+00:00,2025-02-26 13:27:42.656000+00:00,25.404,7.312,0.9412844097249148
2025-02-26 13:29:36.569000+00:00,164960,Acoustic,VPVF,acoustic,2025-02-26 13:29:36.569000+00:00,2025-02-26 13:29:43.206000+00:00,28.434,6.637,0.97407143258564
2025-02-26 13:41:07.613000+00:00,164962,Acoustic,VPVF,acoustic,2025-02-26 13:41:07.613000+00:00,2025-02-26 13:41:13.744000+00:00,58.655,6.131,1.184764376214392
2025-02-26 13:44:20.838000+00:00,164963,Acoustic,VPVF,acoustic,2025-02-26 13:44:20.838000+00:00,2025-02-26 13:44:26.744000+00:00,50.862,5.906,1.1432836004724385
2025-02-26 13:55:38.006000+00:00,164964,Acoustic,VPVF,acoustic,2025-02-26 13:55:38.006000+00:00,2025-02-26 13:55:46.388000+00:00,226.366,8.382,1.577723501799489
2025-02-26 14:07:04.175000+00:00,164965,Acoustic,VPVF,acoustic,2025-02-26 14:07:04.175000+00:00,2025-02-26 14:07:10.025000+00:00,75.946,5.85,1.2599382863127264
2025-02-26 14:10:11.950000+00:00,164967,Acoustic,VPVF,acoustic,2025-02-26 14:10:11.950000+00:00,2025-02-26 14:10:16.844000+00:00,98.148,4.894,1.3345605743397853
2025-02-26 14:32:20.625000+00:00,164968,Acoustic,VPVF,acoustic,2025-02-26 14:32:20.625000+00:00,2025-02-26 14:32:28.388000+00:00,70.571,7.763,1.2385796018952848
2025-02-26 14:35:05.456000+00:00,164970,Acoustic,VPVF,acoustic,2025-02-26 14:35:05.456000+00:00,2025-02-26 14:35:13.500000+00:00,26.46,8.044,0.9531351927004932
2025-02-26 14:37:37.781000+00:00,164971,Acoustic,VPVF,acoustic,2025-02-26 14:37:37.781000+00:00,2025-02-26 14:37:43.856000+00:00,278.246,6.075,1.6377673829223274
2025-02-26 15:48:58.019000+00:00,164972,Acoustic,VPVF,acoustic,2025-02-26 15:48:58.019000+00:00,2025-02-26 15:49:03.925000+00:00,880.985,5.906,1.9731289043832911
2025-02-26 15:54:21.794000+00:00,164973,Acoustic,VPVF,acoustic,2025-02-26 15:54:21.794000+00:00,2025-02-26 15:54:28.488000+00:00,514.101,6.694,1.8164024605839488
2025-02-26 16:17:14.906000+00:00,164974,Acoustic,VPVF,acoustic,2025-02-26 16:17:14.906000+00:00,2025-02-26 16:17:24.075000+00:00,183.192,9.169,1.5161473577424462
2025-02-26 16:42:13.456000+00:00,164975,Acoustic,VPVF,acoustic,2025-02-26 16:42:13.456000+00:00,2025-02-26 16:42:19.869000+00:00,43.605,6.413,1.098489314853493
2025-02-26 16:57:28.625000+00:00,164976,Acoustic,VPVF,acoustic,2025-02-26 16:57:28.625000+00:00,2025-02-26 16:57:35.713000+00:00,253.95,7.088,1.6111813055002933
2025-02-26 17:18:38.569000+00:00,164977,Acoustic,VPVF,acoustic,2025-02-26 17:18:38.569000+00:00,2025-02-26 17:18:46.444000+00:00,187.158,7.875,1.5223796250556128
2025-02-26 17:21:54.400000+00:00,164978,Acoustic,VPVF,acoustic,2025-02-26 17:21:54.400000+00:00,2025-02-26 17:22:05.594000+00:00,85.986,11.194,1.2960665900790622
2025-02-26 17:30:40.794000+00:00,165108,Acoustic,VPVF,acoustic,2025-02-26 17:30:40.794000+00:00,2025-02-26 17:30:48.331000+00:00,38.82,7.537,1.0646672058050706
2025-02-26 17:35:12.288000+00:00,165109,Acoustic,VPVF,acoustic,2025-02-26 17:35:12.288000+00:00,2025-02-26 17:35:19.994000+00:00,65.308,7.706,1.2160274773324375
2025-02-26 17:39:57.963000+00:00,165110,Acoustic,VPVF,acoustic,2025-02-26 17:39:57.963000+00:00,2025-02-26 17:40:02.069000+00:00,89.943,4.106,1.3091581373174277
2025-02-26 17:54:04.513000+00:00,165111,Acoustic,VPVF,acoustic,2025-02-26 17:54:04.513000+00:00,2025-02-26 17:54:11.881000+00:00,59.158,7.368,1.1872490336404904
2025-02-26 17:55:17.513000+00:00,165112,Acoustic,VPVF,acoustic,2025-02-26 17:55:17.513000+00:00,2025-02-26 17:55:23.138000+00:00,77.023,5.625,1.2640356881855523
2025-02-26 17:58:51.963000+00:00,165113,Acoustic,VPVF,acoustic,2025-02-26 17:58:51.963000+00:00,2025-02-26 17:58:57.588000+00:00,30.16,5.625,0.9912189959224836
2025-02-26 18:01:39.738000+00:00,165114,Acoustic,VPVF,acoustic,2025-02-26 18:01:39.738000+00:00,2025-02-26 18:01:44.688000+00:00,11.637,4.95,0.7141134929942117
2025-02-26 18:09:34.569000+00:00,165115,Acoustic,VPVF,acoustic,2025-02-26 18:09:34.569000+00:00,2025-02-26 18:09:39.069000+00:00,13.812,4.5,0.7639719016838693
2025-02-26 18:12:37.063000+00:00,165116,Acoustic,VPVF,acoustic,2025-02-26 18:12:37.063000+00:00,2025-02-26 18:12:43.644000+00:00,57.92,6.581,1.1810951306366908
2025-02-26 18:22:09.963000+00:00,165117,Acoustic,VPVF,acoustic,2025-02-26 18:22:09.963000+00:00,2025-02-26 18:22:16.319000+00:00,39.228,6.356,1.067709431640756
2025-02-26 18:24:15.838000+00:00,165118,Acoustic,VPVF,acoustic,2025-02-26 18:24:15.838000+00:00,2025-02-26 18:24:21.519000+00:00,30.934,5.681,0.9985921743994506
2025-02-26 18:33:56.838000+00:00,165119,Acoustic,VPVF,acoustic,2025-02-26 18:33:56.838000+00:00,2025-02-26 18:34:01.788000+00:00,46.942,4.95,1.119946264701729
2025-02-26 18:40:10.738000+00:00,165120,Acoustic,VPVF,acoustic,2025-02-26 18:40:10.738000+00:00,2025-02-26 18:40:18.556000+00:00,36.892,7.818,1.0498445739770443
2025-02-26 18:50:27.456000+00:00,165121,Acoustic,VPVF,acoustic,2025-02-26 18:50:27.456000+00:00,2025-02-26 18:50:33.306000+00:00,74.693,5.85,1.25509753498927
2025-02-26 19:10:54.063000+00:00,165122,Acoustic,VPVF,acoustic,2025-02-26 19:10:54.063000+00:00,2025-02-26 19:11:00.363000+00:00,38.9,6.3,1.0652662328882243
2025-02-26 19:11:23.019000+00:00,165123,Acoustic,VPVF,acoustic,2025-02-26 19:11:23.019000+00:00,2025-02-26 19:11:28.813000+00:00,62.734,5.794,1.2043269963261585
2025-02-26 19:13:34.063000+00:00,165124,Acoustic,VPVF,acoustic,2025-02-26 19:13:34.063000+00:00,2025-02-26 19:13:39.519000+00:00,7.66,5.456,0.5924332756538447
2025-02-26 19:19:24.556000+00:00,165125,Acoustic,VPVF,acoustic,2025-02-26 19:19:24.556000+00:00,2025-02-26 19:19:32.319000+00:00,6.21,7.763,0.5313713721183088
2025-02-26 19:23:16.288000+00:00,165126,Acoustic,VPVF,acoustic,2025-02-26 19:23:16.288000+00:00,2025-02-26 19:23:22.588000+00:00,9.639,6.3,0.659301426781691
2025-02-26 19:33:07.838000+00:00,165127,Acoustic,VPVF,acoustic,2025-02-26 19:33:07.838000+00:00,2025-02-26 19:33:14.644000+00:00,13.482,6.806,0.7569353962778576
2025-02-26 19:42:05.456000+00:00,165128,Acoustic,VPVF,acoustic,2025-02-26 19:42:05.456000+00:00,2025-02-26 19:42:11.194000+00:00,21.683,5.738,0.8951999777718203
2025-02-26 19:53:37.794000+00:00,165129,Acoustic,VPVF,acoustic,2025-02-26 19:53:37.794000+00:00,2025-02-26 19:53:43.981000+00:00,121.528,6.187,1.396733154988296
2025-02-26 20:25:48.456000+00:00,165131,Acoustic,VPVF,acoustic,2025-02-26 20:25:48.456000+00:00,2025-02-26 20:25:55.769000+00:00,11.898,7.313,0.720567556274594
2025-02-26 20:25:55.713000+00:00,165132,Acoustic,VPVF,acoustic,2025-02-26 20:25:55.713000+00:00,2025-02-26 20:25:59.594000+00:00,12.026,3.881,0.7236812036713519
2025-02-26 20:35:04.288000+00:00,165133,Acoustic,VPVF,acoustic,2025-02-26 20:35:04.288000+00:00,2025-02-26 20:35:11.431000+00:00,63.1,7.143,1.20601967069357
2025-02-26 20:43:43.738000+00:00,165134,Acoustic,VPVF,acoustic,2025-02-26 20:43:43.738000+00:00,2025-02-26 20:43:50.094000+00:00,121.372,6.356,1.396359400640914
2025-02-26 20:53:19.963000+00:00,165135,Acoustic,VPVF,acoustic,2025-02-26 20:53:19.963000+00:00,2025-02-26 20:53:27.556000+00:00,92.279,7.593,1.316618929301708
2025-02-26 21:05:20.006000+00:00,165136,Acoustic,VPVF,acoustic,2025-02-26 21:05:20.006000+00:00,2025-02-26 21:05:28.219000+00:00,239.999,8.213,1.5947403195388217
2025-02-26 21:39:40.119000+00:00,165137,Acoustic,VPVF,acoustic,2025-02-26 21:39:40.119000+00:00,2025-02-26 21:39:47.769000+00:00,48.406,7.65,1.1288824616325723
2025-02-26 21:48:09.231000+00:00,165138,Acoustic,VPVF,acoustic,2025-02-26 21:48:09.231000+00:00,2025-02-26 21:48:16.319000+00:00,2.432,7.088,0.2585955923024672
2025-02-26 21:49:22.456000+00:00,165139,Acoustic,VPVF,acoustic,2025-02-26 21:49:22.456000+00:00,2025-02-26 21:49:29.656000+00:00,16.353,7.2,0.8131102826207307
2025-02-26 21:51:05.231000+00:00,165140,Acoustic,VPVF,acoustic,2025-02-26 21:51:05.231000+00:00,2025-02-26 21:51:11.981000+00:00,8.547,6.75,0.6243151816526233
2025-02-26 22:23:59.119000+00:00,165141,Acoustic,VPVF,acoustic,2025-02-26 22:23:59.119000+00:00,2025-02-26 22:24:05.419000+00:00,88.539,6.3,1.3045801904083838
2025-02-26 22:25:59.681000+00:00,165142,Acoustic,VPVF,acoustic,2025-02-26 22:25:59.681000+00:00,2025-02-26 22:26:08.681000+00:00,633.045,9.0,1.876961170566645
2025-02-26 22:39:29.838000+00:00,165143,Acoustic,VPVF,acoustic,2025-02-26 22:39:29.838000+00:00,2025-02-26 22:39:36.588000+00:00,20.503,6.75,0.8789176658362232
2025-02-26 22:44:34.469000+00:00,165144,Acoustic,VPVF,acoustic,2025-02-26 22:44:34.469000+00:00,2025-02-26 22:44:40.938000+00:00,4.236,6.469,0.4200604874617497
2025-02-26 22:47:15.781000+00:00,165145,Acoustic,VPVF,acoustic,2025-02-26 22:47:15.781000+00:00,2025-02-26 22:47:21.069000+00:00,3.021,5.288,0.3217009859330979
2025-02-26 22:51:36.063000+00:00,165146,Acoustic,VPVF,acoustic,2025-02-26 22:51:36.063000+00:00,2025-02-26 22:51:43.038000+00:00,3.598,6.975,0.3725609765363868
2025-02-26 22:58:23.963000+00:00,165147,Acoustic,VPVF,acoustic,2025-02-26 22:58:23.963000+00:00,2025-02-26 22:58:30.488000+00:00,13.652,6.525,0.7605815073364229
2025-02-26 23:00:45.019000+00:00,165148,Acoustic,VPVF,acoustic,2025-02-26 23:00:45.019000+00:00,2025-02-26 23:00:52.388000+00:00,4.848,7.369,0.459326949476014
2025-02-26 23:04:11.131000+00:00,165149,Acoustic,VPVF,acoustic,2025-02-26 23:04:11.131000+00:00,2025-02-26 23:04:20.188000+00:00,387.348,9.057,1.7340278829990474
2025-02-26 23:09:58.413000+00:00,165172,Acoustic,VPVF,acoustic,2025-02-26 23:09:58.413000+00:00,2025-02-26 23:10:08.875000+00:00,28.077,10.462,0.9703949703372556
2025-02-26 23:12:11.625000+00:00,165173,Acoustic,VPVF,acoustic,2025-02-26 23:12:11.625000+00:00,2025-02-26 23:12:20.963000+00:00,42.285,9.338,1.08954484440128
2025-02-26 23:14:44.625000+00:00,165174,Acoustic,VPVF,acoustic,2025-02-26 23:14:44.625000+00:00,2025-02-26 23:14:52.388000+00:00,10.911,7.763,0.6953692523688308
2025-02-26 23:17:57.794000+00:00,165175,Acoustic,VPVF,acoustic,2025-02-26 23:17:57.794000+00:00,2025-02-26 23:18:05.838000+00:00,18.262,8.044,0.8452373867579417
2025-02-26 23:19:15.950000+00:00,165176,Acoustic,VPVF,acoustic,2025-02-26 23:19:15.950000+00:00,2025-02-26 23:19:21.463000+00:00,34.333,5.513,1.0289268748542195
2025-02-26 23:23:49.738000+00:00,165177,Acoustic,VPVF,acoustic,2025-02-26 23:23:49.738000+00:00,2025-02-26 23:23:56.769000+00:00,65.726,7.031,1.2178839256615026
2025-02-26 23:25:03.288000+00:00,165178,Acoustic,VPVF,acoustic,2025-02-26 23:25:03.288000+00:00,2025-02-26 23:25:11.275000+00:00,13.131,7.987,0.7492595268929603
2025-02-26 23:27:04.400000+00:00,165179,Acoustic,VPVF,acoustic,2025-02-26 23:27:04.400000+00:00,2025-02-26 23:27:11.994000+00:00,25.088,7.594,0.9376422474729108
2025-02-26 23:45:27.513000+00:00,165180,Acoustic,VPVF,acoustic,2025-02-26 23:45:27.513000+00:00,2025-02-26 23:45:36.344000+00:00,23.215,8.831,0.9150650209614692
2025-02-26 23:47:03.794000+00:00,165181,Acoustic,VPVF,acoustic,2025-02-26 23:47:03.794000+00:00,2025-02-26 23:47:13.019000+00:00,75.166,9.225,1.2569343645597888
2025-02-26 23:50:52.794000+00:00,165182,Acoustic,VPVF,acoustic,2025-02-26 23:50:52.794000+00:00,2025-02-26 23:51:01.513000+00:00,9.558,8.719,0.6568459075437993
2025-02-26 23:52:14.188000+00:00,165183,Acoustic,VPVF,acoustic,2025-02-26 23:52:14.188000+00:00,2025-02-26 23:52:19.419000+00:00,87.34,5.231,1.3006128356821651
2025-02-26 23:55:48.400000+00:00,165184,Acoustic,VPVF,acoustic,2025-02-26 23:55:48.400000+00:00,2025-02-26 23:55:55.319000+00:00,22.774,6.919,0.9094843419303124
2025-02-26 23:59:00.569000+00:00,165185,Acoustic,VPVF,acoustic,2025-02-26 23:59:00.569000+00:00,2025-02-26 23:59:07.544000+00:00,2.819,6.975,0.3015637008339736
2025-02-27 00:05:50.119000+00:00,165186,Acoustic,VPVF,acoustic,2025-02-27 00:05:50.119000+00:00,2025-02-27 00:05:56.813000+00:00,63.119,6.694,1.2061072734918237
2025-02-27 00:08:21.738000+00:00,165187,Acoustic,VPVF,acoustic,2025-02-27 00:08:21.738000+00:00,2025-02-27 00:08:28.263000+00:00,16.721,6.525,0.8195857054073427
2025-02-27 00:12:06.894000+00:00,165188,Acoustic,VPVF,acoustic,2025-02-27 00:12:06.894000+00:00,2025-02-27 00:12:12.519000+00:00,38.417,5.625,1.0616307098970343
2025-02-27 00:18:32.725000+00:00,165189,Acoustic,VPVF,acoustic,2025-02-27 00:18:32.725000+00:00,2025-02-27 00:18:40.263000+00:00,15.271,7.538,0.7931912096919507
2025-02-27 00:21:14.569000+00:00,165190,Acoustic,VPVF,acoustic,2025-02-27 00:21:14.569000+00:00,2025-02-27 00:21:24.188000+00:00,178.526,9.619,1.5086399878624646
2025-02-27 00:28:30.750000+00:00,165191,Acoustic,VPVF,acoustic,2025-02-27 00:28:30.750000+00:00,2025-02-27 00:28:37.275000+00:00,106.77,6.525,1.3590609926247506
2025-02-27 00:34:15.738000+00:00,165192,Acoustic,VPVF,acoustic,2025-02-27 00:34:15.738000+00:00,2025-02-27 00:34:22.038000+00:00,10.487,6.3,0.6838363495629091
2025-02-27 00:39:21.344000+00:00,165193,Acoustic,VPVF,acoustic,2025-02-27 00:39:21.344000+00:00,2025-02-27 00:39:26.069000+00:00,26.161,4.725,0.949828408339988
2025-02-27 00:48:39.963000+00:00,165194,Acoustic,VPVF,acoustic,2025-02-27 00:48:39.963000+00:00,2025-02-27 00:48:48.288000+00:00,103.127,8.325,1.3489594973853034
2025-02-27 00:57:31.738000+00:00,165195,Acoustic,VPVF,acoustic,2025-02-27 00:57:31.738000+00:00,2025-02-27 00:57:39.219000+00:00,74.942,7.481,1.2560659369713187
2025-02-27 01:02:29.344000+00:00,165196,Acoustic,VPVF,acoustic,2025-02-27 01:02:29.344000+00:00,2025-02-27 01:02:38.625000+00:00,495.515,9.281,1.805688059873395
2025-02-27 01:20:30.625000+00:00,165197,Acoustic,VPVF,acoustic,2025-02-27 01:20:30.625000+00:00,2025-02-27 01:20:38.388000+00:00,219.666,7.763,1.5689811040270591
2025-02-27 01:21:20.569000+00:00,165198,Acoustic,VPVF,acoustic,2025-02-27 01:21:20.569000+00:00,2025-02-27 01:21:26.813000+00:00,28.133,6.244,0.9709747509582156
2025-02-27 01:29:25.794000+00:00,165199,Acoustic,VPVF,acoustic,2025-02-27 01:29:25.794000+00:00,2025-02-27 01:29:33.894000+00:00,32.776,8.1,1.0154224871332076
2025-02-27 01:39:13.400000+00:00,165200,Acoustic,VPVF,acoustic,2025-02-27 01:39:13.400000+00:00,2025-02-27 01:39:22.625000+00:00,573.959,9.225,1.8484501830712552
2025-02-27 01:45:33.950000+00:00,165201,Acoustic,VPVF,acoustic,2025-02-27 01:45:33.950000+00:00,2025-02-27 01:45:40.475000+00:00,63.887,6.525,1.2096263716833149
2025-02-27 01:46:49.625000+00:00,165202,Acoustic,VPVF,acoustic,2025-02-27 01:46:49.625000+00:00,2025-02-27 01:46:56.488000+00:00,47.362,6.863,1.1225381224223665
2025-02-27 02:21:22.188000+00:00,165203,Acoustic,VPVF,acoustic,2025-02-27 02:21:22.188000+00:00,2025-02-27 02:21:30.738000+00:00,541.164,8.55,1.8313303617916696
2025-02-27 02:29:51.963000+00:00,165204,Acoustic,VPVF,acoustic,2025-02-27 02:29:51.963000+00:00,2025-02-27 02:30:00.288000+00:00,208.591,8.325,1.5539280293196405
2025-02-27 02:34:59.725000+00:00,165205,Acoustic,VPVF,acoustic,2025-02-27 02:34:59.725000+00:00,2025-02-27 02:35:08.725000+00:00,54.544,9.0,1.1636204792028269
2025-02-27 02:49:05.400000+00:00,165206,Acoustic,VPVF,acoustic,2025-02-27 02:49:05.400000+00:00,2025-02-27 02:49:13.838000+00:00,87.012,8.438,1.2995180312872083
2025-02-27 02:55:43.119000+00:00,165207,Acoustic,VPVF,acoustic,2025-02-27 02:55:43.119000+00:00,2025-02-27 02:55:55.213000+00:00,97.958,12.094,1.3339967394255536
2025-02-27 02:57:21.625000+00:00,165208,Acoustic,VPVF,acoustic,2025-02-27 02:57:21.625000+00:00,2025-02-27 02:57:28.094000+00:00,25.718,6.469,0.9448589186293112
2025-02-27 03:04:05.063000+00:00,165209,Acoustic,VPVF,acoustic,2025-02-27 03:04:05.063000+00:00,2025-02-27 03:04:11.700000+00:00,16.376,6.637,0.8135192458684811
2025-02-27 03:06:00.400000+00:00,165210,Acoustic,VPVF,acoustic,2025-02-27 03:06:00.400000+00:00,2025-02-27 03:06:07.094000+00:00,26.167,6.694,0.94989513605077
2025-02-27 03:12:59.175000+00:00,165211,Acoustic,VPVF,acoustic,2025-02-27 03:12:59.175000+00:00,2025-02-27 03:13:10.650000+00:00,199.085,11.475,1.540355821446059
2025-02-27 03:21:35.344000+00:00,165212,Acoustic,VPVF,acoustic,2025-02-27 03:21:35.344000+00:00,2025-02-27 03:21:42.769000+00:00,122.691,7.425,1.3995045131658506
2025-02-27 03:33:28.344000+00:00,165213,Acoustic,VPVF,acoustic,2025-02-27 03:33:28.344000+00:00,2025-02-27 03:33:38.525000+00:00,149.845,10.181,1.4576803115643515
2025-02-27 03:42:54.175000+00:00,165214,Acoustic,VPVF,acoustic,2025-02-27 03:42:54.175000+00:00,2025-02-27 03:43:01.488000+00:00,32.475,7.313,1.0127379370291938
2025-02-27 04:03:55.513000+00:00,165215,Acoustic,VPVF,acoustic,2025-02-27 04:03:55.513000+00:00,2025-02-27 04:04:02.994000+00:00,21.945,7.481,0.8986948420712647
2025-02-27 04:11:15.794000+00:00,165216,Acoustic,VPVF,acoustic,2025-02-27 04:11:15.794000+00:00,2025-02-27 04:11:23.275000+00:00,180.276,7.481,1.511478401906232
2025-02-27 04:24:01.850000+00:00,165217,Acoustic,VPVF,acoustic,2025-02-27 04:24:01.850000+00:00,2025-02-27 04:24:10.119000+00:00,385.616,8.269,1.732723880401153
2025-02-27 04:40:47.625000+00:00,165218,Acoustic,VPVF,acoustic,2025-02-27 04:40:47.625000+00:00,2025-02-27 04:40:53.869000+00:00,9.674,6.244,0.6603560756451324
2025-02-27 04:45:24.400000+00:00,165219,Acoustic,VPVF,acoustic,2025-02-27 04:45:24.400000+00:00,2025-02-27 04:45:35.200000+00:00,19.361,10.8,0.8622416159227011
2025-02-27 04:53:28.850000+00:00,165220,Acoustic,VPVF,acoustic,2025-02-27 04:53:28.850000+00:00,2025-02-27 04:53:35.150000+00:00,25.955,6.3,0.9475280922539616
2025-02-27 04:54:17.344000+00:00,165221,Acoustic,VPVF,acoustic,2025-02-27 04:54:17.344000+00:00,2025-02-27 04:54:25.275000+00:00,63.752,7.931,1.2090108552575212
2025-02-27 04:58:50.963000+00:00,165222,Acoustic,VPVF,acoustic,2025-02-27 04:58:50.963000+00:00,2025-02-27 04:58:59.513000+00:00,384.057,8.55,1.7315451090643066
2025-02-27 05:00:22.400000+00:00,165223,Acoustic,VPVF,acoustic,2025-02-27 05:00:22.400000+00:00,2025-02-27 05:00:28.475000+00:00,6.646,6.075,0.5511154257516039
2025-02-27 05:03:46.288000+00:00,165224,Acoustic,VPVF,acoustic,2025-02-27 05:03:46.288000+00:00,2025-02-27 05:03:58.044000+00:00,19.981,11.756,0.8714135372704099
2025-02-27 05:12:45.063000+00:00,165225,Acoustic,VPVF,acoustic,2025-02-27 05:12:45.063000+00:00,2025-02-27 05:12:52.825000+00:00,35.707,7.762,1.040344753575447
2025-02-27 05:19:17.669000+00:00,165226,Acoustic,VPVF,acoustic,2025-02-27 05:19:17.669000+00:00,2025-02-27 05:19:26.219000+00:00,23.129,8.55,0.9139850936020956
2025-02-27 05:23:04.894000+00:00,165227,Acoustic,VPVF,acoustic,2025-02-27 05:23:04.894000+00:00,2025-02-27 05:23:11.813000+00:00,4.002,6.919,0.403525646481129
2025-02-27 05:31:53.950000+00:00,165228,Acoustic,VPVF,acoustic,2025-02-27 05:31:53.950000+00:00,2025-02-27 05:32:02.613000+00:00,257.147,8.663,1.6148215795395569
2025-02-27 05:36:35.625000+00:00,165229,Acoustic,VPVF,acoustic,2025-02-27 05:36:35.625000+00:00,2025-02-27 05:36:42.994000+00:00,36.857,7.369,1.049568388364623
2025-02-27 05:54:35.344000+00:00,165230,Acoustic,VPVF,acoustic,2025-02-27 05:54:35.344000+00:00,2025-02-27 05:54:44.569000+00:00,100.771,9.225,1.34223483076074
2025-02-27 05:57:33.513000+00:00,165231,Acoustic,VPVF,acoustic,2025-02-27 05:57:33.513000+00:00,2025-02-27 05:57:41.725000+00:00,66.894,8.212,1.2230094011150277
2025-02-27 05:58:25.288000+00:00,165232,Acoustic,VPVF,acoustic,2025-02-27 05:58:25.288000+00:00,2025-02-27 05:58:33.163000+00:00,81.267,7.875,1.279642532702777
2025-02-27 05:59:47.850000+00:00,165233,Acoustic,VPVF,acoustic,2025-02-27 05:59:47.850000+00:00,2025-02-27 05:59:57.525000+00:00,113.369,9.675,1.3765111916188395
2025-02-27 06:07:52.569000+00:00,165234,Acoustic,VPVF,acoustic,2025-02-27 06:07:52.569000+00:00,2025-02-27 06:08:01.400000+00:00,16.518,8.831,0.8160314993905726
2025-02-27 06:12:08.175000+00:00,165235,Acoustic,VPVF,acoustic,2025-02-27 06:12:08.175000+00:00,2025-02-27 06:12:15.150000+00:00,11.174,6.975,0.7022998069061775
2025-02-27 06:19:27.513000+00:00,165236,Acoustic,VPVF,acoustic,2025-02-27 06:19:27.513000+00:00,2025-02-27 06:19:34.713000+00:00,62.299,7.2,1.202302320641448
2025-02-27 06:20:00.400000+00:00,165237,Acoustic,VPVF,acoustic,2025-02-27 06:20:00.400000+00:00,2025-02-27 06:20:09.063000+00:00,140.985,8.663,1.4399458488002228
2025-02-27 06:30:44.019000+00:00,165238,Acoustic,VPVF,acoustic,2025-02-27 06:30:44.019000+00:00,2025-02-27 06:30:51.163000+00:00,56.998,7.144,1.1764259433915216
2025-02-27 06:31:04.288000+00:00,165239,Acoustic,VPVF,acoustic,2025-02-27 06:31:04.288000+00:00,2025-02-27 06:31:11.825000+00:00,26.819,7.537,0.9570565287875922
2025-02-27 06:33:02.188000+00:00,165240,Acoustic,VPVF,acoustic,2025-02-27 06:33:02.188000+00:00,2025-02-27 06:33:09.613000+00:00,237.23,7.425,1.5913636379305955
2025-02-27 06:39:19.725000+00:00,165241,Acoustic,VPVF,acoustic,2025-02-27 06:39:19.725000+00:00,2025-02-27 06:39:28.500000+00:00,24.911,8.775,0.935582078359233
2025-02-27 06:39:47.188000+00:00,165242,Acoustic,VPVF,acoustic,2025-02-27 06:39:47.188000+00:00,2025-02-27 06:39:58.269000+00:00,24.834,11.081,0.9346812734455504
2025-02-27 06:47:25.063000+00:00,165243,Acoustic,VPVF,acoustic,2025-02-27 06:47:25.063000+00:00,2025-02-27 06:47:32.769000+00:00,6.023,7.706,0.5224746183242889
2025-02-27 06:48:00.850000+00:00,165244,Acoustic,VPVF,acoustic,2025-02-27 06:48:00.850000+00:00,2025-02-27 06:48:08.894000+00:00,36.905,8.044,1.0499470904743682
2025-02-27 06:49:28.344000+00:00,165245,Acoustic,VPVF,acoustic,2025-02-27 06:49:28.344000+00:00,2025-02-27 06:49:35.938000+00:00,248.168,7.594,1.6044796730761846
2025-02-27 06:55:50.625000+00:00,165246,Acoustic,VPVF,acoustic,2025-02-27 06:55:50.625000+00:00,2025-02-27 06:55:57.938000+00:00,51.244,7.313,1.1454608250879206
2025-02-27 06:58:16.213000+00:00,165247,Acoustic,VPVF,acoustic,2025-02-27 06:58:16.213000+00:00,2025-02-27 06:58:25.663000+00:00,482.422,9.45,1.7978961602250887
2025-02-27 07:07:53.794000+00:00,165248,Acoustic,VPVF,acoustic,2025-02-27 07:07:53.794000+00:00,2025-02-27 07:08:02.344000+00:00,24.642,8.55,0.9324228886689884
2025-02-27 07:10:42.919000+00:00,165249,Acoustic,VPVF,acoustic,2025-02-27 07:10:42.919000+00:00,2025-02-27 07:10:51.638000+00:00,25.719,8.719,0.944870232559086
2025-02-27 07:13:14.344000+00:00,165250,Acoustic,VPVF,acoustic,2025-02-27 07:13:14.344000+00:00,2025-02-27 07:13:22.613000+00:00,105.621,8.269,1.3559126842442306
2025-02-27 07:22:27.400000+00:00,165251,Acoustic,VPVF,acoustic,2025-02-27 07:22:27.400000+00:00,2025-02-27 07:22:36.119000+00:00,34.431,8.719,1.0297562563616325
2025-02-27 07:28:37.075000+00:00,165252,Acoustic,VPVF,acoustic,2025-02-27 07:28:37.075000+00:00,2025-02-27 07:28:47.369000+00:00,83.683,10.294,1.2881669515202243
2025-02-27 07:29:00.400000+00:00,165253,Acoustic,VPVF,acoustic,2025-02-27 07:29:00.400000+00:00,2025-02-27 07:29:09.794000+00:00,267.536,9.394,1.6263460937868122
2025-02-27 07:36:13.400000+00:00,165254,Acoustic,VPVF,acoustic,2025-02-27 07:36:13.400000+00:00,2025-02-27 07:36:20.319000+00:00,12.742,6.919,0.7405091924998353
2025-02-27 07:40:58.894000+00:00,165255,Acoustic,VPVF,acoustic,2025-02-27 07:40:58.894000+00:00,2025-02-27 07:41:04.575000+00:00,5.424,5.681,0.4919941861755347
2025-02-27 07:52:10.794000+00:00,165256,Acoustic,VPVF,acoustic,2025-02-27 07:52:10.794000+00:00,2025-02-27 07:52:17.994000+00:00,66.979,7.2,1.223378901672541
2025-02-27 07:58:12.569000+00:00,165257,Acoustic,VPVF,acoustic,2025-02-27 07:58:12.569000+00:00,2025-02-27 07:58:26.688000+00:00,36.276,14.119,1.0449449934610462
2025-02-27 08:01:55.119000+00:00,165258,Acoustic,VPVF,acoustic,2025-02-27 08:01:55.119000+00:00,2025-02-27 08:02:03.388000+00:00,9.778,8.269,0.6634675220616373
2025-02-27 08:05:28.950000+00:00,165259,Acoustic,VPVF,acoustic,2025-02-27 08:05:28.950000+00:00,2025-02-27 08:05:36.825000+00:00,7.745,7.875,0.5956443528038007
2025-02-27 08:12:16.950000+00:00,165260,Acoustic,VPVF,acoustic,2025-02-27 08:12:16.950000+00:00,2025-02-27 08:12:26.175000+00:00,48.885,9.225,1.131747665078953
2025-02-27 08:15:35.850000+00:00,165261,Acoustic,VPVF,acoustic,2025-02-27 08:15:35.850000+00:00,2025-02-27 08:15:43.669000+00:00,533.095,7.819,1.8269590881727291
2025-02-27 08:24:05.288000+00:00,165262,Acoustic,VPVF,acoustic,2025-02-27 08:24:05.288000+00:00,2025-02-27 08:24:15.244000+00:00,97.262,9.956,1.3319219411378138
2025-02-27 08:25:50.175000+00:00,165263,Acoustic,VPVF,acoustic,2025-02-27 08:25:50.175000+00:00,2025-02-27 08:25:56.869000+00:00,12.026,6.694,0.7236812036713519
2025-02-27 08:32:00.950000+00:00,165264,Acoustic,VPVF,acoustic,2025-02-27 08:32:00.950000+00:00,2025-02-27 08:32:09.388000+00:00,150.668,8.438,1.4592740856704378
2025-02-27 08:40:38.019000+00:00,165265,Acoustic,VPVF,acoustic,2025-02-27 08:40:38.019000+00:00,2025-02-27 08:40:49.325000+00:00,186.621,11.306,1.5215435432043067
2025-02-27 08:46:08.500000+00:00,165266,Acoustic,VPVF,acoustic,2025-02-27 08:46:08.500000+00:00,2025-02-27 08:46:15.588000+00:00,15.98,7.088,0.8063964392352417
2025-02-27 08:48:18.569000+00:00,165267,Acoustic,VPVF,acoustic,2025-02-27 08:48:18.569000+00:00,2025-02-27 08:48:24.813000+00:00,27.717,6.244,0.9666399686253664
2025-02-27 08:56:19.569000+00:00,165268,Acoustic,VPVF,acoustic,2025-02-27 08:56:19.569000+00:00,2025-02-27 08:56:27.613000+00:00,205.644,8.044,1.5497877486614673
2025-02-27 08:59:52.119000+00:00,165269,Acoustic,VPVF,acoustic,2025-02-27 08:59:52.119000+00:00,2025-02-27 08:59:58.025000+00:00,2.083,5.906,0.2135218108649897
2025-02-27 09:02:51.188000+00:00,165270,Acoustic,VPVF,acoustic,2025-02-27 09:02:51.188000+00:00,2025-02-27 09:02:59.738000+00:00,209.043,8.55,1.5545578716804256
2025-02-27 09:05:08.400000+00:00,165271,Acoustic,VPVF,acoustic,2025-02-27 09:05:08.400000+00:00,2025-02-27 09:05:17.850000+00:00,44.671,9.45,1.1055172020143356
2025-02-27 09:16:01.063000+00:00,165272,Acoustic,VPVF,acoustic,2025-02-27 09:16:01.063000+00:00,2025-02-27 09:16:08.150000+00:00,15.149,7.087,0.7908572569451418
2025-02-27 09:33:59.625000+00:00,165273,Acoustic,VPVF,acoustic,2025-02-27 09:33:59.625000+00:00,2025-02-27 09:34:07.669000+00:00,497.417,8.044,1.8068028179977769
2025-02-27 09:43:40.019000+00:00,165274,Acoustic,VPVF,acoustic,2025-02-27 09:43:40.019000+00:00,2025-02-27 09:43:47.838000+00:00,122.475,7.819,1.3989917902460067
2025-02-27 09:34:52.894000+00:00,165275,Acoustic,VPVF,acoustic,2025-02-27 09:34:52.894000+00:00,2025-02-27 09:35:01.444000+00:00,277.133,8.55,1.6366011228669188
2025-02-27 09:46:51.119000+00:00,165276,Acoustic,VPVF,acoustic,2025-02-27 09:46:51.119000+00:00,2025-02-27 09:46:57.363000+00:00,27.07,6.244,0.9597671313662396
2025-02-27 09:50:56.950000+00:00,165277,Acoustic,VPVF,acoustic,2025-02-27 09:50:56.950000+00:00,2025-02-27 09:51:02.013000+00:00,61.325,5.063,1.1977171631085437
2025-02-27 09:54:49.625000+00:00,165278,Acoustic,VPVF,acoustic,2025-02-27 09:54:49.625000+00:00,2025-02-27 09:54:56.038000+00:00,16.406,6.413,0.814051813834018
2025-02-27 10:05:47.513000+00:00,165279,Acoustic,VPVF,acoustic,2025-02-27 10:05:47.513000+00:00,2025-02-27 10:05:54.994000+00:00,789.207,7.481,1.941117922190719
2025-02-27 10:07:00.344000+00:00,165280,Acoustic,VPVF,acoustic,2025-02-27 10:07:00.344000+00:00,2025-02-27 10:07:08.163000+00:00,143.319,7.819,1.444723525390878
2025-02-27 10:11:05.950000+00:00,165281,Acoustic,VPVF,acoustic,2025-02-27 10:11:05.950000+00:00,2025-02-27 10:11:12.700000+00:00,45.695,6.75,1.1121120167139953
2025-02-27 10:18:59.625000+00:00,165282,Acoustic,VPVF,acoustic,2025-02-27 10:18:59.625000+00:00,2025-02-27 10:19:07.725000+00:00,48.589,8.1,1.1299804338911044
2025-02-27 10:21:09.288000+00:00,165283,Acoustic,VPVF,acoustic,2025-02-27 10:21:09.288000+00:00,2025-02-27 10:21:17.950000+00:00,198.133,8.662,1.5389610663104734
2025-02-27 10:22:38.400000+00:00,165284,Acoustic,VPVF,acoustic,2025-02-27 10:22:38.400000+00:00,2025-02-27 10:22:46.444000+00:00,14.622,8.044,0.7805545423108065
2025-02-27 10:29:16.019000+00:00,165285,Acoustic,VPVF,acoustic,2025-02-27 10:29:16.019000+00:00,2025-02-27 10:29:26.369000+00:00,14.247,10.35,0.7729946942821261
2025-02-27 10:30:40.569000+00:00,165286,Acoustic,VPVF,acoustic,2025-02-27 10:30:40.569000+00:00,2025-02-27 10:30:48.894000+00:00,73.611,8.325,1.2508516208122242
2025-02-27 10:31:06.838000+00:00,165287,Acoustic,VPVF,acoustic,2025-02-27 10:31:06.838000+00:00,2025-02-27 10:31:14.038000+00:00,57.225,7.2,1.1775824869022091
2025-02-27 10:33:25.738000+00:00,165288,Acoustic,VPVF,acoustic,2025-02-27 10:33:25.738000+00:00,2025-02-27 10:33:33.838000+00:00,229.771,8.1,1.582067793625533
2025-02-27 10:35:42.175000+00:00,165289,Acoustic,VPVF,acoustic,2025-02-27 10:35:42.175000+00:00,2025-02-27 10:35:52.188000+00:00,75.111,10.013,1.256721374516433
2025-02-27 10:47:23.569000+00:00,165290,Acoustic,VPVF,acoustic,2025-02-27 10:47:23.569000+00:00,2025-02-27 10:47:30.938000+00:00,80.099,7.369,1.2754301530783216
2025-02-27 10:54:36.963000+00:00,165291,Acoustic,VPVF,acoustic,2025-02-27 10:54:36.963000+00:00,2025-02-27 10:54:45.513000+00:00,112.067,8.55,1.373150089924558
2025-02-27 10:57:39.725000+00:00,165292,Acoustic,VPVF,acoustic,2025-02-27 10:57:39.725000+00:00,2025-02-27 10:57:44.225000+00:00,10.792,4.5,0.6921782975647781
2025-02-27 11:02:30.175000+00:00,165293,Acoustic,VPVF,acoustic,2025-02-27 11:02:30.175000+00:00,2025-02-27 11:02:43.450000+00:00,338.371,13.275,1.6946934003591667
2025-02-27 11:06:01.063000+00:00,165294,Acoustic,VPVF,acoustic,2025-02-27 11:06:01.063000+00:00,2025-02-27 11:06:06.575000+00:00,16.604,5.512,0.8175425255533428
2025-02-27 11:13:28.344000+00:00,165295,Acoustic,VPVF,acoustic,2025-02-27 11:13:28.344000+00:00,2025-02-27 11:13:36.444000+00:00,71.868,8.1,1.2438788246183283
2025-02-27 11:18:59.625000+00:00,165296,Acoustic,VPVF,acoustic,2025-02-27 11:18:59.625000+00:00,2025-02-27 11:19:07.894000+00:00,592.665,8.269,1.8577822180102057
2025-02-27 11:21:40.963000+00:00,165297,Acoustic,VPVF,acoustic,2025-02-27 11:21:40.963000+00:00,2025-02-27 11:21:49.963000+00:00,520.018,9.0,1.8197323123522449
2025-02-27 11:22:52.863000+00:00,165298,Acoustic,VPVF,acoustic,2025-02-27 11:22:52.863000+00:00,2025-02-27 11:23:08.444000+00:00,735.354,15.581,1.9205526276186031
2025-02-27 11:26:31.344000+00:00,165299,Acoustic,VPVF,acoustic,2025-02-27 11:26:31.344000+00:00,2025-02-27 11:26:40.063000+00:00,6.988,8.719,0.5657164405282986
2025-02-27 11:27:37.513000+00:00,165300,Acoustic,VPVF,acoustic,2025-02-27 11:27:37.513000+00:00,2025-02-27 11:27:45.050000+00:00,80.055,7.537,1.27527026944571
2025-02-27 11:30:20.850000+00:00,165301,Acoustic,VPVF,acoustic,2025-02-27 11:30:20.850000+00:00,2025-02-27 11:30:28.163000+00:00,7.622,7.313,0.5909861927722194
2025-02-27 11:31:34.625000+00:00,165302,Acoustic,VPVF,acoustic,2025-02-27 11:31:34.625000+00:00,2025-02-27 11:31:42.050000+00:00,172.378,7.425,1.4984428311536522
2025-02-27 11:31:55.063000+00:00,165303,Acoustic,VPVF,acoustic,2025-02-27 11:31:55.063000+00:00,2025-02-27 11:32:03.388000+00:00,32.985,8.325,1.0172720472390362
2025-02-27 11:40:53.738000+00:00,165304,Acoustic,VPVF,acoustic,2025-02-27 11:40:53.738000+00:00,2025-02-27 11:41:01.275000+00:00,230.337,7.537,1.5827836830971436
2025-02-27 11:42:16.075000+00:00,165305,Acoustic,VPVF,acoustic,2025-02-27 11:42:16.075000+00:00,2025-02-27 11:42:24.794000+00:00,620.753,8.719,1.8712556141620031
2025-02-27 11:44:32.963000+00:00,165306,Acoustic,VPVF,acoustic,2025-02-27 11:44:32.963000+00:00,2025-02-27 11:44:40.444000+00:00,48.574,7.481,1.1298905918817428
2025-02-27 11:45:53.344000+00:00,165307,Acoustic,VPVF,acoustic,2025-02-27 11:45:53.344000+00:00,2025-02-27 11:46:00.994000+00:00,41.627,7.65,1.0849813257201952
2025-02-27 11:47:55.288000+00:00,165308,Acoustic,VPVF,acoustic,2025-02-27 11:47:55.288000+00:00,2025-02-27 11:48:02.319000+00:00,48.944,7.031,1.1320986379592044
2025-02-27 11:51:08.513000+00:00,165309,Acoustic,VPVF,acoustic,2025-02-27 11:51:08.513000+00:00,2025-02-27 11:51:16.219000+00:00,171.86,7.706,1.4975671209958272
2025-02-27 11:52:49.513000+00:00,165310,Acoustic,VPVF,acoustic,2025-02-27 11:52:49.513000+00:00,2025-02-27 11:52:56.938000+00:00,11.827,7.425,0.7188259798633625
2025-02-27 11:54:10.613000+00:00,165311,Acoustic,VPVF,acoustic,2025-02-27 11:54:10.613000+00:00,2025-02-27 11:54:18.375000+00:00,6.769,7.762,0.5564514244451633
2025-02-27 12:00:23.300000+00:00,165312,Acoustic,VPVF,acoustic,2025-02-27 12:00:23.300000+00:00,2025-02-27 12:00:31.400000+00:00,467.885,8.1,1.7889932119404277
2025-02-27 12:02:01.175000+00:00,165313,Acoustic,VPVF,acoustic,2025-02-27 12:02:01.175000+00:00,2025-02-27 12:02:07.869000+00:00,15.225,6.694,0.7923133918742917
2025-02-27 12:15:16.288000+00:00,165314,Acoustic,VPVF,acoustic,2025-02-27 12:15:16.288000+00:00,2025-02-27 12:15:24.669000+00:00,129.402,8.381,1.4150004624389438
2025-02-27 12:21:50.288000+00:00,165315,Acoustic,VPVF,acoustic,2025-02-27 12:21:50.288000+00:00,2025-02-27 12:21:58.725000+00:00,35.736,8.437,1.040580979440734
2025-02-27 12:27:31.513000+00:00,165316,Acoustic,VPVF,acoustic,2025-02-27 12:27:31.513000+00:00,2025-02-27 12:27:39.500000+00:00,36.034,7.987,1.0429973577206082
2025-02-27 12:31:15.794000+00:00,165317,Acoustic,VPVF,acoustic,2025-02-27 12:31:15.794000+00:00,2025-02-27 12:31:24.738000+00:00,138.943,8.944,1.43570057007053
2025-02-27 12:33:43.175000+00:00,165318,Acoustic,VPVF,acoustic,2025-02-27 12:33:43.175000+00:00,2025-02-27 12:33:51.163000+00:00,442.587,7.988,1.772819097746304
2025-02-27 12:36:06.513000+00:00,165319,Acoustic,VPVF,acoustic,2025-02-27 12:36:06.513000+00:00,2025-02-27 12:36:14.444000+00:00,41.859,7.931,1.086598528797064
2025-02-27 12:37:46.569000+00:00,165320,Acoustic,VPVF,acoustic,2025-02-27 12:37:46.569000+00:00,2025-02-27 12:37:55.175000+00:00,41.027,8.606,1.080756740135237
2025-02-27 12:38:40.175000+00:00,165321,Acoustic,VPVF,acoustic,2025-02-27 12:38:40.175000+00:00,2025-02-27 12:38:48.388000+00:00,20.535,8.213,0.8793714538170798
2025-02-27 12:39:38.400000+00:00,165322,Acoustic,VPVF,acoustic,2025-02-27 12:39:38.400000+00:00,2025-02-27 12:39:47.513000+00:00,75.837,9.113,1.2595203668953268
2025-02-27 12:49:51.288000+00:00,165323,Acoustic,VPVF,acoustic,2025-02-27 12:49:51.288000+00:00,2025-02-27 12:49:59.725000+00:00,116.563,8.437,1.3845956799948191
2025-02-27 12:54:26.513000+00:00,165324,Acoustic,VPVF,acoustic,2025-02-27 12:54:26.513000+00:00,2025-02-27 12:54:34.838000+00:00,29.36,8.325,0.983396554333502
2025-02-27 12:59:39.400000+00:00,165325,Acoustic,VPVF,acoustic,2025-02-27 12:59:39.400000+00:00,2025-02-27 12:59:45.194000+00:00,9.718,5.794,0.6616765194670816
2025-02-27 13:07:06.669000+00:00,165381,Acoustic,VPVF,acoustic,2025-02-27 13:07:06.669000+00:00,2025-02-27 13:07:15.725000+00:00,844.322,9.056,1.9607604307356712
2025-02-27 13:08:51.288000+00:00,165382,Acoustic,VPVF,acoustic,2025-02-27 13:08:51.288000+00:00,2025-02-27 13:09:02.538000+00:00,3.165,11.25,0.3352503886167606
2025-02-27 13:11:21.094000+00:00,165383,Acoustic,VPVF,acoustic,2025-02-27 13:11:21.094000+00:00,2025-02-27 13:11:28.913000+00:00,23.829,7.819,0.922660897570266
2025-02-27 13:12:14.556000+00:00,165391,Acoustic,VPVF,acoustic,2025-02-27 13:12:14.556000+00:00,2025-02-27 13:12:24.063000+00:00,222.958,9.507,1.5733094501807154
2025-02-27 13:13:46.644000+00:00,165392,Acoustic,VPVF,acoustic,2025-02-27 13:13:46.644000+00:00,2025-02-27 13:13:55.268000+00:00,176.442,8.624,1.5052233211970478
2025-02-27 13:22:54.070000+00:00,165393,Acoustic,VPVF,acoustic,2025-02-27 13:22:54.070000+00:00,2025-02-27 13:23:02.625000+00:00,40.31,8.555,1.0756265747625444
2025-02-27 13:28:12.409000+00:00,165394,Acoustic,VPVF,acoustic,2025-02-27 13:28:12.409000+00:00,2025-02-27 13:28:19.329000+00:00,62.034,6.92,1.2010619564255995
2025-02-27 13:35:22.305000+00:00,165395,Acoustic,VPVF,acoustic,2025-02-27 13:35:22.305000+00:00,2025-02-27 13:35:30.268000+00:00,197.271,7.963,1.5376923748838136
2025-02-27 13:37:49.253000+00:00,165396,Acoustic,VPVF,acoustic,2025-02-27 13:37:49.253000+00:00,2025-02-27 13:37:57.773000+00:00,268.2,8.52,1.6270673782554388
2025-02-27 13:48:20.061000+00:00,165397,Acoustic,VPVF,acoustic,2025-02-27 13:48:20.061000+00:00,2025-02-27 13:48:27.225000+00:00,47.92,7.164,1.125946262285441
2025-02-27 13:52:31.853000+00:00,165398,Acoustic,VPVF,acoustic,2025-02-27 13:52:31.853000+00:00,2025-02-27 13:52:41.173000+00:00,213.331,9.32,1.5604661593253757
2025-02-27 13:53:54.409000+00:00,165399,Acoustic,VPVF,acoustic,2025-02-27 13:53:54.409000+00:00,2025-02-27 13:54:01.990000+00:00,428.79,7.581,1.7636039144483513
2025-02-27 14:01:31.131000+00:00,165400,Acoustic,VPVF,acoustic,2025-02-27 14:01:31.131000+00:00,2025-02-27 14:01:38.642000+00:00,516.943,7.511,1.8180065814345856
2025-02-27 14:09:29.861000+00:00,165401,Acoustic,VPVF,acoustic,2025-02-27 14:09:29.861000+00:00,2025-02-27 14:09:37.616000+00:00,79.842,7.755,1.2744950428664403
2025-02-27 14:10:50.479000+00:00,165402,Acoustic,VPVF,acoustic,2025-02-27 14:10:50.479000+00:00,2025-02-27 14:10:56.390000+00:00,61.066,5.911,1.1964856471647038
2025-02-27 14:17:17.861000+00:00,165403,Acoustic,VPVF,acoustic,2025-02-27 14:17:17.861000+00:00,2025-02-27 14:17:25.616000+00:00,43.369,7.755,1.0969102035784872
2025-02-27 14:19:42.853000+00:00,165404,Acoustic,VPVF,acoustic,2025-02-27 14:19:42.853000+00:00,2025-02-27 14:19:46.226000+00:00,13.007,3.373,0.7464986839637807
2025-02-27 14:23:19.548000+00:00,165405,Acoustic,VPVF,acoustic,2025-02-27 14:23:19.548000+00:00,2025-02-27 14:23:26.469000+00:00,187.396,6.921,1.5227494120951577
2025-02-27 14:26:51.487000+00:00,165406,Acoustic,VPVF,acoustic,2025-02-27 14:26:51.487000+00:00,2025-02-27 14:26:57.712000+00:00,61.686,6.225,1.199425028387226
2025-02-27 14:41:01.757000+00:00,165407,Acoustic,VPVF,acoustic,2025-02-27 14:41:01.757000+00:00,2025-02-27 14:41:07.947000+00:00,836.254,6.19,1.9579665994361957
2025-02-27 14:42:44.200000+00:00,165408,Acoustic,VPVF,acoustic,2025-02-27 14:42:44.200000+00:00,2025-02-27 14:42:51.225000+00:00,57.415,7.025,1.178546997337779
2025-02-27 14:45:45.757000+00:00,165409,Acoustic,VPVF,acoustic,2025-02-27 14:45:45.757000+00:00,2025-02-27 14:45:53.964000+00:00,135.2,8.207,1.4277543833757635
2025-02-27 14:50:55.270000+00:00,165410,Acoustic,VPVF,acoustic,2025-02-27 14:50:55.270000+00:00,2025-02-27 14:51:02.608000+00:00,969.176,7.338,2.0008897761916464
2025-02-27 14:52:14.305000+00:00,165411,Acoustic,VPVF,acoustic,2025-02-27 14:52:14.305000+00:00,2025-02-27 14:52:19.139000+00:00,210.353,4.834,1.5563756358290368
2025-02-27 14:54:37.339000+00:00,165412,Acoustic,VPVF,acoustic,2025-02-27 14:54:37.339000+00:00,2025-02-27 14:54:46.416000+00:00,447.194,9.077,1.7758322985534585
2025-02-27 15:04:53.444000+00:00,165413,Acoustic,VPVF,acoustic,2025-02-27 15:04:53.444000+00:00,2025-02-27 15:04:59.843000+00:00,87.441,6.399,1.3009491275086411
2025-02-27 15:16:50.757000+00:00,165414,Acoustic,VPVF,acoustic,2025-02-27 15:16:50.757000+00:00,2025-02-27 15:16:58.373000+00:00,955.567,7.616,1.9967749659486944
2025-02-27 15:19:59.652000+00:00,165415,Acoustic,VPVF,acoustic,2025-02-27 15:19:59.652000+00:00,2025-02-27 15:20:10.642000+00:00,42.871,10.99,1.0935496213071323
2025-02-27 15:21:15.027000+00:00,165416,Acoustic,VPVF,acoustic,2025-02-27 15:21:15.027000+00:00,2025-02-27 15:21:21.356000+00:00,216.001,6.329,1.5640853603851483
2025-02-27 15:37:57.818000+00:00,165417,Acoustic,VPVF,acoustic,2025-02-27 15:37:57.818000+00:00,2025-02-27 15:38:05.364000+00:00,21.741,7.546,0.8959772757454203
2025-02-27 15:38:32.305000+00:00,165418,Acoustic,VPVF,acoustic,2025-02-27 15:38:32.305000+00:00,2025-02-27 15:38:39.642000+00:00,61.705,7.337,1.1995146389552305
2025-02-27 16:05:59.105000+00:00,165419,Acoustic,VPVF,acoustic,2025-02-27 16:05:59.105000+00:00,2025-02-27 16:06:05.886000+00:00,122.528,6.781,1.3991176809272878
2025-02-27 16:10:04.792000+00:00,165420,Acoustic,VPVF,acoustic,2025-02-27 16:10:04.792000+00:00,2025-02-27 16:10:12.999000+00:00,549.308,8.207,1.8356766691041355
2025-02-27 16:23:10.687000+00:00,165421,Acoustic,VPVF,acoustic,2025-02-27 16:23:10.687000+00:00,2025-02-27 16:23:18.581000+00:00,234.412,7.894,1.5878864929895131
2025-02-27 16:23:57.401000+00:00,165422,Acoustic,VPVF,acoustic,2025-02-27 16:23:57.401000+00:00,2025-02-27 16:24:04.182000+00:00,42.168,6.781,1.0887386121486238
2025-02-27 16:25:48.887000+00:00,165423,Acoustic,VPVF,acoustic,2025-02-27 16:25:48.887000+00:00,2025-02-27 16:25:55.321000+00:00,40.799,6.434,1.0791351773861797
2025-02-27 16:29:14.096000+00:00,165424,Acoustic,VPVF,acoustic,2025-02-27 16:29:14.096000+00:00,2025-02-27 16:29:21.225000+00:00,50.84,7.129,1.1431577130609205
2025-02-27 16:33:17.513000+00:00,165425,Acoustic,VPVF,acoustic,2025-02-27 16:33:17.513000+00:00,2025-02-27 16:33:31.041000+00:00,159.727,13.528,1.4762634843145028
2025-02-27 16:35:07.861000+00:00,165426,Acoustic,VPVF,acoustic,2025-02-27 16:35:07.861000+00:00,2025-02-27 16:35:15.616000+00:00,50.236,7.755,1.1396800846835091
2025-02-27 16:39:28.374000+00:00,165427,Acoustic,VPVF,acoustic,2025-02-27 16:39:28.374000+00:00,2025-02-27 16:39:36.581000+00:00,593.305,8.207,1.858096265569448
2025-02-27 16:41:10.105000+00:00,165428,Acoustic,VPVF,acoustic,2025-02-27 16:41:10.105000+00:00,2025-02-27 16:41:16.156000+00:00,51.467,6.051,1.1467243322195575
2025-02-27 16:57:21.027000+00:00,165429,Acoustic,VPVF,acoustic,2025-02-27 16:57:21.027000+00:00,2025-02-27 16:57:27.008000+00:00,46.401,5.981,1.1165733179667572
2025-02-27 17:00:22.775000+00:00,165430,Acoustic,VPVF,acoustic,2025-02-27 17:00:22.775000+00:00,2025-02-27 17:00:31.990000+00:00,301.383,9.215,1.6610095635588853
2025-02-27 17:12:43.061000+00:00,165431,Acoustic,VPVF,acoustic,2025-02-27 17:12:43.061000+00:00,2025-02-27 17:12:49.182000+00:00,29.285,6.121,0.982652303003866
2025-02-27 17:17:18.626000+00:00,165432,Acoustic,VPVF,acoustic,2025-02-27 17:17:18.626000+00:00,2025-02-27 17:17:26.764000+00:00,151.89,8.138,1.461624552011357
2025-02-27 17:20:02.872000+00:00,165433,Acoustic,VPVF,acoustic,2025-02-27 17:20:02.872000+00:00,2025-02-27 17:20:23.182000+00:00,366.152,20.31,1.7176531451609998
2025-02-27 17:27:59.479000+00:00,165434,Acoustic,VPVF,acoustic,2025-02-27 17:27:59.479000+00:00,2025-02-27 17:28:07.268000+00:00,218.586,7.789,1.56754696967851
2025-02-27 17:29:17.487000+00:00,165435,Acoustic,VPVF,acoustic,2025-02-27 17:29:17.487000+00:00,2025-02-27 17:29:25.799000+00:00,81.878,8.312,1.2818220412783368
2025-02-27 17:35:04.896000+00:00,165436,Acoustic,VPVF,acoustic,2025-02-27 17:35:04.896000+00:00,2025-02-27 17:35:13.938000+00:00,701.567,9.042,1.9068663322993356
2025-02-27 17:36:22.444000+00:00,165437,Acoustic,VPVF,acoustic,2025-02-27 17:36:22.444000+00:00,2025-02-27 17:36:30.860000+00:00,522.974,8.416,1.8213816657706507
2025-02-27 17:38:41.305000+00:00,165438,Acoustic,VPVF,acoustic,2025-02-27 17:38:41.305000+00:00,2025-02-27 17:38:51.112000+00:00,171.51,9.807,1.4969739294457367
2025-02-27 17:44:06.339000+00:00,165439,Acoustic,VPVF,acoustic,2025-02-27 17:44:06.339000+00:00,2025-02-27 17:44:12.147000+00:00,12.389,5.808,0.7323342894732594
2025-02-27 17:48:44.479000+00:00,165452,Acoustic,VPVF,acoustic,2025-02-27 17:48:44.479000+00:00,2025-02-27 17:48:53.938000+00:00,88.025,9.459,1.3028860426072888
2025-02-27 17:49:34.783000+00:00,165454,Acoustic,VPVF,acoustic,2025-02-27 17:49:34.783000+00:00,2025-02-27 17:49:41.599000+00:00,36.975,6.816,1.050498482388183
2025-02-27 17:51:55.339000+00:00,165455,Acoustic,VPVF,acoustic,2025-02-27 17:51:55.339000+00:00,2025-02-27 17:52:03.373000+00:00,36.783,8.034,1.0489835885911154
2025-02-27 17:53:10.618000+00:00,165456,Acoustic,VPVF,acoustic,2025-02-27 17:53:10.618000+00:00,2025-02-27 17:53:17.677000+00:00,483.896,7.059,1.7987838615347826
2025-02-27 17:55:21.444000+00:00,165457,Acoustic,VPVF,acoustic,2025-02-27 17:55:21.444000+00:00,2025-02-27 17:55:25.756000+00:00,56.174,4.312,1.1721886844486995
2025-02-27 17:56:05.339000+00:00,165458,Acoustic,VPVF,acoustic,2025-02-27 17:56:05.339000+00:00,2025-02-27 17:56:10.382000+00:00,8.255,5.043,0.6142004419912044
2025-02-27 18:02:11.783000+00:00,165459,Acoustic,VPVF,acoustic,2025-02-27 18:02:11.783000+00:00,2025-02-27 18:02:17.556000+00:00,25.096,5.773,0.9377350188120914
2025-02-27 18:05:18.339000+00:00,165460,Acoustic,VPVF,acoustic,2025-02-27 18:05:18.339000+00:00,2025-02-27 18:05:28.842000+00:00,384.739,10.503,1.7320613619392349
2025-02-27 18:07:42.027000+00:00,165461,Acoustic,VPVF,acoustic,2025-02-27 18:07:42.027000+00:00,2025-02-27 18:07:49.886000+00:00,633.887,7.859,1.8773479362732377
2025-02-27 18:08:05.757000+00:00,165462,Acoustic,VPVF,acoustic,2025-02-27 18:08:05.757000+00:00,2025-02-27 18:08:12.608000+00:00,209.682,6.851,1.5554459707472408
2025-02-27 18:11:47.061000+00:00,165463,Acoustic,VPVF,acoustic,2025-02-27 18:11:47.061000+00:00,2025-02-27 18:11:54.955000+00:00,134.659,7.894,1.4265877079508498
2025-02-27 18:25:54.444000+00:00,165464,Acoustic,VPVF,acoustic,2025-02-27 18:25:54.444000+00:00,2025-02-27 18:26:00.947000+00:00,38.163,6.503,1.059700479916454
2025-02-27 18:26:45.027000+00:00,165465,Acoustic,VPVF,acoustic,2025-02-27 18:26:45.027000+00:00,2025-02-27 18:26:53.651000+00:00,581.741,8.624,1.85236888099487
2025-02-27 18:32:34.687000+00:00,165466,Acoustic,VPVF,acoustic,2025-02-27 18:32:34.687000+00:00,2025-02-27 18:32:40.112000+00:00,57.206,5.425,1.1774858597853362
2025-02-27 18:34:27.887000+00:00,165467,Acoustic,VPVF,acoustic,2025-02-27 18:34:27.887000+00:00,2025-02-27 18:34:32.408000+00:00,140.998,4.521,1.4399726781122029
2025-02-27 18:36:58.687000+00:00,165468,Acoustic,VPVF,acoustic,2025-02-27 18:36:58.687000+00:00,2025-02-27 18:37:07.659000+00:00,60.634,8.972,1.1944198670034138
2025-02-27 18:40:21.488000+00:00,165469,Acoustic,VPVF,acoustic,2025-02-27 18:40:21.488000+00:00,2025-02-27 18:40:26.183000+00:00,4.956,4.695,0.4657379694616974
2025-02-27 18:42:55.661000+00:00,165470,Acoustic,VPVF,acoustic,2025-02-27 18:42:55.661000+00:00,2025-02-27 18:43:04.042000+00:00,188.19,8.381,1.523979683312188
2025-02-27 18:45:14.722000+00:00,165471,Acoustic,VPVF,acoustic,2025-02-27 18:45:14.722000+00:00,2025-02-27 18:45:26.129000+00:00,356.02,11.407,1.7094878452221445
2025-02-27 18:46:45.479000+00:00,165472,Acoustic,VPVF,acoustic,2025-02-27 18:46:45.479000+00:00,2025-02-27 18:46:58.624000+00:00,96.403,13.145,1.329340667884253
2025-02-27 18:47:37.722000+00:00,165473,Acoustic,VPVF,acoustic,2025-02-27 18:47:37.722000+00:00,2025-02-27 18:47:46.764000+00:00,141.956,9.042,1.4419430147838317
2025-02-27 18:49:38.661000+00:00,165474,Acoustic,VPVF,acoustic,2025-02-27 18:49:38.661000+00:00,2025-02-27 18:49:46.868000+00:00,1185.835,8.207,2.0595962571674553
2025-02-27 18:51:30.444000+00:00,165475,Acoustic,VPVF,acoustic,2025-02-27 18:51:30.444000+00:00,2025-02-27 18:51:38.894000+00:00,84.382,8.45,1.2905873758500643
2025-02-27 18:53:44.583000+00:00,165476,Acoustic,VPVF,acoustic,2025-02-27 18:53:44.583000+00:00,2025-02-27 18:53:50.356000+00:00,9.059,5.773,0.6412437739707929
2025-02-27 18:55:14.235000+00:00,165477,Acoustic,VPVF,acoustic,2025-02-27 18:55:14.235000+00:00,2025-02-27 18:55:22.999000+00:00,833.999,8.764,1.9571809050334277
2025-02-27 19:21:25.896000+00:00,165478,Acoustic,VPVF,acoustic,2025-02-27 19:21:25.896000+00:00,2025-02-27 19:21:31.390000+00:00,68.6,5.494,1.2303371575235236
2025-02-27 19:22:02.027000+00:00,165479,Acoustic,VPVF,acoustic,2025-02-27 19:22:02.027000+00:00,2025-02-27 19:22:11.833000+00:00,41.72,9.806,1.0856306808355105
2025-02-27 19:31:23.235000+00:00,165480,Acoustic,VPVF,acoustic,2025-02-27 19:31:23.235000+00:00,2025-02-27 19:31:30.642000+00:00,29.439,7.407,0.9841784458880856
2025-02-27 19:33:49.444000+00:00,165481,Acoustic,VPVF,acoustic,2025-02-27 19:33:49.444000+00:00,2025-02-27 19:33:57.616000+00:00,178.646,8.172,1.5088355086628569
2025-02-27 19:39:09.965000+00:00,165482,Acoustic,VPVF,acoustic,2025-02-27 19:39:09.965000+00:00,2025-02-27 19:39:15.703000+00:00,31.786,5.738,1.0064980389673677
2025-02-27 19:41:59.348000+00:00,165483,Acoustic,VPVF,acoustic,2025-02-27 19:41:59.348000+00:00,2025-02-27 19:42:06.025000+00:00,274.745,6.677,1.6340829643754862
2025-02-27 19:44:55.339000+00:00,165484,Acoustic,VPVF,acoustic,2025-02-27 19:44:55.339000+00:00,2025-02-27 19:45:03.477000+00:00,128.152,8.138,1.4121760102117804
2025-02-27 19:48:19.313000+00:00,165485,Acoustic,VPVF,acoustic,2025-02-27 19:48:19.313000+00:00,2025-02-27 19:48:26.825000+00:00,387.998,7.512,1.7345157562612488
2025-02-27 19:51:26.722000+00:00,165486,Acoustic,VPVF,acoustic,2025-02-27 19:51:26.722000+00:00,2025-02-27 19:51:36.424000+00:00,14.554,9.702,0.7791981882922401
2025-02-27 19:58:36.479000+00:00,165487,Acoustic,VPVF,acoustic,2025-02-27 19:58:36.479000+00:00,2025-02-27 19:58:44.894000+00:00,49.405,8.415,1.1348265054325173
2025-02-27 20:00:49.070000+00:00,165488,Acoustic,VPVF,acoustic,2025-02-27 20:00:49.070000+00:00,2025-02-27 20:00:56.199000+00:00,36.46,7.129,1.0464171650937015
2025-02-27 20:02:23.618000+00:00,165489,Acoustic,VPVF,acoustic,2025-02-27 20:02:23.618000+00:00,2025-02-27 20:02:30.677000+00:00,99.865,7.059,1.3396069152491716
2025-02-27 20:04:41.479000+00:00,165490,Acoustic,VPVF,acoustic,2025-02-27 20:04:41.479000+00:00,2025-02-27 20:04:49.999000+00:00,884.074,8.52,1.9741473743678355
2025-02-27 20:10:40.487000+00:00,165491,Acoustic,VPVF,acoustic,2025-02-27 20:10:40.487000+00:00,2025-02-27 20:10:47.095000+00:00,58.913,6.608,1.1860414629157212
2025-02-27 20:13:50.722000+00:00,165492,Acoustic,VPVF,acoustic,2025-02-27 20:13:50.722000+00:00,2025-02-27 20:13:59.277000+00:00,92.99,8.555,1.3188522859668423
2025-02-27 20:17:17.792000+00:00,165493,Acoustic,VPVF,acoustic,2025-02-27 20:17:17.792000+00:00,2025-02-27 20:17:26.138000+00:00,927.95,8.346,1.9882414659878669
2025-02-27 20:17:55.096000+00:00,165494,Acoustic,VPVF,acoustic,2025-02-27 20:17:55.096000+00:00,2025-02-27 20:18:02.538000+00:00,25.196,7.442,0.9388921717841496
2025-02-27 20:22:31.896000+00:00,165495,Acoustic,VPVF,acoustic,2025-02-27 20:22:31.896000+00:00,2025-02-27 20:22:48.345000+00:00,257.244,16.449,1.614931320179317
2025-02-27 20:34:20.444000+00:00,165496,Acoustic,VPVF,acoustic,2025-02-27 20:34:20.444000+00:00,2025-02-27 20:34:25.938000+00:00,131.965,5.494,1.420707370604752
2025-02-27 20:35:58.444000+00:00,165497,Acoustic,VPVF,acoustic,2025-02-27 20:35:58.444000+00:00,2025-02-27 20:36:08.355000+00:00,171.401,9.911,1.496788945429
2025-02-27 20:38:48.096000+00:00,165498,Acoustic,VPVF,acoustic,2025-02-27 20:38:48.096000+00:00,2025-02-27 20:38:58.668000+00:00,282.066,10.572,1.6417349956768268
2025-02-27 20:39:31.105000+00:00,165499,Acoustic,VPVF,acoustic,2025-02-27 20:39:31.105000+00:00,2025-02-27 20:39:38.025000+00:00,64.404,6.92,1.2119716036942223
2025-02-27 20:43:08.548000+00:00,165500,Acoustic,VPVF,acoustic,2025-02-27 20:43:08.548000+00:00,2025-02-27 20:43:15.921000+00:00,66.724,7.373,1.2222689893714125
2025-02-27 20:44:11.209000+00:00,165501,Acoustic,VPVF,acoustic,2025-02-27 20:44:11.209000+00:00,2025-02-27 20:44:18.477000+00:00,29.646,7.268,0.9862172898629508
2025-02-27 20:47:01.931000+00:00,165502,Acoustic,VPVF,acoustic,2025-02-27 20:47:01.931000+00:00,2025-02-27 20:47:08.608000+00:00,16.947,6.677,0.8234921957355131
2025-02-27 20:47:56.409000+00:00,165503,Acoustic,VPVF,acoustic,2025-02-27 20:47:56.409000+00:00,2025-02-27 20:48:02.286000+00:00,27.004,5.877,0.9590568265422444
2025-02-27 20:50:35.200000+00:00,165504,Acoustic,VPVF,acoustic,2025-02-27 20:50:35.200000+00:00,2025-02-27 20:50:44.451000+00:00,52.123,9.251,1.150409700736868
2025-02-27 20:55:09.687000+00:00,165505,Acoustic,VPVF,acoustic,2025-02-27 20:55:09.687000+00:00,2025-02-27 20:55:16.921000+00:00,22.654,7.234,0.90794708043696
2025-02-27 20:56:07.174000+00:00,165506,Acoustic,VPVF,acoustic,2025-02-27 20:56:07.174000+00:00,2025-02-27 20:56:13.399000+00:00,15.546,6.225,0.7983845044575439
2025-02-27 20:57:32.618000+00:00,165507,Acoustic,VPVF,acoustic,2025-02-27 20:57:32.618000+00:00,2025-02-27 20:57:38.390000+00:00,18.065,5.772,0.8420814371557076
2025-02-27 20:58:57.965000+00:00,165508,Acoustic,VPVF,acoustic,2025-02-27 20:58:57.965000+00:00,2025-02-27 20:59:05.512000+00:00,480.462,7.547,1.7967115600004877
2025-02-27 21:01:01.139000+00:00,165509,Acoustic,VPVF,acoustic,2025-02-27 21:01:01.139000+00:00,2025-02-27 21:01:08.755000+00:00,108.035,7.616,1.3624881990997617
2025-02-27 21:02:15.479000+00:00,165510,Acoustic,VPVF,acoustic,2025-02-27 21:02:15.479000+00:00,2025-02-27 21:02:22.747000+00:00,90.538,7.268,1.3110767007389876
2025-02-27 21:03:37.166000+00:00,165511,Acoustic,VPVF,acoustic,2025-02-27 21:03:37.166000+00:00,2025-02-27 21:03:43.390000+00:00,27.265,6.224,0.9618556863553028
2025-02-27 21:05:01.548000+00:00,165512,Acoustic,VPVF,acoustic,2025-02-27 21:05:01.548000+00:00,2025-02-27 21:05:07.356000+00:00,61.472,5.808,1.1984138199316718
2025-02-27 21:07:07.557000+00:00,165513,Acoustic,VPVF,acoustic,2025-02-27 21:07:07.557000+00:00,2025-02-27 21:07:20.111000+00:00,237.876,12.554,1.592154920101296
2025-02-27 21:10:37.922000+00:00,165514,Acoustic,VPVF,acoustic,2025-02-27 21:10:37.922000+00:00,2025-02-27 21:10:46.199000+00:00,197.519,8.277,1.5380579483816486
2025-02-27 21:10:59.557000+00:00,165515,Acoustic,VPVF,acoustic,2025-02-27 21:10:59.557000+00:00,2025-02-27 21:11:10.998000+00:00,40.079,11.441,1.0739543076123412
2025-02-27 21:14:51.887000+00:00,165516,Acoustic,VPVF,acoustic,2025-02-27 21:14:51.887000+00:00,2025-02-27 21:15:00.025000+00:00,30.587,8.138,0.9953097116681234
2025-02-27 21:16:27.209000+00:00,165517,Acoustic,VPVF,acoustic,2025-02-27 21:16:27.209000+00:00,2025-02-27 21:16:35.590000+00:00,76.115,8.381,1.2605850686491966
2025-02-27 21:18:00+00:00,165518,Acoustic,VPVF,acoustic,2025-02-27 21:18:00+00:00,2025-02-27 21:18:10.572000+00:00,181.955,10.572,1.514175876116718
2025-02-27 21:21:11.209000+00:00,165519,Acoustic,VPVF,acoustic,2025-02-27 21:21:11.209000+00:00,2025-02-27 21:21:23.833000+00:00,330.995,12.624,1.688280360368997
2025-02-27 21:24:20.061000+00:00,165520,Acoustic,VPVF,acoustic,2025-02-27 21:24:20.061000+00:00,2025-02-27 21:24:34.945000+00:00,281.612,14.884,1.6412662751517364
2025-02-27 21:25:55.861000+00:00,165521,Acoustic,VPVF,acoustic,2025-02-27 21:25:55.861000+00:00,2025-02-27 21:26:08.485000+00:00,154.858,12.624,1.4672555428370546
2025-02-27 21:32:09.105000+00:00,165522,Acoustic,VPVF,acoustic,2025-02-27 21:32:09.105000+00:00,2025-02-27 21:32:15.782000+00:00,119.326,6.677,1.3914125053530058
2025-02-27 21:33:45.418000+00:00,165523,Acoustic,VPVF,acoustic,2025-02-27 21:33:45.418000+00:00,2025-02-27 21:33:55.642000+00:00,120.359,10.224,1.3939206424073631
2025-02-27 21:34:26.687000+00:00,165524,Acoustic,VPVF,acoustic,2025-02-27 21:34:26.687000+00:00,2025-02-27 21:34:34.616000+00:00,207.349,7.929,1.5521903032809414
2025-02-27 21:35:09.270000+00:00,165525,Acoustic,VPVF,acoustic,2025-02-27 21:35:09.270000+00:00,2025-02-27 21:35:17.442000+00:00,71.339,8.172,1.2417291015831002
2025-02-27 21:37:38.931000+00:00,165526,Acoustic,VPVF,acoustic,2025-02-27 21:37:38.931000+00:00,2025-02-27 21:37:45.608000+00:00,449.568,6.677,1.7773729118505044
2025-02-27 21:38:59.313000+00:00,165527,Acoustic,VPVF,acoustic,2025-02-27 21:38:59.313000+00:00,2025-02-27 21:39:08.529000+00:00,235.622,9.216,1.5893846114840209
2025-02-27 21:43:18.896000+00:00,165528,Acoustic,VPVF,acoustic,2025-02-27 21:43:18.896000+00:00,2025-02-27 21:43:29.746000+00:00,420.274,10.85,1.7577667907233796
2025-02-27 21:46:05.139000+00:00,165529,Acoustic,VPVF,acoustic,2025-02-27 21:46:05.139000+00:00,2025-02-27 21:46:16.059000+00:00,247.199,10.92,1.6033412954042114
2025-02-27 21:50:39.035000+00:00,165530,Acoustic,VPVF,acoustic,2025-02-27 21:50:39.035000+00:00,2025-02-27 21:50:52.459000+00:00,56.762,13.424,1.1752186518656416
2025-02-27 21:50:58.479000+00:00,165531,Acoustic,VPVF,acoustic,2025-02-27 21:50:58.479000+00:00,2025-02-27 21:51:06.547000+00:00,84.96,8.068,1.292573717504054
2025-02-27 21:52:18.992000+00:00,165532,Acoustic,VPVF,acoustic,2025-02-27 21:52:18.992000+00:00,2025-02-27 21:52:27.477000+00:00,176.268,8.485,1.5049362295080824
2025-02-27 21:53:12.792000+00:00,165533,Acoustic,VPVF,acoustic,2025-02-27 21:53:12.792000+00:00,2025-02-27 21:53:20.720000+00:00,33.06,7.928,1.0179329089877374
2025-02-27 21:54:32.139000+00:00,165534,Acoustic,VPVF,acoustic,2025-02-27 21:54:32.139000+00:00,2025-02-27 21:54:40.277000+00:00,126.914,8.138,1.4093513865477092
2025-02-27 21:57:53.444000+00:00,165535,Acoustic,VPVF,acoustic,2025-02-27 21:57:53.444000+00:00,2025-02-27 21:58:03.216000+00:00,18.455,9.772,0.848296413186223
2025-02-27 22:00:10.305000+00:00,165536,Acoustic,VPVF,acoustic,2025-02-27 22:00:10.305000+00:00,2025-02-27 22:00:18.860000+00:00,28.248,8.555,0.9721617620518774
2025-02-27 22:00:28.339000+00:00,165537,Acoustic,VPVF,acoustic,2025-02-27 22:00:28.339000+00:00,2025-02-27 22:00:32.686000+00:00,5.643,4.347,0.5035117336809277
2025-02-27 22:01:23.479000+00:00,165538,Acoustic,VPVF,acoustic,2025-02-27 22:01:23.479000+00:00,2025-02-27 22:01:31.860000+00:00,375.692,8.381,1.7251374046764787
2025-02-27 22:03:04.174000+00:00,165539,Acoustic,VPVF,acoustic,2025-02-27 22:03:04.174000+00:00,2025-02-27 22:03:12.277000+00:00,279.307,8.103,1.638874819492521
2025-02-27 22:03:48.861000+00:00,165540,Acoustic,VPVF,acoustic,2025-02-27 22:03:48.861000+00:00,2025-02-27 22:04:01.033000+00:00,81.375,12.172,1.2800289710560866
2025-02-27 22:06:18.479000+00:00,165541,Acoustic,VPVF,acoustic,2025-02-27 22:06:18.479000+00:00,2025-02-27 22:06:27.451000+00:00,425.536,8.972,1.7613873256466364
2025-02-27 22:08:05.479000+00:00,165542,Acoustic,VPVF,acoustic,2025-02-27 22:08:05.479000+00:00,2025-02-27 22:08:12.121000+00:00,154.444,6.642,1.466476597499935
2025-02-27 22:08:53.270000+00:00,165543,Acoustic,VPVF,acoustic,2025-02-27 22:08:53.270000+00:00,2025-02-27 22:09:02.799000+00:00,216.433,9.529,1.5646667311222262
2025-02-27 22:14:41.166000+00:00,165544,Acoustic,VPVF,acoustic,2025-02-27 22:14:41.166000+00:00,2025-02-27 22:14:47.564000+00:00,9.465,6.398,0.6540008142608764
2025-02-27 22:26:39.965000+00:00,165546,Acoustic,VPVF,acoustic,2025-02-27 22:26:39.965000+00:00,2025-02-27 22:26:48.346000+00:00,323.612,8.381,1.681716493728346
2025-02-27 22:29:01.200000+00:00,165547,Acoustic,VPVF,acoustic,2025-02-27 22:29:01.200000+00:00,2025-02-27 22:29:10.625000+00:00,239.094,9.425,1.5936410140915758
2025-02-27 22:30:23.209000+00:00,165548,Acoustic,VPVF,acoustic,2025-02-27 22:30:23.209000+00:00,2025-02-27 22:30:30.407000+00:00,210.469,7.198,1.5565360521950462
2025-02-27 22:32:40.826000+00:00,165549,Acoustic,VPVF,acoustic,2025-02-27 22:32:40.826000+00:00,2025-02-27 22:32:49.486000+00:00,102.477,8.66,1.3471196900179332
2025-02-27 22:33:28.348000+00:00,165550,Acoustic,VPVF,acoustic,2025-02-27 22:33:28.348000+00:00,2025-02-27 22:33:35.373000+00:00,219.499,7.025,1.5687598058274193
2025-02-27 22:35:15.061000+00:00,165551,Acoustic,VPVF,acoustic,2025-02-27 22:35:15.061000+00:00,2025-02-27 22:35:21.877000+00:00,12.265,6.816,0.7294072602034111
2025-02-27 22:38:25.722000+00:00,165552,Acoustic,VPVF,acoustic,2025-02-27 22:38:25.722000+00:00,2025-02-27 22:38:34.938000+00:00,736.346,9.216,1.920944894423207
2025-02-27 22:41:54.383000+00:00,165553,Acoustic,VPVF,acoustic,2025-02-27 22:41:54.383000+00:00,2025-02-27 22:42:01.268000+00:00,31.021,6.885,0.9994093817915825
2025-02-27 22:44:28+00:00,165554,Acoustic,VPVF,acoustic,2025-02-27 22:44:28+00:00,2025-02-27 22:44:34.816000+00:00,331.224,6.816,1.6884816043834836
2025-02-27 22:47:08.096000+00:00,165555,Acoustic,VPVF,acoustic,2025-02-27 22:47:08.096000+00:00,2025-02-27 22:47:18.668000+00:00,183.575,10.572,1.5167550697095011
2025-02-27 22:53:48.548000+00:00,165556,Acoustic,VPVF,acoustic,2025-02-27 22:53:48.548000+00:00,2025-02-27 22:53:56.025000+00:00,112.066,7.477,1.373147493454579
2025-02-27 22:57:29.174000+00:00,165557,Acoustic,VPVF,acoustic,2025-02-27 22:57:29.174000+00:00,2025-02-27 22:57:37.242000+00:00,177.405,8.068,1.506807123430669
2025-02-27 22:58:34.687000+00:00,165558,Acoustic,VPVF,acoustic,2025-02-27 22:58:34.687000+00:00,2025-02-27 22:58:42.964000+00:00,14.426,8.277,0.7766277716622118
2025-02-27 22:58:52.792000+00:00,165559,Acoustic,VPVF,acoustic,2025-02-27 22:58:52.792000+00:00,2025-02-27 22:58:57.556000+00:00,21.102,4.764,0.8872968245293928
2025-02-27 22:59:13.652000+00:00,165560,Acoustic,VPVF,acoustic,2025-02-27 22:59:13.652000+00:00,2025-02-27 22:59:18.139000+00:00,6.892,4.487,0.5616913300799139
2025-02-27 23:01:39.574000+00:00,165561,Acoustic,VPVF,acoustic,2025-02-27 23:01:39.574000+00:00,2025-02-27 23:01:44.408000+00:00,25.53,4.834,0.9427240459188478
2025-02-27 23:03:19.722000+00:00,165562,Acoustic,VPVF,acoustic,2025-02-27 23:03:19.722000+00:00,2025-02-27 23:03:31.859000+00:00,6.296,12.137,0.5353733619651755
2025-02-27 23:03:50.348000+00:00,165563,Acoustic,VPVF,acoustic,2025-02-27 23:03:50.348000+00:00,2025-02-27 23:03:56.677000+00:00,18.623,6.329,0.8509332609889976
2025-02-27 23:04:51.235000+00:00,165564,Acoustic,VPVF,acoustic,2025-02-27 23:04:51.235000+00:00,2025-02-27 23:04:58.886000+00:00,8.362,7.651,0.6179478093536453
2025-02-27 23:07:28.896000+00:00,165565,Acoustic,VPVF,acoustic,2025-02-27 23:07:28.896000+00:00,2025-02-27 23:07:35.747000+00:00,205.474,6.851,1.5495471065864028
2025-02-27 23:10:02.209000+00:00,165566,Acoustic,VPVF,acoustic,2025-02-27 23:10:02.209000+00:00,2025-02-27 23:10:12.224000+00:00,8.517,10.015,0.6232920536544981
2025-02-27 23:10:40.166000+00:00,165567,Acoustic,VPVF,acoustic,2025-02-27 23:10:40.166000+00:00,2025-02-27 23:10:48.616000+00:00,185.0,8.45,1.5190050580300194
2025-02-27 23:13:56.479000+00:00,165568,Acoustic,VPVF,acoustic,2025-02-27 23:13:56.479000+00:00,2025-02-27 23:14:06.494000+00:00,898.414,10.015,1.97882926231916
2025-02-27 23:17:17.035000+00:00,165569,Acoustic,VPVF,acoustic,2025-02-27 23:17:17.035000+00:00,2025-02-27 23:17:26.320000+00:00,72.846,9.285,1.2478118253615649
2025-02-27 23:18:21.444000+00:00,165570,Acoustic,VPVF,acoustic,2025-02-27 23:18:21.444000+00:00,2025-02-27 23:18:29.129000+00:00,41.591,7.685,1.0847295728889097
2025-02-27 23:19:58.339000+00:00,165571,Acoustic,VPVF,acoustic,2025-02-27 23:19:58.339000+00:00,2025-02-27 23:20:04.982000+00:00,69.172,6.643,1.2327533229791492
2025-02-27 23:20:45.826000+00:00,165572,Acoustic,VPVF,acoustic,2025-02-27 23:20:45.826000+00:00,2025-02-27 23:20:51.808000+00:00,109.791,5.982,1.3671797163002957
2025-02-27 23:32:30.861000+00:00,165573,Acoustic,VPVF,acoustic,2025-02-27 23:32:30.861000+00:00,2025-02-27 23:32:39.312000+00:00,22.363,8.451,0.9041851427434968
2025-02-28 00:52:10.487000+00:00,165594,Acoustic,VPVF,acoustic,2025-02-28 00:52:10.487000+00:00,2025-02-28 00:52:15.738000+00:00,9.712,5.251,0.6614968113998922
2025-02-27 23:34:50.217000+00:00,165574,Acoustic,VPVF,acoustic,2025-02-27 23:34:50.217000+00:00,2025-02-27 23:34:59.503000+00:00,416.162,9.286,1.754905822738842
2025-02-27 23:36:07.800000+00:00,165575,Acoustic,VPVF,acoustic,2025-02-27 23:36:07.800000+00:00,2025-02-27 23:36:19.207000+00:00,15.953,11.407,0.8059043846804038
2025-02-27 23:40:31.313000+00:00,165576,Acoustic,VPVF,acoustic,2025-02-27 23:40:31.313000+00:00,2025-02-27 23:40:39.938000+00:00,157.493,8.625,1.4721650413321992
2025-02-27 23:44:53.618000+00:00,165577,Acoustic,VPVF,acoustic,2025-02-27 23:44:53.618000+00:00,2025-02-27 23:45:05.372000+00:00,49.499,11.754,1.1353796048967622
2025-02-27 23:51:33.348000+00:00,165578,Acoustic,VPVF,acoustic,2025-02-27 23:51:33.348000+00:00,2025-02-27 23:51:40.686000+00:00,128.539,7.338,1.4130533943158785
2025-02-27 23:57:36.235000+00:00,165579,Acoustic,VPVF,acoustic,2025-02-27 23:57:36.235000+00:00,2025-02-27 23:57:42.356000+00:00,42.45,6.121,1.090678055368581
2025-02-28 00:08:09.965000+00:00,165582,Acoustic,VPVF,acoustic,2025-02-28 00:08:09.965000+00:00,2025-02-28 00:08:20.050000+00:00,40.844,10.085,1.0794559392385212
2025-02-28 00:09:18.757000+00:00,165583,Acoustic,VPVF,acoustic,2025-02-28 00:09:18.757000+00:00,2025-02-28 00:09:26.720000+00:00,27.773,7.963,0.9672272720851932
2025-02-28 00:21:10.061000+00:00,165584,Acoustic,VPVF,acoustic,2025-02-28 00:21:10.061000+00:00,2025-02-28 00:21:19.451000+00:00,1128.972,9.39,2.0452977245569453
2025-02-28 00:23:23.922000+00:00,165585,Acoustic,VPVF,acoustic,2025-02-28 00:23:23.922000+00:00,2025-02-28 00:23:32.060000+00:00,152.187,8.138,1.4621929625549723
2025-02-28 00:30:18.070000+00:00,165586,Acoustic,VPVF,acoustic,2025-02-28 00:30:18.070000+00:00,2025-02-28 00:30:27.494000+00:00,290.515,9.424,1.6503229358643554
2025-02-28 00:33:45.826000+00:00,165587,Acoustic,VPVF,acoustic,2025-02-28 00:33:45.826000+00:00,2025-02-28 00:33:53.303000+00:00,34.284,7.477,1.0285112959083464
2025-02-28 00:39:44.278000+00:00,165588,Acoustic,VPVF,acoustic,2025-02-28 00:39:44.278000+00:00,2025-02-28 00:39:54.224000+00:00,817.196,9.946,1.9512585755651684
2025-02-28 00:40:09.209000+00:00,165589,Acoustic,VPVF,acoustic,2025-02-28 00:40:09.209000+00:00,2025-02-28 00:40:14.530000+00:00,36.027,5.321,1.0429408266947682
2025-02-28 00:42:49.070000+00:00,165590,Acoustic,VPVF,acoustic,2025-02-28 00:42:49.070000+00:00,2025-02-28 00:42:57.764000+00:00,11.96,8.694,0.7220798903671027
2025-02-28 00:43:31.348000+00:00,165591,Acoustic,VPVF,acoustic,2025-02-28 00:43:31.348000+00:00,2025-02-28 00:43:37.469000+00:00,7.065,6.121,0.5689051513436669
2025-02-28 00:44:30.722000+00:00,165592,Acoustic,VPVF,acoustic,2025-02-28 00:44:30.722000+00:00,2025-02-28 00:44:38.512000+00:00,16.551,7.79,0.8166122399138597
2025-02-28 00:50:44.313000+00:00,165593,Acoustic,VPVF,acoustic,2025-02-28 00:50:44.313000+00:00,2025-02-28 00:50:52.242000+00:00,40.563,7.929,1.0774471452319028
2025-02-28 00:53:24.409000+00:00,165595,Acoustic,VPVF,acoustic,2025-02-28 00:53:24.409000+00:00,2025-02-28 00:53:32.477000+00:00,323.369,8.068,1.6814979170223112
2025-02-28 00:54:25.792000+00:00,165596,Acoustic,VPVF,acoustic,2025-02-28 00:54:25.792000+00:00,2025-02-28 00:54:33.616000+00:00,419.537,7.824,1.7572560797961077
2025-02-28 01:00:50.992000+00:00,165597,Acoustic,VPVF,acoustic,2025-02-28 01:00:50.992000+00:00,2025-02-28 01:00:58.677000+00:00,70.82,7.685,1.239604468022802
2025-02-28 01:10:44.583000+00:00,165598,Acoustic,VPVF,acoustic,2025-02-28 01:10:44.583000+00:00,2025-02-28 01:10:52.686000+00:00,16.594,8.103,0.8173672274560625
2025-02-28 01:17:15.174000+00:00,165599,Acoustic,VPVF,acoustic,2025-02-28 01:17:15.174000+00:00,2025-02-28 01:17:20.808000+00:00,68.902,5.634,1.231615324921354
2025-02-28 01:17:47.270000+00:00,165600,Acoustic,VPVF,acoustic,2025-02-28 01:17:47.270000+00:00,2025-02-28 01:17:53.634000+00:00,238.558,6.364,1.5929879700352076
2025-02-28 01:18:14+00:00,165601,Acoustic,VPVF,acoustic,2025-02-28 01:18:14+00:00,2025-02-28 01:18:20.225000+00:00,78.199,6.225,1.26844480358893
2025-02-28 01:25:09.548000+00:00,165602,Acoustic,VPVF,acoustic,2025-02-28 01:25:09.548000+00:00,2025-02-28 01:25:18.173000+00:00,38.743,8.625,1.0640894751942953
2025-02-28 01:26:05.061000+00:00,165603,Acoustic,VPVF,acoustic,2025-02-28 01:26:05.061000+00:00,2025-02-28 01:26:12.851000+00:00,123.681,7.79,1.4018430019577757
2025-02-28 01:32:53.505000+00:00,165604,Acoustic,VPVF,acoustic,2025-02-28 01:32:53.505000+00:00,2025-02-28 01:33:02.894000+00:00,606.214,9.389,1.8643593944136667
2025-02-28 01:35:24.470000+00:00,165605,Acoustic,VPVF,acoustic,2025-02-28 01:35:24.470000+00:00,2025-02-28 01:35:30.591000+00:00,115.475,6.121,1.3818669405154516
2025-02-28 01:39:07.904000+00:00,165606,Acoustic,VPVF,acoustic,2025-02-28 01:39:07.904000+00:00,2025-02-28 01:39:16.216000+00:00,306.109,8.312,1.6655369860645413
2025-02-28 01:42:26.583000+00:00,165607,Acoustic,VPVF,acoustic,2025-02-28 01:42:26.583000+00:00,2025-02-28 01:42:32.947000+00:00,18.582,6.364,0.8502919453460884
2025-02-28 01:45:18.409000+00:00,165608,Acoustic,VPVF,acoustic,2025-02-28 01:45:18.409000+00:00,2025-02-28 01:45:25.016000+00:00,31.273,6.607,1.0017635950486072
2025-02-28 01:59:44.957000+00:00,165609,Acoustic,VPVF,acoustic,2025-02-28 01:59:44.957000+00:00,2025-02-28 01:59:52.816000+00:00,77.433,7.859,1.2655804773085075
2025-02-28 02:05:45.957000+00:00,165610,Acoustic,VPVF,acoustic,2025-02-28 02:05:45.957000+00:00,2025-02-28 02:05:52.495000+00:00,112.378,6.538,1.3739564700988574
2025-02-28 02:06:55.783000+00:00,165611,Acoustic,VPVF,acoustic,2025-02-28 02:06:55.783000+00:00,2025-02-28 02:07:01.695000+00:00,76.281,5.912,1.261218973100506
2025-02-28 02:12:08.270000+00:00,165612,Acoustic,VPVF,acoustic,2025-02-28 02:12:08.270000+00:00,2025-02-28 02:12:15.886000+00:00,550.339,7.616,1.8362222945406044
2025-02-28 02:15:02.313000+00:00,165613,Acoustic,VPVF,acoustic,2025-02-28 02:15:02.313000+00:00,2025-02-28 02:15:11.494000+00:00,295.423,9.181,1.6551976837183957
2025-02-28 02:21:32.096000+00:00,165614,Acoustic,VPVF,acoustic,2025-02-28 02:21:32.096000+00:00,2025-02-28 02:21:38.738000+00:00,74.801,6.642,1.2555179606140805
2025-02-28 02:25:41.070000+00:00,165615,Acoustic,VPVF,acoustic,2025-02-28 02:25:41.070000+00:00,2025-02-28 02:25:48.825000+00:00,308.531,7.755,1.6678302005487715
2025-02-28 02:29:24+00:00,165616,Acoustic,VPVF,acoustic,2025-02-28 02:29:24+00:00,2025-02-28 02:29:32.277000+00:00,57.661,8.277,1.1797910538837924
2025-02-28 02:31:11.479000+00:00,165617,Acoustic,VPVF,acoustic,2025-02-28 02:31:11.479000+00:00,2025-02-28 02:31:17.356000+00:00,18.547,5.877,0.8497433602176327
2025-02-28 02:34:34.409000+00:00,165618,Acoustic,VPVF,acoustic,2025-02-28 02:34:34.409000+00:00,2025-02-28 02:34:39.069000+00:00,9.633,4.66,0.6591202453917305
2025-02-28 02:39:15.861000+00:00,165619,Acoustic,VPVF,acoustic,2025-02-28 02:39:15.861000+00:00,2025-02-28 02:39:28.067000+00:00,900.532,12.206,1.9795144304256516
2025-02-28 02:41:30.131000+00:00,165620,Acoustic,VPVF,acoustic,2025-02-28 02:41:30.131000+00:00,2025-02-28 02:41:37.329000+00:00,110.61,7.198,1.369342242858272
2025-02-28 02:42:47.200000+00:00,165621,Acoustic,VPVF,acoustic,2025-02-28 02:42:47.200000+00:00,2025-02-28 02:42:56.346000+00:00,431.729,9.146,1.7655915187159097
2025-02-28 02:45:59.992000+00:00,165622,Acoustic,VPVF,acoustic,2025-02-28 02:45:59.992000+00:00,2025-02-28 02:46:07.225000+00:00,44.935,7.233,1.107231779837862
2025-02-28 02:48:15.479000+00:00,165623,Acoustic,VPVF,acoustic,2025-02-28 02:48:15.479000+00:00,2025-02-28 02:48:22.225000+00:00,31.316,6.746,1.0021634105430928
2025-02-28 02:52:45.548000+00:00,165624,Acoustic,VPVF,acoustic,2025-02-28 02:52:45.548000+00:00,2025-02-28 02:52:55.598000+00:00,298.6,10.05,1.6583101682706345
2025-02-28 02:55:23.313000+00:00,165625,Acoustic,VPVF,acoustic,2025-02-28 02:55:23.313000+00:00,2025-02-28 02:55:36.250000+00:00,178.589,12.937,1.5087426526638386
2025-02-28 02:59:35.209000+00:00,165626,Acoustic,VPVF,acoustic,2025-02-28 02:59:35.209000+00:00,2025-02-28 02:59:44.633000+00:00,658.176,9.424,1.888289168109656
2025-02-28 03:03:03.826000+00:00,165627,Acoustic,VPVF,acoustic,2025-02-28 03:03:03.826000+00:00,2025-02-28 03:03:13.355000+00:00,131.89,9.529,1.4205419517322395
2025-02-28 03:05:29.444000+00:00,165628,Acoustic,VPVF,acoustic,2025-02-28 03:05:29.444000+00:00,2025-02-28 03:05:38.625000+00:00,421.536,9.181,1.7586392289964508
2025-02-28 03:06:51.487000+00:00,165629,Acoustic,VPVF,acoustic,2025-02-28 03:06:51.487000+00:00,2025-02-28 03:06:59.590000+00:00,450.137,8.103,1.7777409571707143
2025-02-28 03:10:33+00:00,165630,Acoustic,VPVF,acoustic,2025-02-28 03:10:33+00:00,2025-02-28 03:10:42.564000+00:00,585.936,9.564,1.8544596219055185
2025-02-28 03:12:48.792000+00:00,165631,Acoustic,VPVF,acoustic,2025-02-28 03:12:48.792000+00:00,2025-02-28 03:12:58.112000+00:00,55.982,9.32,1.1711924346407985
2025-02-28 03:15:09.035000+00:00,165632,Acoustic,VPVF,acoustic,2025-02-28 03:15:09.035000+00:00,2025-02-28 03:15:16.407000+00:00,65.531,7.372,1.2170193528645472
2025-02-28 03:19:25.479000+00:00,165633,Acoustic,VPVF,acoustic,2025-02-28 03:19:25.479000+00:00,2025-02-28 03:19:31.495000+00:00,67.507,6.016,1.2256637016562453
2025-02-28 03:20:54.896000+00:00,165634,Acoustic,VPVF,acoustic,2025-02-28 03:20:54.896000+00:00,2025-02-28 03:21:07.415000+00:00,197.696,12.519,1.5383185811311766
2025-02-28 03:23:07.652000+00:00,165635,Acoustic,VPVF,acoustic,2025-02-28 03:23:07.652000+00:00,2025-02-28 03:23:17.181000+00:00,120.427,9.529,1.394084991307395
2025-02-28 03:25:32.270000+00:00,165636,Acoustic,VPVF,acoustic,2025-02-28 03:25:32.270000+00:00,2025-02-28 03:25:39.016000+00:00,9.757,6.746,0.6628419243432675
2025-02-28 03:27:49.061000+00:00,165637,Acoustic,VPVF,acoustic,2025-02-28 03:27:49.061000+00:00,2025-02-28 03:27:57.651000+00:00,29.212,8.59,0.9819260656195063
2025-02-28 03:28:55.096000+00:00,165638,Acoustic,VPVF,acoustic,2025-02-28 03:28:55.096000+00:00,2025-02-28 03:29:03.025000+00:00,146.785,7.929,1.4516767237062886
2025-02-28 03:31:05.113000+00:00,165639,Acoustic,VPVF,acoustic,2025-02-28 03:31:05.113000+00:00,2025-02-28 03:31:13.042000+00:00,960.39,7.929,1.9982399116609944
2025-02-28 03:32:43.850000+00:00,165644,Acoustic,VPVF,acoustic,2025-02-28 03:32:43.850000+00:00,2025-02-28 03:32:51.219000+00:00,47.058,7.369,1.120664421813802
2025-02-28 03:33:21.850000+00:00,165645,Acoustic,VPVF,acoustic,2025-02-28 03:33:21.850000+00:00,2025-02-28 03:33:35.294000+00:00,253.328,13.444,1.6104677402635177
2025-02-28 03:36:49.063000+00:00,165646,Acoustic,VPVF,acoustic,2025-02-28 03:36:49.063000+00:00,2025-02-28 03:36:57.725000+00:00,24.589,8.662,0.9317963808584536
2025-02-28 03:39:09.794000+00:00,165647,Acoustic,VPVF,acoustic,2025-02-28 03:39:09.794000+00:00,2025-02-28 03:39:19.919000+00:00,69.628,10.125,1.2346652268333616
2025-02-28 03:41:02.131000+00:00,165648,Acoustic,VPVF,acoustic,2025-02-28 03:41:02.131000+00:00,2025-02-28 03:41:10.850000+00:00,26.863,8.719,0.9575335230945696
2025-02-28 03:43:32.850000+00:00,165649,Acoustic,VPVF,acoustic,2025-02-28 03:43:32.850000+00:00,2025-02-28 03:43:44.044000+00:00,8.548,11.194,0.6243492240396613
2025-02-28 03:47:10.906000+00:00,165650,Acoustic,VPVF,acoustic,2025-02-28 03:47:10.906000+00:00,2025-02-28 03:47:18.444000+00:00,7.855,7.538,0.5997479468819148
2025-02-28 03:47:56.175000+00:00,165651,Acoustic,VPVF,acoustic,2025-02-28 03:47:56.175000+00:00,2025-02-28 03:48:04.163000+00:00,23.072,7.988,0.9132671128363544
2025-02-28 03:51:43.400000+00:00,165652,Acoustic,VPVF,acoustic,2025-02-28 03:51:43.400000+00:00,2025-02-28 03:51:54.369000+00:00,483.707,10.969,1.798670189479316
2025-02-28 03:55:39.456000+00:00,165653,Acoustic,VPVF,acoustic,2025-02-28 03:55:39.456000+00:00,2025-02-28 03:55:48.681000+00:00,130.507,9.225,1.417474650381123
2025-02-28 03:56:08.513000+00:00,165654,Acoustic,VPVF,acoustic,2025-02-28 03:56:08.513000+00:00,2025-02-28 03:56:15.375000+00:00,16.53,6.862,0.81624281189287
2025-02-28 03:58:21.725000+00:00,165655,Acoustic,VPVF,acoustic,2025-02-28 03:58:21.725000+00:00,2025-02-28 03:58:31.119000+00:00,344.605,9.394,1.7000054549118009
2025-02-28 03:59:58.569000+00:00,165656,Acoustic,VPVF,acoustic,2025-02-28 03:59:58.569000+00:00,2025-02-28 04:00:07.063000+00:00,118.879,8.494,1.390320445933117
2025-02-28 04:01:28.131000+00:00,165657,Acoustic,VPVF,acoustic,2025-02-28 04:01:28.131000+00:00,2025-02-28 04:01:35.894000+00:00,62.294,7.763,1.2022789664158469
2025-02-28 04:07:22.681000+00:00,165658,Acoustic,VPVF,acoustic,2025-02-28 04:07:22.681000+00:00,2025-02-28 04:07:30.444000+00:00,39.529,7.763,1.0699336045932613
2025-02-28 04:08:10.950000+00:00,165659,Acoustic,VPVF,acoustic,2025-02-28 04:08:10.950000+00:00,2025-02-28 04:08:20.344000+00:00,191.395,9.394,1.5288934940181118
2025-02-28 04:10:36.681000+00:00,165660,Acoustic,VPVF,acoustic,2025-02-28 04:10:36.681000+00:00,2025-02-28 04:10:51.138000+00:00,262.241,14.457,1.6205293968535686
2025-02-28 04:12:19.681000+00:00,165661,Acoustic,VPVF,acoustic,2025-02-28 04:12:19.681000+00:00,2025-02-28 04:12:28.738000+00:00,1163.972,9.057,2.0541814972720847
2025-02-28 04:16:28.781000+00:00,165662,Acoustic,VPVF,acoustic,2025-02-28 04:16:28.781000+00:00,2025-02-28 04:16:37.444000+00:00,55.121,8.663,1.1666824488934704
2025-02-28 04:17:53.075000+00:00,165663,Acoustic,VPVF,acoustic,2025-02-28 04:17:53.075000+00:00,2025-02-28 04:18:04.606000+00:00,90.23,11.531,1.310085141436332
2025-02-28 04:22:24.075000+00:00,165664,Acoustic,VPVF,acoustic,2025-02-28 04:22:24.075000+00:00,2025-02-28 04:22:32.344000+00:00,116.233,8.269,1.383770729615377
2025-02-28 04:23:51.794000+00:00,165665,Acoustic,VPVF,acoustic,2025-02-28 04:23:51.794000+00:00,2025-02-28 04:24:02.481000+00:00,613.867,10.687,1.8680097725516585
2025-02-28 04:31:13.963000+00:00,165666,Acoustic,VPVF,acoustic,2025-02-28 04:31:13.963000+00:00,2025-02-28 04:31:22.906000+00:00,44.443,8.943,1.1040282559493682
2025-02-28 04:32:18.075000+00:00,165667,Acoustic,VPVF,acoustic,2025-02-28 04:32:18.075000+00:00,2025-02-28 04:32:28.538000+00:00,43.25,10.463,1.0961106949065582
2025-02-28 04:39:23.838000+00:00,165668,Acoustic,VPVF,acoustic,2025-02-28 04:39:23.838000+00:00,2025-02-28 04:39:32.444000+00:00,6.377,8.606,0.5390929993814609
2025-02-28 04:42:26.919000+00:00,165669,Acoustic,VPVF,acoustic,2025-02-28 04:42:26.919000+00:00,2025-02-28 04:42:40.925000+00:00,816.442,14.006,1.9509899763994452
2025-02-28 04:46:10.019000+00:00,165670,Acoustic,VPVF,acoustic,2025-02-28 04:46:10.019000+00:00,2025-02-28 04:46:18.850000+00:00,285.411,8.831,1.6451653738281802
2025-02-28 04:46:20.781000+00:00,165671,Acoustic,VPVF,acoustic,2025-02-28 04:46:20.781000+00:00,2025-02-28 04:46:30.513000+00:00,766.863,9.732,1.9327609154219296
2025-02-28 04:47:52.738000+00:00,165672,Acoustic,VPVF,acoustic,2025-02-28 04:47:52.738000+00:00,2025-02-28 04:48:01.063000+00:00,28.044,8.325,0.9700527721547008
2025-02-28 04:48:44.850000+00:00,165673,Acoustic,VPVF,acoustic,2025-02-28 04:48:44.850000+00:00,2025-02-28 04:48:55.931000+00:00,45.91,11.081,1.113477886153234
2025-02-28 04:54:41.681000+00:00,165674,Acoustic,VPVF,acoustic,2025-02-28 04:54:41.681000+00:00,2025-02-28 04:54:49.669000+00:00,78.554,7.988,1.2697627639357358
2025-02-28 04:55:06.738000+00:00,165675,Acoustic,VPVF,acoustic,2025-02-28 04:55:06.738000+00:00,2025-02-28 04:55:12.756000+00:00,8.462,6.018,0.6214069240668348
2025-02-28 04:56:18.288000+00:00,165676,Acoustic,VPVF,acoustic,2025-02-28 04:56:18.288000+00:00,2025-02-28 04:56:24.644000+00:00,13.877,6.356,0.7653380441541416
2025-02-28 05:00:10.288000+00:00,165677,Acoustic,VPVF,acoustic,2025-02-28 05:00:10.288000+00:00,2025-02-28 05:00:16.981000+00:00,47.435,6.693,1.1229862662941896
2025-02-28 05:00:19.681000+00:00,165678,Acoustic,VPVF,acoustic,2025-02-28 05:00:19.681000+00:00,2025-02-28 05:00:28.288000+00:00,41.741,8.607,1.0857771090711974
2025-02-28 05:02:15.356000+00:00,165679,Acoustic,VPVF,acoustic,2025-02-28 05:02:15.356000+00:00,2025-02-28 05:02:24.525000+00:00,1674.536,9.169,2.1600093073975137
2025-02-28 05:03:40.794000+00:00,165680,Acoustic,VPVF,acoustic,2025-02-28 05:03:40.794000+00:00,2025-02-28 05:03:51.875000+00:00,41.664,11.081,1.0852398449098932
2025-02-28 05:07:27.681000+00:00,165681,Acoustic,VPVF,acoustic,2025-02-28 05:07:27.681000+00:00,2025-02-28 05:07:38.538000+00:00,71.956,10.857,1.244234898790211
2025-02-28 05:09:52.806000+00:00,165682,Acoustic,VPVF,acoustic,2025-02-28 05:09:52.806000+00:00,2025-02-28 05:10:03.381000+00:00,54.745,10.575,1.1646907882700104
2025-02-28 05:12:21.681000+00:00,165683,Acoustic,VPVF,acoustic,2025-02-28 05:12:21.681000+00:00,2025-02-28 05:12:29.050000+00:00,29.742,7.369,0.9871580134234924
2025-02-28 05:13:01.638000+00:00,165684,Acoustic,VPVF,acoustic,2025-02-28 05:13:01.638000+00:00,2025-02-28 05:13:08.219000+00:00,128.259,6.581,1.4124188591785944
2025-02-28 05:13:46.850000+00:00,165685,Acoustic,VPVF,acoustic,2025-02-28 05:13:46.850000+00:00,2025-02-28 05:13:54.781000+00:00,35.616,7.931,1.0396022455785916
2025-02-28 05:14:43.681000+00:00,165686,Acoustic,VPVF,acoustic,2025-02-28 05:14:43.681000+00:00,2025-02-28 05:14:50.713000+00:00,14.238,7.032,0.7728108223626584
2025-02-28 05:15:51.006000+00:00,165687,Acoustic,VPVF,acoustic,2025-02-28 05:15:51.006000+00:00,2025-02-28 05:15:59.331000+00:00,351.867,8.325,1.7060736206259652
2025-02-28 05:16:07.400000+00:00,165688,Acoustic,VPVF,acoustic,2025-02-28 05:16:07.400000+00:00,2025-02-28 05:16:14.319000+00:00,18.459,6.919,0.8483594737711532
2025-02-28 05:18:22.300000+00:00,165689,Acoustic,VPVF,acoustic,2025-02-28 05:18:22.300000+00:00,2025-02-28 05:18:32.650000+00:00,401.574,10.35,1.7445229429899385
2025-02-28 05:20:33.188000+00:00,165690,Acoustic,VPVF,acoustic,2025-02-28 05:20:33.188000+00:00,2025-02-28 05:20:42.694000+00:00,215.542,9.506,1.5634663785808571
2025-02-28 05:23:21.794000+00:00,165691,Acoustic,VPVF,acoustic,2025-02-28 05:23:21.794000+00:00,2025-02-28 05:23:30.231000+00:00,134.417,8.437,1.426064312878217
2025-02-28 05:28:34.681000+00:00,165692,Acoustic,VPVF,acoustic,2025-02-28 05:28:34.681000+00:00,2025-02-28 05:28:40.925000+00:00,40.955,6.244,1.08024564327999
2025-02-28 05:29:26.469000+00:00,165693,Acoustic,VPVF,acoustic,2025-02-28 05:29:26.469000+00:00,2025-02-28 05:29:36.706000+00:00,151.156,10.237,1.4602150118230135
2025-02-28 05:30:38.469000+00:00,165694,Acoustic,VPVF,acoustic,2025-02-28 05:30:38.469000+00:00,2025-02-28 05:30:47.188000+00:00,56.03,8.719,1.171441817053271
2025-02-28 05:32:22.625000+00:00,165695,Acoustic,VPVF,acoustic,2025-02-28 05:32:22.625000+00:00,2025-02-28 05:32:32.525000+00:00,46.92,9.9,1.1198098623071395
2025-02-28 05:34:11.681000+00:00,165696,Acoustic,VPVF,acoustic,2025-02-28 05:34:11.681000+00:00,2025-02-28 05:34:19.556000+00:00,333.706,7.875,1.6906538902481087
2025-02-28 05:35:52.681000+00:00,165697,Acoustic,VPVF,acoustic,2025-02-28 05:35:52.681000+00:00,2025-02-28 05:36:01.231000+00:00,8.304,8.55,0.6159225181379364
2025-02-28 05:36:00.456000+00:00,165698,Acoustic,VPVF,acoustic,2025-02-28 05:36:00.456000+00:00,2025-02-28 05:36:11.088000+00:00,116.584,10.632,1.384648097768815
2025-02-28 05:38:28.188000+00:00,165699,Acoustic,VPVF,acoustic,2025-02-28 05:38:28.188000+00:00,2025-02-28 05:38:35.950000+00:00,348.48,7.762,1.7032591649107065
2025-02-28 05:41:29.850000+00:00,165700,Acoustic,VPVF,acoustic,2025-02-28 05:41:29.850000+00:00,2025-02-28 05:41:39.975000+00:00,439.017,10.125,1.7704624962578344
2025-02-28 05:44:35.400000+00:00,165701,Acoustic,VPVF,acoustic,2025-02-28 05:44:35.400000+00:00,2025-02-28 05:44:49.688000+00:00,294.507,14.288,1.6542940665989545
2025-02-28 05:46:08.769000+00:00,165702,Acoustic,VPVF,acoustic,2025-02-28 05:46:08.769000+00:00,2025-02-28 05:46:17.094000+00:00,9.239,8.325,0.6469687279631927
2025-02-28 05:46:25.006000+00:00,165703,Acoustic,VPVF,acoustic,2025-02-28 05:46:25.006000+00:00,2025-02-28 05:46:38.394000+00:00,64.257,13.388,1.2113066985227283
2025-02-28 05:47:01.300000+00:00,165704,Acoustic,VPVF,acoustic,2025-02-28 05:47:01.300000+00:00,2025-02-28 05:47:10.919000+00:00,13.904,9.619,0.7659036386000763
2025-02-28 05:47:11.288000+00:00,165705,Acoustic,VPVF,acoustic,2025-02-28 05:47:11.288000+00:00,2025-02-28 05:47:18.881000+00:00,8.161,7.593,0.6108680631634743
2025-02-28 05:47:30.063000+00:00,165706,Acoustic,VPVF,acoustic,2025-02-28 05:47:30.063000+00:00,2025-02-28 05:47:35.800000+00:00,3.908,5.737,0.3966095518813127
2025-02-28 05:48:54.794000+00:00,165707,Acoustic,VPVF,acoustic,2025-02-28 05:48:54.794000+00:00,2025-02-28 05:49:03.906000+00:00,271.613,9.112,1.6307468701094072
2025-02-28 05:50:01.188000+00:00,165708,Acoustic,VPVF,acoustic,2025-02-28 05:50:01.188000+00:00,2025-02-28 05:50:12.269000+00:00,282.097,11.081,1.6417669733017266
2025-02-28 05:51:22.131000+00:00,165709,Acoustic,VPVF,acoustic,2025-02-28 05:51:22.131000+00:00,2025-02-28 05:51:30.288000+00:00,32.572,8.157,1.0136057655009358
2025-02-28 05:53:17.681000+00:00,165710,Acoustic,VPVF,acoustic,2025-02-28 05:53:17.681000+00:00,2025-02-28 05:53:26.288000+00:00,69.002,8.607,1.232037324796451
2025-02-28 05:56:36.569000+00:00,165711,Acoustic,VPVF,acoustic,2025-02-28 05:56:36.569000+00:00,2025-02-28 05:56:45.231000+00:00,177.441,8.662,1.5068661641578545
2025-02-28 05:59:48.075000+00:00,165712,Acoustic,VPVF,acoustic,2025-02-28 05:59:48.075000+00:00,2025-02-28 05:59:53.925000+00:00,3.881,5.85,0.39459224063581
2025-02-28 06:04:48.794000+00:00,165713,Acoustic,VPVF,acoustic,2025-02-28 06:04:48.794000+00:00,2025-02-28 06:05:01.563000+00:00,3112.223,12.769,2.340357374305789
2025-02-28 06:06:04.794000+00:00,165714,Acoustic,VPVF,acoustic,2025-02-28 06:06:04.794000+00:00,2025-02-28 06:06:16.606000+00:00,348.09,11.812,1.7029333364656711
2025-02-28 06:12:01.963000+00:00,165715,Acoustic,VPVF,acoustic,2025-02-28 06:12:01.963000+00:00,2025-02-28 06:12:10.963000+00:00,73.276,9.0,1.2495243751680072
2025-02-28 06:12:11.344000+00:00,165716,Acoustic,VPVF,acoustic,2025-02-28 06:12:11.344000+00:00,2025-02-28 06:12:17.531000+00:00,112.554,6.187,1.3744118256352629
2025-02-28 06:14:29.175000+00:00,165717,Acoustic,VPVF,acoustic,2025-02-28 06:14:29.175000+00:00,2025-02-28 06:14:40.706000+00:00,93.962,11.531,1.3218780090068505
2025-02-28 06:16:10.850000+00:00,165718,Acoustic,VPVF,acoustic,2025-02-28 06:16:10.850000+00:00,2025-02-28 06:16:19.794000+00:00,172.757,8.944,1.4990818879987573
2025-02-28 06:17:35.513000+00:00,165719,Acoustic,VPVF,acoustic,2025-02-28 06:17:35.513000+00:00,2025-02-28 06:17:45.638000+00:00,740.617,10.125,1.9226277632894857
2025-02-28 06:20:05.850000+00:00,165720,Acoustic,VPVF,acoustic,2025-02-28 06:20:05.850000+00:00,2025-02-28 06:20:14.850000+00:00,14.715,9.0,0.7823993785118719
2025-02-28 06:23:44.288000+00:00,165721,Acoustic,VPVF,acoustic,2025-02-28 06:23:44.288000+00:00,2025-02-28 06:23:50.194000+00:00,7.446,5.906,0.5841884313611903
2025-02-28 06:27:07.288000+00:00,165722,Acoustic,VPVF,acoustic,2025-02-28 06:27:07.288000+00:00,2025-02-28 06:27:14.094000+00:00,62.65,6.806,1.203937120471213
2025-02-28 06:27:52.569000+00:00,165723,Acoustic,VPVF,acoustic,2025-02-28 06:27:52.569000+00:00,2025-02-28 06:27:56.844000+00:00,30.139,4.275,0.9910163217949716
2025-02-28 06:31:02.344000+00:00,165724,Acoustic,VPVF,acoustic,2025-02-28 06:31:02.344000+00:00,2025-02-28 06:31:10.106000+00:00,28.852,7.762,0.9783178687570792
2025-02-28 06:31:34.906000+00:00,165725,Acoustic,VPVF,acoustic,2025-02-28 06:31:34.906000+00:00,2025-02-28 06:31:42.275000+00:00,83.598,7.369,1.2878712446213774
2025-02-28 06:33:04.738000+00:00,165726,Acoustic,VPVF,acoustic,2025-02-28 06:33:04.738000+00:00,2025-02-28 06:33:09.294000+00:00,60.284,4.556,1.1927353809810233
2025-02-28 06:35:06.625000+00:00,165727,Acoustic,VPVF,acoustic,2025-02-28 06:35:06.625000+00:00,2025-02-28 06:35:13.431000+00:00,88.135,6.806,1.3032494339274108
2025-02-28 06:43:46.019000+00:00,165728,Acoustic,VPVF,acoustic,2025-02-28 06:43:46.019000+00:00,2025-02-28 06:43:55.131000+00:00,493.319,9.112,1.8043956544593465
2025-02-28 06:45:27.625000+00:00,165729,Acoustic,VPVF,acoustic,2025-02-28 06:45:27.625000+00:00,2025-02-28 06:45:34.488000+00:00,35.475,6.863,1.0384480107667728
2025-02-28 06:49:59.469000+00:00,165730,Acoustic,VPVF,acoustic,2025-02-28 06:49:59.469000+00:00,2025-02-28 06:50:10.606000+00:00,21.985,11.137,0.8992247348703357
2025-02-28 06:52:43.625000+00:00,165731,Acoustic,VPVF,acoustic,2025-02-28 06:52:43.625000+00:00,2025-02-28 06:52:52.288000+00:00,102.761,8.663,1.3479249756547174
2025-02-28 06:53:35.344000+00:00,165732,Acoustic,VPVF,acoustic,2025-02-28 06:53:35.344000+00:00,2025-02-28 06:53:41.700000+00:00,38.566,6.356,1.062757079933721
2025-02-28 06:54:56.288000+00:00,165733,Acoustic,VPVF,acoustic,2025-02-28 06:54:56.288000+00:00,2025-02-28 06:55:03.263000+00:00,275.743,6.975,1.6351380125015902
2025-02-28 06:56:17.188000+00:00,165734,Acoustic,VPVF,acoustic,2025-02-28 06:56:17.188000+00:00,2025-02-28 06:56:26.188000+00:00,437.056,9.0,1.769159848090536
2025-02-28 07:01:08.681000+00:00,165735,Acoustic,VPVF,acoustic,2025-02-28 07:01:08.681000+00:00,2025-02-28 07:01:17.569000+00:00,75.565,8.888,1.2584748600786193
2025-02-28 07:03:11.456000+00:00,165736,Acoustic,VPVF,acoustic,2025-02-28 07:03:11.456000+00:00,2025-02-28 07:03:22.200000+00:00,68.71,10.744,1.2308033655224089
2025-02-28 07:05:38.175000+00:00,165737,Acoustic,VPVF,acoustic,2025-02-28 07:05:38.175000+00:00,2025-02-28 07:05:44.981000+00:00,42.651,6.806,1.0920525761529465
2025-02-28 07:08:48.919000+00:00,165738,Acoustic,VPVF,acoustic,2025-02-28 07:08:48.919000+00:00,2025-02-28 07:08:57.581000+00:00,912.38,8.662,1.983317756971471
2025-02-28 07:11:02.356000+00:00,165739,Acoustic,VPVF,acoustic,2025-02-28 07:11:02.356000+00:00,2025-02-28 07:11:10.794000+00:00,303.281,8.438,1.6628362862832573
2025-02-28 07:19:41.513000+00:00,165740,Acoustic,VPVF,acoustic,2025-02-28 07:19:41.513000+00:00,2025-02-28 07:19:48.544000+00:00,124.108,7.031,1.402845850601698
2025-02-28 07:21:31.669000+00:00,165741,Acoustic,VPVF,acoustic,2025-02-28 07:21:31.669000+00:00,2025-02-28 07:21:40.219000+00:00,80.77,8.55,1.27785755553049
2025-02-28 07:24:05.231000+00:00,165742,Acoustic,VPVF,acoustic,2025-02-28 07:24:05.231000+00:00,2025-02-28 07:24:13.388000+00:00,31.828,8.157,1.0068822640906585
2025-02-28 07:27:36.906000+00:00,165743,Acoustic,VPVF,acoustic,2025-02-28 07:27:36.906000+00:00,2025-02-28 07:27:47.594000+00:00,528.454,10.688,1.8244148169867824
2025-02-28 07:29:45.400000+00:00,165744,Acoustic,VPVF,acoustic,2025-02-28 07:29:45.400000+00:00,2025-02-28 07:29:56.988000+00:00,218.829,11.588,1.5678702667390707
2025-02-28 07:30:27.906000+00:00,165745,Acoustic,VPVF,acoustic,2025-02-28 07:30:27.906000+00:00,2025-02-28 07:30:37.019000+00:00,485.286,9.113,1.7996185009075951
2025-02-28 07:31:50.288000+00:00,165746,Acoustic,VPVF,acoustic,2025-02-28 07:31:50.288000+00:00,2025-02-28 07:31:58.725000+00:00,78.311,8.437,1.2688612557451502
2025-02-28 07:34:05.244000+00:00,165747,Acoustic,VPVF,acoustic,2025-02-28 07:34:05.244000+00:00,2025-02-28 07:34:10.813000+00:00,13.668,5.569,0.7609223299849059
2025-02-28 07:35:51.031000+00:00,165748,Acoustic,VPVF,acoustic,2025-02-28 07:35:51.031000+00:00,2025-02-28 07:35:59.975000+00:00,167.767,8.944,1.4905533808422244
2025-02-28 07:46:41.681000+00:00,165749,Acoustic,VPVF,acoustic,2025-02-28 07:46:41.681000+00:00,2025-02-28 07:46:50.063000+00:00,801.143,8.382,1.9454857283988167
2025-02-28 12:30:06.836000+00:00,165810,Acoustic,VPVF,acoustic,2025-02-28 12:30:06.836000+00:00,2025-02-28 12:30:16.992000+00:00,626.331,10.156,1.8738586180004344
2025-02-28 07:47:35.175000+00:00,165750,Acoustic,VPVF,acoustic,2025-02-28 07:47:35.175000+00:00,2025-02-28 07:47:43.894000+00:00,672.151,8.719,1.8944027888940316
2025-02-28 07:49:45.175000+00:00,165751,Acoustic,VPVF,acoustic,2025-02-28 07:49:45.175000+00:00,2025-02-28 07:49:52.600000+00:00,37.436,7.425,1.0541039238648164
2025-02-28 07:52:51.569000+00:00,165752,Acoustic,VPVF,acoustic,2025-02-28 07:52:51.569000+00:00,2025-02-28 07:52:57.419000+00:00,22.393,5.85,0.9045752276659038
2025-02-28 07:53:06.569000+00:00,165753,Acoustic,VPVF,acoustic,2025-02-28 07:53:06.569000+00:00,2025-02-28 07:53:16.694000+00:00,41.219,10.125,1.082115292372178
2025-02-28 07:59:24.063000+00:00,165754,Acoustic,VPVF,acoustic,2025-02-28 07:59:24.063000+00:00,2025-02-28 07:59:34.413000+00:00,52.841,10.35,1.154390588701338
2025-02-28 08:05:10.565000+00:00,165755,Acoustic,VPVF,acoustic,2025-02-28 08:05:10.565000+00:00,2025-02-28 08:05:21.963000+00:00,62.262,11.398,1.2021294549688373
2025-02-28 08:06:25.674000+00:00,165756,Acoustic,VPVF,acoustic,2025-02-28 08:06:25.674000+00:00,2025-02-28 08:06:33.561000+00:00,157.442,7.887,1.472070800663005
2025-02-28 08:06:38.998000+00:00,165757,Acoustic,VPVF,acoustic,2025-02-28 08:06:38.998000+00:00,2025-02-28 08:06:48.992000+00:00,132.575,9.994,1.4220492959797022
2025-02-28 08:08:59.702000+00:00,165758,Acoustic,VPVF,acoustic,2025-02-28 08:08:59.702000+00:00,2025-02-28 08:09:09.425000+00:00,1019.754,9.723,2.0156919297376894
2025-02-28 08:11:56.754000+00:00,165759,Acoustic,VPVF,acoustic,2025-02-28 08:11:56.754000+00:00,2025-02-28 08:12:04.047000+00:00,81.052,7.293,1.2788717029575942
2025-02-28 08:15:51.646000+00:00,165760,Acoustic,VPVF,acoustic,2025-02-28 08:15:51.646000+00:00,2025-02-28 08:16:05.314000+00:00,1194.695,13.668,2.0617622208877524
2025-02-28 08:17:10.242000+00:00,165761,Acoustic,VPVF,acoustic,2025-02-28 08:17:10.242000+00:00,2025-02-28 08:17:19.047000+00:00,14.939,8.805,0.7867954232669071
2025-02-28 08:19:00.700000+00:00,165762,Acoustic,VPVF,acoustic,2025-02-28 08:19:00.700000+00:00,2025-02-28 08:19:09.776000+00:00,411.289,9.076,1.7514785532336965
2025-02-28 08:19:57.052000+00:00,165763,Acoustic,VPVF,acoustic,2025-02-28 08:19:57.052000+00:00,2025-02-28 08:20:05.641000+00:00,54.563,8.589,1.1637218213497196
2025-02-28 08:22:02.836000+00:00,165764,Acoustic,VPVF,acoustic,2025-02-28 08:22:02.836000+00:00,2025-02-28 08:22:10.669000+00:00,230.182,7.833,1.582587810685153
2025-02-28 08:23:29.188000+00:00,165765,Acoustic,VPVF,acoustic,2025-02-28 08:23:29.188000+00:00,2025-02-28 08:23:36.967000+00:00,257.422,7.779,1.6151325923129995
2025-02-28 08:30:42.404000+00:00,165766,Acoustic,VPVF,acoustic,2025-02-28 08:30:42.404000+00:00,2025-02-28 08:30:51.101000+00:00,325.572,8.697,1.6834735217713437
2025-02-28 08:31:03.890000+00:00,165767,Acoustic,VPVF,acoustic,2025-02-28 08:31:03.890000+00:00,2025-02-28 08:31:13.128000+00:00,143.882,9.238,1.4458643322220563
2025-02-28 08:32:02.106000+00:00,165768,Acoustic,VPVF,acoustic,2025-02-28 08:32:02.106000+00:00,2025-02-28 08:32:11.614000+00:00,464.124,9.508,1.7866447977588875
2025-02-28 08:34:12.998000+00:00,165769,Acoustic,VPVF,acoustic,2025-02-28 08:34:12.998000+00:00,2025-02-28 08:34:20.669000+00:00,42.258,7.671,1.0893589889799031
2025-02-28 08:36:49.836000+00:00,165770,Acoustic,VPVF,acoustic,2025-02-28 08:36:49.836000+00:00,2025-02-28 08:36:59.398000+00:00,115.362,9.562,1.3815820603805398
2025-02-28 08:38:14.566000+00:00,165771,Acoustic,VPVF,acoustic,2025-02-28 08:38:14.566000+00:00,2025-02-28 08:38:22.021000+00:00,256.542,7.455,1.6141361790360007
2025-02-28 08:39:34.836000+00:00,165772,Acoustic,VPVF,acoustic,2025-02-28 08:39:34.836000+00:00,2025-02-28 08:39:42.561000+00:00,192.505,7.725,1.5305761494296986
2025-02-28 08:42:16.998000+00:00,165773,Acoustic,VPVF,acoustic,2025-02-28 08:42:16.998000+00:00,2025-02-28 08:42:25.479000+00:00,103.583,8.481,1.3502432849654398
2025-02-28 08:43:14.295000+00:00,165774,Acoustic,VPVF,acoustic,2025-02-28 08:43:14.295000+00:00,2025-02-28 08:43:23.046000+00:00,341.558,8.751,1.6974211894539557
2025-02-28 08:45:31.998000+00:00,165775,Acoustic,VPVF,acoustic,2025-02-28 08:45:31.998000+00:00,2025-02-28 08:45:41.182000+00:00,657.764,9.184,1.88810696732132
2025-02-28 08:47:07.836000+00:00,165776,Acoustic,VPVF,acoustic,2025-02-28 08:47:07.836000+00:00,2025-02-28 08:47:17.128000+00:00,99.74,9.292,1.3392424738011708
2025-02-28 08:51:07.890000+00:00,165777,Acoustic,VPVF,acoustic,2025-02-28 08:51:07.890000+00:00,2025-02-28 08:51:14.589000+00:00,40.153,6.699,1.074491059195712
2025-02-28 08:51:14.967000+00:00,165778,Acoustic,VPVF,acoustic,2025-02-28 08:51:14.967000+00:00,2025-02-28 08:51:17.830000+00:00,12.537,2.863,0.7357897293284034
2025-02-28 08:53:34.430000+00:00,165779,Acoustic,VPVF,acoustic,2025-02-28 08:53:34.430000+00:00,2025-02-28 08:53:43.614000+00:00,104.909,9.184,1.3539445407063782
2025-02-28 08:58:19.700000+00:00,165780,Acoustic,VPVF,acoustic,2025-02-28 08:58:19.700000+00:00,2025-02-28 08:58:28.992000+00:00,359.288,9.292,1.7121466172250148
2025-02-28 09:00:19.674000+00:00,165781,Acoustic,VPVF,acoustic,2025-02-28 09:00:19.674000+00:00,2025-02-28 09:00:31.289000+00:00,14.132,11.615,0.7706364312710814
2025-02-28 09:02:16.214000+00:00,165782,Acoustic,VPVF,acoustic,2025-02-28 09:02:16.214000+00:00,2025-02-28 09:02:25.344000+00:00,47.463,9.13,1.123157974121898
2025-02-28 09:04:12.836000+00:00,165783,Acoustic,VPVF,acoustic,2025-02-28 09:04:12.836000+00:00,2025-02-28 09:04:21.533000+00:00,67.45,8.697,1.2254179091853086
2025-02-28 09:08:37.458000+00:00,165784,Acoustic,VPVF,acoustic,2025-02-28 09:08:37.458000+00:00,2025-02-28 09:08:46.101000+00:00,346.106,8.643,1.7012701158746075
2025-02-28 09:09:56.620000+00:00,165785,Acoustic,VPVF,acoustic,2025-02-28 09:09:56.620000+00:00,2025-02-28 09:10:04.129000+00:00,265.045,7.509,1.623624142582953
2025-02-28 09:10:07.106000+00:00,165786,Acoustic,VPVF,acoustic,2025-02-28 09:10:07.106000+00:00,2025-02-28 09:10:16.938000+00:00,1407.359,9.832,2.1094312794868655
2025-02-28 09:11:17.134000+00:00,165787,Acoustic,VPVF,acoustic,2025-02-28 09:11:17.134000+00:00,2025-02-28 09:11:20.213000+00:00,20.21,3.079,0.8747294300552537
2025-02-28 09:11:50.242000+00:00,165788,Acoustic,VPVF,acoustic,2025-02-28 09:11:50.242000+00:00,2025-02-28 09:11:59.209000+00:00,41.931,8.967,1.0870985973246556
2025-02-28 09:19:42.754000+00:00,165789,Acoustic,VPVF,acoustic,2025-02-28 09:19:42.754000+00:00,2025-02-28 09:19:50.966000+00:00,39.696,8.212,1.0711603204418496
2025-02-28 09:21:42.538000+00:00,165790,Acoustic,VPVF,acoustic,2025-02-28 09:21:42.538000+00:00,2025-02-28 09:21:50.695000+00:00,145.309,8.157,1.448735984391953
2025-02-28 09:24:53.430000+00:00,165791,Acoustic,VPVF,acoustic,2025-02-28 09:24:53.430000+00:00,2025-02-28 09:25:03.640000+00:00,1235.117,10.21,2.071444426554219
2025-02-28 09:26:49.620000+00:00,165792,Acoustic,VPVF,acoustic,2025-02-28 09:26:49.620000+00:00,2025-02-28 09:26:59.344000+00:00,136.929,9.724,1.4314519424495398
2025-02-28 09:27:22.242000+00:00,165793,Acoustic,VPVF,acoustic,2025-02-28 09:27:22.242000+00:00,2025-02-28 09:27:29.913000+00:00,158.622,7.671,1.4742434923499714
2025-02-28 09:28:36.700000+00:00,165794,Acoustic,VPVF,acoustic,2025-02-28 09:28:36.700000+00:00,2025-02-28 09:28:45.290000+00:00,164.189,8.59,1.484280518713566
2025-02-28 09:29:34.322000+00:00,165795,Acoustic,VPVF,acoustic,2025-02-28 09:29:34.322000+00:00,2025-02-28 09:29:41.777000+00:00,184.372,7.455,1.5180156277414358
2025-02-28 09:30:22.026000+00:00,165796,Acoustic,VPVF,acoustic,2025-02-28 09:30:22.026000+00:00,2025-02-28 09:30:29.751000+00:00,701.593,7.725,1.9068771156880804
2025-02-28 09:31:45.106000+00:00,165797,Acoustic,VPVF,acoustic,2025-02-28 09:31:45.106000+00:00,2025-02-28 09:31:53.695000+00:00,68.325,8.589,1.229168359044348
2025-02-28 09:43:14.674000+00:00,165798,Acoustic,VPVF,acoustic,2025-02-28 09:43:14.674000+00:00,2025-02-28 09:43:21.967000+00:00,43.441,7.293,1.0973928754045656
2025-02-28 09:53:18.322000+00:00,165799,Acoustic,VPVF,acoustic,2025-02-28 09:53:18.322000+00:00,2025-02-28 09:53:28.586000+00:00,105.18,10.264,1.354695221539884
2025-02-28 09:54:38.026000+00:00,165800,Acoustic,VPVF,acoustic,2025-02-28 09:54:38.026000+00:00,2025-02-28 09:54:47.263000+00:00,1590.197,9.237,2.1449721229663044
2025-02-28 09:56:03.890000+00:00,165801,Acoustic,VPVF,acoustic,2025-02-28 09:56:03.890000+00:00,2025-02-28 09:56:14.208000+00:00,638.248,10.318,1.8793429399304171
2025-02-28 09:57:01.836000+00:00,165802,Acoustic,VPVF,acoustic,2025-02-28 09:57:01.836000+00:00,2025-02-28 09:57:09.669000+00:00,147.627,7.833,1.453341082203929
2025-02-28 10:12:31.782000+00:00,165803,Acoustic,VPVF,acoustic,2025-02-28 10:12:31.782000+00:00,2025-02-28 10:12:39.345000+00:00,812.615,7.563,1.9496228392315835
2025-02-28 10:30:24.972000+00:00,165804,Acoustic,VPVF,acoustic,2025-02-28 10:30:24.972000+00:00,2025-02-28 10:30:33.885000+00:00,153.953,8.913,1.4655500646450297
2025-02-28 10:32:21.188000+00:00,165805,Acoustic,VPVF,acoustic,2025-02-28 10:32:21.188000+00:00,2025-02-28 10:32:28.805000+00:00,106.134,7.617,1.3573225366529365
2025-02-28 10:35:12.458000+00:00,165806,Acoustic,VPVF,acoustic,2025-02-28 10:35:12.458000+00:00,2025-02-28 10:35:19.697000+00:00,238.679,7.239,1.5931355204321902
2025-02-28 10:39:59.026000+00:00,165807,Acoustic,VPVF,acoustic,2025-02-28 10:39:59.026000+00:00,2025-02-28 10:40:11.667000+00:00,296.988,12.641,1.656735064146316
2025-02-28 10:48:40.188000+00:00,165808,Acoustic,VPVF,acoustic,2025-02-28 10:48:40.188000+00:00,2025-02-28 10:48:46.238000+00:00,705.88,6.05,1.9086496876025056
2025-02-28 11:17:10.674000+00:00,165809,Acoustic,VPVF,acoustic,2025-02-28 11:17:10.674000+00:00,2025-02-28 11:17:18.993000+00:00,100.412,8.319,1.34119636366751
2025-02-28 13:22:39.106000+00:00,165811,Acoustic,VPVF,acoustic,2025-02-28 13:22:39.106000+00:00,2025-02-28 13:22:47.533000+00:00,1215.74,8.427,2.066843273013586
2025-02-28 13:34:45.322000+00:00,165812,Acoustic,VPVF,acoustic,2025-02-28 13:34:45.322000+00:00,2025-02-28 13:34:53.858000+00:00,1074.559,8.536,2.0309242781941763
2025-02-28 13:38:26.484000+00:00,165813,Acoustic,VPVF,acoustic,2025-02-28 13:38:26.484000+00:00,2025-02-28 13:38:33.831000+00:00,339.128,7.347,1.69534364459552
2025-02-28 13:46:28.836000+00:00,165814,Acoustic,VPVF,acoustic,2025-02-28 13:46:28.836000+00:00,2025-02-28 13:46:35.589000+00:00,622.431,6.753,1.8720411136709052
2025-02-28 04:27:25.242000+00:00,165815,Acoustic,VPVF,acoustic,2025-02-28 04:27:25.242000+00:00,2025-02-28 04:27:31.508000+00:00,20.755,6.266,0.8824722342687407
2025-02-28 13:59:08.836000+00:00,165833,Acoustic,VPVF,acoustic,2025-02-28 13:59:08.836000+00:00,2025-02-28 13:59:18.074000+00:00,547.424,9.238,1.834676968579569
2025-02-28 17:34:29.323000+00:00,165834,Acoustic,VPVF,acoustic,2025-02-28 17:34:29.323000+00:00,2025-02-28 17:34:38.453000+00:00,826.508,9.13,1.9545555312615928
2025-02-28 19:04:23.539000+00:00,165835,Acoustic,VPVF,acoustic,2025-02-28 19:04:23.539000+00:00,2025-02-28 19:04:33.263000+00:00,500.659,9.724,1.8086931584803416
2025-02-28 19:06:47.350000+00:00,165836,Acoustic,VPVF,acoustic,2025-02-28 19:06:47.350000+00:00,2025-02-28 19:06:56.695000+00:00,981.467,9.345,2.0045567202317147
2025-02-28 19:18:27.188000+00:00,165837,Acoustic,VPVF,acoustic,2025-02-28 19:18:27.188000+00:00,2025-02-28 19:18:33.292000+00:00,84.831,6.104,1.2921315729935294
2025-02-28 20:26:24.836000+00:00,165838,Acoustic,VPVF,acoustic,2025-02-28 20:26:24.836000+00:00,2025-02-28 20:26:31.319000+00:00,577.701,6.483,1.8503410899346768
2025-02-28 21:04:12.674000+00:00,165839,Acoustic,VPVF,acoustic,2025-02-28 21:04:12.674000+00:00,2025-02-28 21:04:21.479000+00:00,441.474,8.805,1.7720864381013164
2025-02-28 21:05:45.620000+00:00,165840,Acoustic,VPVF,acoustic,2025-02-28 21:05:45.620000+00:00,2025-02-28 21:05:53.021000+00:00,228.632,7.401,1.5806218003400436
2025-02-28 21:07:27.890000+00:00,165841,Acoustic,VPVF,acoustic,2025-02-28 21:07:27.890000+00:00,2025-02-28 21:07:36.317000+00:00,729.599,8.427,1.9182664341467928
2025-02-28 21:11:16.810000+00:00,165842,Acoustic,VPVF,acoustic,2025-02-28 21:11:16.810000+00:00,2025-02-28 21:11:24.913000+00:00,1972.933,8.103,2.207725265816222
2025-02-28 21:14:18.458000+00:00,165843,Acoustic,VPVF,acoustic,2025-02-28 21:14:18.458000+00:00,2025-02-28 21:14:25.967000+00:00,1431.264,7.509,2.1143322310152017
2025-02-28 21:31:24.134000+00:00,165844,Acoustic,VPVF,acoustic,2025-02-28 21:31:24.134000+00:00,2025-02-28 21:31:31.805000+00:00,111.446,7.671,1.3715332052687346
2025-02-28 21:32:49.134000+00:00,165845,Acoustic,VPVF,acoustic,2025-02-28 21:32:49.134000+00:00,2025-02-28 21:32:54.428000+00:00,299.509,5.294,1.6591946176668364
2025-02-28 21:34:50.188000+00:00,165846,Acoustic,VPVF,acoustic,2025-02-28 21:34:50.188000+00:00,2025-02-28 21:34:58.129000+00:00,47.672,7.941,1.1244364595192091
2025-02-28 21:35:29.972000+00:00,165847,Acoustic,VPVF,acoustic,2025-02-28 21:35:29.972000+00:00,2025-02-28 21:35:37.156000+00:00,114.259,7.184,1.3787865805799004
2025-02-28 21:35:44.404000+00:00,165848,Acoustic,VPVF,acoustic,2025-02-28 21:35:44.404000+00:00,2025-02-28 21:35:47.483000+00:00,36.256,3.079,1.0447845250828132
2025-02-28 21:38:09.350000+00:00,165849,Acoustic,VPVF,acoustic,2025-02-28 21:38:09.350000+00:00,2025-02-28 21:38:16.048000+00:00,27.352,6.698,0.9627826888183209
2025-02-28 21:44:40.350000+00:00,165850,Acoustic,VPVF,acoustic,2025-02-28 21:44:40.350000+00:00,2025-02-28 21:44:48.021000+00:00,5.112,7.671,0.4747558662507303
2025-02-28 21:49:21.134000+00:00,165851,Acoustic,VPVF,acoustic,2025-02-28 21:49:21.134000+00:00,2025-02-28 21:49:30.912000+00:00,568.667,9.778,1.8457548778760229
2025-02-28 21:51:11.188000+00:00,165852,Acoustic,VPVF,acoustic,2025-02-28 21:51:11.188000+00:00,2025-02-28 21:51:23.018000+00:00,9.697,11.83,0.6610470550588031
2025-02-28 21:52:21.134000+00:00,165853,Acoustic,VPVF,acoustic,2025-02-28 21:52:21.134000+00:00,2025-02-28 21:52:31.182000+00:00,1370.484,10.048,2.101705559661491
2025-02-28 21:54:57.134000+00:00,165854,Acoustic,VPVF,acoustic,2025-02-28 21:54:57.134000+00:00,2025-02-28 21:55:09.559000+00:00,534.671,12.425,1.8278180414683756
2025-02-28 21:59:42.404000+00:00,165855,Acoustic,VPVF,acoustic,2025-02-28 21:59:42.404000+00:00,2025-02-28 21:59:53.208000+00:00,415.194,10.804,1.7542282161383678
2025-02-28 22:06:21.242000+00:00,165856,Acoustic,VPVF,acoustic,2025-02-28 22:06:21.242000+00:00,2025-02-28 22:06:27.886000+00:00,1032.467,6.644,2.0192970402704673
2025-03-01 01:59:24.458000+00:00,165951,Acoustic,VPVF,acoustic,2025-03-01 01:59:24.458000+00:00,2025-03-01 01:59:31.211000+00:00,1822.706,6.753,2.1846801375402447
2025-03-01 03:16:43.080000+00:00,165952,Acoustic,VPVF,acoustic,2025-03-01 03:16:43.080000+00:00,2025-03-01 03:16:49.724000+00:00,488.771,6.644,1.80170063825163
2025-03-01 06:53:47.836000+00:00,165953,Acoustic,VPVF,acoustic,2025-03-01 06:53:47.836000+00:00,2025-03-01 06:53:54.967000+00:00,439.734,7.131,1.7709373310459815
2025-03-01 07:03:19.810000+00:00,165954,Acoustic,VPVF,acoustic,2025-03-01 07:03:19.810000+00:00,2025-03-01 07:03:27.102000+00:00,701.128,7.292,1.9066841985637295
2025-03-01 07:06:22.836000+00:00,165955,Acoustic,VPVF,acoustic,2025-03-01 07:06:22.836000+00:00,2025-03-01 07:06:33.640000+00:00,293.904,10.804,1.6536976828635848
2025-03-01 07:07:07.268000+00:00,165956,Acoustic,VPVF,acoustic,2025-03-01 07:07:07.268000+00:00,2025-03-01 07:07:15.155000+00:00,61.55,7.887,1.1987827983691146
2025-03-01 07:07:33.512000+00:00,165957,Acoustic,VPVF,acoustic,2025-03-01 07:07:33.512000+00:00,2025-03-01 07:07:39.994000+00:00,174.369,6.482,1.5017844155193356
2025-03-01 07:13:52.972000+00:00,165958,Acoustic,VPVF,acoustic,2025-03-01 07:13:52.972000+00:00,2025-03-01 07:14:02.479000+00:00,1960.584,9.507,2.2058982542546013
2025-03-01 07:23:53.674000+00:00,165959,Acoustic,VPVF,acoustic,2025-03-01 07:23:53.674000+00:00,2025-03-01 07:24:01.507000+00:00,409.533,7.833,1.750233564860222
2025-03-01 07:25:23.026000+00:00,165960,Acoustic,VPVF,acoustic,2025-03-01 07:25:23.026000+00:00,2025-03-01 07:25:33.020000+00:00,86.588,9.994,1.2980966646772814
2025-03-01 07:33:43.864000+00:00,165961,Acoustic,VPVF,acoustic,2025-03-01 07:33:43.864000+00:00,2025-03-01 07:33:52.021000+00:00,158.067,8.157,1.4732236112146888
2025-03-01 07:39:07.728000+00:00,165962,Acoustic,VPVF,acoustic,2025-03-01 07:39:07.728000+00:00,2025-03-01 07:39:16.533000+00:00,1385.538,8.805,2.1048843556814876
2025-03-01 07:43:38.296000+00:00,165963,Acoustic,VPVF,acoustic,2025-03-01 07:43:38.296000+00:00,2025-03-01 07:43:49.748000+00:00,1021.148,11.452,2.016089423025742
2025-03-01 07:45:20.972000+00:00,165964,Acoustic,VPVF,acoustic,2025-03-01 07:45:20.972000+00:00,2025-03-01 07:45:28.319000+00:00,26.105,7.347,0.949204877356312
2025-03-01 07:49:06.080000+00:00,165965,Acoustic,VPVF,acoustic,2025-03-01 07:49:06.080000+00:00,2025-03-01 07:49:15.371000+00:00,493.352,9.291,1.8044151183961576
2025-03-01 07:54:16.296000+00:00,165966,Acoustic,VPVF,acoustic,2025-03-01 07:54:16.296000+00:00,2025-03-01 07:54:24.183000+00:00,52.303,7.887,1.1514128219210604
2025-03-01 08:22:09.890000+00:00,165967,Acoustic,VPVF,acoustic,2025-03-01 08:22:09.890000+00:00,2025-03-01 08:22:19.992000+00:00,255.428,10.102,1.6128698969219173
2025-03-01 08:23:52.890000+00:00,165968,Acoustic,VPVF,acoustic,2025-03-01 08:23:52.890000+00:00,2025-03-01 08:23:59.967000+00:00,24.191,7.077,0.927048060379914
2025-03-01 08:26:05.080000+00:00,165969,Acoustic,VPVF,acoustic,2025-03-01 08:26:05.080000+00:00,2025-03-01 08:26:11.508000+00:00,44.908,6.428,1.107056888362418
2025-03-01 08:36:44.674000+00:00,165970,Acoustic,VPVF,acoustic,2025-03-01 08:36:44.674000+00:00,2025-03-01 08:36:54.452000+00:00,201.901,9.778,1.54444277488383
2025-03-01 08:37:59.674000+00:00,165971,Acoustic,VPVF,acoustic,2025-03-01 08:37:59.674000+00:00,2025-03-01 08:38:07.831000+00:00,60.199,8.157,1.192324815592582
2025-03-01 08:44:01.756000+00:00,165972,Acoustic,VPVF,acoustic,2025-03-01 08:44:01.756000+00:00,2025-03-01 08:44:13.208000+00:00,237.668,11.452,1.5919003767452338
2025-03-01 08:55:32.728000+00:00,165973,Acoustic,VPVF,acoustic,2025-03-01 08:55:32.728000+00:00,2025-03-01 08:55:41.804000+00:00,29.486,9.076,0.9846426270042624
2025-03-01 09:04:11.728000+00:00,165974,Acoustic,VPVF,acoustic,2025-03-01 09:04:11.728000+00:00,2025-03-01 09:04:21.236000+00:00,75.548,9.508,1.2584093910035596
2025-03-01 09:06:43.080000+00:00,165975,Acoustic,VPVF,acoustic,2025-03-01 09:06:43.080000+00:00,2025-03-01 09:06:51.885000+00:00,95.138,8.805,1.325497191658219
2025-03-01 09:08:34.296000+00:00,165976,Acoustic,VPVF,acoustic,2025-03-01 09:08:34.296000+00:00,2025-03-01 09:08:41.102000+00:00,45.079,6.806,1.1081627631817472
2025-03-01 09:10:30.728000+00:00,165977,Acoustic,VPVF,acoustic,2025-03-01 09:10:30.728000+00:00,2025-03-01 09:10:38.237000+00:00,81.065,7.509,1.2789183693151691
2025-03-01 09:18:50.404000+00:00,165978,Acoustic,VPVF,acoustic,2025-03-01 09:18:50.404000+00:00,2025-03-01 09:19:00.884000+00:00,270.908,10.48,1.6299906261520385
2025-03-01 09:27:51.458000+00:00,165979,Acoustic,VPVF,acoustic,2025-03-01 09:27:51.458000+00:00,2025-03-01 09:28:01.830000+00:00,953.891,10.372,1.9962641633179392
2025-03-01 09:34:55.836000+00:00,165980,Acoustic,VPVF,acoustic,2025-03-01 09:34:55.836000+00:00,2025-03-01 09:35:05.992000+00:00,39.571,10.156,1.0702426070678317
2025-03-01 09:42:16.404000+00:00,165981,Acoustic,VPVF,acoustic,2025-03-01 09:42:16.404000+00:00,2025-03-01 09:42:25.317000+00:00,89.968,8.913,1.3092390043307696
2025-03-01 09:43:33.404000+00:00,165982,Acoustic,VPVF,acoustic,2025-03-01 09:43:33.404000+00:00,2025-03-01 09:43:40.427000+00:00,53.312,7.023,1.156972733511752
2025-03-01 10:03:53.944000+00:00,165983,Acoustic,VPVF,acoustic,2025-03-01 10:03:53.944000+00:00,2025-03-01 10:04:01.453000+00:00,24.822,7.509,0.9345406367570344
2025-03-01 10:04:55.296000+00:00,165984,Acoustic,VPVF,acoustic,2025-03-01 10:04:55.296000+00:00,2025-03-01 10:05:05.992000+00:00,67.7,10.696,1.2264944080190467
2025-03-01 10:10:33.296000+00:00,165985,Acoustic,VPVF,acoustic,2025-03-01 10:10:33.296000+00:00,2025-03-01 10:10:41.183000+00:00,142.458,7.887,1.442970184738406
2025-03-01 10:39:30.080000+00:00,165986,Acoustic,VPVF,acoustic,2025-03-01 10:39:30.080000+00:00,2025-03-01 10:39:39.587000+00:00,348.049,9.507,1.7028990615021031
2025-03-01 10:40:35.404000+00:00,165987,Acoustic,VPVF,acoustic,2025-03-01 10:40:35.404000+00:00,2025-03-01 10:40:43.291000+00:00,37.864,7.887,1.0574117492781585
2025-03-01 11:02:04.836000+00:00,165988,Acoustic,VPVF,acoustic,2025-03-01 11:02:04.836000+00:00,2025-03-01 11:02:10.454000+00:00,203.998,5.618,1.5474493594427126
2025-03-01 11:02:57.242000+00:00,165989,Acoustic,VPVF,acoustic,2025-03-01 11:02:57.242000+00:00,2025-03-01 11:03:03.994000+00:00,210.61,6.752,1.556730922047206
2025-03-01 11:11:57.864000+00:00,165990,Acoustic,VPVF,acoustic,2025-03-01 11:11:57.864000+00:00,2025-03-01 11:12:05.102000+00:00,41.8,7.238,1.0861881087892735
2025-03-01 11:12:55.512000+00:00,165991,Acoustic,VPVF,acoustic,2025-03-01 11:12:55.512000+00:00,2025-03-01 11:13:02.589000+00:00,79.901,7.077,1.2747099838860816
2025-03-01 11:15:05.512000+00:00,165992,Acoustic,VPVF,acoustic,2025-03-01 11:15:05.512000+00:00,2025-03-01 11:15:13.939000+00:00,287.437,8.427,1.647223589877178
2025-03-01 11:33:31.944000+00:00,165993,Acoustic,VPVF,acoustic,2025-03-01 11:33:31.944000+00:00,2025-03-01 11:33:42.262000+00:00,560.742,10.318,1.8416712678223504
2025-03-01 11:42:53.512000+00:00,165994,Acoustic,VPVF,acoustic,2025-03-01 11:42:53.512000+00:00,2025-03-01 11:43:03.182000+00:00,258.302,9.67,1.6161256051456183
2025-03-01 11:43:20.160000+00:00,165995,Acoustic,VPVF,acoustic,2025-03-01 11:43:20.160000+00:00,2025-03-01 11:43:26.967000+00:00,19.397,6.807,0.8627821590836473
2025-03-01 11:58:12.620000+00:00,165996,Acoustic,VPVF,acoustic,2025-03-01 11:58:12.620000+00:00,2025-03-01 11:58:20.885000+00:00,979.811,8.265,2.00406534825072
2025-03-01 12:02:28.458000+00:00,165997,Acoustic,VPVF,acoustic,2025-03-01 12:02:28.458000+00:00,2025-03-01 12:02:36.723000+00:00,395.069,8.265,1.7397708785773334
2025-03-01 12:05:47.458000+00:00,165998,Acoustic,VPVF,acoustic,2025-03-01 12:05:47.458000+00:00,2025-03-01 12:05:54.211000+00:00,260.157,6.753,1.6182077956374392
2025-03-01 12:23:23.268000+00:00,165999,Acoustic,VPVF,acoustic,2025-03-01 12:23:23.268000+00:00,2025-03-01 12:23:32.128000+00:00,821.761,8.86,1.9528795025603587
2025-03-01 12:30:35.242000+00:00,166000,Acoustic,VPVF,acoustic,2025-03-01 12:30:35.242000+00:00,2025-03-01 12:30:42.535000+00:00,362.064,7.293,1.714386181211326
2025-03-01 12:35:16.080000+00:00,166001,Acoustic,VPVF,acoustic,2025-03-01 12:35:16.080000+00:00,2025-03-01 12:35:24.021000+00:00,522.813,7.941,1.8212920732510784
2025-03-01 23:44:39.089000+00:00,166005,Eruption,VPVF,acoustic,2025-03-01 23:44:39.089000+00:00,2025-03-01 23:45:34.840000+00:00,76220.408,55.751,3.2709877503479454
2025-02-17 08:22:59.834000+00:00,163827,Eruption,VPVF,acoustic,2025-02-17 08:22:59.834000+00:00,2025-02-17 08:23:15.133000+00:00,37906.757,15.299,3.0677401429316515
2025-03-02 02:18:39.349000+00:00,166014,Eruption,VPVF,acoustic,2025-03-02 02:18:39.349000+00:00,2025-03-02 02:19:24.727000+00:00,34672.518,45.378,3.041790206134865
2025-03-02 14:54:47.128000+00:00,166032,Eruption,VPVF,acoustic,2025-03-02 14:54:47.128000+00:00,2025-03-02 14:55:06.057000+00:00,21013.057,18.929,2.89606778985296
2025-03-02 14:33:28.717000+00:00,166033,Eruption,VPVF,acoustic,2025-03-02 14:33:28.717000+00:00,2025-03-02 14:33:56.203000+00:00,23098.369,27.486,2.923599481041329
2025-03-02 15:03:34.422000+00:00,166034,Eruption,VPVF,acoustic,2025-03-02 15:03:34.422000+00:00,2025-03-02 15:03:44.794000+00:00,16856.414,10.372,2.8319326767440733
2025-03-02 14:23:41.682000+00:00,166035,Eruption,VPVF,acoustic,2025-03-02 14:23:41.682000+00:00,2025-03-02 14:24:12.540000+00:00,1256.248,30.858,2.076380506844442
2025-03-02 19:18:40.829000+00:00,166038,Eruption,VPVF,acoustic,2025-03-02 19:18:40.829000+00:00,2025-03-02 19:19:39.605000+00:00,205875.221,58.776,3.560114732513472
2025-03-02 21:57:04.850000+00:00,166039,Eruption,VPVF,acoustic,2025-03-02 21:57:04.850000+00:00,2025-03-02 21:57:33.650000+00:00,24882.744,28.8,2.945251841871993
2025-03-01 22:03:34+00:00,166130,Acoustic,VPVF,acoustic,2025-03-01 22:03:34+00:00,2025-03-01 22:03:44+00:00,3.66,10.0,0.3775323272142551
2025-03-03 12:20:54.300000+00:00,166053,Eruption,VPVF,acoustic,2025-03-03 12:20:54.300000+00:00,2025-03-03 12:21:05.438000+00:00,19282.809,11.138,2.8710641006659503
2025-03-01 12:52:05+00:00,166054,Acoustic,VPVF,acoustic,2025-03-01 12:52:05+00:00,2025-03-01 12:52:15+00:00,1277.929,10.0,2.081359506206225
2025-03-01 13:10:36+00:00,166055,Acoustic,VPVF,acoustic,2025-03-01 13:10:36+00:00,2025-03-01 13:10:46+00:00,2491.917,10.0,2.2756774938308557
2025-03-01 17:46:37+00:00,166056,Acoustic,VPVF,acoustic,2025-03-01 17:46:37+00:00,2025-03-01 17:46:47+00:00,3259.916,10.0,2.353848294374248
2025-03-01 18:11:57+00:00,166057,Acoustic,VPVF,acoustic,2025-03-01 18:11:57+00:00,2025-03-01 18:12:07+00:00,9263.226,10.0,2.657730714133709
2025-03-01 18:15:15+00:00,166058,Acoustic,VPVF,acoustic,2025-03-01 18:15:15+00:00,2025-03-01 18:15:25+00:00,1383.39,10.0,2.104432903442966
2025-03-01 18:43:14+00:00,166059,Acoustic,VPVF,acoustic,2025-03-01 18:43:14+00:00,2025-03-01 18:43:24+00:00,263.858,10.0,1.6223180783768725
2025-03-01 18:45:15+00:00,166060,Acoustic,VPVF,acoustic,2025-03-01 18:45:15+00:00,2025-03-01 18:45:25+00:00,399.811,10.0,1.7432426749226404
2025-03-01 19:00:52+00:00,166061,Acoustic,VPVF,acoustic,2025-03-01 19:00:52+00:00,2025-03-01 19:01:02+00:00,2366.397,10.0,2.260638696071121
2025-03-01 19:04:33+00:00,166062,Acoustic,VPVF,acoustic,2025-03-01 19:04:33+00:00,2025-03-01 19:04:43+00:00,636.513,10.0,1.8785508762695131
2025-03-01 19:09:02+00:00,166063,Acoustic,VPVF,acoustic,2025-03-01 19:09:02+00:00,2025-03-01 19:09:12+00:00,3127.706,10.0,2.3418013685647745
2025-03-01 19:19:54+00:00,166064,Acoustic,VPVF,acoustic,2025-03-01 19:19:54+00:00,2025-03-01 19:20:04+00:00,463.327,10.0,1.786144698093293
2025-03-01 19:22:08+00:00,166065,Acoustic,VPVF,acoustic,2025-03-01 19:22:08+00:00,2025-03-01 19:22:18+00:00,1129.363,10.0,2.045398482085444
2025-03-01 19:25:51+00:00,166066,Acoustic,VPVF,acoustic,2025-03-01 19:25:51+00:00,2025-03-01 19:26:01+00:00,6289.95,10.0,2.545093619424011
2025-03-01 19:29:52+00:00,166067,Acoustic,VPVF,acoustic,2025-03-01 19:29:52+00:00,2025-03-01 19:30:02+00:00,572.053,10.0,1.8474822992259856
2025-03-01 19:33:26+00:00,166068,Acoustic,VPVF,acoustic,2025-03-01 19:33:26+00:00,2025-03-01 19:33:36+00:00,4275.06,10.0,2.43273128363632
2025-03-01 19:42:27+00:00,166069,Acoustic,VPVF,acoustic,2025-03-01 19:42:27+00:00,2025-03-01 19:42:37+00:00,936.496,10.0,1.9909089709150447
2025-03-01 19:45:31+00:00,166070,Acoustic,VPVF,acoustic,2025-03-01 19:45:31+00:00,2025-03-01 19:45:41+00:00,2276.507,10.0,2.249370223335094
2025-03-01 19:51:01+00:00,166071,Acoustic,VPVF,acoustic,2025-03-01 19:51:01+00:00,2025-03-01 19:51:11+00:00,691.03,10.0,1.9024629243450524
2025-03-01 20:00:14+00:00,166072,Acoustic,VPVF,acoustic,2025-03-01 20:00:14+00:00,2025-03-01 20:00:24+00:00,1175.122,10.0,2.0569555811702935
2025-03-01 20:03:44+00:00,166073,Acoustic,VPVF,acoustic,2025-03-01 20:03:44+00:00,2025-03-01 20:03:54+00:00,851.903,10.0,1.963361398910128
2025-03-01 20:04:51+00:00,166074,Acoustic,VPVF,acoustic,2025-03-01 20:04:51+00:00,2025-03-01 20:05:01+00:00,258.439,10.0,1.616279894785604
2025-03-01 20:05:37+00:00,166075,Acoustic,VPVF,acoustic,2025-03-01 20:05:37+00:00,2025-03-01 20:05:47+00:00,245.85,10.0,1.6017490424595409
2025-03-01 20:13:34+00:00,166076,Acoustic,VPVF,acoustic,2025-03-01 20:13:34+00:00,2025-03-01 20:13:44+00:00,321.394,10.0,1.679715302416434
2025-03-01 20:14:26+00:00,166077,Acoustic,VPVF,acoustic,2025-03-01 20:14:26+00:00,2025-03-01 20:14:36+00:00,19.083,10.0,0.8580332556984506
2025-03-01 20:22:35+00:00,166078,Acoustic,VPVF,acoustic,2025-03-01 20:22:35+00:00,2025-03-01 20:22:45+00:00,580.194,10.0,1.8515940663046748
2025-03-01 20:24:51+00:00,166079,Acoustic,VPVF,acoustic,2025-03-01 20:24:51+00:00,2025-03-01 20:25:01+00:00,239.062,10.0,1.5936020674979707
2025-03-01 20:27:22+00:00,166080,Acoustic,VPVF,acoustic,2025-03-01 20:27:22+00:00,2025-03-01 20:27:32+00:00,427.803,10.0,1.762933363264682
2025-03-01 20:30:21+00:00,166081,Acoustic,VPVF,acoustic,2025-03-01 20:30:21+00:00,2025-03-01 20:30:31+00:00,174.779,10.0,1.5024677976324536
2025-03-01 20:32:34+00:00,166082,Acoustic,VPVF,acoustic,2025-03-01 20:32:34+00:00,2025-03-01 20:32:44+00:00,118.935,10.0,1.3904574835277264
2025-03-01 20:33:31+00:00,166083,Acoustic,VPVF,acoustic,2025-03-01 20:33:31+00:00,2025-03-01 20:33:41+00:00,108.804,10.0,1.3645520573909629
2025-03-01 20:33:43+00:00,166084,Acoustic,VPVF,acoustic,2025-03-01 20:33:43+00:00,2025-03-01 20:33:53+00:00,34.187,10.0,1.0276868646232606
2025-03-01 20:35:35+00:00,166085,Acoustic,VPVF,acoustic,2025-03-01 20:35:35+00:00,2025-03-01 20:35:45+00:00,399.123,10.0,1.7427415260571169
2025-03-01 20:39:14+00:00,166086,Acoustic,VPVF,acoustic,2025-03-01 20:39:14+00:00,2025-03-01 20:39:24+00:00,157.235,10.0,1.4716879807531729
2025-03-01 20:41:45+00:00,166087,Acoustic,VPVF,acoustic,2025-03-01 20:41:45+00:00,2025-03-01 20:41:55+00:00,1030.431,10.0,2.0187226735484924
2025-03-01 20:45:28+00:00,166088,Acoustic,VPVF,acoustic,2025-03-01 20:45:28+00:00,2025-03-01 20:45:38+00:00,749.149,10.0,1.9259606967722505
2025-03-01 20:50:10+00:00,166089,Acoustic,VPVF,acoustic,2025-03-01 20:50:10+00:00,2025-03-01 20:50:20+00:00,988.729,10.0,2.006701772544301
2025-03-01 20:51:50+00:00,166090,Acoustic,VPVF,acoustic,2025-03-01 20:51:50+00:00,2025-03-01 20:52:00+00:00,66.034,10.0,1.219244295614822
2025-03-01 20:55:41+00:00,166091,Acoustic,VPVF,acoustic,2025-03-01 20:55:41+00:00,2025-03-01 20:55:51+00:00,125.224,10.0,1.4054506733970835
2025-03-01 20:56:04+00:00,166092,Acoustic,VPVF,acoustic,2025-03-01 20:56:04+00:00,2025-03-01 20:56:14+00:00,689.041,10.0,1.901624193212904
2025-03-01 20:56:22+00:00,166093,Acoustic,VPVF,acoustic,2025-03-01 20:56:22+00:00,2025-03-01 20:56:32+00:00,479.291,10.0,1.7960015135807397
2025-03-01 20:58:30+00:00,166094,Acoustic,VPVF,acoustic,2025-03-01 20:58:30+00:00,2025-03-01 20:58:40+00:00,146.36,10.0,1.450833008545762
2025-03-01 20:58:59+00:00,166095,Acoustic,VPVF,acoustic,2025-03-01 20:58:59+00:00,2025-03-01 20:59:09+00:00,36.934,10.0,1.0501756510512246
2025-03-01 21:00:35+00:00,166096,Acoustic,VPVF,acoustic,2025-03-01 21:00:35+00:00,2025-03-01 21:00:45+00:00,337.808,10.0,1.6942088533401816
2025-03-01 21:03:37+00:00,166097,Acoustic,VPVF,acoustic,2025-03-01 21:03:37+00:00,2025-03-01 21:03:47+00:00,618.975,10.0,1.870420982695701
2025-03-01 21:06:43+00:00,166098,Acoustic,VPVF,acoustic,2025-03-01 21:06:43+00:00,2025-03-01 21:06:53+00:00,76.737,10.0,1.2629532271476291
2025-03-01 21:07:45+00:00,166099,Acoustic,VPVF,acoustic,2025-03-01 21:07:45+00:00,2025-03-01 21:07:55+00:00,365.539,10.0,1.7171655920042874
2025-03-01 21:12:37+00:00,166100,Acoustic,VPVF,acoustic,2025-03-01 21:12:37+00:00,2025-03-01 21:12:47+00:00,92.278,10.0,1.3166157760503778
2025-03-01 21:13:11+00:00,166101,Acoustic,VPVF,acoustic,2025-03-01 21:13:11+00:00,2025-03-01 21:13:21+00:00,10.916,10.0,0.6955025630885655
2025-03-01 21:15:50+00:00,166102,Acoustic,VPVF,acoustic,2025-03-01 21:15:50+00:00,2025-03-01 21:16:00+00:00,166.08,10.0,1.487612615232804
2025-03-01 21:19:35+00:00,166103,Acoustic,VPVF,acoustic,2025-03-01 21:19:35+00:00,2025-03-01 21:19:45+00:00,48.658,10.0,1.1303933502230763
2025-03-01 21:20:28+00:00,166104,Acoustic,VPVF,acoustic,2025-03-01 21:20:28+00:00,2025-03-01 21:20:38+00:00,27.294,10.0,0.9621650154331112
2025-03-01 21:21:48+00:00,166105,Acoustic,VPVF,acoustic,2025-03-01 21:21:48+00:00,2025-03-01 21:21:58+00:00,37.664,10.0,1.0558707155794382
2025-03-01 21:25:40+00:00,166106,Acoustic,VPVF,acoustic,2025-03-01 21:25:40+00:00,2025-03-01 21:25:50+00:00,107.515,10.0,1.361084269700312
2025-03-01 21:26:47+00:00,166107,Acoustic,VPVF,acoustic,2025-03-01 21:26:47+00:00,2025-03-01 21:26:57+00:00,74.502,10.0,1.2543525141077243
2025-03-01 21:27:52+00:00,166108,Acoustic,VPVF,acoustic,2025-03-01 21:27:52+00:00,2025-03-01 21:28:02+00:00,96.583,10.0,1.3298834630062375
2025-03-01 21:30:36+00:00,166109,Acoustic,VPVF,acoustic,2025-03-01 21:30:36+00:00,2025-03-01 21:30:46+00:00,648.544,10.0,1.883999428696442
2025-03-01 21:31:01+00:00,166110,Acoustic,VPVF,acoustic,2025-03-01 21:31:01+00:00,2025-03-01 21:31:11+00:00,759.479,10.0,1.929945565826591
2025-03-01 21:32:16+00:00,166111,Acoustic,VPVF,acoustic,2025-03-01 21:32:16+00:00,2025-03-01 21:32:26+00:00,436.109,10.0,1.768528683044146
2025-03-01 21:33:08+00:00,166112,Acoustic,VPVF,acoustic,2025-03-01 21:33:08+00:00,2025-03-01 21:33:18+00:00,69.379,10.0,1.2336227839936618
2025-03-01 21:35:49+00:00,166113,Acoustic,VPVF,acoustic,2025-03-01 21:35:49+00:00,2025-03-01 21:35:59+00:00,23.685,10.0,0.9208971706728636
2025-03-01 21:36:03+00:00,166114,Acoustic,VPVF,acoustic,2025-03-01 21:36:03+00:00,2025-03-01 21:36:13+00:00,75.775,10.0,1.2592823831765725
2025-03-01 21:36:40+00:00,166115,Acoustic,VPVF,acoustic,2025-03-01 21:36:40+00:00,2025-03-01 21:36:50+00:00,114.37,10.0,1.379069121142619
2025-03-01 21:37:04+00:00,166116,Acoustic,VPVF,acoustic,2025-03-01 21:37:04+00:00,2025-03-01 21:37:14+00:00,213.857,10.0,1.5611827250466124
2025-03-01 21:38:12+00:00,166117,Acoustic,VPVF,acoustic,2025-03-01 21:38:12+00:00,2025-03-01 21:38:22+00:00,68.026,10.0,1.2278922062766338
2025-03-01 21:39:09+00:00,166118,Acoustic,VPVF,acoustic,2025-03-01 21:39:09+00:00,2025-03-01 21:39:19+00:00,754.551,10.0,1.928051361335989
2025-03-01 21:41:00+00:00,166119,Acoustic,VPVF,acoustic,2025-03-01 21:41:00+00:00,2025-03-01 21:41:10+00:00,30.863,10.0,0.9979235530231884
2025-03-01 21:45:18+00:00,166120,Acoustic,VPVF,acoustic,2025-03-01 21:45:18+00:00,2025-03-01 21:45:28+00:00,357.001,10.0,1.710288519856501
2025-03-01 21:46:11+00:00,166121,Acoustic,VPVF,acoustic,2025-03-01 21:46:11+00:00,2025-03-01 21:46:21+00:00,117.446,10.0,1.3867916141501166
2025-03-01 21:46:57+00:00,166122,Acoustic,VPVF,acoustic,2025-03-01 21:46:57+00:00,2025-03-01 21:47:07+00:00,87.69,10.0,1.3017765469516565
2025-03-01 21:47:18+00:00,166123,Acoustic,VPVF,acoustic,2025-03-01 21:47:18+00:00,2025-03-01 21:47:28+00:00,146.876,10.0,1.4518570604579115
2025-03-01 21:49:06+00:00,166124,Acoustic,VPVF,acoustic,2025-03-01 21:49:06+00:00,2025-03-01 21:49:16+00:00,66.774,10.0,1.222486953173478
2025-03-01 21:50:51+00:00,166125,Acoustic,VPVF,acoustic,2025-03-01 21:50:51+00:00,2025-03-01 21:51:01+00:00,105.572,10.0,1.355777661889354
2025-03-01 21:51:15+00:00,166126,Acoustic,VPVF,acoustic,2025-03-01 21:51:15+00:00,2025-03-01 21:51:25+00:00,856.633,10.0,1.964972516450304
2025-03-01 21:56:22+00:00,166127,Acoustic,VPVF,acoustic,2025-03-01 21:56:22+00:00,2025-03-01 21:56:32+00:00,440.545,10.0,1.7714734852866223
2025-03-01 21:58:56+00:00,166128,Acoustic,VPVF,acoustic,2025-03-01 21:58:56+00:00,2025-03-01 21:59:06+00:00,181.737,10.0,1.5138270476595417
2025-03-01 22:03:06+00:00,166129,Acoustic,VPVF,acoustic,2025-03-01 22:03:06+00:00,2025-03-01 22:03:16+00:00,61.987,10.0,1.2008414141966248
2025-03-01 22:06:09+00:00,166131,Acoustic,VPVF,acoustic,2025-03-01 22:06:09+00:00,2025-03-01 22:06:19+00:00,16.257,10.0,0.8113970718404758
2025-03-01 22:07:13+00:00,166132,Acoustic,VPVF,acoustic,2025-03-01 22:07:13+00:00,2025-03-01 22:07:23+00:00,7.459,10.0,0.5846960067917929
2025-03-01 22:09:14+00:00,166133,Acoustic,VPVF,acoustic,2025-03-01 22:09:14+00:00,2025-03-01 22:09:24+00:00,93.757,10.0,1.3212424806820433
2025-03-01 22:11:40+00:00,166134,Acoustic,VPVF,acoustic,2025-03-01 22:11:40+00:00,2025-03-01 22:11:50+00:00,309.057,10.0,1.6683258516894042
2025-03-01 22:13:19+00:00,166135,Acoustic,VPVF,acoustic,2025-03-01 22:13:19+00:00,2025-03-01 22:13:29+00:00,30.443,10.0,0.9939365899453272
2025-03-01 22:13:56+00:00,166136,Acoustic,VPVF,acoustic,2025-03-01 22:13:56+00:00,2025-03-01 22:14:06+00:00,84.791,10.0,1.2919943373480265
2025-03-01 22:18:06+00:00,166137,Acoustic,VPVF,acoustic,2025-03-01 22:18:06+00:00,2025-03-01 22:18:16+00:00,6.025,10.0,0.5225712243354271
2025-03-01 22:23:55+00:00,166138,Acoustic,VPVF,acoustic,2025-03-01 22:23:55+00:00,2025-03-01 22:24:05+00:00,218.025,10.0,1.5667992177586256
2025-03-01 22:24:11+00:00,166139,Acoustic,VPVF,acoustic,2025-03-01 22:24:11+00:00,2025-03-01 22:24:21+00:00,34.87,10.0,1.0334428047419044
2025-03-01 22:26:28+00:00,166140,Acoustic,VPVF,acoustic,2025-03-01 22:26:28+00:00,2025-03-01 22:26:38+00:00,611.402,10.0,1.8668389928791849
2025-03-01 22:28:27+00:00,166141,Acoustic,VPVF,acoustic,2025-03-01 22:28:27+00:00,2025-03-01 22:28:37+00:00,22.598,10.0,0.9072269028855076
2025-03-01 22:29:28+00:00,166142,Acoustic,VPVF,acoustic,2025-03-01 22:29:28+00:00,2025-03-01 22:29:38+00:00,18.071,10.0,0.8421780645540524
2025-03-01 22:31:58+00:00,166143,Acoustic,VPVF,acoustic,2025-03-01 22:31:58+00:00,2025-03-01 22:32:08+00:00,64.611,10.0,1.2129053300575248
2025-03-01 22:32:33+00:00,166144,Acoustic,VPVF,acoustic,2025-03-01 22:32:33+00:00,2025-03-01 22:32:43+00:00,7.164,10.0,0.5729542367085859
2025-03-01 22:36:15+00:00,166145,Acoustic,VPVF,acoustic,2025-03-01 22:36:15+00:00,2025-03-01 22:36:25+00:00,258.432,10.0,1.6162720133563104
2025-03-01 22:36:40+00:00,166146,Acoustic,VPVF,acoustic,2025-03-01 22:36:40+00:00,2025-03-01 22:36:50+00:00,90.625,10.0,1.3113561731179637
2025-03-01 22:39:08+00:00,166147,Acoustic,VPVF,acoustic,2025-03-01 22:39:08+00:00,2025-03-01 22:39:18+00:00,29.104,10.0,0.9808482967520036
2025-03-01 22:41:29+00:00,166148,Acoustic,VPVF,acoustic,2025-03-01 22:41:29+00:00,2025-03-01 22:41:39+00:00,90.161,10.0,1.3098625423612391
2025-03-01 22:42:07+00:00,166149,Acoustic,VPVF,acoustic,2025-03-01 22:42:07+00:00,2025-03-01 22:42:17+00:00,21.789,10.0,0.8966189902503088
2025-03-01 22:44:27+00:00,166150,Acoustic,VPVF,acoustic,2025-03-01 22:44:27+00:00,2025-03-01 22:44:37+00:00,130.745,10.0,1.41800480989946
2025-03-01 22:45:50+00:00,166151,Acoustic,VPVF,acoustic,2025-03-01 22:45:50+00:00,2025-03-01 22:46:00+00:00,6.48,10.0,0.5437552539332976
2025-03-01 22:47:27+00:00,166152,Acoustic,VPVF,acoustic,2025-03-01 22:47:27+00:00,2025-03-01 22:47:37+00:00,23.055,10.0,0.9130526347921356
2025-03-01 22:48:00+00:00,166153,Acoustic,VPVF,acoustic,2025-03-01 22:48:00+00:00,2025-03-01 22:48:10+00:00,32.517,10.0,1.0131140155749228
2025-03-01 22:51:50+00:00,166154,Acoustic,VPVF,acoustic,2025-03-01 22:51:50+00:00,2025-03-01 22:52:00+00:00,263.492,10.0,1.621914180737916
2025-03-01 22:56:04+00:00,166155,Acoustic,VPVF,acoustic,2025-03-01 22:56:04+00:00,2025-03-01 22:56:14+00:00,13.832,10.0,0.7643929367781305
2025-03-01 22:58:23+00:00,166156,Acoustic,VPVF,acoustic,2025-03-01 22:58:23+00:00,2025-03-01 22:58:33+00:00,1667.28,10.0,2.1587457221925943
2025-03-01 23:00:42+00:00,166157,Acoustic,VPVF,acoustic,2025-03-01 23:00:42+00:00,2025-03-01 23:00:52+00:00,123.071,10.0,1.400404338714223
2025-03-01 23:02:17+00:00,166158,Acoustic,VPVF,acoustic,2025-03-01 23:02:17+00:00,2025-03-01 23:02:27+00:00,357.679,10.0,1.7108406065821218
2025-03-01 23:05:51+00:00,166159,Acoustic,VPVF,acoustic,2025-03-01 23:05:51+00:00,2025-03-01 23:06:01+00:00,121.771,10.0,1.3973143945997202
2025-03-01 23:08:50+00:00,166160,Acoustic,VPVF,acoustic,2025-03-01 23:08:50+00:00,2025-03-01 23:09:00+00:00,28.353,10.0,0.97324134198331
2025-03-01 23:10:04+00:00,166161,Acoustic,VPVF,acoustic,2025-03-01 23:10:04+00:00,2025-03-01 23:10:14+00:00,34.063,10.0,1.026629539340997
2025-03-01 23:11:30+00:00,166162,Acoustic,VPVF,acoustic,2025-03-01 23:11:30+00:00,2025-03-01 23:11:40+00:00,74.086,10.0,1.2527232186833024
2025-03-01 23:15:52+00:00,166163,Acoustic,VPVF,acoustic,2025-03-01 23:15:52+00:00,2025-03-01 23:16:02+00:00,33.01,10.0,1.0174925013013087
2025-03-01 23:17:21+00:00,166164,Acoustic,VPVF,acoustic,2025-03-01 23:17:21+00:00,2025-03-01 23:17:31+00:00,1935.972,10.0,2.202222378111637
2025-03-01 23:18:15+00:00,166165,Acoustic,VPVF,acoustic,2025-03-01 23:18:15+00:00,2025-03-01 23:18:25+00:00,265.638,10.0,1.6242744351772993
2025-03-01 23:19:52+00:00,166166,Acoustic,VPVF,acoustic,2025-03-01 23:19:52+00:00,2025-03-01 23:20:02+00:00,14.193,10.0,0.7718897158547127
2025-03-01 23:21:37+00:00,166167,Acoustic,VPVF,acoustic,2025-03-01 23:21:37+00:00,2025-03-01 23:21:47+00:00,34.98,10.0,1.0343592694455808
2025-03-01 23:22:10+00:00,166168,Acoustic,VPVF,acoustic,2025-03-01 23:22:10+00:00,2025-03-01 23:22:20+00:00,973.375,10.0,2.002147725761817
2025-03-01 23:22:27+00:00,166169,Acoustic,VPVF,acoustic,2025-03-01 23:22:27+00:00,2025-03-01 23:22:37+00:00,397.444,10.0,1.7415148831883045
2025-03-01 23:23:42+00:00,166170,Acoustic,VPVF,acoustic,2025-03-01 23:23:42+00:00,2025-03-01 23:23:52+00:00,3.682,10.0,0.3792761353925573
2025-03-01 23:28:05+00:00,166171,Acoustic,VPVF,acoustic,2025-03-01 23:28:05+00:00,2025-03-01 23:28:15+00:00,9.847,10.0,0.6655136384060479
2025-03-01 23:28:30+00:00,166172,Acoustic,VPVF,acoustic,2025-03-01 23:28:30+00:00,2025-03-01 23:28:40+00:00,8.4,10.0,0.6192671216614608
2025-03-01 23:28:35+00:00,166173,Acoustic,VPVF,acoustic,2025-03-01 23:28:35+00:00,2025-03-01 23:28:45+00:00,3.438,10.0,0.3593249344751926
2025-03-01 23:32:18+00:00,166174,Acoustic,VPVF,acoustic,2025-03-01 23:32:18+00:00,2025-03-01 23:32:28+00:00,3.411,10.0,0.3570307520029562
2025-03-01 23:33:40+00:00,166175,Acoustic,VPVF,acoustic,2025-03-01 23:33:40+00:00,2025-03-01 23:33:50+00:00,54.642,10.0,1.1641428132628562
2025-03-01 23:34:25+00:00,166176,Acoustic,VPVF,acoustic,2025-03-01 23:34:25+00:00,2025-03-01 23:34:35+00:00,1904.434,10.0,2.197443170663177
2025-03-01 23:39:32+00:00,166177,Acoustic,VPVF,acoustic,2025-03-01 23:39:32+00:00,2025-03-01 23:39:42+00:00,2601.142,10.0,2.2881599212650308
2025-03-01 23:40:25+00:00,166178,Acoustic,VPVF,acoustic,2025-03-01 23:40:25+00:00,2025-03-01 23:40:35+00:00,143.37,10.0,1.444827051111106
2025-03-01 23:42:01+00:00,166179,Acoustic,VPVF,acoustic,2025-03-01 23:42:01+00:00,2025-03-01 23:42:11+00:00,82.417,10.0,1.283731257370434
2025-03-01 23:43:08+00:00,166180,Acoustic,VPVF,acoustic,2025-03-01 23:43:08+00:00,2025-03-01 23:43:18+00:00,22.997,10.0,0.9123196940950952
2025-03-01 23:51:19+00:00,166181,Acoustic,VPVF,acoustic,2025-03-01 23:51:19+00:00,2025-03-01 23:51:29+00:00,128.382,10.0,1.4126977718308515
2025-03-01 23:55:53+00:00,166182,Acoustic,VPVF,acoustic,2025-03-01 23:55:53+00:00,2025-03-01 23:56:03+00:00,1936.778,10.0,2.202343494997314
2025-03-01 23:58:18+00:00,166183,Acoustic,VPVF,acoustic,2025-03-01 23:58:18+00:00,2025-03-01 23:58:28+00:00,1067.314,10.0,2.0289557781014422
2025-03-01 23:58:24+00:00,166184,Acoustic,VPVF,acoustic,2025-03-01 23:58:24+00:00,2025-03-01 23:58:34+00:00,543.372,10.0,1.832515161138877
2025-03-02 00:01:25+00:00,166185,Acoustic,VPVF,acoustic,2025-03-02 00:01:25+00:00,2025-03-02 00:01:35+00:00,1418.103,10.0,2.1116442097688983
2025-03-02 00:01:41+00:00,166186,Acoustic,VPVF,acoustic,2025-03-02 00:01:41+00:00,2025-03-02 00:01:51+00:00,1267.503,10.0,2.078975827266461
2025-03-02 00:02:10+00:00,166187,Acoustic,VPVF,acoustic,2025-03-02 00:02:10+00:00,2025-03-02 00:02:20+00:00,1059.176,10.0,2.026728648088068
2025-03-02 00:02:48+00:00,166188,Acoustic,VPVF,acoustic,2025-03-02 00:02:48+00:00,2025-03-02 00:02:58+00:00,650.802,10.0,1.8850107488702632
2025-03-02 00:02:59+00:00,166189,Acoustic,VPVF,acoustic,2025-03-02 00:02:59+00:00,2025-03-02 00:03:09+00:00,1852.875,10.0,2.189456901483481
2025-03-02 00:03:07+00:00,166190,Acoustic,VPVF,acoustic,2025-03-02 00:03:07+00:00,2025-03-02 00:03:17+00:00,1982.62,10.0,2.2091504535297677
2025-03-02 00:03:40+00:00,166191,Acoustic,VPVF,acoustic,2025-03-02 00:03:40+00:00,2025-03-02 00:03:50+00:00,37.077,10.0,1.0513000732611728
2025-03-02 00:04:44+00:00,166192,Acoustic,VPVF,acoustic,2025-03-02 00:04:44+00:00,2025-03-02 00:04:54+00:00,439.387,10.0,1.7707076263083148
2025-03-02 00:05:24+00:00,166193,Acoustic,VPVF,acoustic,2025-03-02 00:05:24+00:00,2025-03-02 00:05:34+00:00,546.78,10.0,1.8343344558402832
2025-03-02 00:05:59+00:00,166194,Acoustic,VPVF,acoustic,2025-03-02 00:05:59+00:00,2025-03-02 00:06:09+00:00,5163.32,10.0,2.487662457841586
2025-03-02 00:07:14+00:00,166195,Acoustic,VPVF,acoustic,2025-03-02 00:07:14+00:00,2025-03-02 00:07:24+00:00,1194.361,10.0,2.0616808612044353
2025-03-02 00:08:05+00:00,166196,Acoustic,VPVF,acoustic,2025-03-02 00:08:05+00:00,2025-03-02 00:08:15+00:00,652.378,10.0,1.8857145356884977
2025-03-02 00:08:20+00:00,166197,Acoustic,VPVF,acoustic,2025-03-02 00:08:20+00:00,2025-03-02 00:08:30+00:00,6719.671,10.0,2.5643231668335407
2025-03-02 00:08:56+00:00,166198,Acoustic,VPVF,acoustic,2025-03-02 00:08:56+00:00,2025-03-02 00:09:06+00:00,297.59,10.0,1.657324283378064
2025-03-02 00:09:05+00:00,166199,Acoustic,VPVF,acoustic,2025-03-02 00:09:05+00:00,2025-03-02 00:09:15+00:00,279.423,10.0,1.6389956412404796
2025-03-02 00:10:19+00:00,166200,Acoustic,VPVF,acoustic,2025-03-02 00:10:19+00:00,2025-03-02 00:10:29+00:00,1860.299,10.0,2.1906204442504067
2025-03-02 00:11:23+00:00,166201,Acoustic,VPVF,acoustic,2025-03-02 00:11:23+00:00,2025-03-02 00:11:33+00:00,844.483,10.0,1.9608159106115657
2025-03-02 00:13:30+00:00,166202,Acoustic,VPVF,acoustic,2025-03-02 00:13:30+00:00,2025-03-02 00:13:40+00:00,109.395,10.0,1.3661283066545151
2025-03-02 00:16:13+00:00,166203,Acoustic,VPVF,acoustic,2025-03-02 00:16:13+00:00,2025-03-02 00:16:23+00:00,811.185,10.0,1.949110340585594
2025-03-02 00:17:35+00:00,166204,Acoustic,VPVF,acoustic,2025-03-02 00:17:35+00:00,2025-03-02 00:17:45+00:00,1192.484,10.0,2.061223215642966
2025-03-02 00:18:59+00:00,166205,Acoustic,VPVF,acoustic,2025-03-02 00:18:59+00:00,2025-03-02 00:19:09+00:00,724.904,10.0,1.9163879324430475
2025-03-02 00:19:32+00:00,166206,Acoustic,VPVF,acoustic,2025-03-02 00:19:32+00:00,2025-03-02 00:19:42+00:00,1717.302,10.0,2.167347272724777
2025-03-02 00:19:56+00:00,166207,Acoustic,VPVF,acoustic,2025-03-02 00:19:56+00:00,2025-03-02 00:20:06+00:00,694.864,10.0,1.9040728740601556
2025-03-02 00:21:35+00:00,166208,Acoustic,VPVF,acoustic,2025-03-02 00:21:35+00:00,2025-03-02 00:21:45+00:00,3065.105,10.0,2.3359183888890716
2025-03-02 00:22:22+00:00,166209,Acoustic,VPVF,acoustic,2025-03-02 00:22:22+00:00,2025-03-02 00:22:32+00:00,1921.345,10.0,2.2000155875318304
2025-03-02 00:23:45+00:00,166210,Acoustic,VPVF,acoustic,2025-03-02 00:23:45+00:00,2025-03-02 00:23:55+00:00,118.909,10.0,1.3903938669563192
2025-03-02 00:24:02+00:00,166211,Acoustic,VPVF,acoustic,2025-03-02 00:24:02+00:00,2025-03-02 00:24:12+00:00,399.926,10.0,1.7433263584087395
2025-03-02 00:25:02+00:00,166212,Acoustic,VPVF,acoustic,2025-03-02 00:25:02+00:00,2025-03-02 00:25:12+00:00,1794.653,10.0,2.1801669278064972
2025-03-02 00:26:07+00:00,166213,Acoustic,VPVF,acoustic,2025-03-02 00:26:07+00:00,2025-03-02 00:26:17+00:00,1196.738,10.0,2.0622593845334776
2025-03-02 00:27:17+00:00,166214,Acoustic,VPVF,acoustic,2025-03-02 00:27:17+00:00,2025-03-02 00:27:27+00:00,16562.097,10.0,2.8268072669903597
2025-03-02 00:29:42+00:00,166215,Acoustic,VPVF,acoustic,2025-03-02 00:29:42+00:00,2025-03-02 00:29:52+00:00,1396.326,10.0,2.1071411726066582
2025-03-02 00:31:26+00:00,166216,Acoustic,VPVF,acoustic,2025-03-02 00:31:26+00:00,2025-03-02 00:31:36+00:00,1333.55,10.0,2.093756233497885
2025-03-02 00:32:17+00:00,166217,Acoustic,VPVF,acoustic,2025-03-02 00:32:17+00:00,2025-03-02 00:32:27+00:00,5416.318,10.0,2.501581783510804
2025-03-02 00:33:51+00:00,166218,Acoustic,VPVF,acoustic,2025-03-02 00:33:51+00:00,2025-03-02 00:34:01+00:00,2829.538,10.0,2.312649405621715
2025-03-02 00:34:28+00:00,166219,Acoustic,VPVF,acoustic,2025-03-02 00:34:28+00:00,2025-03-02 00:34:38+00:00,781.627,10.0,1.9383097004750072
2025-03-02 00:36:27+00:00,166220,Acoustic,VPVF,acoustic,2025-03-02 00:36:27+00:00,2025-03-02 00:36:37+00:00,45697.938,10.0,3.122130724752819
2025-03-02 00:42:11+00:00,166221,Acoustic,VPVF,acoustic,2025-03-02 00:42:11+00:00,2025-03-02 00:42:21+00:00,375.826,10.0,1.7252411705450232
2025-03-02 00:42:56+00:00,166222,Acoustic,VPVF,acoustic,2025-03-02 00:42:56+00:00,2025-03-02 00:43:06+00:00,256.267,10.0,1.6138240988425516
2025-03-02 00:44:35+00:00,166223,Acoustic,VPVF,acoustic,2025-03-02 00:44:35+00:00,2025-03-02 00:44:45+00:00,289.74,10.0,1.6495456653752734
2025-03-02 00:46:09+00:00,166224,Acoustic,VPVF,acoustic,2025-03-02 00:46:09+00:00,2025-03-02 00:46:19+00:00,1394.567,10.0,2.1067743873923703
2025-03-02 00:47:28+00:00,166225,Acoustic,VPVF,acoustic,2025-03-02 00:47:28+00:00,2025-03-02 00:47:38+00:00,511.445,10.0,1.8148952879279856
2025-03-02 00:48:36+00:00,166226,Acoustic,VPVF,acoustic,2025-03-02 00:48:36+00:00,2025-03-02 00:48:46+00:00,2187.508,10.0,2.237766265478834
2025-03-02 00:50:01+00:00,166227,Acoustic,VPVF,acoustic,2025-03-02 00:50:01+00:00,2025-03-02 00:50:11+00:00,197.111,10.0,1.537456277034448
2025-03-02 00:51:59+00:00,166228,Acoustic,VPVF,acoustic,2025-03-02 00:51:59+00:00,2025-03-02 00:52:09+00:00,198.636,10.0,1.5396988339372557
2025-03-02 00:52:30+00:00,166229,Acoustic,VPVF,acoustic,2025-03-02 00:52:30+00:00,2025-03-02 00:52:40+00:00,91.492,10.0,1.3141266912737937
2025-03-02 00:53:18+00:00,166230,Acoustic,VPVF,acoustic,2025-03-02 00:53:18+00:00,2025-03-02 00:53:28+00:00,5238.479,10.0,2.491867488858712
2025-03-02 00:53:44+00:00,166231,Acoustic,VPVF,acoustic,2025-03-02 00:53:44+00:00,2025-03-02 00:53:54+00:00,787.435,10.0,1.9404638586838523
2025-03-02 00:54:17+00:00,166232,Acoustic,VPVF,acoustic,2025-03-02 00:54:17+00:00,2025-03-02 00:54:27+00:00,1575.865,10.0,2.1423377366590453
2025-03-02 00:54:59+00:00,166233,Acoustic,VPVF,acoustic,2025-03-02 00:54:59+00:00,2025-03-02 00:55:09+00:00,1349.662,10.0,2.0972507636750386
2025-03-02 00:56:52+00:00,166234,Acoustic,VPVF,acoustic,2025-03-02 00:56:52+00:00,2025-03-02 00:57:02+00:00,27782.145,10.0,2.9773230683416454
2025-03-02 00:57:25+00:00,166235,Acoustic,VPVF,acoustic,2025-03-02 00:57:25+00:00,2025-03-02 00:57:35+00:00,216.867,10.0,1.5652496260757398
2025-03-02 01:00:40+00:00,166236,Acoustic,VPVF,acoustic,2025-03-02 01:00:40+00:00,2025-03-02 01:00:50+00:00,53.935,10.0,1.1603533576560257
2025-03-02 01:01:06+00:00,166237,Acoustic,VPVF,acoustic,2025-03-02 01:01:06+00:00,2025-03-02 01:01:16+00:00,457.542,10.0,1.7824887473740003
2025-03-02 01:01:45+00:00,166238,Acoustic,VPVF,acoustic,2025-03-02 01:01:45+00:00,2025-03-02 01:01:55+00:00,515.168,10.0,1.8170057487299736
2025-03-02 01:01:56+00:00,166239,Acoustic,VPVF,acoustic,2025-03-02 01:01:56+00:00,2025-03-02 01:02:06+00:00,608.302,10.0,1.8653598937187157
2025-03-02 01:03:38+00:00,166240,Acoustic,VPVF,acoustic,2025-03-02 01:03:38+00:00,2025-03-02 01:03:48+00:00,3164.209,10.0,2.345177658186221
2025-03-02 01:04:13+00:00,166241,Acoustic,VPVF,acoustic,2025-03-02 01:04:13+00:00,2025-03-02 01:04:23+00:00,1461.342,10.0,2.1203837504883976
2025-03-02 01:06:58+00:00,166242,Acoustic,VPVF,acoustic,2025-03-02 01:06:58+00:00,2025-03-02 01:07:08+00:00,3812.941,10.0,2.3994442570959893
2025-03-02 01:07:46+00:00,166243,Acoustic,VPVF,acoustic,2025-03-02 01:07:46+00:00,2025-03-02 01:07:56+00:00,439.807,10.0,1.7709856320192363
2025-03-02 01:07:53+00:00,166244,Acoustic,VPVF,acoustic,2025-03-02 01:07:53+00:00,2025-03-02 01:08:03+00:00,301.542,10.0,1.6611630333676664
2025-03-02 01:08:47+00:00,166245,Acoustic,VPVF,acoustic,2025-03-02 01:08:47+00:00,2025-03-02 01:08:57+00:00,481.705,10.0,1.7974633733316128
2025-03-02 01:10:48+00:00,166246,Acoustic,VPVF,acoustic,2025-03-02 01:10:48+00:00,2025-03-02 01:10:58+00:00,875.764,10.0,1.971399349425656
2025-03-02 01:12:03+00:00,166247,Acoustic,VPVF,acoustic,2025-03-02 01:12:03+00:00,2025-03-02 01:12:13+00:00,712.561,10.0,1.9113907726906487
2025-03-02 01:12:45+00:00,166248,Acoustic,VPVF,acoustic,2025-03-02 01:12:45+00:00,2025-03-02 01:12:55+00:00,268.569,10.0,1.6274674410074783
2025-03-02 01:14:19+00:00,166249,Acoustic,VPVF,acoustic,2025-03-02 01:14:19+00:00,2025-03-02 01:14:29+00:00,795.947,10.0,1.9435923806223172
2025-03-02 01:14:34+00:00,166250,Acoustic,VPVF,acoustic,2025-03-02 01:14:34+00:00,2025-03-02 01:14:44+00:00,290.107,10.0,1.649913999382054
2025-03-02 01:15:13+00:00,166251,Acoustic,VPVF,acoustic,2025-03-02 01:15:13+00:00,2025-03-02 01:15:23+00:00,450.52,10.0,1.7779884305456368
2025-03-02 01:16:04+00:00,166252,Acoustic,VPVF,acoustic,2025-03-02 01:16:04+00:00,2025-03-02 01:16:14+00:00,1007.136,10.0,2.012069040445879
2025-03-02 01:16:50+00:00,166253,Acoustic,VPVF,acoustic,2025-03-02 01:16:50+00:00,2025-03-02 01:17:00+00:00,7166.999,10.0,2.583076020394994
2025-03-02 01:17:19+00:00,166254,Acoustic,VPVF,acoustic,2025-03-02 01:17:19+00:00,2025-03-02 01:17:29+00:00,1280.268,10.0,2.081891596659836
2025-03-02 01:17:44+00:00,166255,Acoustic,VPVF,acoustic,2025-03-02 01:17:44+00:00,2025-03-02 01:17:54+00:00,14581.803,10.0,2.789753521838904
2025-03-02 01:21:04+00:00,166256,Acoustic,VPVF,acoustic,2025-03-02 01:21:04+00:00,2025-03-02 01:21:14+00:00,913.636,10.0,1.9837180465089643
2025-03-02 01:22:07+00:00,166257,Acoustic,VPVF,acoustic,2025-03-02 01:22:07+00:00,2025-03-02 01:22:17+00:00,4067.311,10.0,2.4182359454450237
2025-03-02 01:23:22+00:00,166258,Acoustic,VPVF,acoustic,2025-03-02 01:23:22+00:00,2025-03-02 01:23:32+00:00,167.181,10.0,1.4895352354975393
2025-03-02 01:24:39+00:00,166259,Acoustic,VPVF,acoustic,2025-03-02 01:24:39+00:00,2025-03-02 01:24:49+00:00,359.055,10.0,1.7119578558284465
2025-03-02 01:24:48+00:00,166260,Acoustic,VPVF,acoustic,2025-03-02 01:24:48+00:00,2025-03-02 01:24:58+00:00,691.461,10.0,1.9026443522481669
2025-03-02 01:27:21+00:00,166261,Acoustic,VPVF,acoustic,2025-03-02 01:27:21+00:00,2025-03-02 01:27:31+00:00,214.48,10.0,1.5620291566531317
2025-03-02 01:29:08+00:00,166262,Acoustic,VPVF,acoustic,2025-03-02 01:29:08+00:00,2025-03-02 01:29:18+00:00,1649.999,10.0,2.1557140662733834
2025-03-02 01:32:08+00:00,166263,Acoustic,VPVF,acoustic,2025-03-02 01:32:08+00:00,2025-03-02 01:32:18+00:00,1536.462,10.0,2.1349696218732346
2025-03-02 01:32:47+00:00,166264,Acoustic,VPVF,acoustic,2025-03-02 01:32:47+00:00,2025-03-02 01:32:57+00:00,24732.003,10.0,2.943483724639625
2025-03-02 01:36:49+00:00,166265,Acoustic,VPVF,acoustic,2025-03-02 01:36:49+00:00,2025-03-02 01:36:59+00:00,3099.199,10.0,2.3391371403733836
2025-03-02 01:37:23+00:00,166266,Acoustic,VPVF,acoustic,2025-03-02 01:37:23+00:00,2025-03-02 01:37:33+00:00,589.918,10.0,1.8564304040763944
2025-03-02 01:38:55+00:00,166267,Acoustic,VPVF,acoustic,2025-03-02 01:38:55+00:00,2025-03-02 01:39:05+00:00,479.516,10.0,1.796138078904833
2025-03-02 01:43:20+00:00,166268,Acoustic,VPVF,acoustic,2025-03-02 01:43:20+00:00,2025-03-02 01:43:30+00:00,944.633,10.0,1.993426285868679
2025-03-02 01:44:06+00:00,166269,Acoustic,VPVF,acoustic,2025-03-02 01:44:06+00:00,2025-03-02 01:44:16+00:00,347.324,10.0,1.7022923119704885
2025-03-02 01:46:04+00:00,166270,Acoustic,VPVF,acoustic,2025-03-02 01:46:04+00:00,2025-03-02 01:46:14+00:00,1047.349,10.0,2.023461252997302
2025-03-02 01:52:13+00:00,166271,Acoustic,VPVF,acoustic,2025-03-02 01:52:13+00:00,2025-03-02 01:52:23+00:00,2439.625,10.0,2.269506460337763
2025-03-02 01:52:23+00:00,166272,Acoustic,VPVF,acoustic,2025-03-02 01:52:23+00:00,2025-03-02 01:52:33+00:00,2629.688,10.0,2.2913358304600453
2025-03-02 01:53:39+00:00,166273,Acoustic,VPVF,acoustic,2025-03-02 01:53:39+00:00,2025-03-02 01:53:49+00:00,4823.486,10.0,2.4678518849661364
2025-03-02 01:59:24+00:00,166274,Acoustic,VPVF,acoustic,2025-03-02 01:59:24+00:00,2025-03-02 01:59:34+00:00,3935.562,10.0,2.408654528240759
2025-03-04 12:45:36.045000+00:00,166362,Eruption,VPVF,acoustic,2025-03-04 12:45:36.045000+00:00,2025-03-04 12:46:09.053000+00:00,258.984,33.008,1.6168928659473525
2025-03-04 12:44:17.010000+00:00,166361,Eruption,VPVF,acoustic,2025-03-04 12:44:17.010000+00:00,2025-03-04 12:44:59.738000+00:00,909.006,42.728,1.9822397223946429
2025-03-04 11:14:05.390000+00:00,166464,Acoustic,VPVF,acoustic,2025-03-04 11:14:05.390000+00:00,2025-03-04 11:14:23.750000+00:00,7.374,18.36,0.5813610992909655
2025-03-04 10:56:52.695000+00:00,166468,Acoustic,VPVF,acoustic,2025-03-04 10:56:52.695000+00:00,2025-03-04 10:57:15.510000+00:00,34.567,22.815,1.0309033320577303
2025-03-05 00:00:46+00:00,167059,Acoustic,VPVF,acoustic,2025-03-05 00:00:46+00:00,2025-03-05 00:01:08+00:00,4.986,22.0,0.4674940236923956
2025-03-05 00:02:04+00:00,167060,Acoustic,VPVF,acoustic,2025-03-05 00:02:04+00:00,2025-03-05 00:02:56+00:00,58.839,52.0,1.1856757396456723
2025-03-05 00:03:52+00:00,167061,Acoustic,VPVF,acoustic,2025-03-05 00:03:52+00:00,2025-03-05 00:04:46+00:00,64.769,54.0,1.2136160185211042
2025-03-05 00:06:04+00:00,167062,Acoustic,VPVF,acoustic,2025-03-05 00:06:04+00:00,2025-03-05 00:06:28+00:00,6.058,24.0,0.5241606102278809
2025-03-05 00:06:50+00:00,167063,Acoustic,VPVF,acoustic,2025-03-05 00:06:50+00:00,2025-03-05 00:07:18+00:00,14.741,28.0,0.7829130539491017
2025-03-05 00:08:06+00:00,167064,Acoustic,VPVF,acoustic,2025-03-05 00:08:06+00:00,2025-03-05 00:08:32+00:00,22.67,26.0,0.9081525184847667
2025-03-05 00:10:22+00:00,167065,Acoustic,VPVF,acoustic,2025-03-05 00:10:22+00:00,2025-03-05 00:10:44+00:00,17.52,22.0,0.8331678482274815
2025-03-05 00:11:20+00:00,167066,Acoustic,VPVF,acoustic,2025-03-05 00:11:20+00:00,2025-03-05 00:11:50+00:00,78.599,30.0,1.2699294038215447
2025-03-05 00:12:26+00:00,167067,Acoustic,VPVF,acoustic,2025-03-05 00:12:26+00:00,2025-03-05 00:13:04+00:00,126.046,38.0,1.407354475651316
2025-03-05 00:14:30+00:00,167068,Acoustic,VPVF,acoustic,2025-03-05 00:14:30+00:00,2025-03-05 00:14:54+00:00,2.52,24.0,0.2689383623236345
2025-03-05 00:15:54+00:00,167069,Acoustic,VPVF,acoustic,2025-03-05 00:15:54+00:00,2025-03-05 00:16:34+00:00,9.258,40.0,0.6475665082193506
2025-03-05 00:17:50+00:00,167070,Acoustic,VPVF,acoustic,2025-03-05 00:17:50+00:00,2025-03-05 00:18:14+00:00,2.463,24.0,0.2622811559321992
2025-03-05 00:18:32+00:00,167071,Acoustic,VPVF,acoustic,2025-03-05 00:18:32+00:00,2025-03-05 00:19:04+00:00,2.925,32.0,0.3123043331801934
2025-03-05 00:21:00+00:00,167072,Acoustic,VPVF,acoustic,2025-03-05 00:21:00+00:00,2025-03-05 00:22:24+00:00,94.594,84.0,1.3238286055838602
2025-03-05 00:24:04+00:00,167073,Acoustic,VPVF,acoustic,2025-03-05 00:24:04+00:00,2025-03-05 00:24:30+00:00,11.475,26.0,0.7100343051202304
2025-03-05 00:25:16+00:00,167074,Acoustic,VPVF,acoustic,2025-03-05 00:25:16+00:00,2025-03-05 00:25:48+00:00,9.117,32.0,0.6431008097157357
2025-03-05 00:27:40+00:00,167075,Acoustic,VPVF,acoustic,2025-03-05 00:27:40+00:00,2025-03-05 00:28:06+00:00,11.657,26.0,0.7146131536353654
2025-03-05 00:28:44+00:00,167076,Acoustic,VPVF,acoustic,2025-03-05 00:28:44+00:00,2025-03-05 00:29:18+00:00,23.329,34.0,0.9164904024869206
2025-03-05 00:29:46+00:00,167077,Acoustic,VPVF,acoustic,2025-03-05 00:29:46+00:00,2025-03-05 00:30:50+00:00,17.679,64.0,0.8357966561959238
2025-03-05 00:31:42+00:00,167078,Acoustic,VPVF,acoustic,2025-03-05 00:31:42+00:00,2025-03-05 00:32:06+00:00,4.176,24.0,0.4159095282961179
2025-03-05 00:33:26+00:00,167079,Acoustic,VPVF,acoustic,2025-03-05 00:33:26+00:00,2025-03-05 00:33:56+00:00,3.138,30.0,0.332757469298115
2025-03-05 00:35:08+00:00,167080,Acoustic,VPVF,acoustic,2025-03-05 00:35:08+00:00,2025-03-05 00:35:38+00:00,43.355,30.0,1.096816257674801
2025-03-05 00:36:46+00:00,167081,Acoustic,VPVF,acoustic,2025-03-05 00:36:46+00:00,2025-03-05 00:38:00+00:00,56.003,74.0,1.1713015657464283
2025-03-05 00:39:54+00:00,167082,Acoustic,VPVF,acoustic,2025-03-05 00:39:54+00:00,2025-03-05 00:40:36+00:00,25.55,42.0,0.9429519059953902
2025-03-05 00:42:10+00:00,167083,Acoustic,VPVF,acoustic,2025-03-05 00:42:10+00:00,2025-03-05 00:42:36+00:00,3.891,26.0,0.3953410246385075
2025-03-05 00:44:04+00:00,167084,Acoustic,VPVF,acoustic,2025-03-05 00:44:04+00:00,2025-03-05 00:45:46+00:00,46.102,102.0,1.1146922434813975
2025-03-05 00:46:32+00:00,167085,Acoustic,VPVF,acoustic,2025-03-05 00:46:32+00:00,2025-03-05 00:47:46+00:00,119.987,74.0,1.3930199106031698
2025-03-05 00:49:02+00:00,167086,Acoustic,VPVF,acoustic,2025-03-05 00:49:02+00:00,2025-03-05 00:50:00+00:00,31.847,58.0,1.0070559136837076
2025-03-05 00:52:26+00:00,167087,Acoustic,VPVF,acoustic,2025-03-05 00:52:26+00:00,2025-03-05 00:52:48+00:00,2.596,22.0,0.2775841410459822
2025-03-05 00:54:46+00:00,167088,Acoustic,VPVF,acoustic,2025-03-05 00:54:46+00:00,2025-03-05 00:55:36+00:00,20.38,50.0,0.8771668003791732
2025-03-05 00:56:36+00:00,167089,Acoustic,VPVF,acoustic,2025-03-05 00:56:36+00:00,2025-03-05 00:57:00+00:00,1.725,24.0,0.1586486966042262
2025-03-05 00:57:42+00:00,167090,Acoustic,VPVF,acoustic,2025-03-05 00:57:42+00:00,2025-03-05 00:58:18+00:00,9.326,36.0,0.6496959254493772
2025-03-05 01:00:04+00:00,167091,Acoustic,VPVF,acoustic,2025-03-05 01:00:04+00:00,2025-03-05 01:00:38+00:00,17.417,34.0,0.8314521457328027
2025-03-05 01:01:02+00:00,167092,Acoustic,VPVF,acoustic,2025-03-05 01:01:02+00:00,2025-03-05 01:01:50+00:00,13.961,48.0,0.7670940731522099
2025-03-05 01:03:38+00:00,167093,Acoustic,VPVF,acoustic,2025-03-05 01:03:38+00:00,2025-03-05 01:04:34+00:00,71.818,56.0,1.243676315456253
2025-03-05 01:05:04+00:00,167094,Acoustic,VPVF,acoustic,2025-03-05 01:05:04+00:00,2025-03-05 01:05:26+00:00,32.23,22.0,1.010534404693264
2025-03-05 01:05:58+00:00,167095,Acoustic,VPVF,acoustic,2025-03-05 01:05:58+00:00,2025-03-05 01:06:22+00:00,14.345,24.0,0.7749893702299516
2025-03-05 01:06:50+00:00,167096,Acoustic,VPVF,acoustic,2025-03-05 01:06:50+00:00,2025-03-05 01:07:28+00:00,12.471,38.0,0.7342538570813377
2025-03-05 01:08:38+00:00,167097,Acoustic,VPVF,acoustic,2025-03-05 01:08:38+00:00,2025-03-05 01:09:02+00:00,2.079,24.0,0.2129625078520843
2025-03-05 01:09:20+00:00,167098,Acoustic,VPVF,acoustic,2025-03-05 01:09:20+00:00,2025-03-05 01:09:44+00:00,4.173,24.0,0.4157004177568449
2025-03-05 01:10:12+00:00,167099,Acoustic,VPVF,acoustic,2025-03-05 01:10:12+00:00,2025-03-05 01:10:38+00:00,23.769,26.0,0.9219273101329868
2025-03-05 01:12:28+00:00,167100,Acoustic,VPVF,acoustic,2025-03-05 01:12:28+00:00,2025-03-05 01:13:06+00:00,34.592,38.0,1.031113700423055
2025-03-05 01:13:52+00:00,167101,Acoustic,VPVF,acoustic,2025-03-05 01:13:52+00:00,2025-03-05 01:14:56+00:00,111.049,64.0,1.3704948168839566
2025-03-05 01:16:12+00:00,167102,Acoustic,VPVF,acoustic,2025-03-05 01:16:12+00:00,2025-03-05 01:17:18+00:00,18.14,66.0,0.8432869794251312
2025-03-05 01:18:24+00:00,167103,Acoustic,VPVF,acoustic,2025-03-05 01:18:24+00:00,2025-03-05 01:18:48+00:00,27.965,24.0,0.969231931855059
2025-03-05 01:19:10+00:00,167104,Acoustic,VPVF,acoustic,2025-03-05 01:19:10+00:00,2025-03-05 01:19:36+00:00,28.304,26.0,0.972738036428984
2025-03-05 01:21:00+00:00,167105,Acoustic,VPVF,acoustic,2025-03-05 01:21:00+00:00,2025-03-05 01:22:56+00:00,60.123,116.0,1.191957230646197
2025-03-05 01:23:56+00:00,167106,Acoustic,VPVF,acoustic,2025-03-05 01:23:56+00:00,2025-03-05 01:24:24+00:00,8.926,28.0,0.6369401112780222
2025-03-05 01:25:30+00:00,167107,Acoustic,VPVF,acoustic,2025-03-05 01:25:30+00:00,2025-03-05 01:26:06+00:00,5.905,36.0,0.5167173343061875
2025-03-05 01:27:56+00:00,167108,Acoustic,VPVF,acoustic,2025-03-05 01:27:56+00:00,2025-03-05 01:28:50+00:00,63.636,54.0,1.2084809250213455
2025-03-05 01:30:30+00:00,167109,Acoustic,VPVF,acoustic,2025-03-05 01:30:30+00:00,2025-03-05 01:31:16+00:00,92.022,46.0,1.315807417532266
2025-03-05 01:32:40+00:00,167110,Acoustic,VPVF,acoustic,2025-03-05 01:32:40+00:00,2025-03-05 01:33:24+00:00,5.053,44.0,0.4713780298196144
2025-03-05 01:34:42+00:00,167111,Acoustic,VPVF,acoustic,2025-03-05 01:34:42+00:00,2025-03-05 01:35:50+00:00,21.623,68.0,0.8943936853715242
2025-03-05 01:39:08+00:00,167112,Acoustic,VPVF,acoustic,2025-03-05 01:39:08+00:00,2025-03-05 01:39:34+00:00,12.326,26.0,0.73085084947442
2025-03-05 01:40:38+00:00,167113,Acoustic,VPVF,acoustic,2025-03-05 01:40:38+00:00,2025-03-05 01:41:36+00:00,36.347,58.0,1.0455139425566835
2025-03-05 01:42:00+00:00,167114,Acoustic,VPVF,acoustic,2025-03-05 01:42:00+00:00,2025-03-05 01:42:34+00:00,19.946,34.0,0.8709033958518592
2025-03-05 01:43:50+00:00,167115,Acoustic,VPVF,acoustic,2025-03-05 01:43:50+00:00,2025-03-05 01:44:14+00:00,11.02,24.0,0.6982616683255634
2025-03-05 01:45:24+00:00,167116,Acoustic,VPVF,acoustic,2025-03-05 01:45:24+00:00,2025-03-05 01:45:48+00:00,28.584,24.0,0.975602412140237
2025-03-05 01:47:00+00:00,167117,Acoustic,VPVF,acoustic,2025-03-05 01:47:00+00:00,2025-03-05 01:47:28+00:00,19.575,28.0,0.8654401863890873
2025-03-05 01:48:20+00:00,167118,Acoustic,VPVF,acoustic,2025-03-05 01:48:20+00:00,2025-03-05 01:48:56+00:00,38.261,36.0,1.060446732175213
2025-03-05 01:50:02+00:00,167119,Acoustic,VPVF,acoustic,2025-03-05 01:50:02+00:00,2025-03-05 01:50:38+00:00,51.054,36.0,1.144379948607086
2025-03-05 01:52:28+00:00,167120,Acoustic,VPVF,acoustic,2025-03-05 01:52:28+00:00,2025-03-05 01:53:22+00:00,86.648,54.0,1.2982982236935436
2025-03-05 01:55:16+00:00,167121,Acoustic,VPVF,acoustic,2025-03-05 01:55:16+00:00,2025-03-05 01:56:20+00:00,32.719,64.0,1.0149160145642695
2025-03-05 01:57:30+00:00,167122,Acoustic,VPVF,acoustic,2025-03-05 01:57:30+00:00,2025-03-05 01:58:42+00:00,13.554,72.0,0.7584852124736845
2025-03-05 01:58:06+00:00,167123,Acoustic,VPVF,acoustic,2025-03-05 01:58:06+00:00,2025-03-05 01:58:28+00:00,6.526,22.0,0.5458135365327436
2025-03-05 02:01:00+00:00,167124,Acoustic,VPVF,acoustic,2025-03-05 02:01:00+00:00,2025-03-05 02:01:34+00:00,35.507,34.0,1.0387103666970876
2025-03-05 02:02:52+00:00,167125,Acoustic,VPVF,acoustic,2025-03-05 02:02:52+00:00,2025-03-05 02:03:20+00:00,9.756,28.0,0.6628121003999343
2025-03-05 02:03:28+00:00,167126,Acoustic,VPVF,acoustic,2025-03-05 02:03:28+00:00,2025-03-05 02:04:44+00:00,66.015,76.0,1.2191605605044795
2025-03-05 02:04:22+00:00,167127,Acoustic,VPVF,acoustic,2025-03-05 02:04:22+00:00,2025-03-05 02:04:42+00:00,13.36,20.0,0.7542903269534831
2025-03-05 02:06:28+00:00,167128,Acoustic,VPVF,acoustic,2025-03-05 02:06:28+00:00,2025-03-05 02:07:28+00:00,16.983,60.0,0.8241096544348517
2025-03-05 02:10:46+00:00,167129,Acoustic,VPVF,acoustic,2025-03-05 02:10:46+00:00,2025-03-05 02:11:14+00:00,22.161,28.0,0.9015448670062348
2025-03-05 02:10:42+00:00,167130,Acoustic,VPVF,acoustic,2025-03-05 02:10:42+00:00,2025-03-05 02:12:04+00:00,68.599,82.0,1.2303329158409622
2025-03-05 02:12:58+00:00,167131,Acoustic,VPVF,acoustic,2025-03-05 02:12:58+00:00,2025-03-05 02:13:42+00:00,43.137,44.0,1.0953494587488457
2025-03-05 02:15:06+00:00,167132,Acoustic,VPVF,acoustic,2025-03-05 02:15:06+00:00,2025-03-05 02:15:30+00:00,3.995,24.0,0.4030162450455069
2025-03-05 02:17:34+00:00,167133,Acoustic,VPVF,acoustic,2025-03-05 02:17:34+00:00,2025-03-05 02:19:30+00:00,35.652,116.0,1.0398962115603636
2025-03-05 02:20:42+00:00,167134,Acoustic,VPVF,acoustic,2025-03-05 02:20:42+00:00,2025-03-05 02:21:20+00:00,21.22,38.0,0.8889194043087657
2025-03-05 02:22:20+00:00,167135,Acoustic,VPVF,acoustic,2025-03-05 02:22:20+00:00,2025-03-05 02:23:04+00:00,37.99,44.0,1.0583784266816627
2025-03-05 02:24:40+00:00,167136,Acoustic,VPVF,acoustic,2025-03-05 02:24:40+00:00,2025-03-05 02:25:36+00:00,30.46,56.0,0.994099032330016
2025-03-05 02:26:56+00:00,167137,Acoustic,VPVF,acoustic,2025-03-05 02:26:56+00:00,2025-03-05 02:27:22+00:00,3.709,26.0,0.3814020783301688
2025-03-05 02:28:58+00:00,167138,Acoustic,VPVF,acoustic,2025-03-05 02:28:58+00:00,2025-03-05 02:29:22+00:00,25.536,24.0,0.9427924226793258
2025-03-05 02:29:38+00:00,167139,Acoustic,VPVF,acoustic,2025-03-05 02:29:38+00:00,2025-03-05 02:30:28+00:00,53.751,50.0,1.159358987434579
2025-03-05 02:31:44+00:00,167140,Acoustic,VPVF,acoustic,2025-03-05 02:31:44+00:00,2025-03-05 02:32:16+00:00,31.229,32.0,1.0013539120483352
2025-03-05 02:35:22+00:00,167141,Acoustic,VPVF,acoustic,2025-03-05 02:35:22+00:00,2025-03-05 02:35:52+00:00,7.44,30.0,0.5839538668157388
2025-03-05 02:37:24+00:00,167142,Acoustic,VPVF,acoustic,2025-03-05 02:37:24+00:00,2025-03-05 02:37:46+00:00,8.379,22.0,0.6185387675818472
2025-03-05 02:38:20+00:00,167143,Acoustic,VPVF,acoustic,2025-03-05 02:38:20+00:00,2025-03-05 02:38:42+00:00,2.407,22.0,0.2555889804842701
2025-03-05 02:38:54+00:00,167144,Acoustic,VPVF,acoustic,2025-03-05 02:38:54+00:00,2025-03-05 02:39:38+00:00,50.226,44.0,1.139622156849336
2025-03-05 02:41:22+00:00,167145,Acoustic,VPVF,acoustic,2025-03-05 02:41:22+00:00,2025-03-05 02:41:42+00:00,14.156,20.0,0.7711301711568699
2025-03-05 02:41:12+00:00,167146,Acoustic,VPVF,acoustic,2025-03-05 02:41:12+00:00,2025-03-05 02:42:42+00:00,65.031,90.0,1.2147906896596217
2025-03-05 02:44:06+00:00,167147,Acoustic,VPVF,acoustic,2025-03-05 02:44:06+00:00,2025-03-05 02:44:50+00:00,94.221,44.0,1.3226789651934392
2025-03-05 02:46:50+00:00,167148,Acoustic,VPVF,acoustic,2025-03-05 02:46:50+00:00,2025-03-05 02:48:24+00:00,37.352,94.0,1.053450286818242
2025-03-05 02:48:36+00:00,167149,Acoustic,VPVF,acoustic,2025-03-05 02:48:36+00:00,2025-03-05 02:49:06+00:00,5.037,30.0,0.4704552070746665
2025-03-05 02:51:00+00:00,167150,Acoustic,VPVF,acoustic,2025-03-05 02:51:00+00:00,2025-03-05 02:52:02+00:00,41.651,62.0,1.085149040013582
2025-03-05 02:53:06+00:00,167151,Acoustic,VPVF,acoustic,2025-03-05 02:53:06+00:00,2025-03-05 02:53:36+00:00,58.036,30.0,1.1816773062618104
2025-03-05 02:55:08+00:00,167152,Acoustic,VPVF,acoustic,2025-03-05 02:55:08+00:00,2025-03-05 02:55:30+00:00,14.456,22.0,0.7772322535004266
2025-03-05 02:56:16+00:00,167153,Acoustic,VPVF,acoustic,2025-03-05 02:56:16+00:00,2025-03-05 02:56:50+00:00,29.318,34.0,0.9829800081387504
2025-03-05 02:58:06+00:00,167154,Acoustic,VPVF,acoustic,2025-03-05 02:58:06+00:00,2025-03-05 02:58:48+00:00,8.628,42.0,0.62705979140844
2025-03-05 02:59:06+00:00,167155,Acoustic,VPVF,acoustic,2025-03-05 02:59:06+00:00,2025-03-05 03:00:32+00:00,70.626,86.0,1.2388062887578606
2025-03-05 03:01:10+00:00,167156,Acoustic,VPVF,acoustic,2025-03-05 03:01:10+00:00,2025-03-05 03:02:00+00:00,174.238,50.0,1.5015657278368115
2025-03-05 03:02:12+00:00,167157,Acoustic,VPVF,acoustic,2025-03-05 03:02:12+00:00,2025-03-05 03:02:44+00:00,14.216,32.0,0.7723608679141543
2025-03-05 03:04:06+00:00,167158,Acoustic,VPVF,acoustic,2025-03-05 03:04:06+00:00,2025-03-05 03:04:30+00:00,14.433,24.0,0.7767689297868919
2025-03-05 03:05:14+00:00,167159,Acoustic,VPVF,acoustic,2025-03-05 03:05:14+00:00,2025-03-05 03:05:38+00:00,27.84,24.0,0.9679283847288116
2025-03-05 03:06:10+00:00,167160,Acoustic,VPVF,acoustic,2025-03-05 03:06:10+00:00,2025-03-05 03:06:34+00:00,10.52,24.0,0.6847505456778726
2025-03-05 03:07:22+00:00,167161,Acoustic,VPVF,acoustic,2025-03-05 03:07:22+00:00,2025-03-05 03:08:08+00:00,53.569,46.0,1.1583720712979515
2025-03-05 03:09:24+00:00,167162,Acoustic,VPVF,acoustic,2025-03-05 03:09:24+00:00,2025-03-05 03:09:56+00:00,345.429,32.0,1.700700392875832
2025-03-05 03:10:46+00:00,167163,Acoustic,VPVF,acoustic,2025-03-05 03:10:46+00:00,2025-03-05 03:11:50+00:00,114.366,64.0,1.3790589442643697
2025-03-05 03:12:52+00:00,167164,Acoustic,VPVF,acoustic,2025-03-05 03:12:52+00:00,2025-03-05 03:13:20+00:00,15.268,28.0,0.793134041355631
2025-03-05 03:14:18+00:00,167165,Acoustic,VPVF,acoustic,2025-03-05 03:14:18+00:00,2025-03-05 03:14:50+00:00,202.476,32.0,1.5452702802163134
2025-03-05 03:16:18+00:00,167166,Acoustic,VPVF,acoustic,2025-03-05 03:16:18+00:00,2025-03-05 03:16:42+00:00,86.241,24.0,1.2969282350761044
2025-03-05 03:17:40+00:00,167167,Acoustic,VPVF,acoustic,2025-03-05 03:17:40+00:00,2025-03-05 03:18:06+00:00,40.9,26.0,1.0798546163649192
2025-03-05 03:19:10+00:00,167168,Acoustic,VPVF,acoustic,2025-03-05 03:19:10+00:00,2025-03-05 03:19:44+00:00,182.682,34.0,1.515336157599336
2025-03-05 03:22:22+00:00,167169,Acoustic,VPVF,acoustic,2025-03-05 03:22:22+00:00,2025-03-05 03:22:52+00:00,24.037,30.0,0.9251897765222266
2025-03-05 03:24:32+00:00,167170,Acoustic,VPVF,acoustic,2025-03-05 03:24:32+00:00,2025-03-05 03:25:10+00:00,142.236,38.0,1.4425163854006515
2025-03-05 03:25:34+00:00,167171,Acoustic,VPVF,acoustic,2025-03-05 03:25:34+00:00,2025-03-05 03:26:06+00:00,20.351,32.0,0.8767524553736855
2025-03-05 03:27:30+00:00,167172,Acoustic,VPVF,acoustic,2025-03-05 03:27:30+00:00,2025-03-05 03:28:42+00:00,52.494,72.0,1.1524734768326863
2025-03-05 03:29:56+00:00,167173,Acoustic,VPVF,acoustic,2025-03-05 03:29:56+00:00,2025-03-05 03:30:54+00:00,84.101,58.0,1.2896167770606173
2025-03-05 03:31:48+00:00,167174,Acoustic,VPVF,acoustic,2025-03-05 03:31:48+00:00,2025-03-05 03:32:16+00:00,41.138,28.0,1.0815429264741363
2025-03-05 03:33:08+00:00,167175,Acoustic,VPVF,acoustic,2025-03-05 03:33:08+00:00,2025-03-05 03:34:14+00:00,85.317,66.0,1.2937938358915333
2025-03-05 03:34:56+00:00,167176,Acoustic,VPVF,acoustic,2025-03-05 03:34:56+00:00,2025-03-05 03:35:28+00:00,15.03,32.0,0.7885625169932284
2025-03-05 03:36:16+00:00,167177,Acoustic,VPVF,acoustic,2025-03-05 03:36:16+00:00,2025-03-05 03:37:26+00:00,65.392,70.0,1.2164014956462372
2025-03-05 03:38:20+00:00,167178,Acoustic,VPVF,acoustic,2025-03-05 03:38:20+00:00,2025-03-05 03:39:18+00:00,51.645,58.0,1.1477289487794378
2025-03-05 03:39:38+00:00,167179,Acoustic,VPVF,acoustic,2025-03-05 03:39:38+00:00,2025-03-05 03:40:04+00:00,5.876,26.0,0.5152847973692067
2025-03-05 03:40:26+00:00,167180,Acoustic,VPVF,acoustic,2025-03-05 03:40:26+00:00,2025-03-05 03:41:02+00:00,16.577,36.0,0.8170689781068142
2025-03-05 03:42:24+00:00,167181,Acoustic,VPVF,acoustic,2025-03-05 03:42:24+00:00,2025-03-05 03:42:56+00:00,87.702,32.0,1.3018163632219533
2025-03-05 03:44:32+00:00,167182,Acoustic,VPVF,acoustic,2025-03-05 03:44:32+00:00,2025-03-05 03:45:16+00:00,206.226,44.0,1.550610090191512
2025-03-05 03:47:00+00:00,167183,Acoustic,VPVF,acoustic,2025-03-05 03:47:00+00:00,2025-03-05 03:47:26+00:00,2.497,26.0,0.266270423375403
2025-03-05 03:48:54+00:00,167184,Acoustic,VPVF,acoustic,2025-03-05 03:48:54+00:00,2025-03-05 03:49:48+00:00,46.324,54.0,1.116090055470742
2025-03-05 03:51:04+00:00,167185,Acoustic,VPVF,acoustic,2025-03-05 03:51:04+00:00,2025-03-05 03:51:30+00:00,8.335,26.0,0.6170067547898963
2025-03-05 03:52:16+00:00,167186,Acoustic,VPVF,acoustic,2025-03-05 03:52:16+00:00,2025-03-05 03:52:38+00:00,3.55,22.0,0.3686529965469131
2025-03-05 03:54:40+00:00,167187,Acoustic,VPVF,acoustic,2025-03-05 03:54:40+00:00,2025-03-05 03:55:36+00:00,25.785,56.0,0.9456159809476316
2025-03-05 03:56:30+00:00,167188,Acoustic,VPVF,acoustic,2025-03-05 03:56:30+00:00,2025-03-05 03:57:46+00:00,29.858,76.0,0.9882906781803446
2025-03-05 03:57:56+00:00,167189,Acoustic,VPVF,acoustic,2025-03-05 03:57:56+00:00,2025-03-05 03:58:20+00:00,53.531,24.0,1.1581655887961169
2025-03-05 03:59:34+00:00,167190,Acoustic,VPVF,acoustic,2025-03-05 03:59:34+00:00,2025-03-05 04:00:26+00:00,34.97,52.0,1.034276073647194
2025-03-05 04:01:52+00:00,167191,Acoustic,VPVF,acoustic,2025-03-05 04:01:52+00:00,2025-03-05 04:02:16+00:00,46.045,24.0,1.1143322597949117
2025-03-05 04:03:28+00:00,167192,Acoustic,VPVF,acoustic,2025-03-05 04:03:28+00:00,2025-03-05 04:05:02+00:00,237.41,94.0,1.5915843353729873
2025-03-05 04:05:56+00:00,167193,Acoustic,VPVF,acoustic,2025-03-05 04:05:56+00:00,2025-03-05 04:06:26+00:00,27.961,30.0,0.9691903086667928
2025-03-05 04:06:46+00:00,167194,Acoustic,VPVF,acoustic,2025-03-05 04:06:46+00:00,2025-03-05 04:07:14+00:00,31.689,28.0,1.005608718121371
2025-03-05 04:08:44+00:00,167195,Acoustic,VPVF,acoustic,2025-03-05 04:08:44+00:00,2025-03-05 04:09:08+00:00,3.528,24.0,0.366844146228054
2025-03-05 04:10:02+00:00,167196,Acoustic,VPVF,acoustic,2025-03-05 04:10:02+00:00,2025-03-05 04:10:32+00:00,29.814,30.0,0.9878615655765484
2025-03-05 04:11:56+00:00,167197,Acoustic,VPVF,acoustic,2025-03-05 04:11:56+00:00,2025-03-05 04:12:38+00:00,73.851,42.0,1.2517987748498915
2025-03-05 04:13:34+00:00,167198,Acoustic,VPVF,acoustic,2025-03-05 04:13:34+00:00,2025-03-05 04:14:16+00:00,438.136,42.0,1.7698779891307206
2025-03-05 04:14:32+00:00,167199,Acoustic,VPVF,acoustic,2025-03-05 04:14:32+00:00,2025-03-05 04:15:04+00:00,96.144,32.0,1.3285578650683396
2025-03-05 04:17:48+00:00,167200,Acoustic,VPVF,acoustic,2025-03-05 04:17:48+00:00,2025-03-05 04:18:42+00:00,102.271,54.0,1.3465341766588983
2025-03-05 04:20:34+00:00,167201,Acoustic,VPVF,acoustic,2025-03-05 04:20:34+00:00,2025-03-05 04:21:52+00:00,78.066,78.0,1.2679494912588856
2025-03-05 04:21:18+00:00,167202,Acoustic,VPVF,acoustic,2025-03-05 04:21:18+00:00,2025-03-05 04:21:44+00:00,19.372,26.0,0.8624068884509162
2025-03-05 04:22:26+00:00,167203,Acoustic,VPVF,acoustic,2025-03-05 04:22:26+00:00,2025-03-05 04:22:56+00:00,62.637,30.0,1.2038767358351223
2025-03-05 04:23:38+00:00,167204,Acoustic,VPVF,acoustic,2025-03-05 04:23:38+00:00,2025-03-05 04:23:58+00:00,19.581,20.0,0.8655293611684782
2025-03-05 04:24:48+00:00,167205,Acoustic,VPVF,acoustic,2025-03-05 04:24:48+00:00,2025-03-05 04:25:18+00:00,128.173,30.0,1.4122236881470112
2025-03-05 04:26:42+00:00,167206,Acoustic,VPVF,acoustic,2025-03-05 04:26:42+00:00,2025-03-05 04:27:02+00:00,4.883,20.0,0.4614201052703627
2025-03-05 04:27:18+00:00,167207,Acoustic,VPVF,acoustic,2025-03-05 04:27:18+00:00,2025-03-05 04:28:00+00:00,5.564,42.0,0.4994093712844059
2025-03-05 04:29:04+00:00,167208,Acoustic,VPVF,acoustic,2025-03-05 04:29:04+00:00,2025-03-05 04:29:56+00:00,43.792,52.0,1.0997345026442524
2025-03-05 04:30:46+00:00,167209,Acoustic,VPVF,acoustic,2025-03-05 04:30:46+00:00,2025-03-05 04:31:28+00:00,30.688,42.0,0.9962689522786816
2025-03-05 04:32:12+00:00,167210,Acoustic,VPVF,acoustic,2025-03-05 04:32:12+00:00,2025-03-05 04:32:48+00:00,43.365,36.0,1.0968833649866474
2025-03-05 04:35:06+00:00,167211,Acoustic,VPVF,acoustic,2025-03-05 04:35:06+00:00,2025-03-05 04:35:40+00:00,45.206,34.0,1.108981374065918
2025-03-05 04:36:00+00:00,167212,Acoustic,VPVF,acoustic,2025-03-05 04:36:00+00:00,2025-03-05 04:36:26+00:00,48.706,26.0,1.1306802511653042
2025-03-05 04:38:38+00:00,167213,Acoustic,VPVF,acoustic,2025-03-05 04:38:38+00:00,2025-03-05 04:39:06+00:00,28.867,28.0,0.9784691069850936
2025-03-05 04:39:26+00:00,167214,Acoustic,VPVF,acoustic,2025-03-05 04:39:26+00:00,2025-03-05 04:40:04+00:00,15.31,38.0,0.793933377767835
2025-03-05 04:40:42+00:00,167215,Acoustic,VPVF,acoustic,2025-03-05 04:40:42+00:00,2025-03-05 04:41:02+00:00,31.856,20.0,1.007138132597834
2025-03-05 04:43:14+00:00,167216,Acoustic,VPVF,acoustic,2025-03-05 04:43:14+00:00,2025-03-05 04:43:40+00:00,20.403,26.0,0.8774949998091144
2025-03-05 04:44:44+00:00,167217,Acoustic,VPVF,acoustic,2025-03-05 04:44:44+00:00,2025-03-05 04:45:22+00:00,23.726,38.0,0.9214004324640858
2025-03-05 04:46:18+00:00,167218,Acoustic,VPVF,acoustic,2025-03-05 04:46:18+00:00,2025-03-05 04:47:00+00:00,58.873,42.0,1.1858438317445728
2025-03-05 04:48:52+00:00,167219,Acoustic,VPVF,acoustic,2025-03-05 04:48:52+00:00,2025-03-05 04:49:30+00:00,24.533,38.0,0.9311329414211292
2025-03-05 04:50:30+00:00,167220,Acoustic,VPVF,acoustic,2025-03-05 04:50:30+00:00,2025-03-05 04:50:58+00:00,15.234,28.0,0.7924853473424351
2025-03-05 04:52:14+00:00,167221,Acoustic,VPVF,acoustic,2025-03-05 04:52:14+00:00,2025-03-05 04:52:50+00:00,5.388,36.0,0.4900564833241352
2025-03-05 04:54:30+00:00,167222,Acoustic,VPVF,acoustic,2025-03-05 04:54:30+00:00,2025-03-05 04:55:16+00:00,72.553,46.0,1.2466391011317433
2025-03-05 04:56:42+00:00,167223,Acoustic,VPVF,acoustic,2025-03-05 04:56:42+00:00,2025-03-05 04:57:16+00:00,8.309,34.0,0.6160976685091282
2025-03-05 04:57:50+00:00,167224,Acoustic,VPVF,acoustic,2025-03-05 04:57:50+00:00,2025-03-05 04:58:14+00:00,3.381,24.0,0.3544602644130652
2025-03-05 05:01:38+00:00,167225,Acoustic,VPVF,acoustic,2025-03-05 05:01:38+00:00,2025-03-05 05:02:08+00:00,8.058,30.0,0.6071722662450806
2025-03-05 05:04:40+00:00,167226,Acoustic,VPVF,acoustic,2025-03-05 05:04:40+00:00,2025-03-05 05:05:04+00:00,63.321,24.0,1.2070370024571346
2025-03-05 05:06:24+00:00,167227,Acoustic,VPVF,acoustic,2025-03-05 05:06:24+00:00,2025-03-05 05:07:20+00:00,22.662,56.0,0.9080498175914832
2025-03-05 05:08:38+00:00,167228,Acoustic,VPVF,acoustic,2025-03-05 05:08:38+00:00,2025-03-05 05:09:22+00:00,17.737,44.0,0.8367497112362716
2025-03-05 05:10:06+00:00,167229,Acoustic,VPVF,acoustic,2025-03-05 05:10:06+00:00,2025-03-05 05:10:58+00:00,21.391,52.0,0.8912548287719173
2025-03-05 05:13:38+00:00,167230,Acoustic,VPVF,acoustic,2025-03-05 05:13:38+00:00,2025-03-05 05:14:22+00:00,24.37,44.0,0.9291932045537654
2025-03-05 05:16:24+00:00,167231,Acoustic,VPVF,acoustic,2025-03-05 05:16:24+00:00,2025-03-05 05:17:12+00:00,101.172,48.0,1.3433904246839143
2025-03-05 05:19:08+00:00,167232,Acoustic,VPVF,acoustic,2025-03-05 05:19:08+00:00,2025-03-05 05:19:44+00:00,47.856,36.0,1.125557385110453
2025-03-05 05:20:54+00:00,167233,Acoustic,VPVF,acoustic,2025-03-05 05:20:54+00:00,2025-03-05 05:21:38+00:00,5.218,44.0,0.4807277300920153
2025-03-05 05:22:46+00:00,167234,Acoustic,VPVF,acoustic,2025-03-05 05:22:46+00:00,2025-03-05 05:23:36+00:00,37.504,50.0,1.0546319853013253
2025-03-05 05:24:56+00:00,167235,Acoustic,VPVF,acoustic,2025-03-05 05:24:56+00:00,2025-03-05 05:25:34+00:00,9.901,38.0,0.6671049705427868
2025-03-05 05:25:56+00:00,167236,Acoustic,VPVF,acoustic,2025-03-05 05:25:56+00:00,2025-03-05 05:26:24+00:00,17.735,28.0,0.8367168991813343
2025-03-05 05:27:18+00:00,167237,Acoustic,VPVF,acoustic,2025-03-05 05:27:18+00:00,2025-03-05 05:27:52+00:00,9.654,34.0,0.659753887303391
2025-03-05 05:28:58+00:00,167238,Acoustic,VPVF,acoustic,2025-03-05 05:28:58+00:00,2025-03-05 05:29:30+00:00,14.239,32.0,0.7728312583146895
2025-03-05 05:30:40+00:00,167239,Acoustic,VPVF,acoustic,2025-03-05 05:30:40+00:00,2025-03-05 05:31:14+00:00,11.882,34.0,0.7201759971872477
2025-03-05 05:32:50+00:00,167240,Acoustic,VPVF,acoustic,2025-03-05 05:32:50+00:00,2025-03-05 05:33:20+00:00,23.375,30.0,0.9170635850948522
2025-03-05 05:34:22+00:00,167241,Acoustic,VPVF,acoustic,2025-03-05 05:34:22+00:00,2025-03-05 05:35:16+00:00,59.971,54.0,1.1912206647285972
2025-03-05 05:37:08+00:00,167242,Acoustic,VPVF,acoustic,2025-03-05 05:37:08+00:00,2025-03-05 05:37:38+00:00,8.136,30.0,0.6099753297428411
2025-03-05 05:38:44+00:00,167243,Acoustic,VPVF,acoustic,2025-03-05 05:38:44+00:00,2025-03-05 05:40:08+00:00,14.475,84.0,0.7776144435076474
2025-03-05 05:39:26+00:00,167244,Acoustic,VPVF,acoustic,2025-03-05 05:39:26+00:00,2025-03-05 05:39:50+00:00,5.837,24.0,0.5133470945178072
2025-03-05 05:41:44+00:00,167245,Acoustic,VPVF,acoustic,2025-03-05 05:41:44+00:00,2025-03-05 05:42:12+00:00,67.948,28.0,1.2275583743365015
2025-03-05 05:43:34+00:00,167246,Acoustic,VPVF,acoustic,2025-03-05 05:43:34+00:00,2025-03-05 05:43:58+00:00,6.821,24.0,0.5586781931858693
2025-03-05 05:44:14+00:00,167247,Acoustic,VPVF,acoustic,2025-03-05 05:44:14+00:00,2025-03-05 05:45:00+00:00,57.209,46.0,1.1775011188319442
2025-03-05 05:45:58+00:00,167248,Acoustic,VPVF,acoustic,2025-03-05 05:45:58+00:00,2025-03-05 05:47:00+00:00,12.805,62.0,0.7419443204789806
2025-03-05 05:47:16+00:00,167249,Acoustic,VPVF,acoustic,2025-03-05 05:47:16+00:00,2025-03-05 05:47:42+00:00,11.288,26.0,0.7052533905000152
2025-03-05 05:48:38+00:00,167250,Acoustic,VPVF,acoustic,2025-03-05 05:48:38+00:00,2025-03-05 05:49:40+00:00,11.663,62.0,0.7147628846693084
2025-03-05 05:50:38+00:00,167251,Acoustic,VPVF,acoustic,2025-03-05 05:50:38+00:00,2025-03-05 05:51:36+00:00,35.908,58.0,1.041978115062643
2025-03-05 05:52:56+00:00,167252,Acoustic,VPVF,acoustic,2025-03-05 05:52:56+00:00,2025-03-05 05:53:46+00:00,4.823,50.0,0.4578225654876614
2025-03-05 05:55:52+00:00,167253,Acoustic,VPVF,acoustic,2025-03-05 05:55:52+00:00,2025-03-05 05:56:36+00:00,17.26,44.0,0.8288173302240579
2025-03-05 05:57:36+00:00,167254,Acoustic,VPVF,acoustic,2025-03-05 05:57:36+00:00,2025-03-05 05:58:20+00:00,22.351,44.0,0.9040289622309804
2025-03-05 05:59:28+00:00,167255,Acoustic,VPVF,acoustic,2025-03-05 05:59:28+00:00,2025-03-05 06:00:00+00:00,39.56,32.0,1.070161709559845
2025-03-05 06:01:42+00:00,167256,Acoustic,VPVF,acoustic,2025-03-05 06:01:42+00:00,2025-03-05 06:02:12+00:00,22.538,30.0,0.9064533009510816
2025-03-05 06:02:34+00:00,167257,Acoustic,VPVF,acoustic,2025-03-05 06:02:34+00:00,2025-03-05 06:03:18+00:00,70.728,44.0,1.239226222966226
2025-03-05 06:05:26+00:00,167258,Acoustic,VPVF,acoustic,2025-03-05 06:05:26+00:00,2025-03-05 06:06:06+00:00,5.752,40.0,0.5090786478411337
2025-03-05 06:06:38+00:00,167259,Acoustic,VPVF,acoustic,2025-03-05 06:06:38+00:00,2025-03-05 06:07:06+00:00,3.233,28.0,0.3414358220897426
2025-03-05 06:08:14+00:00,167260,Acoustic,VPVF,acoustic,2025-03-05 06:08:14+00:00,2025-03-05 06:08:38+00:00,2.794,24.0,0.2989716891913693
2025-03-05 06:09:58+00:00,167261,Acoustic,VPVF,acoustic,2025-03-05 06:09:58+00:00,2025-03-05 06:10:22+00:00,2.914,24.0,0.3112079967807608
2025-03-05 06:10:58+00:00,167262,Acoustic,VPVF,acoustic,2025-03-05 06:10:58+00:00,2025-03-05 06:11:48+00:00,11.348,50.0,0.7067959491729559
2025-03-05 06:13:22+00:00,167263,Acoustic,VPVF,acoustic,2025-03-05 06:13:22+00:00,2025-03-05 06:14:14+00:00,13.704,52.0,0.7616877244714942
2025-03-05 06:15:06+00:00,167264,Acoustic,VPVF,acoustic,2025-03-05 06:15:06+00:00,2025-03-05 06:15:38+00:00,35.352,32.0,1.0374373723313388
2025-03-05 06:17:20+00:00,167265,Acoustic,VPVF,acoustic,2025-03-05 06:17:20+00:00,2025-03-05 06:18:14+00:00,24.587,54.0,0.9317727126216686
2025-03-05 06:19:40+00:00,167266,Acoustic,VPVF,acoustic,2025-03-05 06:19:40+00:00,2025-03-05 06:20:12+00:00,19.006,32.0,0.8568567857022147
2025-03-05 06:22:08+00:00,167267,Acoustic,VPVF,acoustic,2025-03-05 06:22:08+00:00,2025-03-05 06:23:22+00:00,48.059,74.0,1.1267890690114215
2025-03-05 06:24:02+00:00,167268,Acoustic,VPVF,acoustic,2025-03-05 06:24:02+00:00,2025-03-05 06:24:42+00:00,16.227,40.0,0.810859618228357
2025-03-05 06:25:12+00:00,167269,Acoustic,VPVF,acoustic,2025-03-05 06:25:12+00:00,2025-03-05 06:25:56+00:00,5.185,44.0,0.4788816696857901
2025-03-05 06:26:34+00:00,167270,Acoustic,VPVF,acoustic,2025-03-05 06:26:34+00:00,2025-03-05 06:27:06+00:00,5.892,32.0,0.5160760345742975
2025-03-05 06:27:50+00:00,167271,Acoustic,VPVF,acoustic,2025-03-05 06:27:50+00:00,2025-03-05 06:28:20+00:00,8.634,30.0,0.6272620696945668
2025-03-05 06:28:38+00:00,167272,Acoustic,VPVF,acoustic,2025-03-05 06:28:38+00:00,2025-03-05 06:29:28+00:00,7.443,50.0,0.5840711727245539
2025-03-05 06:29:52+00:00,167273,Acoustic,VPVF,acoustic,2025-03-05 06:29:52+00:00,2025-03-05 06:30:58+00:00,27.622,66.0,0.9656409310233875
2025-03-05 06:31:44+00:00,167274,Acoustic,VPVF,acoustic,2025-03-05 06:31:44+00:00,2025-03-05 06:32:16+00:00,19.971,32.0,0.8712678738197932
2025-03-05 06:33:34+00:00,167275,Acoustic,VPVF,acoustic,2025-03-05 06:33:34+00:00,2025-03-05 06:34:18+00:00,46.368,44.0,1.116366303740024
2025-03-05 06:34:54+00:00,167276,Acoustic,VPVF,acoustic,2025-03-05 06:34:54+00:00,2025-03-05 06:35:52+00:00,50.767,58.0,1.142739605120234
2025-03-05 06:38:14+00:00,167277,Acoustic,VPVF,acoustic,2025-03-05 06:38:14+00:00,2025-03-05 06:38:54+00:00,17.13,40.0,0.8266174331868921
2025-03-05 06:41:00+00:00,167278,Acoustic,VPVF,acoustic,2025-03-05 06:41:00+00:00,2025-03-05 06:41:26+00:00,2.112,26.0,0.217544922287389
2025-03-05 06:42:24+00:00,167279,Acoustic,VPVF,acoustic,2025-03-05 06:42:24+00:00,2025-03-05 06:42:56+00:00,8.544,32.0,0.6242130305886024
2025-03-05 06:44:14+00:00,167280,Acoustic,VPVF,acoustic,2025-03-05 06:44:14+00:00,2025-03-05 06:44:48+00:00,12.926,34.0,0.7446809815630582
2025-03-05 06:45:28+00:00,167281,Acoustic,VPVF,acoustic,2025-03-05 06:45:28+00:00,2025-03-05 06:45:56+00:00,8.539,28.0,0.6240426990829043
2025-03-05 06:46:56+00:00,167282,Acoustic,VPVF,acoustic,2025-03-05 06:46:56+00:00,2025-03-05 06:48:02+00:00,71.426,66.0,1.2420837407241192
2025-03-05 06:49:28+00:00,167283,Acoustic,VPVF,acoustic,2025-03-05 06:49:28+00:00,2025-03-05 06:49:56+00:00,58.635,28.0,1.184665142756912
2025-03-05 06:51:00+00:00,167284,Acoustic,VPVF,acoustic,2025-03-05 06:51:00+00:00,2025-03-05 06:52:00+00:00,12.026,60.0,0.7236812036713519
2025-03-05 06:53:38+00:00,167285,Acoustic,VPVF,acoustic,2025-03-05 06:53:38+00:00,2025-03-05 06:54:02+00:00,9.297,24.0,0.6487896967424935
2025-03-05 06:54:20+00:00,167286,Acoustic,VPVF,acoustic,2025-03-05 06:54:20+00:00,2025-03-05 06:54:44+00:00,7.718,24.0,0.5946281987377032
2025-03-05 06:56:18+00:00,167287,Acoustic,VPVF,acoustic,2025-03-05 06:56:18+00:00,2025-03-05 06:57:04+00:00,16.738,46.0,0.8198813875600989
2025-03-05 06:57:38+00:00,167288,Acoustic,VPVF,acoustic,2025-03-05 06:57:38+00:00,2025-03-05 06:58:26+00:00,8.907,48.0,0.6363200730515238
2025-03-05 06:59:04+00:00,167289,Acoustic,VPVF,acoustic,2025-03-05 06:59:04+00:00,2025-03-05 06:59:52+00:00,4.279,48.0,0.4229993319442349
2025-03-05 07:01:04+00:00,167290,Acoustic,VPVF,acoustic,2025-03-05 07:01:04+00:00,2025-03-05 07:01:28+00:00,12.501,24.0,0.7349529859685502
2025-03-05 07:01:34+00:00,167291,Acoustic,VPVF,acoustic,2025-03-05 07:01:34+00:00,2025-03-05 07:02:14+00:00,8.737,40.0,0.63071276492688
2025-03-05 07:02:46+00:00,167292,Acoustic,VPVF,acoustic,2025-03-05 07:02:46+00:00,2025-03-05 07:04:04+00:00,32.502,78.0,1.012979757600467
2025-03-05 07:06:12+00:00,167293,Acoustic,VPVF,acoustic,2025-03-05 07:06:12+00:00,2025-03-05 07:07:00+00:00,12.02,48.0,0.7235359933367029
2025-03-05 07:09:20+00:00,167294,Acoustic,VPVF,acoustic,2025-03-05 07:09:20+00:00,2025-03-05 07:10:42+00:00,151.074,82.0,1.460057117904996
2025-03-05 07:10:58+00:00,167295,Acoustic,VPVF,acoustic,2025-03-05 07:10:58+00:00,2025-03-05 07:11:38+00:00,83.219,40.0,1.2865490701722833
2025-03-05 07:13:28+00:00,167296,Acoustic,VPVF,acoustic,2025-03-05 07:13:28+00:00,2025-03-05 07:13:56+00:00,16.035,28.0,0.8073962060571878
2025-03-05 07:17:42+00:00,167297,Acoustic,VPVF,acoustic,2025-03-05 07:17:42+00:00,2025-03-05 07:18:16+00:00,21.058,34.0,0.886689471304781
2025-03-05 07:19:30+00:00,167298,Acoustic,VPVF,acoustic,2025-03-05 07:19:30+00:00,2025-03-05 07:20:02+00:00,2.558,32.0,0.2732933618955655
2025-03-05 07:20:10+00:00,167299,Acoustic,VPVF,acoustic,2025-03-05 07:20:10+00:00,2025-03-05 07:20:46+00:00,5.32,36.0,0.4863607936376823
2025-03-05 07:23:32+00:00,167300,Acoustic,VPVF,acoustic,2025-03-05 07:23:32+00:00,2025-03-05 07:24:34+00:00,5.462,62.0,0.4940256361884887
2025-03-05 07:26:08+00:00,167301,Acoustic,VPVF,acoustic,2025-03-05 07:26:08+00:00,2025-03-05 07:26:46+00:00,18.278,38.0,0.8454922109037301
2025-03-05 07:28:28+00:00,167302,Acoustic,VPVF,acoustic,2025-03-05 07:28:28+00:00,2025-03-05 07:29:00+00:00,41.377,32.0,1.0832285295733068
2025-03-05 07:31:04+00:00,167303,Acoustic,VPVF,acoustic,2025-03-05 07:31:04+00:00,2025-03-05 07:31:50+00:00,34.487,46.0,1.030229129415036
2025-03-05 07:33:06+00:00,167304,Acoustic,VPVF,acoustic,2025-03-05 07:33:06+00:00,2025-03-05 07:33:40+00:00,8.877,34.0,0.635338367319798
2025-03-05 07:35:00+00:00,167305,Acoustic,VPVF,acoustic,2025-03-05 07:35:00+00:00,2025-03-05 07:35:34+00:00,31.201,34.0,1.0010929040385068
2025-03-05 07:36:00+00:00,167306,Acoustic,VPVF,acoustic,2025-03-05 07:36:00+00:00,2025-03-05 07:36:44+00:00,16.035,44.0,0.8073962060571878
2025-03-05 07:38:16+00:00,167307,Acoustic,VPVF,acoustic,2025-03-05 07:38:16+00:00,2025-03-05 07:38:40+00:00,42.071,24.0,1.0880684994727017
2025-03-05 07:39:46+00:00,167308,Acoustic,VPVF,acoustic,2025-03-05 07:39:46+00:00,2025-03-05 07:40:20+00:00,22.141,34.0,0.9012821453930864
2025-03-05 07:41:58+00:00,167309,Acoustic,VPVF,acoustic,2025-03-05 07:41:58+00:00,2025-03-05 07:42:20+00:00,14.737,22.0,0.7828340859581495
2025-03-05 07:43:28+00:00,167310,Acoustic,VPVF,acoustic,2025-03-05 07:43:28+00:00,2025-03-05 07:43:50+00:00,16.872,22.0,0.8222015997100581
2025-03-05 07:45:30+00:00,167311,Acoustic,VPVF,acoustic,2025-03-05 07:45:30+00:00,2025-03-05 07:46:30+00:00,55.956,60.0,1.1710572632064185
2025-03-05 07:46:50+00:00,167312,Acoustic,VPVF,acoustic,2025-03-05 07:46:50+00:00,2025-03-05 07:47:12+00:00,4.421,22.0,0.4324987449869356
2025-03-05 07:48:40+00:00,167313,Acoustic,VPVF,acoustic,2025-03-05 07:48:40+00:00,2025-03-05 07:49:16+00:00,44.489,36.0,1.1043292714921638
2025-03-05 07:50:42+00:00,167314,Acoustic,VPVF,acoustic,2025-03-05 07:50:42+00:00,2025-03-05 07:51:12+00:00,7.995,30.0,0.6048883736151099
2025-03-05 07:51:38+00:00,167315,Acoustic,VPVF,acoustic,2025-03-05 07:51:38+00:00,2025-03-05 07:52:00+00:00,3.612,22.0,0.3736909868997837
2025-03-05 07:52:18+00:00,167316,Acoustic,VPVF,acoustic,2025-03-05 07:52:18+00:00,2025-03-05 07:52:44+00:00,10.724,26.0,0.6903390595582642
2025-03-05 07:53:22+00:00,167317,Acoustic,VPVF,acoustic,2025-03-05 07:53:22+00:00,2025-03-05 07:54:00+00:00,4.809,38.0,0.4569767006394509
2025-03-05 07:55:30+00:00,167318,Acoustic,VPVF,acoustic,2025-03-05 07:55:30+00:00,2025-03-05 07:56:10+00:00,12.415,40.0,0.7329443050066907
2025-03-05 07:57:04+00:00,167319,Acoustic,VPVF,acoustic,2025-03-05 07:57:04+00:00,2025-03-05 07:57:46+00:00,85.147,42.0,1.2932134651635454
2025-03-05 07:59:12+00:00,167320,Acoustic,VPVF,acoustic,2025-03-05 07:59:12+00:00,2025-03-05 08:00:04+00:00,44.754,52.0,1.1060573445488342
2025-03-05 08:02:08+00:00,167321,Acoustic,VPVF,acoustic,2025-03-05 08:02:08+00:00,2025-03-05 08:02:38+00:00,5.877,30.0,0.5153343127786473
2025-03-05 08:03:52+00:00,167322,Acoustic,VPVF,acoustic,2025-03-05 08:03:52+00:00,2025-03-05 08:04:18+00:00,4.651,26.0,0.447256047472716
2025-03-05 08:04:44+00:00,167323,Acoustic,VPVF,acoustic,2025-03-05 08:04:44+00:00,2025-03-05 08:05:16+00:00,12.627,32.0,0.7378711209133488
2025-03-05 08:07:08+00:00,167324,Acoustic,VPVF,acoustic,2025-03-05 08:07:08+00:00,2025-03-05 08:07:42+00:00,35.882,34.0,1.041767350047863
2025-03-05 08:09:34+00:00,167325,Acoustic,VPVF,acoustic,2025-03-05 08:09:34+00:00,2025-03-05 08:10:34+00:00,41.545,60.0,1.084407571414261
2025-03-05 08:12:56+00:00,167326,Acoustic,VPVF,acoustic,2025-03-05 08:12:56+00:00,2025-03-05 08:13:26+00:00,18.704,30.0,0.8521961108579026
2025-03-05 08:15:02+00:00,167327,Acoustic,VPVF,acoustic,2025-03-05 08:15:02+00:00,2025-03-05 08:15:28+00:00,21.624,26.0,0.8944071419027483
2025-03-05 08:16:28+00:00,167328,Acoustic,VPVF,acoustic,2025-03-05 08:16:28+00:00,2025-03-05 08:17:06+00:00,10.826,38.0,0.6930935752458784
2025-03-05 08:18:06+00:00,167329,Acoustic,VPVF,acoustic,2025-03-05 08:18:06+00:00,2025-03-05 08:18:38+00:00,19.787,32.0,0.8685745690268285
2025-03-05 08:19:24+00:00,167330,Acoustic,VPVF,acoustic,2025-03-05 08:19:24+00:00,2025-03-05 08:19:54+00:00,21.453,30.0,0.8920969819495566
2025-03-05 08:20:58+00:00,167331,Acoustic,VPVF,acoustic,2025-03-05 08:20:58+00:00,2025-03-05 08:21:28+00:00,34.275,30.0,1.0284349005192388
2025-03-05 08:24:04+00:00,167332,Acoustic,VPVF,acoustic,2025-03-05 08:24:04+00:00,2025-03-05 08:24:28+00:00,4.53,24.0,0.4395857953485974
2025-03-05 08:25:14+00:00,167333,Acoustic,VPVF,acoustic,2025-03-05 08:25:14+00:00,2025-03-05 08:26:10+00:00,13.857,56.0,0.7649183753673601
2025-03-05 08:27:26+00:00,167334,Acoustic,VPVF,acoustic,2025-03-05 08:27:26+00:00,2025-03-05 08:27:56+00:00,8.983,30.0,0.6387923377862936
2025-03-05 08:28:12+00:00,167335,Acoustic,VPVF,acoustic,2025-03-05 08:28:12+00:00,2025-03-05 08:28:40+00:00,18.3,28.0,0.8458422301193879
2025-03-05 08:30:02+00:00,167336,Acoustic,VPVF,acoustic,2025-03-05 08:30:02+00:00,2025-03-05 08:30:36+00:00,23.376,34.0,0.9170760330554486
2025-03-05 08:33:08+00:00,167337,Acoustic,VPVF,acoustic,2025-03-05 08:33:08+00:00,2025-03-05 08:34:24+00:00,136.381,76.0,1.4302850932624749
2025-03-05 08:35:54+00:00,167338,Acoustic,VPVF,acoustic,2025-03-05 08:35:54+00:00,2025-03-05 08:36:30+00:00,16.98,36.0,0.8240582495583157
2025-03-05 08:37:40+00:00,167339,Acoustic,VPVF,acoustic,2025-03-05 08:37:40+00:00,2025-03-05 08:38:30+00:00,7.235,50.0,0.5758238187548878
2025-03-05 08:39:04+00:00,167340,Acoustic,VPVF,acoustic,2025-03-05 08:39:04+00:00,2025-03-05 08:39:38+00:00,11.399,34.0,0.7081007249510697
2025-03-05 08:40:30+00:00,167341,Acoustic,VPVF,acoustic,2025-03-05 08:40:30+00:00,2025-03-05 08:40:54+00:00,2.191,24.0,0.2282303929656725
2025-03-05 08:43:58+00:00,167342,Acoustic,VPVF,acoustic,2025-03-05 08:43:58+00:00,2025-03-05 08:44:40+00:00,28.898,42.0,0.9787814171125094
2025-03-05 08:45:58+00:00,167343,Acoustic,VPVF,acoustic,2025-03-05 08:45:58+00:00,2025-03-05 08:46:34+00:00,4.891,36.0,0.4618964340902592
2025-03-05 08:47:00+00:00,167344,Acoustic,VPVF,acoustic,2025-03-05 08:47:00+00:00,2025-03-05 08:47:44+00:00,20.102,44.0,0.8731703099968374
2025-03-05 08:48:30+00:00,167345,Acoustic,VPVF,acoustic,2025-03-05 08:48:30+00:00,2025-03-05 08:48:58+00:00,80.257,28.0,1.2760035576123845
2025-03-05 08:49:50+00:00,167346,Acoustic,VPVF,acoustic,2025-03-05 08:49:50+00:00,2025-03-05 08:50:44+00:00,62.491,54.0,1.2031977078717742
2025-03-05 08:51:50+00:00,167347,Acoustic,VPVF,acoustic,2025-03-05 08:51:50+00:00,2025-03-05 08:53:08+00:00,106.825,78.0,1.359210843997787
2025-03-05 08:53:40+00:00,167348,Acoustic,VPVF,acoustic,2025-03-05 08:53:40+00:00,2025-03-05 08:54:52+00:00,156.838,72.0,1.4709523680085814
2025-03-05 08:56:28+00:00,167349,Acoustic,VPVF,acoustic,2025-03-05 08:56:28+00:00,2025-03-05 08:57:08+00:00,29.641,40.0,0.986168210418289
2025-03-05 08:58:22+00:00,167350,Acoustic,VPVF,acoustic,2025-03-05 08:58:22+00:00,2025-03-05 08:58:48+00:00,14.028,26.0,0.7684871573303416
2025-03-05 08:59:04+00:00,167351,Acoustic,VPVF,acoustic,2025-03-05 08:59:04+00:00,2025-03-05 08:59:58+00:00,34.774,54.0,1.0326406153567935
2025-03-05 09:01:18+00:00,167352,Acoustic,VPVF,acoustic,2025-03-05 09:01:18+00:00,2025-03-05 09:01:44+00:00,9.528,26.0,0.6559311714780631
2025-03-05 09:02:02+00:00,167353,Acoustic,VPVF,acoustic,2025-03-05 09:02:02+00:00,2025-03-05 09:02:34+00:00,48.067,32.0,1.1268375016608272
2025-03-05 09:04:40+00:00,167354,Acoustic,VPVF,acoustic,2025-03-05 09:04:40+00:00,2025-03-05 09:05:04+00:00,46.208,24.0,1.1153605049408626
2025-03-05 09:05:26+00:00,167355,Acoustic,VPVF,acoustic,2025-03-05 09:05:26+00:00,2025-03-05 09:05:48+00:00,29.099,22.0,0.980798303228716
2025-03-05 09:06:46+00:00,167356,Acoustic,VPVF,acoustic,2025-03-05 09:06:46+00:00,2025-03-05 09:07:58+00:00,57.566,72.0,1.1793112557455714
2025-03-05 09:07:30+00:00,167357,Acoustic,VPVF,acoustic,2025-03-05 09:07:30+00:00,2025-03-05 09:07:54+00:00,29.537,24.0,0.9851454766100044
2025-03-05 09:09:46+00:00,167358,Acoustic,VPVF,acoustic,2025-03-05 09:09:46+00:00,2025-03-05 09:10:18+00:00,157.956,32.0,1.4730192053205144
2025-03-05 09:11:12+00:00,167359,Acoustic,VPVF,acoustic,2025-03-05 09:11:12+00:00,2025-03-05 09:11:48+00:00,87.763,36.0,1.3020186783980905
2025-03-05 09:13:06+00:00,167360,Acoustic,VPVF,acoustic,2025-03-05 09:13:06+00:00,2025-03-05 09:13:28+00:00,19.441,22.0,0.8634414621787608
2025-03-05 09:15:18+00:00,167361,Acoustic,VPVF,acoustic,2025-03-05 09:15:18+00:00,2025-03-05 09:15:42+00:00,35.795,24.0,1.0410609857250814
2025-03-05 09:16:40+00:00,167362,Acoustic,VPVF,acoustic,2025-03-05 09:16:40+00:00,2025-03-05 09:17:06+00:00,61.446,26.0,1.1982907230705515
2025-03-05 09:18:44+00:00,167363,Acoustic,VPVF,acoustic,2025-03-05 09:18:44+00:00,2025-03-05 09:19:24+00:00,269.175,40.0,1.6281232635557097
2025-03-05 09:19:36+00:00,167364,Acoustic,VPVF,acoustic,2025-03-05 09:19:36+00:00,2025-03-05 09:20:12+00:00,135.706,36.0,1.4288413632615855
2025-03-05 09:22:16+00:00,167365,Acoustic,VPVF,acoustic,2025-03-05 09:22:16+00:00,2025-03-05 09:22:48+00:00,319.002,32.0,1.6775415819517014
2025-03-05 09:23:16+00:00,167366,Acoustic,VPVF,acoustic,2025-03-05 09:23:16+00:00,2025-03-05 09:23:44+00:00,178.871,28.0,1.5092017564317208
2025-03-05 09:24:04+00:00,167367,Acoustic,VPVF,acoustic,2025-03-05 09:24:04+00:00,2025-03-05 09:24:46+00:00,120.23,42.0,1.3936086075623118
2025-03-05 09:26:18+00:00,167368,Acoustic,VPVF,acoustic,2025-03-05 09:26:18+00:00,2025-03-05 09:26:42+00:00,36.592,24.0,1.0474687186659912
2025-03-05 09:27:00+00:00,167369,Acoustic,VPVF,acoustic,2025-03-05 09:27:00+00:00,2025-03-05 09:27:20+00:00,77.468,20.0,1.265711970401179
2025-03-05 09:27:44+00:00,167370,Acoustic,VPVF,acoustic,2025-03-05 09:27:44+00:00,2025-03-05 09:28:10+00:00,196.586,26.0,1.536680232642135
2025-03-05 09:30:06+00:00,167371,Acoustic,VPVF,acoustic,2025-03-05 09:30:06+00:00,2025-03-05 09:30:40+00:00,79.733,34.0,1.2740975303369573
2025-03-05 09:33:16+00:00,167372,Acoustic,VPVF,acoustic,2025-03-05 09:33:16+00:00,2025-03-05 09:33:52+00:00,20.422,36.0,0.8777658421436539
2025-03-05 09:36:08+00:00,167373,Acoustic,VPVF,acoustic,2025-03-05 09:36:08+00:00,2025-03-05 09:36:44+00:00,23.069,36.0,0.9132292752554674
2025-03-05 09:38:20+00:00,167374,Acoustic,VPVF,acoustic,2025-03-05 09:38:20+00:00,2025-03-05 09:39:14+00:00,31.764,54.0,1.006296575523812
2025-03-05 09:40:52+00:00,167375,Acoustic,VPVF,acoustic,2025-03-05 09:40:52+00:00,2025-03-05 09:41:42+00:00,93.536,50.0,1.3205557917638195
2025-03-05 09:41:56+00:00,167376,Acoustic,VPVF,acoustic,2025-03-05 09:41:56+00:00,2025-03-05 09:42:20+00:00,16.394,24.0,0.8138389036029028
2025-03-05 09:43:40+00:00,167377,Acoustic,VPVF,acoustic,2025-03-05 09:43:40+00:00,2025-03-05 09:44:38+00:00,90.735,58.0,1.3117091451872316
2025-03-05 09:46:38+00:00,167378,Acoustic,VPVF,acoustic,2025-03-05 09:46:38+00:00,2025-03-05 09:47:14+00:00,42.201,36.0,1.0889662372593767
2025-03-05 09:47:34+00:00,167379,Acoustic,VPVF,acoustic,2025-03-05 09:47:34+00:00,2025-03-05 09:48:26+00:00,52.35,52.0,1.151674179629957
2025-03-05 09:48:54+00:00,167380,Acoustic,VPVF,acoustic,2025-03-05 09:48:54+00:00,2025-03-05 09:49:54+00:00,15.73,60.0,0.8018082441576022
2025-03-05 09:50:56+00:00,167381,Acoustic,VPVF,acoustic,2025-03-05 09:50:56+00:00,2025-03-05 09:51:30+00:00,22.457,34.0,0.9054056651251768
2025-03-05 09:52:20+00:00,167382,Acoustic,VPVF,acoustic,2025-03-05 09:52:20+00:00,2025-03-05 09:52:48+00:00,48.023,28.0,1.1265710222723095
2025-03-05 09:53:10+00:00,167383,Acoustic,VPVF,acoustic,2025-03-05 09:53:10+00:00,2025-03-05 09:53:38+00:00,89.793,28.0,1.3086724627106223
2025-03-05 09:54:52+00:00,167384,Acoustic,VPVF,acoustic,2025-03-05 09:54:52+00:00,2025-03-05 09:55:20+00:00,56.803,28.0,1.1754287530400562
2025-03-05 09:56:14+00:00,167385,Acoustic,VPVF,acoustic,2025-03-05 09:56:14+00:00,2025-03-05 09:56:44+00:00,32.373,30.0,1.01182257466275
2025-03-05 09:58:12+00:00,167386,Acoustic,VPVF,acoustic,2025-03-05 09:58:12+00:00,2025-03-05 09:59:16+00:00,62.704,64.0,1.2041878149097984
2025-03-05 10:01:14+00:00,167387,Acoustic,VPVF,acoustic,2025-03-05 10:01:14+00:00,2025-03-05 10:02:00+00:00,74.501,46.0,1.2543486084507527
2025-03-05 10:03:26+00:00,167388,Acoustic,VPVF,acoustic,2025-03-05 10:03:26+00:00,2025-03-05 10:03:58+00:00,44.364,32.0,1.1035105667358902
2025-03-05 10:05:26+00:00,167389,Acoustic,VPVF,acoustic,2025-03-05 10:05:26+00:00,2025-03-05 10:06:02+00:00,23.277,36.0,0.9158410944137912
2025-03-05 10:07:32+00:00,167390,Acoustic,VPVF,acoustic,2025-03-05 10:07:32+00:00,2025-03-05 10:08:06+00:00,16.281,34.0,0.8118263211204229
2025-03-05 10:09:06+00:00,167391,Acoustic,VPVF,acoustic,2025-03-05 10:09:06+00:00,2025-03-05 10:09:34+00:00,17.284,28.0,0.829221652618259
2025-03-05 10:09:48+00:00,167392,Acoustic,VPVF,acoustic,2025-03-05 10:09:48+00:00,2025-03-05 10:10:48+00:00,50.038,60.0,1.138530961663626
2025-03-05 10:12:06+00:00,167393,Acoustic,VPVF,acoustic,2025-03-05 10:12:06+00:00,2025-03-05 10:13:02+00:00,27.479,56.0,0.9641306191332673
2025-03-05 10:16:04+00:00,167394,Acoustic,VPVF,acoustic,2025-03-05 10:16:04+00:00,2025-03-05 10:16:46+00:00,48.87,42.0,1.1316583671488754
2025-03-05 10:17:56+00:00,167395,Acoustic,VPVF,acoustic,2025-03-05 10:17:56+00:00,2025-03-05 10:19:16+00:00,231.833,80.0,1.5846674209659375
2025-03-05 10:21:16+00:00,167396,Acoustic,VPVF,acoustic,2025-03-05 10:21:16+00:00,2025-03-05 10:22:00+00:00,31.471,44.0,1.003600063785537
2025-03-05 10:22:34+00:00,167397,Acoustic,VPVF,acoustic,2025-03-05 10:22:34+00:00,2025-03-05 10:23:20+00:00,14.638,46.0,0.7808727676908501
2025-03-05 10:25:18+00:00,167398,Acoustic,VPVF,acoustic,2025-03-05 10:25:18+00:00,2025-03-05 10:26:30+00:00,126.344,72.0,1.4080415969837858
2025-03-05 10:28:32+00:00,167399,Acoustic,VPVF,acoustic,2025-03-05 10:28:32+00:00,2025-03-05 10:29:08+00:00,166.437,36.0,1.4882374189994656
2025-03-05 10:30:44+00:00,167400,Acoustic,VPVF,acoustic,2025-03-05 10:30:44+00:00,2025-03-05 10:31:14+00:00,96.406,30.0,1.3293497227718225
2025-03-05 10:31:56+00:00,167401,Acoustic,VPVF,acoustic,2025-03-05 10:31:56+00:00,2025-03-05 10:32:38+00:00,52.365,42.0,1.1517575422728064
2025-03-05 10:32:54+00:00,167402,Acoustic,VPVF,acoustic,2025-03-05 10:32:54+00:00,2025-03-05 10:33:30+00:00,12.313,36.0,0.7305437992460512
2025-03-05 10:34:34+00:00,167403,Acoustic,VPVF,acoustic,2025-03-05 10:34:34+00:00,2025-03-05 10:35:22+00:00,43.489,48.0,1.097714212387367
2025-03-05 10:37:36+00:00,167404,Acoustic,VPVF,acoustic,2025-03-05 10:37:36+00:00,2025-03-05 10:38:10+00:00,120.304,34.0,1.3937876452126403
2025-03-05 10:39:46+00:00,167405,Acoustic,VPVF,acoustic,2025-03-05 10:39:46+00:00,2025-03-05 10:40:08+00:00,14.751,22.0,0.7831103802165821
2025-03-05 10:41:14+00:00,167406,Acoustic,VPVF,acoustic,2025-03-05 10:41:14+00:00,2025-03-05 10:42:06+00:00,33.379,52.0,1.0207271254242611
2025-03-05 10:43:24+00:00,167407,Acoustic,VPVF,acoustic,2025-03-05 10:43:24+00:00,2025-03-05 10:44:16+00:00,35.118,52.0,1.0355049489135424
2025-03-05 10:46:08+00:00,167408,Acoustic,VPVF,acoustic,2025-03-05 10:46:08+00:00,2025-03-05 10:46:42+00:00,31.39,34.0,1.0028501815190285
2025-03-05 10:48:52+00:00,167409,Acoustic,VPVF,acoustic,2025-03-05 10:48:52+00:00,2025-03-05 10:49:14+00:00,11.964,22.0,0.722177190920718
2025-03-05 10:49:46+00:00,167410,Acoustic,VPVF,acoustic,2025-03-05 10:49:46+00:00,2025-03-05 10:50:16+00:00,21.84,30.0,0.8972992648019088
2025-03-05 10:50:30+00:00,167411,Acoustic,VPVF,acoustic,2025-03-05 10:50:30+00:00,2025-03-05 10:51:00+00:00,14.796,30.0,0.783996696171049
2025-03-05 10:53:36+00:00,167412,Acoustic,VPVF,acoustic,2025-03-05 10:53:36+00:00,2025-03-05 10:54:04+00:00,22.249,28.0,0.9026980323368788
2025-03-05 10:54:20+00:00,167413,Acoustic,VPVF,acoustic,2025-03-05 10:54:20+00:00,2025-03-05 10:54:58+00:00,36.774,38.0,1.048912384062955
2025-03-05 10:55:46+00:00,167414,Acoustic,VPVF,acoustic,2025-03-05 10:55:46+00:00,2025-03-05 10:56:12+00:00,14.055,26.0,0.769046669462118
2025-03-05 10:57:02+00:00,167415,Acoustic,VPVF,acoustic,2025-03-05 10:57:02+00:00,2025-03-05 10:57:26+00:00,27.921,24.0,0.9687737489837888
2025-03-05 10:58:38+00:00,167416,Acoustic,VPVF,acoustic,2025-03-05 10:58:38+00:00,2025-03-05 11:00:14+00:00,82.074,96.0,1.2825177519562485
2025-03-05 11:01:58+00:00,167417,Acoustic,VPVF,acoustic,2025-03-05 11:01:58+00:00,2025-03-05 11:02:26+00:00,7.313,28.0,0.5789440341942459
2025-03-05 11:02:44+00:00,167418,Acoustic,VPVF,acoustic,2025-03-05 11:02:44+00:00,2025-03-05 11:03:14+00:00,7.924,30.0,0.6022927928005615
2025-03-05 11:04:12+00:00,167419,Acoustic,VPVF,acoustic,2025-03-05 11:04:12+00:00,2025-03-05 11:05:06+00:00,164.865,54.0,1.4854760728382157
2025-03-05 11:06:48+00:00,167420,Acoustic,VPVF,acoustic,2025-03-05 11:06:48+00:00,2025-03-05 11:07:26+00:00,36.151,38.0,1.0439406111458118
2025-03-05 11:09:50+00:00,167421,Acoustic,VPVF,acoustic,2025-03-05 11:09:50+00:00,2025-03-05 11:10:46+00:00,41.797,56.0,1.0861672245013447
2025-03-05 11:11:38+00:00,167422,Acoustic,VPVF,acoustic,2025-03-05 11:11:38+00:00,2025-03-05 11:12:22+00:00,18.405,44.0,0.8475070005943994
2025-03-05 11:13:10+00:00,167423,Acoustic,VPVF,acoustic,2025-03-05 11:13:10+00:00,2025-03-05 11:13:40+00:00,56.827,30.0,1.1755516687378975
2025-03-05 11:15:18+00:00,167424,Acoustic,VPVF,acoustic,2025-03-05 11:15:18+00:00,2025-03-05 11:16:14+00:00,33.121,56.0,1.0184693052495597
2025-03-05 11:16:52+00:00,167425,Acoustic,VPVF,acoustic,2025-03-05 11:16:52+00:00,2025-03-05 11:17:36+00:00,8.752,44.0,0.6312118970228683
2025-03-05 11:19:22+00:00,167426,Acoustic,VPVF,acoustic,2025-03-05 11:19:22+00:00,2025-03-05 11:20:12+00:00,12.452,50.0,0.7338102050470201
2025-03-05 11:21:16+00:00,167427,Acoustic,VPVF,acoustic,2025-03-05 11:21:16+00:00,2025-03-05 11:22:08+00:00,19.859,52.0,0.8696314417927731
2025-03-05 11:23:26+00:00,167428,Acoustic,VPVF,acoustic,2025-03-05 11:23:26+00:00,2025-03-05 11:24:22+00:00,38.62,56.0,1.063164220527062
2025-03-05 11:25:42+00:00,167429,Acoustic,VPVF,acoustic,2025-03-05 11:25:42+00:00,2025-03-05 11:26:14+00:00,111.569,32.0,1.3718541721264137
2025-03-05 11:29:44+00:00,167430,Acoustic,VPVF,acoustic,2025-03-05 11:29:44+00:00,2025-03-05 11:30:06+00:00,6.639,22.0,0.5508087879934367
2025-03-05 11:30:22+00:00,167431,Acoustic,VPVF,acoustic,2025-03-05 11:30:22+00:00,2025-03-05 11:30:58+00:00,77.072,36.0,1.2642207414101403
2025-03-05 11:32:22+00:00,167432,Acoustic,VPVF,acoustic,2025-03-05 11:32:22+00:00,2025-03-05 11:32:44+00:00,9.304,22.0,0.6490087001526627
2025-03-05 11:32:52+00:00,167433,Acoustic,VPVF,acoustic,2025-03-05 11:32:52+00:00,2025-03-05 11:33:20+00:00,9.54,28.0,0.6562974110517438
2025-03-05 11:35:36+00:00,167434,Acoustic,VPVF,acoustic,2025-03-05 11:35:36+00:00,2025-03-05 11:36:22+00:00,17.792,46.0,0.8376505958343156
2025-03-05 11:38:26+00:00,167435,Acoustic,VPVF,acoustic,2025-03-05 11:38:26+00:00,2025-03-05 11:38:48+00:00,8.38,22.0,0.6185734924822853
2025-03-05 11:39:14+00:00,167436,Acoustic,VPVF,acoustic,2025-03-05 11:39:14+00:00,2025-03-05 11:39:38+00:00,6.184,24.0,0.5301505522098799
2025-03-05 11:39:56+00:00,167437,Acoustic,VPVF,acoustic,2025-03-05 11:39:56+00:00,2025-03-05 11:40:34+00:00,53.97,38.0,1.1605421201036934
2025-03-05 11:41:52+00:00,167438,Acoustic,VPVF,acoustic,2025-03-05 11:41:52+00:00,2025-03-05 11:42:14+00:00,7.303,22.0,0.5785458714297715
2025-03-05 11:42:56+00:00,167439,Acoustic,VPVF,acoustic,2025-03-05 11:42:56+00:00,2025-03-05 11:43:16+00:00,4.298,20.0,0.4242884954741344
2025-03-05 11:44:42+00:00,167440,Acoustic,VPVF,acoustic,2025-03-05 11:44:42+00:00,2025-03-05 11:45:04+00:00,5.912,22.0,0.5170620650091354
2025-03-05 11:46:44+00:00,167441,Acoustic,VPVF,acoustic,2025-03-05 11:46:44+00:00,2025-03-05 11:49:00+00:00,90.484,136.0,1.3109031000183975
2025-03-05 11:47:22+00:00,167442,Acoustic,VPVF,acoustic,2025-03-05 11:47:22+00:00,2025-03-05 11:47:56+00:00,11.155,34.0,0.7018046149953039
2025-03-05 11:50:48+00:00,167443,Acoustic,VPVF,acoustic,2025-03-05 11:50:48+00:00,2025-03-05 11:51:28+00:00,26.127,40.0,0.9494499953315692
2025-03-05 11:52:56+00:00,167444,Acoustic,VPVF,acoustic,2025-03-05 11:52:56+00:00,2025-03-05 11:53:44+00:00,20.783,48.0,0.8828645191989021
2025-03-05 11:55:12+00:00,167445,Acoustic,VPVF,acoustic,2025-03-05 11:55:12+00:00,2025-03-05 11:55:48+00:00,18.538,36.0,0.849602128141198
2025-03-05 11:57:08+00:00,167446,Acoustic,VPVF,acoustic,2025-03-05 11:57:08+00:00,2025-03-05 11:57:40+00:00,28.169,32.0,0.9713468579643992
2025-03-05 11:58:58+00:00,167447,Acoustic,VPVF,acoustic,2025-03-05 11:58:58+00:00,2025-03-05 11:59:20+00:00,14.083,22.0,0.7696257701209936
2025-03-06 06:22:37.800000+00:00,167567,Eruption,VPVF,acoustic,2025-03-06 06:22:37.800000+00:00,2025-03-06 06:23:51.240000+00:00,423.962,73.44,1.7603090445939618
2025-03-06 15:41:51.300000+00:00,167616,Eruption,VPVF,acoustic,2025-03-06 15:41:51.300000+00:00,2025-03-06 15:42:31.260000+00:00,318.578,39.96,1.6771545735932014
2025-03-07 04:00:37.125000+00:00,167645,Eruption,VPVF,acoustic,2025-03-07 04:00:37.125000+00:00,2025-03-07 04:04:07.050000+00:00,602.716,209.925,1.8626755228148597
2025-03-07 19:52:01.425000+00:00,167685,Eruption,VPVF,acoustic,2025-03-07 19:52:01.425000+00:00,2025-03-07 19:54:38.025000+00:00,595.986,156.6,1.859408158908364
2025-03-08 01:07:33.960000+00:00,167844,Eruption,VPVF,acoustic,2025-03-08 01:07:33.960000+00:00,2025-03-08 01:10:32.160000+00:00,1709.198,178.2,2.165970891893436
2025-03-08 06:14:41.190000+00:00,167845,Eruption,VPVF,acoustic,2025-03-08 06:14:41.190000+00:00,2025-03-08 06:16:58.890000+00:00,429.272,137.7,1.7639308164082037
2025-03-08 12:16:02.310000+00:00,167846,Eruption,VPVF,acoustic,2025-03-08 12:16:02.310000+00:00,2025-03-08 12:18:29.730000+00:00,2001.028,147.42,2.211839621004192
2025-03-08 23:49:25.050000+00:00,167861,Eruption,VPVF,acoustic,2025-03-08 23:49:25.050000+00:00,2025-03-08 23:52:49.170000+00:00,2208.179,204.12,2.240502964504755
2025-03-09 07:24:04.260000+00:00,167863,Eruption,VPVF,acoustic,2025-03-09 07:24:04.260000+00:00,2025-03-09 07:26:19.260000+00:00,383.997,135.0,1.731499647057187
2025-03-09 16:00:18.360000+00:00,167871,Eruption,VPVF,acoustic,2025-03-09 16:00:18.360000+00:00,2025-03-09 16:00:39.960000+00:00,3850.539,21.6,2.402299422741786
2025-03-09 16:00:45.360000+00:00,167872,Eruption,VPVF,acoustic,2025-03-09 16:00:45.360000+00:00,2025-03-09 16:01:07.770000+00:00,8182.612,22.41,2.6216376121634366
2025-03-09 16:53:06.150000+00:00,167873,Eruption,VPVF,acoustic,2025-03-09 16:53:06.150000+00:00,2025-03-09 16:54:06+00:00,222239.597,59.85,3.5823703653780665
2025-03-09 18:36:36+00:00,167874,Eruption,VPVF,acoustic,2025-03-09 18:36:36+00:00,2025-03-09 18:37:06.150000+00:00,501704.962,30.15,3.8193004255483447
2025-03-09 20:01:50.296000+00:00,167875,Eruption,VPVF,acoustic,2025-03-09 20:01:50.296000+00:00,2025-03-09 20:02:33.960000+00:00,761710.572,43.664,3.940799288833229
2025-03-09 18:43:14.520000+00:00,167876,Eruption,VPVF,acoustic,2025-03-09 18:43:14.520000+00:00,2025-03-09 18:43:49.080000+00:00,61.153,34.56,1.1968999040253547
2025-03-10 00:18:46.980000+00:00,167883,Eruption,VPVF,acoustic,2025-03-10 00:18:46.980000+00:00,2025-03-10 00:19:26.940000+00:00,33686.93,39.96,3.033399160853246
2025-03-10 00:20:29.700000+00:00,167884,Eruption,VPVF,acoustic,2025-03-10 00:20:29.700000+00:00,2025-03-10 00:21:18.030000+00:00,329429.207,48.33,3.696900607559048
2025-03-09 16:10:32.644000+00:00,167917,Acoustic,VPVF,acoustic,2025-03-09 16:10:32.644000+00:00,2025-03-09 16:10:43.500000+00:00,6694.567,10.856,2.5632340698994995
2025-03-09 16:12:22.935000+00:00,167918,Acoustic,VPVF,acoustic,2025-03-09 16:12:22.935000+00:00,2025-03-09 16:12:33.465000+00:00,655.611,10.53,1.8871529752105232
2025-03-09 16:12:57.800000+00:00,167919,Acoustic,VPVF,acoustic,2025-03-09 16:12:57.800000+00:00,2025-03-09 16:13:08.128000+00:00,526.636,10.328,1.823412064121801
2025-03-09 16:13:49.273000+00:00,167920,Acoustic,VPVF,acoustic,2025-03-09 16:13:49.273000+00:00,2025-03-09 16:13:55.213000+00:00,91.86,5.94,1.3152947155248762
2025-03-09 16:15:07.420000+00:00,167921,Acoustic,VPVF,acoustic,2025-03-09 16:15:07.420000+00:00,2025-03-09 16:15:16.870000+00:00,3110.412,9.45,2.3401880055703947
2025-03-09 16:17:09.083000+00:00,167938,Acoustic,VPVF,acoustic,2025-03-09 16:17:09.083000+00:00,2025-03-09 16:17:18.128000+00:00,7762.065,9.045,2.6062847744023467
2025-03-09 16:16:01.733000+00:00,167937,Acoustic,VPVF,acoustic,2025-03-09 16:16:01.733000+00:00,2025-03-09 16:16:11.385000+00:00,104.525,9.652,1.352877518069043
2025-03-09 16:18:45.733000+00:00,167940,Acoustic,VPVF,acoustic,2025-03-09 16:18:45.733000+00:00,2025-03-09 16:18:55.655000+00:00,19054.745,9.922,2.867602104606693
2025-03-09 16:20:33.408000+00:00,167942,Acoustic,VPVF,acoustic,2025-03-09 16:20:33.408000+00:00,2025-03-09 16:20:42.520000+00:00,168.867,9.112,1.4924550079646777
2025-03-09 16:20:59.585000+00:00,167944,Acoustic,VPVF,acoustic,2025-03-09 16:20:59.585000+00:00,2025-03-09 16:21:10.858000+00:00,881.746,11.273,1.9733801437853835
2025-03-09 16:22:59.948000+00:00,167945,Acoustic,VPVF,acoustic,2025-03-09 16:22:59.948000+00:00,2025-03-09 16:23:10.005000+00:00,529.75,10.057,1.8251275468064976
2025-03-09 16:24:44.758000+00:00,167947,Acoustic,VPVF,acoustic,2025-03-09 16:24:44.758000+00:00,2025-03-09 16:24:53.330000+00:00,4559.681,8.572,2.4514860882240983
2025-03-09 16:27:28.358000+00:00,167948,Acoustic,VPVF,acoustic,2025-03-09 16:27:28.358000+00:00,2025-03-09 16:27:43.343000+00:00,524.861,14.985,1.8224296833766491
2025-03-09 16:30:18.463000+00:00,167949,Acoustic,VPVF,acoustic,2025-03-09 16:30:18.463000+00:00,2025-03-09 16:30:31.828000+00:00,657.687,13.365,1.8880729025749368
2025-03-09 16:32:31.475000+00:00,167950,Acoustic,VPVF,acoustic,2025-03-09 16:32:31.475000+00:00,2025-03-09 16:32:40.183000+00:00,107.556,8.708,1.3611952104553409
2025-03-09 16:33:26.843000+00:00,167951,Acoustic,VPVF,acoustic,2025-03-09 16:33:26.843000+00:00,2025-03-09 16:33:39.195000+00:00,63.62,12.352,1.208407755396801
2025-03-09 16:35:30.733000+00:00,167952,Acoustic,VPVF,acoustic,2025-03-09 16:35:30.733000+00:00,2025-03-09 16:35:37.415000+00:00,50.854,6.682,1.1432378295331995
2025-03-09 16:36:44.218000+00:00,167953,Acoustic,VPVF,acoustic,2025-03-09 16:36:44.218000+00:00,2025-03-09 16:36:50.833000+00:00,229.171,6.615,1.5813069720786208
2025-03-09 16:38:04.463000+00:00,167954,Acoustic,VPVF,acoustic,2025-03-09 16:38:04.463000+00:00,2025-03-09 16:38:14.790000+00:00,167.376,10.327,1.489874433783548
2025-03-09 16:38:52.083000+00:00,167955,Acoustic,VPVF,acoustic,2025-03-09 16:38:52.083000+00:00,2025-03-09 16:38:57.550000+00:00,37.939,5.467,1.0579875392821627
2025-03-09 16:39:21.425000+00:00,168085,Acoustic,VPVF,acoustic,2025-03-09 16:39:21.425000+00:00,2025-03-09 16:39:36.073000+00:00,1849.855,14.648,2.188982250807067
2025-03-09 16:40:19.330000+00:00,168087,Acoustic,VPVF,acoustic,2025-03-09 16:40:19.330000+00:00,2025-03-09 16:40:36.700000+00:00,554.92,17.37,1.838634352994719
2025-03-09 16:40:40.610000+00:00,168088,Acoustic,VPVF,acoustic,2025-03-09 16:40:40.610000+00:00,2025-03-09 16:40:51.590000+00:00,990.508,10.98,2.007224851651267
2025-03-09 16:42:57.430000+00:00,168089,Acoustic,VPVF,acoustic,2025-03-09 16:42:57.430000+00:00,2025-03-09 16:43:08.860000+00:00,104.423,11.43,1.352593431241212
2025-03-09 16:46:13.350000+00:00,168090,Acoustic,VPVF,acoustic,2025-03-09 16:46:13.350000+00:00,2025-03-09 16:46:23.610000+00:00,625.987,10.26,1.8736987605285995
2025-03-09 16:47:31.780000+00:00,168091,Acoustic,VPVF,acoustic,2025-03-09 16:47:31.780000+00:00,2025-03-09 16:47:42.310000+00:00,195.101,10.53,1.5344738619169676
2025-03-09 16:48:23.510000+00:00,168093,Acoustic,VPVF,acoustic,2025-03-09 16:48:23.510000+00:00,2025-03-09 16:48:30.620000+00:00,3566.038,7.11,2.3799645977174184
2025-03-09 16:48:39.160000+00:00,168097,Acoustic,VPVF,acoustic,2025-03-09 16:48:39.160000+00:00,2025-03-09 16:48:49.420000+00:00,11523.871,10.26,2.7212709200107663
2025-03-09 18:52:07.060000+00:00,168099,Acoustic,VPVF,acoustic,2025-03-09 18:52:07.060000+00:00,2025-03-09 18:52:08.140000+00:00,1.267,1.08,0.0688603319719056
2025-03-09 18:53:45.070000+00:00,168100,Acoustic,VPVF,acoustic,2025-03-09 18:53:45.070000+00:00,2025-03-09 18:53:48.400000+00:00,13.723,3.33,0.7620908724380248
2025-03-09 18:57:13.250000+00:00,168103,Acoustic,VPVF,acoustic,2025-03-09 18:57:13.250000+00:00,2025-03-09 18:57:24.050000+00:00,65.167,10.8,1.2153985780693335
2025-03-09 18:58:17.970000+00:00,168104,Acoustic,VPVF,acoustic,2025-03-09 18:58:17.970000+00:00,2025-03-09 18:58:27.240000+00:00,1988.913,9.27,2.2100725769010072
2025-03-09 19:01:48.430000+00:00,168113,Acoustic,VPVF,acoustic,2025-03-09 19:01:48.430000+00:00,2025-03-09 19:02:03.280000+00:00,110.853,14.85,1.3699807920784566
2025-03-09 20:01:37.500000+00:00,168127,Acoustic,VPVF,acoustic,2025-03-09 20:01:37.500000+00:00,2025-03-09 20:01:44.029000+00:00,275.884,6.529,1.6352867644684044
2025-03-09 23:26:41.530000+00:00,168129,Acoustic,VPVF,acoustic,2025-03-09 23:26:41.530000+00:00,2025-03-09 23:26:56.380000+00:00,6.101,14.85,0.5262186867448997
2025-03-09 23:39:17.540000+00:00,168130,Acoustic,VPVF,acoustic,2025-03-09 23:39:17.540000+00:00,2025-03-09 23:39:23.570000+00:00,4.286,6.03,0.4234749516928926
2025-03-09 23:39:43.570000+00:00,168131,Acoustic,VPVF,acoustic,2025-03-09 23:39:43.570000+00:00,2025-03-09 23:39:59.140000+00:00,7.547,15.57,0.5881088144942367
2025-03-09 23:41:04.050000+00:00,168133,Acoustic,VPVF,acoustic,2025-03-09 23:41:04.050000+00:00,2025-03-09 23:41:20.610000+00:00,27.782,16.56,0.9673215496749256
2025-03-09 23:42:08.060000+00:00,168135,Acoustic,VPVF,acoustic,2025-03-09 23:42:08.060000+00:00,2025-03-09 23:42:11.660000+00:00,16.396,3.6,0.8138743994617911
2025-03-09 23:43:29.160000+00:00,168136,Acoustic,VPVF,acoustic,2025-03-09 23:43:29.160000+00:00,2025-03-09 23:43:36.900000+00:00,10.78,7.74,0.6918545697699823
2025-03-09 23:46:40.810000+00:00,168137,Acoustic,VPVF,acoustic,2025-03-09 23:46:40.810000+00:00,2025-03-09 23:46:47.560000+00:00,6.224,6.75,0.5320266212676938
2025-03-11 15:23:13.760000+00:00,168148,Acoustic,VPVF,acoustic,2025-03-11 15:23:13.760000+00:00,2025-03-11 15:24:26.390000+00:00,11.033,72.63,0.698604724179691
2025-03-13 11:37:03.710000+00:00,168162,Eruption,VPVF,acoustic,2025-03-13 11:37:03.710000+00:00,2025-03-13 11:37:18.290000+00:00,2699.221,14.58,2.2989297575329415
2025-03-14 01:58:48.525000+00:00,168174,Eruption,VPVF,acoustic,2025-03-14 01:58:48.525000+00:00,2025-03-14 02:04:53.925000+00:00,17241.261,365.4,2.838501247619729
2025-03-13 22:46:58.120000+00:00,168185,Acoustic,VPVF,acoustic,2025-03-13 22:46:58.120000+00:00,2025-03-13 22:47:17.110000+00:00,34.691,18.99,1.031945268703606
2025-03-13 22:56:48.340000+00:00,168186,Acoustic,VPVF,acoustic,2025-03-13 22:56:48.340000+00:00,2025-03-13 22:57:34.960000+00:00,74.636,46.62,1.2548753985379528
2025-03-13 23:04:18.340000+00:00,168187,Acoustic,VPVF,acoustic,2025-03-13 23:04:18.340000+00:00,2025-03-13 23:04:35.080000+00:00,8.28,16.74,0.6150803256458697
2025-03-13 23:23:09.880000+00:00,168188,Acoustic,VPVF,acoustic,2025-03-13 23:23:09.880000+00:00,2025-03-13 23:23:40.660000+00:00,40.592,30.78,1.0776551014180291
2025-03-13 23:24:10.540000+00:00,168189,Acoustic,VPVF,acoustic,2025-03-13 23:24:10.540000+00:00,2025-03-13 23:24:35.380000+00:00,27.204,24.84,0.9612039533366754
2025-03-13 23:34:10.520000+00:00,168190,Acoustic,VPVF,acoustic,2025-03-13 23:34:10.520000+00:00,2025-03-13 23:34:18.800000+00:00,5.8,8.28,0.511496755687168
2025-03-13 23:39:26.500000+00:00,168191,Acoustic,VPVF,acoustic,2025-03-13 23:39:26.500000+00:00,2025-03-13 23:39:40.720000+00:00,6.143,14.22,0.5282149452641075
2025-03-13 23:40:42.980000+00:00,168192,Acoustic,VPVF,acoustic,2025-03-13 23:40:42.980000+00:00,2025-03-13 23:41:00.440000+00:00,4.538,17.46,0.4400992093377746
2025-03-13 23:46:04.440000+00:00,168193,Acoustic,VPVF,acoustic,2025-03-13 23:46:04.440000+00:00,2025-03-13 23:46:25.680000+00:00,9.834,21.24,0.6651292366492756
2025-03-13 23:47:38.820000+00:00,168194,Acoustic,VPVF,acoustic,2025-03-13 23:47:38.820000+00:00,2025-03-13 23:48:04.380000+00:00,5.295,25.56,0.4849901961771476
2025-03-13 23:49:30.340000+00:00,168195,Acoustic,VPVF,acoustic,2025-03-13 23:49:30.340000+00:00,2025-03-13 23:50:06.340000+00:00,49.595,36.0,1.1359433893804831
2025-03-13 23:53:25.780000+00:00,168196,Acoustic,VPVF,acoustic,2025-03-13 23:53:25.780000+00:00,2025-03-13 23:53:50.800000+00:00,24.202,25.02,0.9271803419242182
2025-03-13 23:54:35.980000+00:00,168197,Acoustic,VPVF,acoustic,2025-03-13 23:54:35.980000+00:00,2025-03-13 23:55:02.260000+00:00,18.04,26.28,0.8416784772479684
2025-03-13 23:58:20.600000+00:00,168198,Acoustic,VPVF,acoustic,2025-03-13 23:58:20.600000+00:00,2025-03-13 23:58:38.780000+00:00,24.66,18.18,0.9326353584140076
2025-03-14 00:04:25.240000+00:00,168199,Acoustic,VPVF,acoustic,2025-03-14 00:04:25.240000+00:00,2025-03-14 00:04:57.820000+00:00,81.401,32.58,1.280121925913548
2025-03-14 00:05:57.520000+00:00,168200,Acoustic,VPVF,acoustic,2025-03-14 00:05:57.520000+00:00,2025-03-14 00:06:29.560000+00:00,16.014,32.04,0.8070148821946714
2025-03-14 00:06:42.520000+00:00,168201,Acoustic,VPVF,acoustic,2025-03-14 00:06:42.520000+00:00,2025-03-14 00:07:02.680000+00:00,9.232,20.16,0.6467481831938097
2025-03-14 00:08:53.340000+00:00,168202,Acoustic,VPVF,acoustic,2025-03-14 00:08:53.340000+00:00,2025-03-14 00:09:35.100000+00:00,35.281,41.76,1.036852393767145
2025-03-14 00:10:49.720000+00:00,168203,Acoustic,VPVF,acoustic,2025-03-14 00:10:49.720000+00:00,2025-03-14 00:11:07.720000+00:00,10.196,18.0,0.675647983954144
2025-03-14 00:12:41.520000+00:00,168204,Acoustic,VPVF,acoustic,2025-03-14 00:12:41.520000+00:00,2025-03-14 00:12:56.820000+00:00,23.569,15.3,0.9194685747895714
2025-03-14 00:12:56.927000+00:00,168205,Acoustic,VPVF,acoustic,2025-03-14 00:12:56.927000+00:00,2025-03-14 00:13:15.022000+00:00,39.19,18.095,1.067427426530329
2025-03-14 00:13:15.150000+00:00,168206,Acoustic,VPVF,acoustic,2025-03-14 00:13:15.150000+00:00,2025-03-14 00:13:42.166000+00:00,234.815,27.016,1.5883863102715172
2025-03-14 00:15:12.488000+00:00,168207,Acoustic,VPVF,acoustic,2025-03-14 00:15:12.488000+00:00,2025-03-14 00:15:37.720000+00:00,182.557,25.232,1.5151369884838828
2025-03-14 00:15:37.465000+00:00,168208,Acoustic,VPVF,acoustic,2025-03-14 00:15:37.465000+00:00,2025-03-14 00:15:50.845000+00:00,42.963,13.38,1.0941733816379082
2025-03-14 00:15:55.815000+00:00,168209,Acoustic,VPVF,acoustic,2025-03-14 00:15:55.815000+00:00,2025-03-14 00:16:20.665000+00:00,275.635,24.85,1.6350240233721276
2025-03-14 00:17:50.840000+00:00,168210,Acoustic,VPVF,acoustic,2025-03-14 00:17:50.840000+00:00,2025-03-14 00:18:46.274000+00:00,18.954,55.434,0.8560595871134912
2025-03-14 00:19:34.674000+00:00,168211,Acoustic,VPVF,acoustic,2025-03-14 00:19:34.674000+00:00,2025-03-14 00:19:55.445000+00:00,5.407,20.771,0.4910807676156686
2025-03-14 00:25:47.654000+00:00,168212,Acoustic,VPVF,acoustic,2025-03-14 00:25:47.654000+00:00,2025-03-14 00:26:05.113000+00:00,20.732,17.459,0.8821496041122208
2025-03-14 00:28:34.399000+00:00,168213,Acoustic,VPVF,acoustic,2025-03-14 00:28:34.399000+00:00,2025-03-14 00:28:57.337000+00:00,118.085,22.938,1.38837047173343
2025-03-14 00:29:46.183000+00:00,168214,Acoustic,VPVF,acoustic,2025-03-14 00:29:46.183000+00:00,2025-03-14 00:30:16.767000+00:00,18.008,30.584,0.8411618729349506
2025-03-14 00:31:37.732000+00:00,168215,Acoustic,VPVF,acoustic,2025-03-14 00:31:37.732000+00:00,2025-03-14 00:32:27.304000+00:00,32.003,49.572,1.0084777633178528
2025-03-14 00:33:25.311000+00:00,168216,Acoustic,VPVF,acoustic,2025-03-14 00:33:25.311000+00:00,2025-03-14 00:34:09.148000+00:00,289.79,43.837,1.6495958745626491
2025-03-14 00:36:10.144000+00:00,168217,Acoustic,VPVF,acoustic,2025-03-14 00:36:10.144000+00:00,2025-03-14 00:36:35.631000+00:00,5.838,25.487,0.5133969407368371
2025-03-14 00:39:04.840000+00:00,168218,Acoustic,VPVF,acoustic,2025-03-14 00:39:04.840000+00:00,2025-03-14 00:39:42.560000+00:00,39.279,37.72,1.0680874831402187
2025-03-14 00:42:31.399000+00:00,168219,Acoustic,VPVF,acoustic,2025-03-14 00:42:31.399000+00:00,2025-03-14 00:43:12.815000+00:00,42.97,41.416,1.0942207869682152
2025-03-14 00:52:47.546000+00:00,168220,Acoustic,VPVF,acoustic,2025-03-14 00:52:47.546000+00:00,2025-03-14 00:53:01.691000+00:00,63.446,14.145,1.2076108454075527
2025-03-14 00:53:01.564000+00:00,168221,Acoustic,VPVF,acoustic,2025-03-14 00:53:01.564000+00:00,2025-03-14 00:53:24.375000+00:00,443.625,22.811,1.773500728278285
2025-03-14 01:04:07.654000+00:00,168222,Acoustic,VPVF,acoustic,2025-03-14 01:04:07.654000+00:00,2025-03-14 01:04:30.465000+00:00,67.115,22.811,1.2239691283308505
2025-03-14 01:27:19.507000+00:00,168223,Acoustic,VPVF,acoustic,2025-03-14 01:27:19.507000+00:00,2025-03-14 01:27:31.359000+00:00,16.674,11.852,0.8187666640978805
2025-03-14 01:33:25.017000+00:00,168224,Acoustic,VPVF,acoustic,2025-03-14 01:33:25.017000+00:00,2025-03-14 01:33:53.944000+00:00,93.295,28.927,1.3198051072533503
2025-03-14 01:44:15.782000+00:00,168225,Acoustic,VPVF,acoustic,2025-03-14 01:44:15.782000+00:00,2025-03-14 01:44:44.327000+00:00,24.395,28.545,0.929491551040351
2025-03-10 04:21:12.272000+00:00,168555,Acoustic,VPVF,acoustic,2025-03-10 04:21:12.272000+00:00,2025-03-10 04:21:54.962000+00:00,59.038,42.69,1.186658196584378
2025-03-10 04:20:40.762000+00:00,168556,Acoustic,VPVF,acoustic,2025-03-10 04:20:40.762000+00:00,2025-03-10 04:21:01.024000+00:00,43.608,20.262,1.098509333243159
2025-03-10 04:20:22.144000+00:00,168557,Acoustic,VPVF,acoustic,2025-03-10 04:20:22.144000+00:00,2025-03-10 04:20:33.231000+00:00,17.468,11.087,0.8323029327770328
2025-03-10 04:19:28.527000+00:00,168558,Acoustic,VPVF,acoustic,2025-03-10 04:19:28.527000+00:00,2025-03-10 04:19:57.327000+00:00,67.371,28.8,1.2250769057873507
2025-03-10 04:16:39.801000+00:00,168559,Acoustic,VPVF,acoustic,2025-03-10 04:16:39.801000+00:00,2025-03-10 04:17:03.249000+00:00,38.971,23.448,1.065796838485403
2025-03-10 04:17:17.904000+00:00,168560,Acoustic,VPVF,acoustic,2025-03-10 04:17:17.904000+00:00,2025-03-10 04:17:37.783000+00:00,14.42,19.879,0.7765067244568848
2025-03-10 04:15:29.507000+00:00,168561,Acoustic,VPVF,acoustic,2025-03-10 04:15:29.507000+00:00,2025-03-10 04:16:26.852000+00:00,40.791,57.345,1.0790781160200695
2025-03-10 04:13:34.281000+00:00,168562,Acoustic,VPVF,acoustic,2025-03-10 04:13:34.281000+00:00,2025-03-10 04:14:08.560000+00:00,87.682,34.279,1.3017499997442958
2025-03-10 04:12:06.488000+00:00,168563,Acoustic,VPVF,acoustic,2025-03-10 04:12:06.488000+00:00,2025-03-10 04:12:37.327000+00:00,43.018,30.839,1.0945456442038466
2025-03-10 04:08:59.488000+00:00,168564,Acoustic,VPVF,acoustic,2025-03-10 04:08:59.488000+00:00,2025-03-10 04:09:24.210000+00:00,73.354,24.722,1.2498339466303965
2025-03-10 04:08:29.743000+00:00,168565,Acoustic,VPVF,acoustic,2025-03-10 04:08:29.743000+00:00,2025-03-10 04:08:47.074000+00:00,18.228,17.331,0.8446951433399755
2025-03-10 04:06:34.782000+00:00,168566,Acoustic,VPVF,acoustic,2025-03-10 04:06:34.782000+00:00,2025-03-10 04:07:30.598000+00:00,110.253,55.816,1.3684015783957326
2025-01-28 10:51:31.477000+00:00,162494,Eruption,VPVF,acoustic,2025-01-28 10:51:31.477000+00:00,2025-01-28 10:51:51.425000+00:00,622.627,19.948,1.8721327263537435
2025-01-28 06:38:12.040000+00:00,162493,Eruption,VPVF,acoustic,2025-01-28 06:38:12.040000+00:00,2025-01-28 06:38:44.776000+00:00,1201.55,32.736,2.0634270380099373
2025-01-29 12:40:55.890000+00:00,162592,Eruption,VPVF,acoustic,2025-01-29 12:40:55.890000+00:00,2025-01-29 12:41:27.750000+00:00,999.955,31.86,2.009986905726747
